#
#
#

mtllib Counter_001.mtl


#
#  Mesh
#
g  Mesh


#
#  Mesh_Material
#
usemtl  Mesh_Material

v 0.091521 2.475205 -3.941774
v -0.091521 2.475205 -3.941774
v -0.091521 2.475205 3.941774
v 0.091521 2.475205 3.941774
v 0.091521 0.504318 3.941774
v -0.091521 0.504318 3.941774
v -0.091521 0.504318 -3.941774
v 0.091521 0.504318 -3.941774
v -1.694334 2.475205 -3.890128
v -1.694334 2.475205 -3.693039
v 0.136090 2.475205 -3.693039
v 0.136090 2.475205 -3.890128
v 0.136090 0.504318 -3.890128
v 0.136090 0.504318 -3.693039
v -1.694334 0.504318 -3.693039
v -1.694334 0.504318 -3.890128
v -1.694334 2.475205 3.694762
v -1.694334 2.475205 3.891850
v 0.136090 2.475205 3.891850
v 0.136090 2.475205 3.694762
v 0.136090 0.504318 3.694762
v 0.136090 0.504318 3.891850
v -1.694334 0.504318 3.891850
v -1.694334 0.504318 3.694762
v -0.045816 2.475205 -0.098348
v -0.045816 2.475205 0.098740
v 0.137226 2.475205 0.098740
v 0.137226 2.475205 -0.098348
v 0.137226 0.504318 -0.098348
v 0.137226 0.504318 0.098740
v -0.045816 0.504318 0.098740
v -0.045816 0.504318 -0.098348
v 0.138055 2.335210 0.174642
v 0.092294 2.335210 0.174642
v 0.092294 2.335210 3.623694
v 0.138055 2.335210 3.623694
v 0.138055 1.842488 3.623694
v 0.092294 1.842488 3.623694
v 0.092294 1.842488 0.174642
v 0.138055 1.842488 0.174642
v 0.138055 1.125145 0.174642
v 0.092294 1.125145 0.174642
v 0.092294 1.125145 3.623694
v 0.138055 1.125145 3.623694
v 0.138055 0.632423 3.623694
v 0.092294 0.632423 3.623694
v 0.092294 0.632423 0.174642
v 0.138055 0.632423 0.174642
v 0.138055 1.725257 0.174642
v 0.092294 1.725257 0.174642
v 0.092294 1.725257 3.623694
v 0.138055 1.725257 3.623694
v 0.138055 1.232535 3.623694
v 0.092294 1.232535 3.623694
v 0.092294 1.232535 0.174642
v 0.138055 1.232535 0.174642
v 0.138055 2.335210 -3.620507
v 0.092294 2.335210 -3.620507
v 0.092294 2.335210 -0.171455
v 0.138055 2.335210 -0.171455
v 0.138055 1.842488 -0.171455
v 0.092294 1.842488 -0.171455
v 0.092294 1.842488 -3.620507
v 0.138055 1.842488 -3.620507
v 0.138055 1.125145 -3.620507
v 0.092294 1.125145 -3.620507
v 0.092294 1.125145 -0.171455
v 0.138055 1.125145 -0.171455
v 0.138055 0.632423 -0.171455
v 0.092294 0.632423 -0.171455
v 0.092294 0.632423 -3.620507
v 0.138055 0.632423 -3.620507
v 0.138055 1.725257 -3.620507
v 0.092294 1.725257 -3.620507
v 0.092294 1.725257 -0.171455
v 0.138055 1.725257 -0.171455
v 0.138055 1.232535 -0.171455
v 0.092294 1.232535 -0.171455
v 0.092294 1.232535 -3.620507
v 0.138055 1.232535 -3.620507
v 0.321719 2.471320 -4.136629
v 0.321719 2.569864 -4.136629
v 0.321719 2.569864 4.141095
v 0.321719 2.471320 4.141095
v -1.691747 2.471320 4.141095
v -1.691747 2.569864 4.141095
v -1.691747 2.569864 -4.136629
v -1.691747 2.471320 -4.136629
v 0.321150 2.835942 -4.136629
v 0.321150 2.855651 -4.136629
v 0.321150 2.855651 4.141095
v 0.321150 2.835942 4.141095
v -0.594062 2.835942 4.141095
v -0.594062 2.855651 4.141095
v -0.594062 2.855651 -4.136629
v -0.594062 2.835942 -4.136629
v 0.001793 2.854732 -3.939642
v 0.001793 2.874441 -3.939642
v 0.028575 2.874441 -3.936802
v 0.028575 2.854732 -3.936802
v 0.054328 2.874441 -3.928390
v 0.054328 2.854732 -3.928390
v 0.078063 2.874441 -3.914731
v 0.078063 2.854732 -3.914731
v 0.098866 2.874441 -3.896348
v 0.098866 2.854732 -3.896348
v 0.115939 2.874441 -3.873948
v 0.115939 2.854732 -3.873948
v 0.128625 2.874441 -3.848393
v 0.128625 2.854732 -3.848393
v 0.136437 2.874441 -3.820663
v 0.136437 2.854732 -3.820663
v 0.139075 2.874441 -3.791826
v 0.139075 2.854732 -3.791826
v 0.136437 2.874441 -3.762988
v 0.136437 2.854732 -3.762988
v 0.128625 2.874441 -3.735259
v 0.128625 2.854732 -3.735259
v 0.115939 2.874441 -3.709703
v 0.115939 2.854732 -3.709703
v 0.098866 2.874441 -3.687304
v 0.098866 2.854732 -3.687304
v 0.078063 2.874441 -3.668921
v 0.078063 2.854732 -3.668921
v 0.054328 2.874441 -3.655261
v 0.054328 2.854732 -3.655261
v 0.028575 2.874441 -3.646849
v 0.028575 2.854732 -3.646849
v 0.001793 2.874441 -3.644009
v 0.001793 2.854732 -3.644009
v -0.024989 2.874441 -3.646849
v -0.024989 2.854732 -3.646849
v -0.050743 2.874441 -3.655261
v -0.050743 2.854732 -3.655261
v -0.074477 2.874441 -3.668921
v -0.074477 2.854732 -3.668921
v -0.095280 2.874441 -3.687304
v -0.095280 2.854732 -3.687304
v -0.112353 2.874441 -3.709703
v -0.112353 2.854732 -3.709703
v -0.125039 2.874441 -3.735259
v -0.125039 2.854732 -3.735259
v -0.132851 2.874441 -3.762988
v -0.132851 2.854732 -3.762988
v -0.135489 2.874441 -3.791826
v -0.135489 2.854732 -3.791826
v -0.132851 2.874441 -3.820663
v -0.132851 2.854732 -3.820663
v -0.125039 2.874441 -3.848393
v -0.125039 2.854732 -3.848393
v -0.112353 2.874441 -3.873948
v -0.112353 2.854732 -3.873948
v -0.095280 2.874441 -3.896348
v -0.095280 2.854732 -3.896348
v -0.074477 2.874441 -3.914731
v -0.074477 2.854732 -3.914731
v -0.050743 2.874441 -3.928390
v -0.050743 2.854732 -3.928390
v -0.024989 2.874441 -3.936802
v -0.024989 2.854732 -3.936802
v 0.001392 2.565830 -0.098754
v 0.001392 2.861463 -0.098754
v 0.019246 2.861463 -0.096860
v 0.019246 2.565830 -0.096860
v 0.036415 2.861463 -0.091253
v 0.036415 2.565830 -0.091253
v 0.052238 2.861463 -0.082146
v 0.052238 2.565830 -0.082146
v 0.066107 2.861463 -0.069891
v 0.066107 2.565830 -0.069891
v 0.077489 2.861463 -0.054958
v 0.077489 2.565830 -0.054958
v 0.085946 2.861463 -0.037921
v 0.085946 2.565830 -0.037921
v 0.091154 2.861463 -0.019434
v 0.091154 2.565830 -0.019434
v 0.092913 2.861463 -0.000209
v 0.092913 2.565830 -0.000209
v 0.091154 2.861463 0.019016
v 0.091154 2.565830 0.019016
v 0.085946 2.861463 0.037502
v 0.085946 2.565830 0.037502
v 0.077489 2.861463 0.054539
v 0.077489 2.565830 0.054539
v 0.066107 2.861463 0.069472
v 0.066107 2.565830 0.069472
v 0.052238 2.861463 0.081727
v 0.052238 2.565830 0.081727
v 0.036415 2.861463 0.090834
v 0.036415 2.565830 0.090834
v 0.019246 2.861463 0.096441
v 0.019246 2.565830 0.096441
v 0.001392 2.861463 0.098335
v 0.001392 2.565830 0.098335
v -0.016463 2.861463 0.096441
v -0.016463 2.565830 0.096441
v -0.033632 2.861463 0.090834
v -0.033632 2.565830 0.090834
v -0.049455 2.861463 0.081727
v -0.049455 2.565830 0.081727
v -0.063324 2.861463 0.069472
v -0.063324 2.565830 0.069472
v -0.074706 2.861463 0.054539
v -0.074706 2.565830 0.054539
v -0.083163 2.861463 0.037502
v -0.083163 2.565830 0.037502
v -0.088371 2.861463 0.019016
v -0.088371 2.565830 0.019016
v -0.090130 2.861463 -0.000209
v -0.090130 2.565830 -0.000209
v -0.088371 2.861463 -0.019434
v -0.088371 2.565830 -0.019434
v -0.083163 2.861463 -0.037921
v -0.083163 2.565830 -0.037921
v -0.074706 2.861463 -0.054958
v -0.074706 2.565830 -0.054958
v -0.063324 2.861463 -0.069891
v -0.063324 2.565830 -0.069891
v -0.049455 2.861463 -0.082146
v -0.049455 2.565830 -0.082146
v -0.033632 2.861463 -0.091253
v -0.033632 2.565830 -0.091253
v -0.016463 2.861463 -0.096860
v -0.016463 2.565830 -0.096860
v 0.001392 2.565830 3.693990
v 0.001392 2.861463 3.693990
v 0.019246 2.861463 3.695884
v 0.019246 2.565830 3.695884
v 0.036415 2.861463 3.701492
v 0.036415 2.565830 3.701492
v 0.052238 2.861463 3.710598
v 0.052238 2.565830 3.710598
v 0.066107 2.861463 3.722853
v 0.066107 2.565830 3.722853
v 0.077489 2.861463 3.737786
v 0.077489 2.565830 3.737786
v 0.085946 2.861463 3.754823
v 0.085946 2.565830 3.754823
v 0.091154 2.861463 3.773309
v 0.091154 2.565830 3.773309
v 0.092913 2.861463 3.792535
v 0.092913 2.565830 3.792535
v 0.091154 2.861463 3.811760
v 0.091154 2.565830 3.811760
v 0.085946 2.861463 3.830246
v 0.085946 2.565830 3.830246
v 0.077489 2.861463 3.847283
v 0.077489 2.565830 3.847283
v 0.066107 2.861463 3.862216
v 0.066107 2.565830 3.862216
v 0.052238 2.861463 3.874471
v 0.052238 2.565830 3.874471
v 0.036415 2.861463 3.883577
v 0.036415 2.565830 3.883577
v 0.019246 2.861463 3.889185
v 0.019246 2.565830 3.889185
v 0.001392 2.861463 3.891078
v 0.001392 2.565830 3.891078
v -0.016463 2.861463 3.889185
v -0.016463 2.565830 3.889185
v -0.033632 2.861463 3.883577
v -0.033632 2.565830 3.883577
v -0.049455 2.861463 3.874471
v -0.049455 2.565830 3.874471
v -0.063324 2.861463 3.862216
v -0.063324 2.565830 3.862216
v -0.074706 2.861463 3.847283
v -0.074706 2.565830 3.847283
v -0.083163 2.861463 3.830246
v -0.083163 2.565830 3.830246
v -0.088371 2.861463 3.811759
v -0.088371 2.565830 3.811759
v -0.090130 2.861463 3.792535
v -0.090130 2.565830 3.792535
v -0.088371 2.861463 3.773309
v -0.088371 2.565830 3.773309
v -0.083163 2.861463 3.754823
v -0.083163 2.565830 3.754823
v -0.074706 2.861463 3.737786
v -0.074706 2.565830 3.737786
v -0.063324 2.861463 3.722853
v -0.063324 2.565830 3.722853
v -0.049455 2.861463 3.710598
v -0.049455 2.565830 3.710598
v -0.033632 2.861463 3.701492
v -0.033632 2.565830 3.701492
v -0.016463 2.861463 3.695884
v -0.016463 2.565830 3.695884
v 0.001392 2.567668 -3.890344
v 0.001392 2.863301 -3.890344
v 0.019246 2.863301 -3.888450
v 0.019246 2.567668 -3.888450
v 0.036415 2.863301 -3.882843
v 0.036415 2.567668 -3.882843
v 0.052238 2.863301 -3.873736
v 0.052238 2.567668 -3.873736
v 0.066107 2.863301 -3.861481
v 0.066107 2.567668 -3.861481
v 0.077489 2.863301 -3.846548
v 0.077489 2.567668 -3.846548
v 0.085946 2.863301 -3.829511
v 0.085946 2.567668 -3.829511
v 0.091154 2.863301 -3.811025
v 0.091154 2.567668 -3.811025
v 0.092913 2.863301 -3.791800
v 0.092913 2.567668 -3.791800
v 0.091154 2.863301 -3.772574
v 0.091154 2.567668 -3.772574
v 0.085946 2.863301 -3.754088
v 0.085946 2.567668 -3.754088
v 0.077489 2.863301 -3.737051
v 0.077489 2.567668 -3.737051
v 0.066107 2.863301 -3.722118
v 0.066107 2.567668 -3.722118
v 0.052238 2.863301 -3.709863
v 0.052238 2.567668 -3.709863
v 0.036415 2.863301 -3.700757
v 0.036415 2.567668 -3.700757
v 0.019246 2.863301 -3.695149
v 0.019246 2.567668 -3.695149
v 0.001392 2.863301 -3.693255
v 0.001392 2.567668 -3.693255
v -0.016463 2.863301 -3.695149
v -0.016463 2.567668 -3.695149
v -0.033632 2.863301 -3.700757
v -0.033632 2.567668 -3.700757
v -0.049455 2.863301 -3.709863
v -0.049455 2.567668 -3.709863
v -0.063324 2.863301 -3.722118
v -0.063324 2.567668 -3.722118
v -0.074706 2.863301 -3.737051
v -0.074706 2.567668 -3.737051
v -0.083163 2.863301 -3.754088
v -0.083163 2.567668 -3.754088
v -0.088371 2.863301 -3.772574
v -0.088371 2.567668 -3.772574
v -0.090130 2.863301 -3.791800
v -0.090130 2.567668 -3.791800
v -0.088371 2.863301 -3.811025
v -0.088371 2.567668 -3.811025
v -0.083163 2.863301 -3.829511
v -0.083163 2.567668 -3.829511
v -0.074706 2.863301 -3.846548
v -0.074706 2.567668 -3.846548
v -0.063324 2.863301 -3.861481
v -0.063324 2.567668 -3.861481
v -0.049455 2.863301 -3.873736
v -0.049455 2.567668 -3.873736
v -0.033632 2.863301 -3.882843
v -0.033632 2.567668 -3.882843
v -0.016463 2.863301 -3.888450
v -0.016463 2.567668 -3.888450
v 0.001392 2.854412 -0.148026
v 0.001392 2.874121 -0.148026
v 0.028174 2.874121 -0.145185
v 0.028174 2.854412 -0.145185
v 0.053927 2.874121 -0.136774
v 0.053927 2.854412 -0.136774
v 0.077661 2.874121 -0.123114
v 0.077661 2.854412 -0.123114
v 0.098464 2.874121 -0.104731
v 0.098464 2.854412 -0.104731
v 0.115537 2.874121 -0.082332
v 0.115537 2.854412 -0.082332
v 0.128223 2.874121 -0.056776
v 0.128223 2.854412 -0.056776
v 0.136035 2.874121 -0.029047
v 0.136035 2.854412 -0.029047
v 0.138673 2.874121 -0.000209
v 0.138673 2.854412 -0.000209
v 0.136035 2.874121 0.028628
v 0.136035 2.854412 0.028628
v 0.128223 2.874121 0.056358
v 0.128223 2.854412 0.056358
v 0.115537 2.874121 0.081913
v 0.115537 2.854412 0.081913
v 0.098464 2.874121 0.104313
v 0.098464 2.854412 0.104313
v 0.077661 2.874121 0.122696
v 0.077661 2.854412 0.122696
v 0.053927 2.874121 0.136355
v 0.053927 2.854412 0.136355
v 0.028174 2.874121 0.144767
v 0.028174 2.854412 0.144767
v 0.001392 2.874121 0.147607
v 0.001392 2.854412 0.147607
v -0.025391 2.874121 0.144767
v -0.025391 2.854412 0.144767
v -0.051144 2.874121 0.136355
v -0.051144 2.854412 0.136355
v -0.074878 2.874121 0.122696
v -0.074878 2.854412 0.122696
v -0.095681 2.874121 0.104313
v -0.095681 2.854412 0.104313
v -0.112754 2.874121 0.081913
v -0.112754 2.854412 0.081913
v -0.125440 2.874121 0.056358
v -0.125440 2.854412 0.056358
v -0.133253 2.874121 0.028628
v -0.133253 2.854412 0.028628
v -0.135890 2.874121 -0.000209
v -0.135890 2.854412 -0.000209
v -0.133253 2.874121 -0.029047
v -0.133253 2.854412 -0.029047
v -0.125440 2.874121 -0.056776
v -0.125440 2.854412 -0.056776
v -0.112754 2.874121 -0.082332
v -0.112754 2.854412 -0.082332
v -0.095681 2.874121 -0.104731
v -0.095681 2.854412 -0.104731
v -0.074878 2.874121 -0.123114
v -0.074878 2.854412 -0.123114
v -0.051144 2.874121 -0.136774
v -0.051144 2.854412 -0.136774
v -0.025391 2.874121 -0.145186
v -0.025391 2.854412 -0.145186
v 0.001678 2.854805 3.644748
v 0.001678 2.874514 3.644748
v 0.028460 2.874514 3.647588
v 0.028460 2.854805 3.647588
v 0.054213 2.874514 3.656000
v 0.054213 2.854805 3.656000
v 0.077948 2.874514 3.669660
v 0.077948 2.854805 3.669660
v 0.098751 2.874514 3.688043
v 0.098751 2.854805 3.688043
v 0.115824 2.874514 3.710442
v 0.115824 2.854805 3.710442
v 0.128510 2.874514 3.735998
v 0.128510 2.854805 3.735998
v 0.136322 2.874514 3.763727
v 0.136322 2.854805 3.763727
v 0.138960 2.874514 3.792565
v 0.138960 2.854805 3.792565
v 0.136322 2.874514 3.821402
v 0.136322 2.854805 3.821402
v 0.128510 2.874514 3.849132
v 0.128510 2.854805 3.849132
v 0.115824 2.874514 3.874687
v 0.115824 2.854805 3.874687
v 0.098751 2.874514 3.897087
v 0.098751 2.854805 3.897087
v 0.077948 2.874514 3.915470
v 0.077948 2.854805 3.915470
v 0.054213 2.874514 3.929129
v 0.054213 2.854805 3.929129
v 0.028460 2.874514 3.937541
v 0.028460 2.854805 3.937541
v 0.001678 2.874514 3.940381
v 0.001678 2.854805 3.940381
v -0.025104 2.874514 3.937541
v -0.025104 2.854805 3.937541
v -0.050857 2.874514 3.929129
v -0.050857 2.854805 3.929129
v -0.074592 2.874514 3.915470
v -0.074592 2.854805 3.915470
v -0.095395 2.874514 3.897087
v -0.095395 2.854805 3.897087
v -0.112468 2.874514 3.874687
v -0.112468 2.854805 3.874687
v -0.125154 2.874514 3.849132
v -0.125154 2.854805 3.849132
v -0.132966 2.874514 3.821402
v -0.132966 2.854805 3.821402
v -0.135604 2.874514 3.792565
v -0.135604 2.854805 3.792565
v -0.132966 2.874514 3.763727
v -0.132966 2.854805 3.763727
v -0.125154 2.874514 3.735998
v -0.125154 2.854805 3.735998
v -0.112468 2.874514 3.710442
v -0.112468 2.854805 3.710442
v -0.095395 2.874514 3.688043
v -0.095395 2.854805 3.688043
v -0.074592 2.874514 3.669660
v -0.074592 2.854805 3.669660
v -0.050857 2.874514 3.656000
v -0.050857 2.854805 3.656000
v -0.025104 2.874514 3.647588
v -0.025104 2.854805 3.647588
v -0.402666 2.854732 -3.939584
v -0.402666 2.874441 -3.939584
v -0.375884 2.874441 -3.936744
v -0.375884 2.854732 -3.936744
v -0.350131 2.874441 -3.928332
v -0.350131 2.854732 -3.928332
v -0.326397 2.874441 -3.914672
v -0.326397 2.854732 -3.914672
v -0.305593 2.874441 -3.896290
v -0.305593 2.854732 -3.896290
v -0.288521 2.874441 -3.873890
v -0.288521 2.854732 -3.873890
v -0.275834 2.874441 -3.848334
v -0.275834 2.854732 -3.848334
v -0.268022 2.874441 -3.820605
v -0.268022 2.854732 -3.820605
v -0.265384 2.874441 -3.791768
v -0.265384 2.854732 -3.791768
v -0.268022 2.874441 -3.762930
v -0.268022 2.854732 -3.762930
v -0.275834 2.874441 -3.735201
v -0.275834 2.854732 -3.735201
v -0.288521 2.874441 -3.709645
v -0.288521 2.854732 -3.709645
v -0.305593 2.874441 -3.687246
v -0.305593 2.854732 -3.687246
v -0.326397 2.874441 -3.668863
v -0.326397 2.854732 -3.668863
v -0.350131 2.874441 -3.655203
v -0.350131 2.854732 -3.655203
v -0.375884 2.874441 -3.646791
v -0.375884 2.854732 -3.646791
v -0.402666 2.874441 -3.643951
v -0.402666 2.854732 -3.643951
v -0.429448 2.874441 -3.646791
v -0.429448 2.854732 -3.646791
v -0.455202 2.874441 -3.655203
v -0.455202 2.854732 -3.655203
v -0.478936 2.874441 -3.668863
v -0.478936 2.854732 -3.668863
v -0.499739 2.874441 -3.687246
v -0.499739 2.854732 -3.687246
v -0.516812 2.874441 -3.709645
v -0.516812 2.854732 -3.709645
v -0.529498 2.874441 -3.735201
v -0.529498 2.854732 -3.735201
v -0.537310 2.874441 -3.762930
v -0.537310 2.854732 -3.762930
v -0.539948 2.874441 -3.791768
v -0.539948 2.854732 -3.791768
v -0.537310 2.874441 -3.820606
v -0.537310 2.854732 -3.820606
v -0.529498 2.874441 -3.848334
v -0.529498 2.854732 -3.848334
v -0.516811 2.874441 -3.873890
v -0.516811 2.854732 -3.873890
v -0.499739 2.874441 -3.896290
v -0.499739 2.854732 -3.896290
v -0.478936 2.874441 -3.914672
v -0.478936 2.854732 -3.914672
v -0.455201 2.874441 -3.928332
v -0.455201 2.854732 -3.928332
v -0.429448 2.874441 -3.936744
v -0.429448 2.854732 -3.936744
v -0.403068 2.567668 -3.890286
v -0.403068 2.863301 -3.890286
v -0.385213 2.863301 -3.888392
v -0.385213 2.567668 -3.888392
v -0.368044 2.863301 -3.882785
v -0.368044 2.567668 -3.882785
v -0.352221 2.863301 -3.873678
v -0.352221 2.567668 -3.873678
v -0.338352 2.863301 -3.861423
v -0.338352 2.567668 -3.861423
v -0.326970 2.863301 -3.846489
v -0.326970 2.567668 -3.846489
v -0.318513 2.863301 -3.829453
v -0.318513 2.567668 -3.829453
v -0.313305 2.863301 -3.810966
v -0.313305 2.567668 -3.810966
v -0.311546 2.863301 -3.791741
v -0.311546 2.567668 -3.791741
v -0.313305 2.863301 -3.772516
v -0.313305 2.567668 -3.772516
v -0.318513 2.863301 -3.754030
v -0.318513 2.567668 -3.754030
v -0.326970 2.863301 -3.736993
v -0.326970 2.567668 -3.736993
v -0.338352 2.863301 -3.722060
v -0.338352 2.567668 -3.722060
v -0.352221 2.863301 -3.709805
v -0.352221 2.567668 -3.709805
v -0.368044 2.863301 -3.700698
v -0.368044 2.567668 -3.700698
v -0.385213 2.863301 -3.695091
v -0.385213 2.567668 -3.695091
v -0.403068 2.863301 -3.693197
v -0.403068 2.567668 -3.693197
v -0.420922 2.863301 -3.695091
v -0.420922 2.567668 -3.695091
v -0.438091 2.863301 -3.700698
v -0.438091 2.567668 -3.700698
v -0.453914 2.863301 -3.709805
v -0.453914 2.567668 -3.709805
v -0.467783 2.863301 -3.722060
v -0.467783 2.567668 -3.722060
v -0.479165 2.863301 -3.736993
v -0.479165 2.567668 -3.736993
v -0.487622 2.863301 -3.754030
v -0.487622 2.567668 -3.754030
v -0.492830 2.863301 -3.772517
v -0.492830 2.567668 -3.772517
v -0.494589 2.863301 -3.791741
v -0.494589 2.567668 -3.791741
v -0.492830 2.863301 -3.810966
v -0.492830 2.567668 -3.810966
v -0.487622 2.863301 -3.829453
v -0.487622 2.567668 -3.829453
v -0.479165 2.863301 -3.846489
v -0.479165 2.567668 -3.846489
v -0.467783 2.863301 -3.861423
v -0.467783 2.567668 -3.861423
v -0.453914 2.863301 -3.873678
v -0.453914 2.567668 -3.873678
v -0.438091 2.863301 -3.882785
v -0.438091 2.567668 -3.882785
v -0.420922 2.863301 -3.888392
v -0.420922 2.567668 -3.888392
v -0.402666 2.854732 3.644441
v -0.402666 2.874441 3.644441
v -0.375884 2.874441 3.647281
v -0.375884 2.854732 3.647281
v -0.350131 2.874441 3.655693
v -0.350131 2.854732 3.655693
v -0.326397 2.874441 3.669352
v -0.326397 2.854732 3.669352
v -0.305593 2.874441 3.687735
v -0.305593 2.854732 3.687735
v -0.288521 2.874441 3.710135
v -0.288521 2.854732 3.710135
v -0.275834 2.874441 3.735690
v -0.275834 2.854732 3.735690
v -0.268022 2.874441 3.763420
v -0.268022 2.854732 3.763420
v -0.265384 2.874441 3.792257
v -0.265384 2.854732 3.792257
v -0.268022 2.874441 3.821095
v -0.268022 2.854732 3.821095
v -0.275834 2.874441 3.848824
v -0.275834 2.854732 3.848824
v -0.288521 2.874441 3.874380
v -0.288521 2.854732 3.874380
v -0.305593 2.874441 3.896779
v -0.305593 2.854732 3.896779
v -0.326397 2.874441 3.915162
v -0.326397 2.854732 3.915162
v -0.350131 2.874441 3.928822
v -0.350131 2.854732 3.928822
v -0.375884 2.874441 3.937234
v -0.375884 2.854732 3.937234
v -0.402666 2.874441 3.940074
v -0.402666 2.854732 3.940074
v -0.429448 2.874441 3.937234
v -0.429448 2.854732 3.937234
v -0.455202 2.874441 3.928822
v -0.455202 2.854732 3.928822
v -0.478936 2.874441 3.915162
v -0.478936 2.854732 3.915162
v -0.499739 2.874441 3.896779
v -0.499739 2.854732 3.896779
v -0.516812 2.874441 3.874380
v -0.516812 2.854732 3.874380
v -0.529498 2.874441 3.848824
v -0.529498 2.854732 3.848824
v -0.537310 2.874441 3.821095
v -0.537310 2.854732 3.821095
v -0.539948 2.874441 3.792257
v -0.539948 2.854732 3.792257
v -0.537310 2.874441 3.763419
v -0.537310 2.854732 3.763419
v -0.529498 2.874441 3.735690
v -0.529498 2.854732 3.735690
v -0.516811 2.874441 3.710135
v -0.516811 2.854732 3.710135
v -0.499739 2.874441 3.687735
v -0.499739 2.854732 3.687735
v -0.478936 2.874441 3.669352
v -0.478936 2.854732 3.669352
v -0.455201 2.874441 3.655693
v -0.455201 2.854732 3.655693
v -0.429448 2.874441 3.647281
v -0.429448 2.854732 3.647281
v -0.403068 2.567668 3.693739
v -0.403068 2.863301 3.693739
v -0.385213 2.863301 3.695632
v -0.385213 2.567668 3.695632
v -0.368044 2.863301 3.701240
v -0.368044 2.567668 3.701240
v -0.352221 2.863301 3.710347
v -0.352221 2.567668 3.710347
v -0.338352 2.863301 3.722602
v -0.338352 2.567668 3.722602
v -0.326970 2.863301 3.737535
v -0.326970 2.567668 3.737535
v -0.318513 2.863301 3.754572
v -0.318513 2.567668 3.754572
v -0.313305 2.863301 3.773058
v -0.313305 2.567668 3.773058
v -0.311546 2.863301 3.792283
v -0.311546 2.567668 3.792283
v -0.313305 2.863301 3.811508
v -0.313305 2.567668 3.811508
v -0.318513 2.863301 3.829994
v -0.318513 2.567668 3.829994
v -0.326970 2.863301 3.847032
v -0.326970 2.567668 3.847032
v -0.338352 2.863301 3.861965
v -0.338352 2.567668 3.861965
v -0.352221 2.863301 3.874220
v -0.352221 2.567668 3.874220
v -0.368044 2.863301 3.883327
v -0.368044 2.567668 3.883327
v -0.385213 2.863301 3.888934
v -0.385213 2.567668 3.888934
v -0.403068 2.863301 3.890828
v -0.403068 2.567668 3.890828
v -0.420922 2.863301 3.888934
v -0.420922 2.567668 3.888934
v -0.438091 2.863301 3.883327
v -0.438091 2.567668 3.883327
v -0.453914 2.863301 3.874220
v -0.453914 2.567668 3.874220
v -0.467783 2.863301 3.861965
v -0.467783 2.567668 3.861965
v -0.479165 2.863301 3.847032
v -0.479165 2.567668 3.847032
v -0.487622 2.863301 3.829994
v -0.487622 2.567668 3.829994
v -0.492830 2.863301 3.811508
v -0.492830 2.567668 3.811508
v -0.494589 2.863301 3.792283
v -0.494589 2.567668 3.792283
v -0.492830 2.863301 3.773058
v -0.492830 2.567668 3.773058
v -0.487622 2.863301 3.754572
v -0.487622 2.567668 3.754572
v -0.479165 2.863301 3.737535
v -0.479165 2.567668 3.737535
v -0.467783 2.863301 3.722602
v -0.467783 2.567668 3.722602
v -0.453914 2.863301 3.710347
v -0.453914 2.567668 3.710347
v -0.438091 2.863301 3.701240
v -0.438091 2.567668 3.701240
v -0.420922 2.863301 3.695632
v -0.420922 2.567668 3.695632
v -0.044678 0.515824 -3.744831
v -0.090438 0.515824 -3.744831
v -0.090438 0.515824 3.744539
v -0.044678 0.515824 3.744539
v -0.044678 0.023102 3.744539
v -0.090438 0.023102 3.744539
v -0.090438 0.023102 -3.744831
v -0.044678 0.023102 -3.744831
v -1.695559 0.515824 -3.739969
v -1.695559 0.515824 -3.690696
v -0.089363 0.515824 -3.690696
v -0.089363 0.515824 -3.739969
v -0.089363 0.023102 -3.739969
v -0.089363 0.023102 -3.690696
v -1.695559 0.023102 -3.690696
v -1.695559 0.023102 -3.739969
v -1.693419 0.515824 3.695925
v -1.693419 0.515824 3.745197
v -0.087222 0.515824 3.745196
v -0.087222 0.515824 3.695925
v -0.087222 0.023102 3.695925
v -0.087222 0.023102 3.745196
v -1.693419 0.023102 3.745197
v -1.693419 0.023102 3.695925
v 0.122391 2.376661 0.134924
v -0.060651 2.376661 0.134924
v -0.060651 2.376661 3.662812
v 0.122391 2.376661 3.662812
v 0.122391 0.602863 3.662812
v -0.060651 0.602863 3.662812
v -0.060651 0.602863 0.134924
v 0.122391 0.602863 0.134924
v 0.122391 2.376661 -3.662080
v -0.060651 2.376661 -3.662080
v -0.060651 2.376661 -0.134193
v 0.122391 2.376661 -0.134193
v 0.122391 0.602863 -0.134193
v -0.060651 0.602863 -0.134193
v -0.060651 0.602863 -3.662080
v 0.122391 0.602863 -3.662080
vn -0.666667 0.666667 -0.333333
vn -0.408248 0.408248 0.816496
vn 0.666667 0.666667 0.333333
vn 0.408248 0.408248 -0.816496
vn 0.666667 -0.666667 -0.333333
vn 0.408248 -0.408248 0.816496
vn -0.666667 -0.666667 0.333333
vn -0.408248 -0.408248 -0.816496
vn -0.666667 0.666667 -0.333333
vn -0.408248 0.408248 0.816497
vn 0.666667 0.666667 0.333333
vn 0.408248 0.408248 -0.816497
vn 0.816496 -0.408248 -0.408248
vn 0.333333 -0.666667 0.666667
vn -0.816496 -0.408248 0.408248
vn -0.333333 -0.666667 -0.666667
vt 0.375000 0.000000
vt 0.625000 0.000000
vt 0.625000 0.250000
vt 0.375000 0.250000
vt 0.625000 0.500000
vt 0.375000 0.500000
vt 0.625000 0.750000
vt 0.375000 0.750000
vt 0.625000 1.000000
vt 0.375000 1.000000
vt 0.125000 0.500000
vt 0.125000 0.750000
vt 0.875000 0.500000
vt 0.875000 0.750000
f 9/1/1 10/2/2 11/3/3
f 9/1/1 11/3/3 12/4/4
f 13/4/5 12/3/4 11/5/3
f 13/4/5 11/5/3 14/6/6
f 14/6/6 11/5/3 10/7/2
f 14/6/6 10/7/2 15/8/7
f 15/8/7 16/7/8 13/9/5
f 15/8/7 13/9/5 14/10/6
f 16/11/8 9/6/1 12/8/4
f 16/11/8 12/8/4 13/12/5
f 15/5/7 10/13/2 9/14/1
f 15/5/7 9/14/1 16/7/8
f 17/1/9 18/2/10 19/3/11
f 17/1/9 19/3/11 20/4/12
f 21/4/13 20/3/12 19/5/11
f 21/4/13 19/5/11 22/6/14
f 22/6/14 19/5/11 18/7/10
f 22/6/14 18/7/10 23/8/15
f 23/8/15 24/7/16 22/10/14
f 24/7/16 21/9/13 22/10/14
f 24/11/16 17/6/9 20/8/12
f 24/11/16 20/8/12 21/12/13
f 23/5/15 18/13/10 17/14/9
f 23/5/15 17/14/9 24/7/16
f 25/1/1 26/2/2 27/3/3
f 25/1/1 27/3/3 28/4/4
f 29/4/5 28/3/4 27/5/3
f 29/4/5 27/5/3 30/6/6
f 30/6/6 27/5/3 26/7/2
f 30/6/6 26/7/2 31/8/7
f 31/8/7 32/7/8 29/9/5
f 31/8/7 29/9/5 30/10/6
f 32/11/8 25/6/1 28/8/4
f 32/11/8 28/8/4 29/12/5
f 31/5/7 26/13/2 25/14/1
f 31/5/7 25/14/1 32/7/8

#
#  Mesh_Material.002
#
usemtl  Mesh_Material.002

v 0.091521 2.475205 -3.941774
v -0.091521 2.475205 -3.941774
v -0.091521 2.475205 3.941774
v 0.091521 2.475205 3.941774
v 0.091521 0.504318 3.941774
v -0.091521 0.504318 3.941774
v -0.091521 0.504318 -3.941774
v 0.091521 0.504318 -3.941774
v -1.694334 2.475205 -3.890128
v -1.694334 2.475205 -3.693039
v 0.136090 2.475205 -3.693039
v 0.136090 2.475205 -3.890128
v 0.136090 0.504318 -3.890128
v 0.136090 0.504318 -3.693039
v -1.694334 0.504318 -3.693039
v -1.694334 0.504318 -3.890128
v -1.694334 2.475205 3.694762
v -1.694334 2.475205 3.891850
v 0.136090 2.475205 3.891850
v 0.136090 2.475205 3.694762
v 0.136090 0.504318 3.694762
v 0.136090 0.504318 3.891850
v -1.694334 0.504318 3.891850
v -1.694334 0.504318 3.694762
v -0.045816 2.475205 -0.098348
v -0.045816 2.475205 0.098740
v 0.137226 2.475205 0.098740
v 0.137226 2.475205 -0.098348
v 0.137226 0.504318 -0.098348
v 0.137226 0.504318 0.098740
v -0.045816 0.504318 0.098740
v -0.045816 0.504318 -0.098348
v 0.138055 2.335210 0.174642
v 0.092294 2.335210 0.174642
v 0.092294 2.335210 3.623694
v 0.138055 2.335210 3.623694
v 0.138055 1.842488 3.623694
v 0.092294 1.842488 3.623694
v 0.092294 1.842488 0.174642
v 0.138055 1.842488 0.174642
v 0.138055 1.125145 0.174642
v 0.092294 1.125145 0.174642
v 0.092294 1.125145 3.623694
v 0.138055 1.125145 3.623694
v 0.138055 0.632423 3.623694
v 0.092294 0.632423 3.623694
v 0.092294 0.632423 0.174642
v 0.138055 0.632423 0.174642
v 0.138055 1.725257 0.174642
v 0.092294 1.725257 0.174642
v 0.092294 1.725257 3.623694
v 0.138055 1.725257 3.623694
v 0.138055 1.232535 3.623694
v 0.092294 1.232535 3.623694
v 0.092294 1.232535 0.174642
v 0.138055 1.232535 0.174642
v 0.138055 2.335210 -3.620507
v 0.092294 2.335210 -3.620507
v 0.092294 2.335210 -0.171455
v 0.138055 2.335210 -0.171455
v 0.138055 1.842488 -0.171455
v 0.092294 1.842488 -0.171455
v 0.092294 1.842488 -3.620507
v 0.138055 1.842488 -3.620507
v 0.138055 1.125145 -3.620507
v 0.092294 1.125145 -3.620507
v 0.092294 1.125145 -0.171455
v 0.138055 1.125145 -0.171455
v 0.138055 0.632423 -0.171455
v 0.092294 0.632423 -0.171455
v 0.092294 0.632423 -3.620507
v 0.138055 0.632423 -3.620507
v 0.138055 1.725257 -3.620507
v 0.092294 1.725257 -3.620507
v 0.092294 1.725257 -0.171455
v 0.138055 1.725257 -0.171455
v 0.138055 1.232535 -0.171455
v 0.092294 1.232535 -0.171455
v 0.092294 1.232535 -3.620507
v 0.138055 1.232535 -3.620507
v 0.321719 2.471320 -4.136629
v 0.321719 2.569864 -4.136629
v 0.321719 2.569864 4.141095
v 0.321719 2.471320 4.141095
v -1.691747 2.471320 4.141095
v -1.691747 2.569864 4.141095
v -1.691747 2.569864 -4.136629
v -1.691747 2.471320 -4.136629
v 0.321150 2.835942 -4.136629
v 0.321150 2.855651 -4.136629
v 0.321150 2.855651 4.141095
v 0.321150 2.835942 4.141095
v -0.594062 2.835942 4.141095
v -0.594062 2.855651 4.141095
v -0.594062 2.855651 -4.136629
v -0.594062 2.835942 -4.136629
v 0.001793 2.854732 -3.939642
v 0.001793 2.874441 -3.939642
v 0.028575 2.874441 -3.936802
v 0.028575 2.854732 -3.936802
v 0.054328 2.874441 -3.928390
v 0.054328 2.854732 -3.928390
v 0.078063 2.874441 -3.914731
v 0.078063 2.854732 -3.914731
v 0.098866 2.874441 -3.896348
v 0.098866 2.854732 -3.896348
v 0.115939 2.874441 -3.873948
v 0.115939 2.854732 -3.873948
v 0.128625 2.874441 -3.848393
v 0.128625 2.854732 -3.848393
v 0.136437 2.874441 -3.820663
v 0.136437 2.854732 -3.820663
v 0.139075 2.874441 -3.791826
v 0.139075 2.854732 -3.791826
v 0.136437 2.874441 -3.762988
v 0.136437 2.854732 -3.762988
v 0.128625 2.874441 -3.735259
v 0.128625 2.854732 -3.735259
v 0.115939 2.874441 -3.709703
v 0.115939 2.854732 -3.709703
v 0.098866 2.874441 -3.687304
v 0.098866 2.854732 -3.687304
v 0.078063 2.874441 -3.668921
v 0.078063 2.854732 -3.668921
v 0.054328 2.874441 -3.655261
v 0.054328 2.854732 -3.655261
v 0.028575 2.874441 -3.646849
v 0.028575 2.854732 -3.646849
v 0.001793 2.874441 -3.644009
v 0.001793 2.854732 -3.644009
v -0.024989 2.874441 -3.646849
v -0.024989 2.854732 -3.646849
v -0.050743 2.874441 -3.655261
v -0.050743 2.854732 -3.655261
v -0.074477 2.874441 -3.668921
v -0.074477 2.854732 -3.668921
v -0.095280 2.874441 -3.687304
v -0.095280 2.854732 -3.687304
v -0.112353 2.874441 -3.709703
v -0.112353 2.854732 -3.709703
v -0.125039 2.874441 -3.735259
v -0.125039 2.854732 -3.735259
v -0.132851 2.874441 -3.762988
v -0.132851 2.854732 -3.762988
v -0.135489 2.874441 -3.791826
v -0.135489 2.854732 -3.791826
v -0.132851 2.874441 -3.820663
v -0.132851 2.854732 -3.820663
v -0.125039 2.874441 -3.848393
v -0.125039 2.854732 -3.848393
v -0.112353 2.874441 -3.873948
v -0.112353 2.854732 -3.873948
v -0.095280 2.874441 -3.896348
v -0.095280 2.854732 -3.896348
v -0.074477 2.874441 -3.914731
v -0.074477 2.854732 -3.914731
v -0.050743 2.874441 -3.928390
v -0.050743 2.854732 -3.928390
v -0.024989 2.874441 -3.936802
v -0.024989 2.854732 -3.936802
v 0.001392 2.565830 -0.098754
v 0.001392 2.861463 -0.098754
v 0.019246 2.861463 -0.096860
v 0.019246 2.565830 -0.096860
v 0.036415 2.861463 -0.091253
v 0.036415 2.565830 -0.091253
v 0.052238 2.861463 -0.082146
v 0.052238 2.565830 -0.082146
v 0.066107 2.861463 -0.069891
v 0.066107 2.565830 -0.069891
v 0.077489 2.861463 -0.054958
v 0.077489 2.565830 -0.054958
v 0.085946 2.861463 -0.037921
v 0.085946 2.565830 -0.037921
v 0.091154 2.861463 -0.019434
v 0.091154 2.565830 -0.019434
v 0.092913 2.861463 -0.000209
v 0.092913 2.565830 -0.000209
v 0.091154 2.861463 0.019016
v 0.091154 2.565830 0.019016
v 0.085946 2.861463 0.037502
v 0.085946 2.565830 0.037502
v 0.077489 2.861463 0.054539
v 0.077489 2.565830 0.054539
v 0.066107 2.861463 0.069472
v 0.066107 2.565830 0.069472
v 0.052238 2.861463 0.081727
v 0.052238 2.565830 0.081727
v 0.036415 2.861463 0.090834
v 0.036415 2.565830 0.090834
v 0.019246 2.861463 0.096441
v 0.019246 2.565830 0.096441
v 0.001392 2.861463 0.098335
v 0.001392 2.565830 0.098335
v -0.016463 2.861463 0.096441
v -0.016463 2.565830 0.096441
v -0.033632 2.861463 0.090834
v -0.033632 2.565830 0.090834
v -0.049455 2.861463 0.081727
v -0.049455 2.565830 0.081727
v -0.063324 2.861463 0.069472
v -0.063324 2.565830 0.069472
v -0.074706 2.861463 0.054539
v -0.074706 2.565830 0.054539
v -0.083163 2.861463 0.037502
v -0.083163 2.565830 0.037502
v -0.088371 2.861463 0.019016
v -0.088371 2.565830 0.019016
v -0.090130 2.861463 -0.000209
v -0.090130 2.565830 -0.000209
v -0.088371 2.861463 -0.019434
v -0.088371 2.565830 -0.019434
v -0.083163 2.861463 -0.037921
v -0.083163 2.565830 -0.037921
v -0.074706 2.861463 -0.054958
v -0.074706 2.565830 -0.054958
v -0.063324 2.861463 -0.069891
v -0.063324 2.565830 -0.069891
v -0.049455 2.861463 -0.082146
v -0.049455 2.565830 -0.082146
v -0.033632 2.861463 -0.091253
v -0.033632 2.565830 -0.091253
v -0.016463 2.861463 -0.096860
v -0.016463 2.565830 -0.096860
v 0.001392 2.565830 3.693990
v 0.001392 2.861463 3.693990
v 0.019246 2.861463 3.695884
v 0.019246 2.565830 3.695884
v 0.036415 2.861463 3.701492
v 0.036415 2.565830 3.701492
v 0.052238 2.861463 3.710598
v 0.052238 2.565830 3.710598
v 0.066107 2.861463 3.722853
v 0.066107 2.565830 3.722853
v 0.077489 2.861463 3.737786
v 0.077489 2.565830 3.737786
v 0.085946 2.861463 3.754823
v 0.085946 2.565830 3.754823
v 0.091154 2.861463 3.773309
v 0.091154 2.565830 3.773309
v 0.092913 2.861463 3.792535
v 0.092913 2.565830 3.792535
v 0.091154 2.861463 3.811760
v 0.091154 2.565830 3.811760
v 0.085946 2.861463 3.830246
v 0.085946 2.565830 3.830246
v 0.077489 2.861463 3.847283
v 0.077489 2.565830 3.847283
v 0.066107 2.861463 3.862216
v 0.066107 2.565830 3.862216
v 0.052238 2.861463 3.874471
v 0.052238 2.565830 3.874471
v 0.036415 2.861463 3.883577
v 0.036415 2.565830 3.883577
v 0.019246 2.861463 3.889185
v 0.019246 2.565830 3.889185
v 0.001392 2.861463 3.891078
v 0.001392 2.565830 3.891078
v -0.016463 2.861463 3.889185
v -0.016463 2.565830 3.889185
v -0.033632 2.861463 3.883577
v -0.033632 2.565830 3.883577
v -0.049455 2.861463 3.874471
v -0.049455 2.565830 3.874471
v -0.063324 2.861463 3.862216
v -0.063324 2.565830 3.862216
v -0.074706 2.861463 3.847283
v -0.074706 2.565830 3.847283
v -0.083163 2.861463 3.830246
v -0.083163 2.565830 3.830246
v -0.088371 2.861463 3.811759
v -0.088371 2.565830 3.811759
v -0.090130 2.861463 3.792535
v -0.090130 2.565830 3.792535
v -0.088371 2.861463 3.773309
v -0.088371 2.565830 3.773309
v -0.083163 2.861463 3.754823
v -0.083163 2.565830 3.754823
v -0.074706 2.861463 3.737786
v -0.074706 2.565830 3.737786
v -0.063324 2.861463 3.722853
v -0.063324 2.565830 3.722853
v -0.049455 2.861463 3.710598
v -0.049455 2.565830 3.710598
v -0.033632 2.861463 3.701492
v -0.033632 2.565830 3.701492
v -0.016463 2.861463 3.695884
v -0.016463 2.565830 3.695884
v 0.001392 2.567668 -3.890344
v 0.001392 2.863301 -3.890344
v 0.019246 2.863301 -3.888450
v 0.019246 2.567668 -3.888450
v 0.036415 2.863301 -3.882843
v 0.036415 2.567668 -3.882843
v 0.052238 2.863301 -3.873736
v 0.052238 2.567668 -3.873736
v 0.066107 2.863301 -3.861481
v 0.066107 2.567668 -3.861481
v 0.077489 2.863301 -3.846548
v 0.077489 2.567668 -3.846548
v 0.085946 2.863301 -3.829511
v 0.085946 2.567668 -3.829511
v 0.091154 2.863301 -3.811025
v 0.091154 2.567668 -3.811025
v 0.092913 2.863301 -3.791800
v 0.092913 2.567668 -3.791800
v 0.091154 2.863301 -3.772574
v 0.091154 2.567668 -3.772574
v 0.085946 2.863301 -3.754088
v 0.085946 2.567668 -3.754088
v 0.077489 2.863301 -3.737051
v 0.077489 2.567668 -3.737051
v 0.066107 2.863301 -3.722118
v 0.066107 2.567668 -3.722118
v 0.052238 2.863301 -3.709863
v 0.052238 2.567668 -3.709863
v 0.036415 2.863301 -3.700757
v 0.036415 2.567668 -3.700757
v 0.019246 2.863301 -3.695149
v 0.019246 2.567668 -3.695149
v 0.001392 2.863301 -3.693255
v 0.001392 2.567668 -3.693255
v -0.016463 2.863301 -3.695149
v -0.016463 2.567668 -3.695149
v -0.033632 2.863301 -3.700757
v -0.033632 2.567668 -3.700757
v -0.049455 2.863301 -3.709863
v -0.049455 2.567668 -3.709863
v -0.063324 2.863301 -3.722118
v -0.063324 2.567668 -3.722118
v -0.074706 2.863301 -3.737051
v -0.074706 2.567668 -3.737051
v -0.083163 2.863301 -3.754088
v -0.083163 2.567668 -3.754088
v -0.088371 2.863301 -3.772574
v -0.088371 2.567668 -3.772574
v -0.090130 2.863301 -3.791800
v -0.090130 2.567668 -3.791800
v -0.088371 2.863301 -3.811025
v -0.088371 2.567668 -3.811025
v -0.083163 2.863301 -3.829511
v -0.083163 2.567668 -3.829511
v -0.074706 2.863301 -3.846548
v -0.074706 2.567668 -3.846548
v -0.063324 2.863301 -3.861481
v -0.063324 2.567668 -3.861481
v -0.049455 2.863301 -3.873736
v -0.049455 2.567668 -3.873736
v -0.033632 2.863301 -3.882843
v -0.033632 2.567668 -3.882843
v -0.016463 2.863301 -3.888450
v -0.016463 2.567668 -3.888450
v 0.001392 2.854412 -0.148026
v 0.001392 2.874121 -0.148026
v 0.028174 2.874121 -0.145185
v 0.028174 2.854412 -0.145185
v 0.053927 2.874121 -0.136774
v 0.053927 2.854412 -0.136774
v 0.077661 2.874121 -0.123114
v 0.077661 2.854412 -0.123114
v 0.098464 2.874121 -0.104731
v 0.098464 2.854412 -0.104731
v 0.115537 2.874121 -0.082332
v 0.115537 2.854412 -0.082332
v 0.128223 2.874121 -0.056776
v 0.128223 2.854412 -0.056776
v 0.136035 2.874121 -0.029047
v 0.136035 2.854412 -0.029047
v 0.138673 2.874121 -0.000209
v 0.138673 2.854412 -0.000209
v 0.136035 2.874121 0.028628
v 0.136035 2.854412 0.028628
v 0.128223 2.874121 0.056358
v 0.128223 2.854412 0.056358
v 0.115537 2.874121 0.081913
v 0.115537 2.854412 0.081913
v 0.098464 2.874121 0.104313
v 0.098464 2.854412 0.104313
v 0.077661 2.874121 0.122696
v 0.077661 2.854412 0.122696
v 0.053927 2.874121 0.136355
v 0.053927 2.854412 0.136355
v 0.028174 2.874121 0.144767
v 0.028174 2.854412 0.144767
v 0.001392 2.874121 0.147607
v 0.001392 2.854412 0.147607
v -0.025391 2.874121 0.144767
v -0.025391 2.854412 0.144767
v -0.051144 2.874121 0.136355
v -0.051144 2.854412 0.136355
v -0.074878 2.874121 0.122696
v -0.074878 2.854412 0.122696
v -0.095681 2.874121 0.104313
v -0.095681 2.854412 0.104313
v -0.112754 2.874121 0.081913
v -0.112754 2.854412 0.081913
v -0.125440 2.874121 0.056358
v -0.125440 2.854412 0.056358
v -0.133253 2.874121 0.028628
v -0.133253 2.854412 0.028628
v -0.135890 2.874121 -0.000209
v -0.135890 2.854412 -0.000209
v -0.133253 2.874121 -0.029047
v -0.133253 2.854412 -0.029047
v -0.125440 2.874121 -0.056776
v -0.125440 2.854412 -0.056776
v -0.112754 2.874121 -0.082332
v -0.112754 2.854412 -0.082332
v -0.095681 2.874121 -0.104731
v -0.095681 2.854412 -0.104731
v -0.074878 2.874121 -0.123114
v -0.074878 2.854412 -0.123114
v -0.051144 2.874121 -0.136774
v -0.051144 2.854412 -0.136774
v -0.025391 2.874121 -0.145186
v -0.025391 2.854412 -0.145186
v 0.001678 2.854805 3.644748
v 0.001678 2.874514 3.644748
v 0.028460 2.874514 3.647588
v 0.028460 2.854805 3.647588
v 0.054213 2.874514 3.656000
v 0.054213 2.854805 3.656000
v 0.077948 2.874514 3.669660
v 0.077948 2.854805 3.669660
v 0.098751 2.874514 3.688043
v 0.098751 2.854805 3.688043
v 0.115824 2.874514 3.710442
v 0.115824 2.854805 3.710442
v 0.128510 2.874514 3.735998
v 0.128510 2.854805 3.735998
v 0.136322 2.874514 3.763727
v 0.136322 2.854805 3.763727
v 0.138960 2.874514 3.792565
v 0.138960 2.854805 3.792565
v 0.136322 2.874514 3.821402
v 0.136322 2.854805 3.821402
v 0.128510 2.874514 3.849132
v 0.128510 2.854805 3.849132
v 0.115824 2.874514 3.874687
v 0.115824 2.854805 3.874687
v 0.098751 2.874514 3.897087
v 0.098751 2.854805 3.897087
v 0.077948 2.874514 3.915470
v 0.077948 2.854805 3.915470
v 0.054213 2.874514 3.929129
v 0.054213 2.854805 3.929129
v 0.028460 2.874514 3.937541
v 0.028460 2.854805 3.937541
v 0.001678 2.874514 3.940381
v 0.001678 2.854805 3.940381
v -0.025104 2.874514 3.937541
v -0.025104 2.854805 3.937541
v -0.050857 2.874514 3.929129
v -0.050857 2.854805 3.929129
v -0.074592 2.874514 3.915470
v -0.074592 2.854805 3.915470
v -0.095395 2.874514 3.897087
v -0.095395 2.854805 3.897087
v -0.112468 2.874514 3.874687
v -0.112468 2.854805 3.874687
v -0.125154 2.874514 3.849132
v -0.125154 2.854805 3.849132
v -0.132966 2.874514 3.821402
v -0.132966 2.854805 3.821402
v -0.135604 2.874514 3.792565
v -0.135604 2.854805 3.792565
v -0.132966 2.874514 3.763727
v -0.132966 2.854805 3.763727
v -0.125154 2.874514 3.735998
v -0.125154 2.854805 3.735998
v -0.112468 2.874514 3.710442
v -0.112468 2.854805 3.710442
v -0.095395 2.874514 3.688043
v -0.095395 2.854805 3.688043
v -0.074592 2.874514 3.669660
v -0.074592 2.854805 3.669660
v -0.050857 2.874514 3.656000
v -0.050857 2.854805 3.656000
v -0.025104 2.874514 3.647588
v -0.025104 2.854805 3.647588
v -0.402666 2.854732 -3.939584
v -0.402666 2.874441 -3.939584
v -0.375884 2.874441 -3.936744
v -0.375884 2.854732 -3.936744
v -0.350131 2.874441 -3.928332
v -0.350131 2.854732 -3.928332
v -0.326397 2.874441 -3.914672
v -0.326397 2.854732 -3.914672
v -0.305593 2.874441 -3.896290
v -0.305593 2.854732 -3.896290
v -0.288521 2.874441 -3.873890
v -0.288521 2.854732 -3.873890
v -0.275834 2.874441 -3.848334
v -0.275834 2.854732 -3.848334
v -0.268022 2.874441 -3.820605
v -0.268022 2.854732 -3.820605
v -0.265384 2.874441 -3.791768
v -0.265384 2.854732 -3.791768
v -0.268022 2.874441 -3.762930
v -0.268022 2.854732 -3.762930
v -0.275834 2.874441 -3.735201
v -0.275834 2.854732 -3.735201
v -0.288521 2.874441 -3.709645
v -0.288521 2.854732 -3.709645
v -0.305593 2.874441 -3.687246
v -0.305593 2.854732 -3.687246
v -0.326397 2.874441 -3.668863
v -0.326397 2.854732 -3.668863
v -0.350131 2.874441 -3.655203
v -0.350131 2.854732 -3.655203
v -0.375884 2.874441 -3.646791
v -0.375884 2.854732 -3.646791
v -0.402666 2.874441 -3.643951
v -0.402666 2.854732 -3.643951
v -0.429448 2.874441 -3.646791
v -0.429448 2.854732 -3.646791
v -0.455202 2.874441 -3.655203
v -0.455202 2.854732 -3.655203
v -0.478936 2.874441 -3.668863
v -0.478936 2.854732 -3.668863
v -0.499739 2.874441 -3.687246
v -0.499739 2.854732 -3.687246
v -0.516812 2.874441 -3.709645
v -0.516812 2.854732 -3.709645
v -0.529498 2.874441 -3.735201
v -0.529498 2.854732 -3.735201
v -0.537310 2.874441 -3.762930
v -0.537310 2.854732 -3.762930
v -0.539948 2.874441 -3.791768
v -0.539948 2.854732 -3.791768
v -0.537310 2.874441 -3.820606
v -0.537310 2.854732 -3.820606
v -0.529498 2.874441 -3.848334
v -0.529498 2.854732 -3.848334
v -0.516811 2.874441 -3.873890
v -0.516811 2.854732 -3.873890
v -0.499739 2.874441 -3.896290
v -0.499739 2.854732 -3.896290
v -0.478936 2.874441 -3.914672
v -0.478936 2.854732 -3.914672
v -0.455201 2.874441 -3.928332
v -0.455201 2.854732 -3.928332
v -0.429448 2.874441 -3.936744
v -0.429448 2.854732 -3.936744
v -0.403068 2.567668 -3.890286
v -0.403068 2.863301 -3.890286
v -0.385213 2.863301 -3.888392
v -0.385213 2.567668 -3.888392
v -0.368044 2.863301 -3.882785
v -0.368044 2.567668 -3.882785
v -0.352221 2.863301 -3.873678
v -0.352221 2.567668 -3.873678
v -0.338352 2.863301 -3.861423
v -0.338352 2.567668 -3.861423
v -0.326970 2.863301 -3.846489
v -0.326970 2.567668 -3.846489
v -0.318513 2.863301 -3.829453
v -0.318513 2.567668 -3.829453
v -0.313305 2.863301 -3.810966
v -0.313305 2.567668 -3.810966
v -0.311546 2.863301 -3.791741
v -0.311546 2.567668 -3.791741
v -0.313305 2.863301 -3.772516
v -0.313305 2.567668 -3.772516
v -0.318513 2.863301 -3.754030
v -0.318513 2.567668 -3.754030
v -0.326970 2.863301 -3.736993
v -0.326970 2.567668 -3.736993
v -0.338352 2.863301 -3.722060
v -0.338352 2.567668 -3.722060
v -0.352221 2.863301 -3.709805
v -0.352221 2.567668 -3.709805
v -0.368044 2.863301 -3.700698
v -0.368044 2.567668 -3.700698
v -0.385213 2.863301 -3.695091
v -0.385213 2.567668 -3.695091
v -0.403068 2.863301 -3.693197
v -0.403068 2.567668 -3.693197
v -0.420922 2.863301 -3.695091
v -0.420922 2.567668 -3.695091
v -0.438091 2.863301 -3.700698
v -0.438091 2.567668 -3.700698
v -0.453914 2.863301 -3.709805
v -0.453914 2.567668 -3.709805
v -0.467783 2.863301 -3.722060
v -0.467783 2.567668 -3.722060
v -0.479165 2.863301 -3.736993
v -0.479165 2.567668 -3.736993
v -0.487622 2.863301 -3.754030
v -0.487622 2.567668 -3.754030
v -0.492830 2.863301 -3.772517
v -0.492830 2.567668 -3.772517
v -0.494589 2.863301 -3.791741
v -0.494589 2.567668 -3.791741
v -0.492830 2.863301 -3.810966
v -0.492830 2.567668 -3.810966
v -0.487622 2.863301 -3.829453
v -0.487622 2.567668 -3.829453
v -0.479165 2.863301 -3.846489
v -0.479165 2.567668 -3.846489
v -0.467783 2.863301 -3.861423
v -0.467783 2.567668 -3.861423
v -0.453914 2.863301 -3.873678
v -0.453914 2.567668 -3.873678
v -0.438091 2.863301 -3.882785
v -0.438091 2.567668 -3.882785
v -0.420922 2.863301 -3.888392
v -0.420922 2.567668 -3.888392
v -0.402666 2.854732 3.644441
v -0.402666 2.874441 3.644441
v -0.375884 2.874441 3.647281
v -0.375884 2.854732 3.647281
v -0.350131 2.874441 3.655693
v -0.350131 2.854732 3.655693
v -0.326397 2.874441 3.669352
v -0.326397 2.854732 3.669352
v -0.305593 2.874441 3.687735
v -0.305593 2.854732 3.687735
v -0.288521 2.874441 3.710135
v -0.288521 2.854732 3.710135
v -0.275834 2.874441 3.735690
v -0.275834 2.854732 3.735690
v -0.268022 2.874441 3.763420
v -0.268022 2.854732 3.763420
v -0.265384 2.874441 3.792257
v -0.265384 2.854732 3.792257
v -0.268022 2.874441 3.821095
v -0.268022 2.854732 3.821095
v -0.275834 2.874441 3.848824
v -0.275834 2.854732 3.848824
v -0.288521 2.874441 3.874380
v -0.288521 2.854732 3.874380
v -0.305593 2.874441 3.896779
v -0.305593 2.854732 3.896779
v -0.326397 2.874441 3.915162
v -0.326397 2.854732 3.915162
v -0.350131 2.874441 3.928822
v -0.350131 2.854732 3.928822
v -0.375884 2.874441 3.937234
v -0.375884 2.854732 3.937234
v -0.402666 2.874441 3.940074
v -0.402666 2.854732 3.940074
v -0.429448 2.874441 3.937234
v -0.429448 2.854732 3.937234
v -0.455202 2.874441 3.928822
v -0.455202 2.854732 3.928822
v -0.478936 2.874441 3.915162
v -0.478936 2.854732 3.915162
v -0.499739 2.874441 3.896779
v -0.499739 2.854732 3.896779
v -0.516812 2.874441 3.874380
v -0.516812 2.854732 3.874380
v -0.529498 2.874441 3.848824
v -0.529498 2.854732 3.848824
v -0.537310 2.874441 3.821095
v -0.537310 2.854732 3.821095
v -0.539948 2.874441 3.792257
v -0.539948 2.854732 3.792257
v -0.537310 2.874441 3.763419
v -0.537310 2.854732 3.763419
v -0.529498 2.874441 3.735690
v -0.529498 2.854732 3.735690
v -0.516811 2.874441 3.710135
v -0.516811 2.854732 3.710135
v -0.499739 2.874441 3.687735
v -0.499739 2.854732 3.687735
v -0.478936 2.874441 3.669352
v -0.478936 2.854732 3.669352
v -0.455201 2.874441 3.655693
v -0.455201 2.854732 3.655693
v -0.429448 2.874441 3.647281
v -0.429448 2.854732 3.647281
v -0.403068 2.567668 3.693739
v -0.403068 2.863301 3.693739
v -0.385213 2.863301 3.695632
v -0.385213 2.567668 3.695632
v -0.368044 2.863301 3.701240
v -0.368044 2.567668 3.701240
v -0.352221 2.863301 3.710347
v -0.352221 2.567668 3.710347
v -0.338352 2.863301 3.722602
v -0.338352 2.567668 3.722602
v -0.326970 2.863301 3.737535
v -0.326970 2.567668 3.737535
v -0.318513 2.863301 3.754572
v -0.318513 2.567668 3.754572
v -0.313305 2.863301 3.773058
v -0.313305 2.567668 3.773058
v -0.311546 2.863301 3.792283
v -0.311546 2.567668 3.792283
v -0.313305 2.863301 3.811508
v -0.313305 2.567668 3.811508
v -0.318513 2.863301 3.829994
v -0.318513 2.567668 3.829994
v -0.326970 2.863301 3.847032
v -0.326970 2.567668 3.847032
v -0.338352 2.863301 3.861965
v -0.338352 2.567668 3.861965
v -0.352221 2.863301 3.874220
v -0.352221 2.567668 3.874220
v -0.368044 2.863301 3.883327
v -0.368044 2.567668 3.883327
v -0.385213 2.863301 3.888934
v -0.385213 2.567668 3.888934
v -0.403068 2.863301 3.890828
v -0.403068 2.567668 3.890828
v -0.420922 2.863301 3.888934
v -0.420922 2.567668 3.888934
v -0.438091 2.863301 3.883327
v -0.438091 2.567668 3.883327
v -0.453914 2.863301 3.874220
v -0.453914 2.567668 3.874220
v -0.467783 2.863301 3.861965
v -0.467783 2.567668 3.861965
v -0.479165 2.863301 3.847032
v -0.479165 2.567668 3.847032
v -0.487622 2.863301 3.829994
v -0.487622 2.567668 3.829994
v -0.492830 2.863301 3.811508
v -0.492830 2.567668 3.811508
v -0.494589 2.863301 3.792283
v -0.494589 2.567668 3.792283
v -0.492830 2.863301 3.773058
v -0.492830 2.567668 3.773058
v -0.487622 2.863301 3.754572
v -0.487622 2.567668 3.754572
v -0.479165 2.863301 3.737535
v -0.479165 2.567668 3.737535
v -0.467783 2.863301 3.722602
v -0.467783 2.567668 3.722602
v -0.453914 2.863301 3.710347
v -0.453914 2.567668 3.710347
v -0.438091 2.863301 3.701240
v -0.438091 2.567668 3.701240
v -0.420922 2.863301 3.695632
v -0.420922 2.567668 3.695632
v -0.044678 0.515824 -3.744831
v -0.090438 0.515824 -3.744831
v -0.090438 0.515824 3.744539
v -0.044678 0.515824 3.744539
v -0.044678 0.023102 3.744539
v -0.090438 0.023102 3.744539
v -0.090438 0.023102 -3.744831
v -0.044678 0.023102 -3.744831
v -1.695559 0.515824 -3.739969
v -1.695559 0.515824 -3.690696
v -0.089363 0.515824 -3.690696
v -0.089363 0.515824 -3.739969
v -0.089363 0.023102 -3.739969
v -0.089363 0.023102 -3.690696
v -1.695559 0.023102 -3.690696
v -1.695559 0.023102 -3.739969
v -1.693419 0.515824 3.695925
v -1.693419 0.515824 3.745197
v -0.087222 0.515824 3.745196
v -0.087222 0.515824 3.695925
v -0.087222 0.023102 3.695925
v -0.087222 0.023102 3.745196
v -1.693419 0.023102 3.745197
v -1.693419 0.023102 3.695925
v 0.122391 2.376661 0.134924
v -0.060651 2.376661 0.134924
v -0.060651 2.376661 3.662812
v 0.122391 2.376661 3.662812
v 0.122391 0.602863 3.662812
v -0.060651 0.602863 3.662812
v -0.060651 0.602863 0.134924
v 0.122391 0.602863 0.134924
v 0.122391 2.376661 -3.662080
v -0.060651 2.376661 -3.662080
v -0.060651 2.376661 -0.134193
v 0.122391 2.376661 -0.134193
v 0.122391 0.602863 -0.134193
v -0.060651 0.602863 -0.134193
v -0.060651 0.602863 -3.662080
v 0.122391 0.602863 -3.662080
vn 0.333333 0.666667 -0.666667
vn -0.816497 0.408248 -0.408248
vn -0.333333 0.666667 0.666667
vn 0.816497 0.408248 0.408248
vn 0.333333 -0.666667 0.666667
vn -0.816497 -0.408248 0.408248
vn -0.333333 -0.666667 -0.666667
vn 0.816497 -0.408248 -0.408248
vt 0.375000 0.000000
vt 0.625000 0.000000
vt 0.625000 0.250000
vt 0.375000 0.250000
vt 0.625000 0.500000
vt 0.375000 0.500000
vt 0.625000 0.750000
vt 0.375000 0.750000
vt 0.625000 1.000000
vt 0.375000 1.000000
vt 0.125000 0.500000
vt 0.125000 0.750000
vt 0.875000 0.500000
vt 0.875000 0.750000
f 777/15/17 778/16/18 779/17/19
f 777/15/17 779/17/19 780/18/20
f 781/18/21 780/17/20 779/19/19
f 781/18/21 779/19/19 782/20/22
f 782/20/22 779/19/19 778/21/18
f 782/20/22 778/21/18 783/22/23
f 783/22/23 784/21/24 781/23/21
f 783/22/23 781/23/21 782/24/22
f 784/25/24 777/20/17 780/22/20
f 784/25/24 780/22/20 781/26/21
f 783/19/23 778/27/18 777/28/17
f 783/19/23 777/28/17 784/21/24

#
#  Mesh_Material.003
#
usemtl  Mesh_Material.003

v 0.091521 2.475205 -3.941774
v -0.091521 2.475205 -3.941774
v -0.091521 2.475205 3.941774
v 0.091521 2.475205 3.941774
v 0.091521 0.504318 3.941774
v -0.091521 0.504318 3.941774
v -0.091521 0.504318 -3.941774
v 0.091521 0.504318 -3.941774
v -1.694334 2.475205 -3.890128
v -1.694334 2.475205 -3.693039
v 0.136090 2.475205 -3.693039
v 0.136090 2.475205 -3.890128
v 0.136090 0.504318 -3.890128
v 0.136090 0.504318 -3.693039
v -1.694334 0.504318 -3.693039
v -1.694334 0.504318 -3.890128
v -1.694334 2.475205 3.694762
v -1.694334 2.475205 3.891850
v 0.136090 2.475205 3.891850
v 0.136090 2.475205 3.694762
v 0.136090 0.504318 3.694762
v 0.136090 0.504318 3.891850
v -1.694334 0.504318 3.891850
v -1.694334 0.504318 3.694762
v -0.045816 2.475205 -0.098348
v -0.045816 2.475205 0.098740
v 0.137226 2.475205 0.098740
v 0.137226 2.475205 -0.098348
v 0.137226 0.504318 -0.098348
v 0.137226 0.504318 0.098740
v -0.045816 0.504318 0.098740
v -0.045816 0.504318 -0.098348
v 0.138055 2.335210 0.174642
v 0.092294 2.335210 0.174642
v 0.092294 2.335210 3.623694
v 0.138055 2.335210 3.623694
v 0.138055 1.842488 3.623694
v 0.092294 1.842488 3.623694
v 0.092294 1.842488 0.174642
v 0.138055 1.842488 0.174642
v 0.138055 1.125145 0.174642
v 0.092294 1.125145 0.174642
v 0.092294 1.125145 3.623694
v 0.138055 1.125145 3.623694
v 0.138055 0.632423 3.623694
v 0.092294 0.632423 3.623694
v 0.092294 0.632423 0.174642
v 0.138055 0.632423 0.174642
v 0.138055 1.725257 0.174642
v 0.092294 1.725257 0.174642
v 0.092294 1.725257 3.623694
v 0.138055 1.725257 3.623694
v 0.138055 1.232535 3.623694
v 0.092294 1.232535 3.623694
v 0.092294 1.232535 0.174642
v 0.138055 1.232535 0.174642
v 0.138055 2.335210 -3.620507
v 0.092294 2.335210 -3.620507
v 0.092294 2.335210 -0.171455
v 0.138055 2.335210 -0.171455
v 0.138055 1.842488 -0.171455
v 0.092294 1.842488 -0.171455
v 0.092294 1.842488 -3.620507
v 0.138055 1.842488 -3.620507
v 0.138055 1.125145 -3.620507
v 0.092294 1.125145 -3.620507
v 0.092294 1.125145 -0.171455
v 0.138055 1.125145 -0.171455
v 0.138055 0.632423 -0.171455
v 0.092294 0.632423 -0.171455
v 0.092294 0.632423 -3.620507
v 0.138055 0.632423 -3.620507
v 0.138055 1.725257 -3.620507
v 0.092294 1.725257 -3.620507
v 0.092294 1.725257 -0.171455
v 0.138055 1.725257 -0.171455
v 0.138055 1.232535 -0.171455
v 0.092294 1.232535 -0.171455
v 0.092294 1.232535 -3.620507
v 0.138055 1.232535 -3.620507
v 0.321719 2.471320 -4.136629
v 0.321719 2.569864 -4.136629
v 0.321719 2.569864 4.141095
v 0.321719 2.471320 4.141095
v -1.691747 2.471320 4.141095
v -1.691747 2.569864 4.141095
v -1.691747 2.569864 -4.136629
v -1.691747 2.471320 -4.136629
v 0.321150 2.835942 -4.136629
v 0.321150 2.855651 -4.136629
v 0.321150 2.855651 4.141095
v 0.321150 2.835942 4.141095
v -0.594062 2.835942 4.141095
v -0.594062 2.855651 4.141095
v -0.594062 2.855651 -4.136629
v -0.594062 2.835942 -4.136629
v 0.001793 2.854732 -3.939642
v 0.001793 2.874441 -3.939642
v 0.028575 2.874441 -3.936802
v 0.028575 2.854732 -3.936802
v 0.054328 2.874441 -3.928390
v 0.054328 2.854732 -3.928390
v 0.078063 2.874441 -3.914731
v 0.078063 2.854732 -3.914731
v 0.098866 2.874441 -3.896348
v 0.098866 2.854732 -3.896348
v 0.115939 2.874441 -3.873948
v 0.115939 2.854732 -3.873948
v 0.128625 2.874441 -3.848393
v 0.128625 2.854732 -3.848393
v 0.136437 2.874441 -3.820663
v 0.136437 2.854732 -3.820663
v 0.139075 2.874441 -3.791826
v 0.139075 2.854732 -3.791826
v 0.136437 2.874441 -3.762988
v 0.136437 2.854732 -3.762988
v 0.128625 2.874441 -3.735259
v 0.128625 2.854732 -3.735259
v 0.115939 2.874441 -3.709703
v 0.115939 2.854732 -3.709703
v 0.098866 2.874441 -3.687304
v 0.098866 2.854732 -3.687304
v 0.078063 2.874441 -3.668921
v 0.078063 2.854732 -3.668921
v 0.054328 2.874441 -3.655261
v 0.054328 2.854732 -3.655261
v 0.028575 2.874441 -3.646849
v 0.028575 2.854732 -3.646849
v 0.001793 2.874441 -3.644009
v 0.001793 2.854732 -3.644009
v -0.024989 2.874441 -3.646849
v -0.024989 2.854732 -3.646849
v -0.050743 2.874441 -3.655261
v -0.050743 2.854732 -3.655261
v -0.074477 2.874441 -3.668921
v -0.074477 2.854732 -3.668921
v -0.095280 2.874441 -3.687304
v -0.095280 2.854732 -3.687304
v -0.112353 2.874441 -3.709703
v -0.112353 2.854732 -3.709703
v -0.125039 2.874441 -3.735259
v -0.125039 2.854732 -3.735259
v -0.132851 2.874441 -3.762988
v -0.132851 2.854732 -3.762988
v -0.135489 2.874441 -3.791826
v -0.135489 2.854732 -3.791826
v -0.132851 2.874441 -3.820663
v -0.132851 2.854732 -3.820663
v -0.125039 2.874441 -3.848393
v -0.125039 2.854732 -3.848393
v -0.112353 2.874441 -3.873948
v -0.112353 2.854732 -3.873948
v -0.095280 2.874441 -3.896348
v -0.095280 2.854732 -3.896348
v -0.074477 2.874441 -3.914731
v -0.074477 2.854732 -3.914731
v -0.050743 2.874441 -3.928390
v -0.050743 2.854732 -3.928390
v -0.024989 2.874441 -3.936802
v -0.024989 2.854732 -3.936802
v 0.001392 2.565830 -0.098754
v 0.001392 2.861463 -0.098754
v 0.019246 2.861463 -0.096860
v 0.019246 2.565830 -0.096860
v 0.036415 2.861463 -0.091253
v 0.036415 2.565830 -0.091253
v 0.052238 2.861463 -0.082146
v 0.052238 2.565830 -0.082146
v 0.066107 2.861463 -0.069891
v 0.066107 2.565830 -0.069891
v 0.077489 2.861463 -0.054958
v 0.077489 2.565830 -0.054958
v 0.085946 2.861463 -0.037921
v 0.085946 2.565830 -0.037921
v 0.091154 2.861463 -0.019434
v 0.091154 2.565830 -0.019434
v 0.092913 2.861463 -0.000209
v 0.092913 2.565830 -0.000209
v 0.091154 2.861463 0.019016
v 0.091154 2.565830 0.019016
v 0.085946 2.861463 0.037502
v 0.085946 2.565830 0.037502
v 0.077489 2.861463 0.054539
v 0.077489 2.565830 0.054539
v 0.066107 2.861463 0.069472
v 0.066107 2.565830 0.069472
v 0.052238 2.861463 0.081727
v 0.052238 2.565830 0.081727
v 0.036415 2.861463 0.090834
v 0.036415 2.565830 0.090834
v 0.019246 2.861463 0.096441
v 0.019246 2.565830 0.096441
v 0.001392 2.861463 0.098335
v 0.001392 2.565830 0.098335
v -0.016463 2.861463 0.096441
v -0.016463 2.565830 0.096441
v -0.033632 2.861463 0.090834
v -0.033632 2.565830 0.090834
v -0.049455 2.861463 0.081727
v -0.049455 2.565830 0.081727
v -0.063324 2.861463 0.069472
v -0.063324 2.565830 0.069472
v -0.074706 2.861463 0.054539
v -0.074706 2.565830 0.054539
v -0.083163 2.861463 0.037502
v -0.083163 2.565830 0.037502
v -0.088371 2.861463 0.019016
v -0.088371 2.565830 0.019016
v -0.090130 2.861463 -0.000209
v -0.090130 2.565830 -0.000209
v -0.088371 2.861463 -0.019434
v -0.088371 2.565830 -0.019434
v -0.083163 2.861463 -0.037921
v -0.083163 2.565830 -0.037921
v -0.074706 2.861463 -0.054958
v -0.074706 2.565830 -0.054958
v -0.063324 2.861463 -0.069891
v -0.063324 2.565830 -0.069891
v -0.049455 2.861463 -0.082146
v -0.049455 2.565830 -0.082146
v -0.033632 2.861463 -0.091253
v -0.033632 2.565830 -0.091253
v -0.016463 2.861463 -0.096860
v -0.016463 2.565830 -0.096860
v 0.001392 2.565830 3.693990
v 0.001392 2.861463 3.693990
v 0.019246 2.861463 3.695884
v 0.019246 2.565830 3.695884
v 0.036415 2.861463 3.701492
v 0.036415 2.565830 3.701492
v 0.052238 2.861463 3.710598
v 0.052238 2.565830 3.710598
v 0.066107 2.861463 3.722853
v 0.066107 2.565830 3.722853
v 0.077489 2.861463 3.737786
v 0.077489 2.565830 3.737786
v 0.085946 2.861463 3.754823
v 0.085946 2.565830 3.754823
v 0.091154 2.861463 3.773309
v 0.091154 2.565830 3.773309
v 0.092913 2.861463 3.792535
v 0.092913 2.565830 3.792535
v 0.091154 2.861463 3.811760
v 0.091154 2.565830 3.811760
v 0.085946 2.861463 3.830246
v 0.085946 2.565830 3.830246
v 0.077489 2.861463 3.847283
v 0.077489 2.565830 3.847283
v 0.066107 2.861463 3.862216
v 0.066107 2.565830 3.862216
v 0.052238 2.861463 3.874471
v 0.052238 2.565830 3.874471
v 0.036415 2.861463 3.883577
v 0.036415 2.565830 3.883577
v 0.019246 2.861463 3.889185
v 0.019246 2.565830 3.889185
v 0.001392 2.861463 3.891078
v 0.001392 2.565830 3.891078
v -0.016463 2.861463 3.889185
v -0.016463 2.565830 3.889185
v -0.033632 2.861463 3.883577
v -0.033632 2.565830 3.883577
v -0.049455 2.861463 3.874471
v -0.049455 2.565830 3.874471
v -0.063324 2.861463 3.862216
v -0.063324 2.565830 3.862216
v -0.074706 2.861463 3.847283
v -0.074706 2.565830 3.847283
v -0.083163 2.861463 3.830246
v -0.083163 2.565830 3.830246
v -0.088371 2.861463 3.811759
v -0.088371 2.565830 3.811759
v -0.090130 2.861463 3.792535
v -0.090130 2.565830 3.792535
v -0.088371 2.861463 3.773309
v -0.088371 2.565830 3.773309
v -0.083163 2.861463 3.754823
v -0.083163 2.565830 3.754823
v -0.074706 2.861463 3.737786
v -0.074706 2.565830 3.737786
v -0.063324 2.861463 3.722853
v -0.063324 2.565830 3.722853
v -0.049455 2.861463 3.710598
v -0.049455 2.565830 3.710598
v -0.033632 2.861463 3.701492
v -0.033632 2.565830 3.701492
v -0.016463 2.861463 3.695884
v -0.016463 2.565830 3.695884
v 0.001392 2.567668 -3.890344
v 0.001392 2.863301 -3.890344
v 0.019246 2.863301 -3.888450
v 0.019246 2.567668 -3.888450
v 0.036415 2.863301 -3.882843
v 0.036415 2.567668 -3.882843
v 0.052238 2.863301 -3.873736
v 0.052238 2.567668 -3.873736
v 0.066107 2.863301 -3.861481
v 0.066107 2.567668 -3.861481
v 0.077489 2.863301 -3.846548
v 0.077489 2.567668 -3.846548
v 0.085946 2.863301 -3.829511
v 0.085946 2.567668 -3.829511
v 0.091154 2.863301 -3.811025
v 0.091154 2.567668 -3.811025
v 0.092913 2.863301 -3.791800
v 0.092913 2.567668 -3.791800
v 0.091154 2.863301 -3.772574
v 0.091154 2.567668 -3.772574
v 0.085946 2.863301 -3.754088
v 0.085946 2.567668 -3.754088
v 0.077489 2.863301 -3.737051
v 0.077489 2.567668 -3.737051
v 0.066107 2.863301 -3.722118
v 0.066107 2.567668 -3.722118
v 0.052238 2.863301 -3.709863
v 0.052238 2.567668 -3.709863
v 0.036415 2.863301 -3.700757
v 0.036415 2.567668 -3.700757
v 0.019246 2.863301 -3.695149
v 0.019246 2.567668 -3.695149
v 0.001392 2.863301 -3.693255
v 0.001392 2.567668 -3.693255
v -0.016463 2.863301 -3.695149
v -0.016463 2.567668 -3.695149
v -0.033632 2.863301 -3.700757
v -0.033632 2.567668 -3.700757
v -0.049455 2.863301 -3.709863
v -0.049455 2.567668 -3.709863
v -0.063324 2.863301 -3.722118
v -0.063324 2.567668 -3.722118
v -0.074706 2.863301 -3.737051
v -0.074706 2.567668 -3.737051
v -0.083163 2.863301 -3.754088
v -0.083163 2.567668 -3.754088
v -0.088371 2.863301 -3.772574
v -0.088371 2.567668 -3.772574
v -0.090130 2.863301 -3.791800
v -0.090130 2.567668 -3.791800
v -0.088371 2.863301 -3.811025
v -0.088371 2.567668 -3.811025
v -0.083163 2.863301 -3.829511
v -0.083163 2.567668 -3.829511
v -0.074706 2.863301 -3.846548
v -0.074706 2.567668 -3.846548
v -0.063324 2.863301 -3.861481
v -0.063324 2.567668 -3.861481
v -0.049455 2.863301 -3.873736
v -0.049455 2.567668 -3.873736
v -0.033632 2.863301 -3.882843
v -0.033632 2.567668 -3.882843
v -0.016463 2.863301 -3.888450
v -0.016463 2.567668 -3.888450
v 0.001392 2.854412 -0.148026
v 0.001392 2.874121 -0.148026
v 0.028174 2.874121 -0.145185
v 0.028174 2.854412 -0.145185
v 0.053927 2.874121 -0.136774
v 0.053927 2.854412 -0.136774
v 0.077661 2.874121 -0.123114
v 0.077661 2.854412 -0.123114
v 0.098464 2.874121 -0.104731
v 0.098464 2.854412 -0.104731
v 0.115537 2.874121 -0.082332
v 0.115537 2.854412 -0.082332
v 0.128223 2.874121 -0.056776
v 0.128223 2.854412 -0.056776
v 0.136035 2.874121 -0.029047
v 0.136035 2.854412 -0.029047
v 0.138673 2.874121 -0.000209
v 0.138673 2.854412 -0.000209
v 0.136035 2.874121 0.028628
v 0.136035 2.854412 0.028628
v 0.128223 2.874121 0.056358
v 0.128223 2.854412 0.056358
v 0.115537 2.874121 0.081913
v 0.115537 2.854412 0.081913
v 0.098464 2.874121 0.104313
v 0.098464 2.854412 0.104313
v 0.077661 2.874121 0.122696
v 0.077661 2.854412 0.122696
v 0.053927 2.874121 0.136355
v 0.053927 2.854412 0.136355
v 0.028174 2.874121 0.144767
v 0.028174 2.854412 0.144767
v 0.001392 2.874121 0.147607
v 0.001392 2.854412 0.147607
v -0.025391 2.874121 0.144767
v -0.025391 2.854412 0.144767
v -0.051144 2.874121 0.136355
v -0.051144 2.854412 0.136355
v -0.074878 2.874121 0.122696
v -0.074878 2.854412 0.122696
v -0.095681 2.874121 0.104313
v -0.095681 2.854412 0.104313
v -0.112754 2.874121 0.081913
v -0.112754 2.854412 0.081913
v -0.125440 2.874121 0.056358
v -0.125440 2.854412 0.056358
v -0.133253 2.874121 0.028628
v -0.133253 2.854412 0.028628
v -0.135890 2.874121 -0.000209
v -0.135890 2.854412 -0.000209
v -0.133253 2.874121 -0.029047
v -0.133253 2.854412 -0.029047
v -0.125440 2.874121 -0.056776
v -0.125440 2.854412 -0.056776
v -0.112754 2.874121 -0.082332
v -0.112754 2.854412 -0.082332
v -0.095681 2.874121 -0.104731
v -0.095681 2.854412 -0.104731
v -0.074878 2.874121 -0.123114
v -0.074878 2.854412 -0.123114
v -0.051144 2.874121 -0.136774
v -0.051144 2.854412 -0.136774
v -0.025391 2.874121 -0.145186
v -0.025391 2.854412 -0.145186
v 0.001678 2.854805 3.644748
v 0.001678 2.874514 3.644748
v 0.028460 2.874514 3.647588
v 0.028460 2.854805 3.647588
v 0.054213 2.874514 3.656000
v 0.054213 2.854805 3.656000
v 0.077948 2.874514 3.669660
v 0.077948 2.854805 3.669660
v 0.098751 2.874514 3.688043
v 0.098751 2.854805 3.688043
v 0.115824 2.874514 3.710442
v 0.115824 2.854805 3.710442
v 0.128510 2.874514 3.735998
v 0.128510 2.854805 3.735998
v 0.136322 2.874514 3.763727
v 0.136322 2.854805 3.763727
v 0.138960 2.874514 3.792565
v 0.138960 2.854805 3.792565
v 0.136322 2.874514 3.821402
v 0.136322 2.854805 3.821402
v 0.128510 2.874514 3.849132
v 0.128510 2.854805 3.849132
v 0.115824 2.874514 3.874687
v 0.115824 2.854805 3.874687
v 0.098751 2.874514 3.897087
v 0.098751 2.854805 3.897087
v 0.077948 2.874514 3.915470
v 0.077948 2.854805 3.915470
v 0.054213 2.874514 3.929129
v 0.054213 2.854805 3.929129
v 0.028460 2.874514 3.937541
v 0.028460 2.854805 3.937541
v 0.001678 2.874514 3.940381
v 0.001678 2.854805 3.940381
v -0.025104 2.874514 3.937541
v -0.025104 2.854805 3.937541
v -0.050857 2.874514 3.929129
v -0.050857 2.854805 3.929129
v -0.074592 2.874514 3.915470
v -0.074592 2.854805 3.915470
v -0.095395 2.874514 3.897087
v -0.095395 2.854805 3.897087
v -0.112468 2.874514 3.874687
v -0.112468 2.854805 3.874687
v -0.125154 2.874514 3.849132
v -0.125154 2.854805 3.849132
v -0.132966 2.874514 3.821402
v -0.132966 2.854805 3.821402
v -0.135604 2.874514 3.792565
v -0.135604 2.854805 3.792565
v -0.132966 2.874514 3.763727
v -0.132966 2.854805 3.763727
v -0.125154 2.874514 3.735998
v -0.125154 2.854805 3.735998
v -0.112468 2.874514 3.710442
v -0.112468 2.854805 3.710442
v -0.095395 2.874514 3.688043
v -0.095395 2.854805 3.688043
v -0.074592 2.874514 3.669660
v -0.074592 2.854805 3.669660
v -0.050857 2.874514 3.656000
v -0.050857 2.854805 3.656000
v -0.025104 2.874514 3.647588
v -0.025104 2.854805 3.647588
v -0.402666 2.854732 -3.939584
v -0.402666 2.874441 -3.939584
v -0.375884 2.874441 -3.936744
v -0.375884 2.854732 -3.936744
v -0.350131 2.874441 -3.928332
v -0.350131 2.854732 -3.928332
v -0.326397 2.874441 -3.914672
v -0.326397 2.854732 -3.914672
v -0.305593 2.874441 -3.896290
v -0.305593 2.854732 -3.896290
v -0.288521 2.874441 -3.873890
v -0.288521 2.854732 -3.873890
v -0.275834 2.874441 -3.848334
v -0.275834 2.854732 -3.848334
v -0.268022 2.874441 -3.820605
v -0.268022 2.854732 -3.820605
v -0.265384 2.874441 -3.791768
v -0.265384 2.854732 -3.791768
v -0.268022 2.874441 -3.762930
v -0.268022 2.854732 -3.762930
v -0.275834 2.874441 -3.735201
v -0.275834 2.854732 -3.735201
v -0.288521 2.874441 -3.709645
v -0.288521 2.854732 -3.709645
v -0.305593 2.874441 -3.687246
v -0.305593 2.854732 -3.687246
v -0.326397 2.874441 -3.668863
v -0.326397 2.854732 -3.668863
v -0.350131 2.874441 -3.655203
v -0.350131 2.854732 -3.655203
v -0.375884 2.874441 -3.646791
v -0.375884 2.854732 -3.646791
v -0.402666 2.874441 -3.643951
v -0.402666 2.854732 -3.643951
v -0.429448 2.874441 -3.646791
v -0.429448 2.854732 -3.646791
v -0.455202 2.874441 -3.655203
v -0.455202 2.854732 -3.655203
v -0.478936 2.874441 -3.668863
v -0.478936 2.854732 -3.668863
v -0.499739 2.874441 -3.687246
v -0.499739 2.854732 -3.687246
v -0.516812 2.874441 -3.709645
v -0.516812 2.854732 -3.709645
v -0.529498 2.874441 -3.735201
v -0.529498 2.854732 -3.735201
v -0.537310 2.874441 -3.762930
v -0.537310 2.854732 -3.762930
v -0.539948 2.874441 -3.791768
v -0.539948 2.854732 -3.791768
v -0.537310 2.874441 -3.820606
v -0.537310 2.854732 -3.820606
v -0.529498 2.874441 -3.848334
v -0.529498 2.854732 -3.848334
v -0.516811 2.874441 -3.873890
v -0.516811 2.854732 -3.873890
v -0.499739 2.874441 -3.896290
v -0.499739 2.854732 -3.896290
v -0.478936 2.874441 -3.914672
v -0.478936 2.854732 -3.914672
v -0.455201 2.874441 -3.928332
v -0.455201 2.854732 -3.928332
v -0.429448 2.874441 -3.936744
v -0.429448 2.854732 -3.936744
v -0.403068 2.567668 -3.890286
v -0.403068 2.863301 -3.890286
v -0.385213 2.863301 -3.888392
v -0.385213 2.567668 -3.888392
v -0.368044 2.863301 -3.882785
v -0.368044 2.567668 -3.882785
v -0.352221 2.863301 -3.873678
v -0.352221 2.567668 -3.873678
v -0.338352 2.863301 -3.861423
v -0.338352 2.567668 -3.861423
v -0.326970 2.863301 -3.846489
v -0.326970 2.567668 -3.846489
v -0.318513 2.863301 -3.829453
v -0.318513 2.567668 -3.829453
v -0.313305 2.863301 -3.810966
v -0.313305 2.567668 -3.810966
v -0.311546 2.863301 -3.791741
v -0.311546 2.567668 -3.791741
v -0.313305 2.863301 -3.772516
v -0.313305 2.567668 -3.772516
v -0.318513 2.863301 -3.754030
v -0.318513 2.567668 -3.754030
v -0.326970 2.863301 -3.736993
v -0.326970 2.567668 -3.736993
v -0.338352 2.863301 -3.722060
v -0.338352 2.567668 -3.722060
v -0.352221 2.863301 -3.709805
v -0.352221 2.567668 -3.709805
v -0.368044 2.863301 -3.700698
v -0.368044 2.567668 -3.700698
v -0.385213 2.863301 -3.695091
v -0.385213 2.567668 -3.695091
v -0.403068 2.863301 -3.693197
v -0.403068 2.567668 -3.693197
v -0.420922 2.863301 -3.695091
v -0.420922 2.567668 -3.695091
v -0.438091 2.863301 -3.700698
v -0.438091 2.567668 -3.700698
v -0.453914 2.863301 -3.709805
v -0.453914 2.567668 -3.709805
v -0.467783 2.863301 -3.722060
v -0.467783 2.567668 -3.722060
v -0.479165 2.863301 -3.736993
v -0.479165 2.567668 -3.736993
v -0.487622 2.863301 -3.754030
v -0.487622 2.567668 -3.754030
v -0.492830 2.863301 -3.772517
v -0.492830 2.567668 -3.772517
v -0.494589 2.863301 -3.791741
v -0.494589 2.567668 -3.791741
v -0.492830 2.863301 -3.810966
v -0.492830 2.567668 -3.810966
v -0.487622 2.863301 -3.829453
v -0.487622 2.567668 -3.829453
v -0.479165 2.863301 -3.846489
v -0.479165 2.567668 -3.846489
v -0.467783 2.863301 -3.861423
v -0.467783 2.567668 -3.861423
v -0.453914 2.863301 -3.873678
v -0.453914 2.567668 -3.873678
v -0.438091 2.863301 -3.882785
v -0.438091 2.567668 -3.882785
v -0.420922 2.863301 -3.888392
v -0.420922 2.567668 -3.888392
v -0.402666 2.854732 3.644441
v -0.402666 2.874441 3.644441
v -0.375884 2.874441 3.647281
v -0.375884 2.854732 3.647281
v -0.350131 2.874441 3.655693
v -0.350131 2.854732 3.655693
v -0.326397 2.874441 3.669352
v -0.326397 2.854732 3.669352
v -0.305593 2.874441 3.687735
v -0.305593 2.854732 3.687735
v -0.288521 2.874441 3.710135
v -0.288521 2.854732 3.710135
v -0.275834 2.874441 3.735690
v -0.275834 2.854732 3.735690
v -0.268022 2.874441 3.763420
v -0.268022 2.854732 3.763420
v -0.265384 2.874441 3.792257
v -0.265384 2.854732 3.792257
v -0.268022 2.874441 3.821095
v -0.268022 2.854732 3.821095
v -0.275834 2.874441 3.848824
v -0.275834 2.854732 3.848824
v -0.288521 2.874441 3.874380
v -0.288521 2.854732 3.874380
v -0.305593 2.874441 3.896779
v -0.305593 2.854732 3.896779
v -0.326397 2.874441 3.915162
v -0.326397 2.854732 3.915162
v -0.350131 2.874441 3.928822
v -0.350131 2.854732 3.928822
v -0.375884 2.874441 3.937234
v -0.375884 2.854732 3.937234
v -0.402666 2.874441 3.940074
v -0.402666 2.854732 3.940074
v -0.429448 2.874441 3.937234
v -0.429448 2.854732 3.937234
v -0.455202 2.874441 3.928822
v -0.455202 2.854732 3.928822
v -0.478936 2.874441 3.915162
v -0.478936 2.854732 3.915162
v -0.499739 2.874441 3.896779
v -0.499739 2.854732 3.896779
v -0.516812 2.874441 3.874380
v -0.516812 2.854732 3.874380
v -0.529498 2.874441 3.848824
v -0.529498 2.854732 3.848824
v -0.537310 2.874441 3.821095
v -0.537310 2.854732 3.821095
v -0.539948 2.874441 3.792257
v -0.539948 2.854732 3.792257
v -0.537310 2.874441 3.763419
v -0.537310 2.854732 3.763419
v -0.529498 2.874441 3.735690
v -0.529498 2.854732 3.735690
v -0.516811 2.874441 3.710135
v -0.516811 2.854732 3.710135
v -0.499739 2.874441 3.687735
v -0.499739 2.854732 3.687735
v -0.478936 2.874441 3.669352
v -0.478936 2.854732 3.669352
v -0.455201 2.874441 3.655693
v -0.455201 2.854732 3.655693
v -0.429448 2.874441 3.647281
v -0.429448 2.854732 3.647281
v -0.403068 2.567668 3.693739
v -0.403068 2.863301 3.693739
v -0.385213 2.863301 3.695632
v -0.385213 2.567668 3.695632
v -0.368044 2.863301 3.701240
v -0.368044 2.567668 3.701240
v -0.352221 2.863301 3.710347
v -0.352221 2.567668 3.710347
v -0.338352 2.863301 3.722602
v -0.338352 2.567668 3.722602
v -0.326970 2.863301 3.737535
v -0.326970 2.567668 3.737535
v -0.318513 2.863301 3.754572
v -0.318513 2.567668 3.754572
v -0.313305 2.863301 3.773058
v -0.313305 2.567668 3.773058
v -0.311546 2.863301 3.792283
v -0.311546 2.567668 3.792283
v -0.313305 2.863301 3.811508
v -0.313305 2.567668 3.811508
v -0.318513 2.863301 3.829994
v -0.318513 2.567668 3.829994
v -0.326970 2.863301 3.847032
v -0.326970 2.567668 3.847032
v -0.338352 2.863301 3.861965
v -0.338352 2.567668 3.861965
v -0.352221 2.863301 3.874220
v -0.352221 2.567668 3.874220
v -0.368044 2.863301 3.883327
v -0.368044 2.567668 3.883327
v -0.385213 2.863301 3.888934
v -0.385213 2.567668 3.888934
v -0.403068 2.863301 3.890828
v -0.403068 2.567668 3.890828
v -0.420922 2.863301 3.888934
v -0.420922 2.567668 3.888934
v -0.438091 2.863301 3.883327
v -0.438091 2.567668 3.883327
v -0.453914 2.863301 3.874220
v -0.453914 2.567668 3.874220
v -0.467783 2.863301 3.861965
v -0.467783 2.567668 3.861965
v -0.479165 2.863301 3.847032
v -0.479165 2.567668 3.847032
v -0.487622 2.863301 3.829994
v -0.487622 2.567668 3.829994
v -0.492830 2.863301 3.811508
v -0.492830 2.567668 3.811508
v -0.494589 2.863301 3.792283
v -0.494589 2.567668 3.792283
v -0.492830 2.863301 3.773058
v -0.492830 2.567668 3.773058
v -0.487622 2.863301 3.754572
v -0.487622 2.567668 3.754572
v -0.479165 2.863301 3.737535
v -0.479165 2.567668 3.737535
v -0.467783 2.863301 3.722602
v -0.467783 2.567668 3.722602
v -0.453914 2.863301 3.710347
v -0.453914 2.567668 3.710347
v -0.438091 2.863301 3.701240
v -0.438091 2.567668 3.701240
v -0.420922 2.863301 3.695632
v -0.420922 2.567668 3.695632
v -0.044678 0.515824 -3.744831
v -0.090438 0.515824 -3.744831
v -0.090438 0.515824 3.744539
v -0.044678 0.515824 3.744539
v -0.044678 0.023102 3.744539
v -0.090438 0.023102 3.744539
v -0.090438 0.023102 -3.744831
v -0.044678 0.023102 -3.744831
v -1.695559 0.515824 -3.739969
v -1.695559 0.515824 -3.690696
v -0.089363 0.515824 -3.690696
v -0.089363 0.515824 -3.739969
v -0.089363 0.023102 -3.739969
v -0.089363 0.023102 -3.690696
v -1.695559 0.023102 -3.690696
v -1.695559 0.023102 -3.739969
v -1.693419 0.515824 3.695925
v -1.693419 0.515824 3.745197
v -0.087222 0.515824 3.745196
v -0.087222 0.515824 3.695925
v -0.087222 0.023102 3.695925
v -0.087222 0.023102 3.745196
v -1.693419 0.023102 3.745197
v -1.693419 0.023102 3.695925
v 0.122391 2.376661 0.134924
v -0.060651 2.376661 0.134924
v -0.060651 2.376661 3.662812
v 0.122391 2.376661 3.662812
v 0.122391 0.602863 3.662812
v -0.060651 0.602863 3.662812
v -0.060651 0.602863 0.134924
v 0.122391 0.602863 0.134924
v 0.122391 2.376661 -3.662080
v -0.060651 2.376661 -3.662080
v -0.060651 2.376661 -0.134193
v 0.122391 2.376661 -0.134193
v 0.122391 0.602863 -0.134193
v -0.060651 0.602863 -0.134193
v -0.060651 0.602863 -3.662080
v 0.122391 0.602863 -3.662080
vn 0.333333 0.666667 -0.666667
vn -0.816497 0.408248 -0.408248
vn -0.333333 0.666667 0.666667
vn 0.816497 0.408248 0.408248
vn 0.333333 -0.666667 0.666667
vn -0.816497 -0.408248 0.408248
vn -0.333333 -0.666667 -0.666667
vn 0.816497 -0.408248 -0.408248
vt 0.375000 0.000000
vt 0.625000 0.000000
vt 0.625000 0.250000
vt 0.375000 0.250000
vt 0.625000 0.500000
vt 0.375000 0.500000
vt 0.625000 0.750000
vt 0.375000 0.750000
vt 0.625000 1.000000
vt 0.375000 1.000000
vt 0.125000 0.500000
vt 0.125000 0.750000
vt 0.875000 0.500000
vt 0.875000 0.750000
f 2313/29/25 2314/30/26 2315/31/27
f 2313/29/25 2315/31/27 2316/32/28
f 2317/32/29 2316/31/28 2315/33/27
f 2317/32/29 2315/33/27 2318/34/30
f 2318/34/30 2315/33/27 2314/35/26
f 2318/34/30 2314/35/26 2319/36/31
f 2319/36/31 2320/35/32 2317/37/29
f 2319/36/31 2317/37/29 2318/38/30
f 2320/39/32 2313/34/25 2316/36/28
f 2320/39/32 2316/36/28 2317/40/29
f 2319/33/31 2314/41/26 2313/42/25
f 2319/33/31 2313/42/25 2320/35/32

#
#  Mesh_Material.004
#
usemtl  Mesh_Material.004

v 0.091521 2.475205 -3.941774
v -0.091521 2.475205 -3.941774
v -0.091521 2.475205 3.941774
v 0.091521 2.475205 3.941774
v 0.091521 0.504318 3.941774
v -0.091521 0.504318 3.941774
v -0.091521 0.504318 -3.941774
v 0.091521 0.504318 -3.941774
v -1.694334 2.475205 -3.890128
v -1.694334 2.475205 -3.693039
v 0.136090 2.475205 -3.693039
v 0.136090 2.475205 -3.890128
v 0.136090 0.504318 -3.890128
v 0.136090 0.504318 -3.693039
v -1.694334 0.504318 -3.693039
v -1.694334 0.504318 -3.890128
v -1.694334 2.475205 3.694762
v -1.694334 2.475205 3.891850
v 0.136090 2.475205 3.891850
v 0.136090 2.475205 3.694762
v 0.136090 0.504318 3.694762
v 0.136090 0.504318 3.891850
v -1.694334 0.504318 3.891850
v -1.694334 0.504318 3.694762
v -0.045816 2.475205 -0.098348
v -0.045816 2.475205 0.098740
v 0.137226 2.475205 0.098740
v 0.137226 2.475205 -0.098348
v 0.137226 0.504318 -0.098348
v 0.137226 0.504318 0.098740
v -0.045816 0.504318 0.098740
v -0.045816 0.504318 -0.098348
v 0.138055 2.335210 0.174642
v 0.092294 2.335210 0.174642
v 0.092294 2.335210 3.623694
v 0.138055 2.335210 3.623694
v 0.138055 1.842488 3.623694
v 0.092294 1.842488 3.623694
v 0.092294 1.842488 0.174642
v 0.138055 1.842488 0.174642
v 0.138055 1.125145 0.174642
v 0.092294 1.125145 0.174642
v 0.092294 1.125145 3.623694
v 0.138055 1.125145 3.623694
v 0.138055 0.632423 3.623694
v 0.092294 0.632423 3.623694
v 0.092294 0.632423 0.174642
v 0.138055 0.632423 0.174642
v 0.138055 1.725257 0.174642
v 0.092294 1.725257 0.174642
v 0.092294 1.725257 3.623694
v 0.138055 1.725257 3.623694
v 0.138055 1.232535 3.623694
v 0.092294 1.232535 3.623694
v 0.092294 1.232535 0.174642
v 0.138055 1.232535 0.174642
v 0.138055 2.335210 -3.620507
v 0.092294 2.335210 -3.620507
v 0.092294 2.335210 -0.171455
v 0.138055 2.335210 -0.171455
v 0.138055 1.842488 -0.171455
v 0.092294 1.842488 -0.171455
v 0.092294 1.842488 -3.620507
v 0.138055 1.842488 -3.620507
v 0.138055 1.125145 -3.620507
v 0.092294 1.125145 -3.620507
v 0.092294 1.125145 -0.171455
v 0.138055 1.125145 -0.171455
v 0.138055 0.632423 -0.171455
v 0.092294 0.632423 -0.171455
v 0.092294 0.632423 -3.620507
v 0.138055 0.632423 -3.620507
v 0.138055 1.725257 -3.620507
v 0.092294 1.725257 -3.620507
v 0.092294 1.725257 -0.171455
v 0.138055 1.725257 -0.171455
v 0.138055 1.232535 -0.171455
v 0.092294 1.232535 -0.171455
v 0.092294 1.232535 -3.620507
v 0.138055 1.232535 -3.620507
v 0.321719 2.471320 -4.136629
v 0.321719 2.569864 -4.136629
v 0.321719 2.569864 4.141095
v 0.321719 2.471320 4.141095
v -1.691747 2.471320 4.141095
v -1.691747 2.569864 4.141095
v -1.691747 2.569864 -4.136629
v -1.691747 2.471320 -4.136629
v 0.321150 2.835942 -4.136629
v 0.321150 2.855651 -4.136629
v 0.321150 2.855651 4.141095
v 0.321150 2.835942 4.141095
v -0.594062 2.835942 4.141095
v -0.594062 2.855651 4.141095
v -0.594062 2.855651 -4.136629
v -0.594062 2.835942 -4.136629
v 0.001793 2.854732 -3.939642
v 0.001793 2.874441 -3.939642
v 0.028575 2.874441 -3.936802
v 0.028575 2.854732 -3.936802
v 0.054328 2.874441 -3.928390
v 0.054328 2.854732 -3.928390
v 0.078063 2.874441 -3.914731
v 0.078063 2.854732 -3.914731
v 0.098866 2.874441 -3.896348
v 0.098866 2.854732 -3.896348
v 0.115939 2.874441 -3.873948
v 0.115939 2.854732 -3.873948
v 0.128625 2.874441 -3.848393
v 0.128625 2.854732 -3.848393
v 0.136437 2.874441 -3.820663
v 0.136437 2.854732 -3.820663
v 0.139075 2.874441 -3.791826
v 0.139075 2.854732 -3.791826
v 0.136437 2.874441 -3.762988
v 0.136437 2.854732 -3.762988
v 0.128625 2.874441 -3.735259
v 0.128625 2.854732 -3.735259
v 0.115939 2.874441 -3.709703
v 0.115939 2.854732 -3.709703
v 0.098866 2.874441 -3.687304
v 0.098866 2.854732 -3.687304
v 0.078063 2.874441 -3.668921
v 0.078063 2.854732 -3.668921
v 0.054328 2.874441 -3.655261
v 0.054328 2.854732 -3.655261
v 0.028575 2.874441 -3.646849
v 0.028575 2.854732 -3.646849
v 0.001793 2.874441 -3.644009
v 0.001793 2.854732 -3.644009
v -0.024989 2.874441 -3.646849
v -0.024989 2.854732 -3.646849
v -0.050743 2.874441 -3.655261
v -0.050743 2.854732 -3.655261
v -0.074477 2.874441 -3.668921
v -0.074477 2.854732 -3.668921
v -0.095280 2.874441 -3.687304
v -0.095280 2.854732 -3.687304
v -0.112353 2.874441 -3.709703
v -0.112353 2.854732 -3.709703
v -0.125039 2.874441 -3.735259
v -0.125039 2.854732 -3.735259
v -0.132851 2.874441 -3.762988
v -0.132851 2.854732 -3.762988
v -0.135489 2.874441 -3.791826
v -0.135489 2.854732 -3.791826
v -0.132851 2.874441 -3.820663
v -0.132851 2.854732 -3.820663
v -0.125039 2.874441 -3.848393
v -0.125039 2.854732 -3.848393
v -0.112353 2.874441 -3.873948
v -0.112353 2.854732 -3.873948
v -0.095280 2.874441 -3.896348
v -0.095280 2.854732 -3.896348
v -0.074477 2.874441 -3.914731
v -0.074477 2.854732 -3.914731
v -0.050743 2.874441 -3.928390
v -0.050743 2.854732 -3.928390
v -0.024989 2.874441 -3.936802
v -0.024989 2.854732 -3.936802
v 0.001392 2.565830 -0.098754
v 0.001392 2.861463 -0.098754
v 0.019246 2.861463 -0.096860
v 0.019246 2.565830 -0.096860
v 0.036415 2.861463 -0.091253
v 0.036415 2.565830 -0.091253
v 0.052238 2.861463 -0.082146
v 0.052238 2.565830 -0.082146
v 0.066107 2.861463 -0.069891
v 0.066107 2.565830 -0.069891
v 0.077489 2.861463 -0.054958
v 0.077489 2.565830 -0.054958
v 0.085946 2.861463 -0.037921
v 0.085946 2.565830 -0.037921
v 0.091154 2.861463 -0.019434
v 0.091154 2.565830 -0.019434
v 0.092913 2.861463 -0.000209
v 0.092913 2.565830 -0.000209
v 0.091154 2.861463 0.019016
v 0.091154 2.565830 0.019016
v 0.085946 2.861463 0.037502
v 0.085946 2.565830 0.037502
v 0.077489 2.861463 0.054539
v 0.077489 2.565830 0.054539
v 0.066107 2.861463 0.069472
v 0.066107 2.565830 0.069472
v 0.052238 2.861463 0.081727
v 0.052238 2.565830 0.081727
v 0.036415 2.861463 0.090834
v 0.036415 2.565830 0.090834
v 0.019246 2.861463 0.096441
v 0.019246 2.565830 0.096441
v 0.001392 2.861463 0.098335
v 0.001392 2.565830 0.098335
v -0.016463 2.861463 0.096441
v -0.016463 2.565830 0.096441
v -0.033632 2.861463 0.090834
v -0.033632 2.565830 0.090834
v -0.049455 2.861463 0.081727
v -0.049455 2.565830 0.081727
v -0.063324 2.861463 0.069472
v -0.063324 2.565830 0.069472
v -0.074706 2.861463 0.054539
v -0.074706 2.565830 0.054539
v -0.083163 2.861463 0.037502
v -0.083163 2.565830 0.037502
v -0.088371 2.861463 0.019016
v -0.088371 2.565830 0.019016
v -0.090130 2.861463 -0.000209
v -0.090130 2.565830 -0.000209
v -0.088371 2.861463 -0.019434
v -0.088371 2.565830 -0.019434
v -0.083163 2.861463 -0.037921
v -0.083163 2.565830 -0.037921
v -0.074706 2.861463 -0.054958
v -0.074706 2.565830 -0.054958
v -0.063324 2.861463 -0.069891
v -0.063324 2.565830 -0.069891
v -0.049455 2.861463 -0.082146
v -0.049455 2.565830 -0.082146
v -0.033632 2.861463 -0.091253
v -0.033632 2.565830 -0.091253
v -0.016463 2.861463 -0.096860
v -0.016463 2.565830 -0.096860
v 0.001392 2.565830 3.693990
v 0.001392 2.861463 3.693990
v 0.019246 2.861463 3.695884
v 0.019246 2.565830 3.695884
v 0.036415 2.861463 3.701492
v 0.036415 2.565830 3.701492
v 0.052238 2.861463 3.710598
v 0.052238 2.565830 3.710598
v 0.066107 2.861463 3.722853
v 0.066107 2.565830 3.722853
v 0.077489 2.861463 3.737786
v 0.077489 2.565830 3.737786
v 0.085946 2.861463 3.754823
v 0.085946 2.565830 3.754823
v 0.091154 2.861463 3.773309
v 0.091154 2.565830 3.773309
v 0.092913 2.861463 3.792535
v 0.092913 2.565830 3.792535
v 0.091154 2.861463 3.811760
v 0.091154 2.565830 3.811760
v 0.085946 2.861463 3.830246
v 0.085946 2.565830 3.830246
v 0.077489 2.861463 3.847283
v 0.077489 2.565830 3.847283
v 0.066107 2.861463 3.862216
v 0.066107 2.565830 3.862216
v 0.052238 2.861463 3.874471
v 0.052238 2.565830 3.874471
v 0.036415 2.861463 3.883577
v 0.036415 2.565830 3.883577
v 0.019246 2.861463 3.889185
v 0.019246 2.565830 3.889185
v 0.001392 2.861463 3.891078
v 0.001392 2.565830 3.891078
v -0.016463 2.861463 3.889185
v -0.016463 2.565830 3.889185
v -0.033632 2.861463 3.883577
v -0.033632 2.565830 3.883577
v -0.049455 2.861463 3.874471
v -0.049455 2.565830 3.874471
v -0.063324 2.861463 3.862216
v -0.063324 2.565830 3.862216
v -0.074706 2.861463 3.847283
v -0.074706 2.565830 3.847283
v -0.083163 2.861463 3.830246
v -0.083163 2.565830 3.830246
v -0.088371 2.861463 3.811759
v -0.088371 2.565830 3.811759
v -0.090130 2.861463 3.792535
v -0.090130 2.565830 3.792535
v -0.088371 2.861463 3.773309
v -0.088371 2.565830 3.773309
v -0.083163 2.861463 3.754823
v -0.083163 2.565830 3.754823
v -0.074706 2.861463 3.737786
v -0.074706 2.565830 3.737786
v -0.063324 2.861463 3.722853
v -0.063324 2.565830 3.722853
v -0.049455 2.861463 3.710598
v -0.049455 2.565830 3.710598
v -0.033632 2.861463 3.701492
v -0.033632 2.565830 3.701492
v -0.016463 2.861463 3.695884
v -0.016463 2.565830 3.695884
v 0.001392 2.567668 -3.890344
v 0.001392 2.863301 -3.890344
v 0.019246 2.863301 -3.888450
v 0.019246 2.567668 -3.888450
v 0.036415 2.863301 -3.882843
v 0.036415 2.567668 -3.882843
v 0.052238 2.863301 -3.873736
v 0.052238 2.567668 -3.873736
v 0.066107 2.863301 -3.861481
v 0.066107 2.567668 -3.861481
v 0.077489 2.863301 -3.846548
v 0.077489 2.567668 -3.846548
v 0.085946 2.863301 -3.829511
v 0.085946 2.567668 -3.829511
v 0.091154 2.863301 -3.811025
v 0.091154 2.567668 -3.811025
v 0.092913 2.863301 -3.791800
v 0.092913 2.567668 -3.791800
v 0.091154 2.863301 -3.772574
v 0.091154 2.567668 -3.772574
v 0.085946 2.863301 -3.754088
v 0.085946 2.567668 -3.754088
v 0.077489 2.863301 -3.737051
v 0.077489 2.567668 -3.737051
v 0.066107 2.863301 -3.722118
v 0.066107 2.567668 -3.722118
v 0.052238 2.863301 -3.709863
v 0.052238 2.567668 -3.709863
v 0.036415 2.863301 -3.700757
v 0.036415 2.567668 -3.700757
v 0.019246 2.863301 -3.695149
v 0.019246 2.567668 -3.695149
v 0.001392 2.863301 -3.693255
v 0.001392 2.567668 -3.693255
v -0.016463 2.863301 -3.695149
v -0.016463 2.567668 -3.695149
v -0.033632 2.863301 -3.700757
v -0.033632 2.567668 -3.700757
v -0.049455 2.863301 -3.709863
v -0.049455 2.567668 -3.709863
v -0.063324 2.863301 -3.722118
v -0.063324 2.567668 -3.722118
v -0.074706 2.863301 -3.737051
v -0.074706 2.567668 -3.737051
v -0.083163 2.863301 -3.754088
v -0.083163 2.567668 -3.754088
v -0.088371 2.863301 -3.772574
v -0.088371 2.567668 -3.772574
v -0.090130 2.863301 -3.791800
v -0.090130 2.567668 -3.791800
v -0.088371 2.863301 -3.811025
v -0.088371 2.567668 -3.811025
v -0.083163 2.863301 -3.829511
v -0.083163 2.567668 -3.829511
v -0.074706 2.863301 -3.846548
v -0.074706 2.567668 -3.846548
v -0.063324 2.863301 -3.861481
v -0.063324 2.567668 -3.861481
v -0.049455 2.863301 -3.873736
v -0.049455 2.567668 -3.873736
v -0.033632 2.863301 -3.882843
v -0.033632 2.567668 -3.882843
v -0.016463 2.863301 -3.888450
v -0.016463 2.567668 -3.888450
v 0.001392 2.854412 -0.148026
v 0.001392 2.874121 -0.148026
v 0.028174 2.874121 -0.145185
v 0.028174 2.854412 -0.145185
v 0.053927 2.874121 -0.136774
v 0.053927 2.854412 -0.136774
v 0.077661 2.874121 -0.123114
v 0.077661 2.854412 -0.123114
v 0.098464 2.874121 -0.104731
v 0.098464 2.854412 -0.104731
v 0.115537 2.874121 -0.082332
v 0.115537 2.854412 -0.082332
v 0.128223 2.874121 -0.056776
v 0.128223 2.854412 -0.056776
v 0.136035 2.874121 -0.029047
v 0.136035 2.854412 -0.029047
v 0.138673 2.874121 -0.000209
v 0.138673 2.854412 -0.000209
v 0.136035 2.874121 0.028628
v 0.136035 2.854412 0.028628
v 0.128223 2.874121 0.056358
v 0.128223 2.854412 0.056358
v 0.115537 2.874121 0.081913
v 0.115537 2.854412 0.081913
v 0.098464 2.874121 0.104313
v 0.098464 2.854412 0.104313
v 0.077661 2.874121 0.122696
v 0.077661 2.854412 0.122696
v 0.053927 2.874121 0.136355
v 0.053927 2.854412 0.136355
v 0.028174 2.874121 0.144767
v 0.028174 2.854412 0.144767
v 0.001392 2.874121 0.147607
v 0.001392 2.854412 0.147607
v -0.025391 2.874121 0.144767
v -0.025391 2.854412 0.144767
v -0.051144 2.874121 0.136355
v -0.051144 2.854412 0.136355
v -0.074878 2.874121 0.122696
v -0.074878 2.854412 0.122696
v -0.095681 2.874121 0.104313
v -0.095681 2.854412 0.104313
v -0.112754 2.874121 0.081913
v -0.112754 2.854412 0.081913
v -0.125440 2.874121 0.056358
v -0.125440 2.854412 0.056358
v -0.133253 2.874121 0.028628
v -0.133253 2.854412 0.028628
v -0.135890 2.874121 -0.000209
v -0.135890 2.854412 -0.000209
v -0.133253 2.874121 -0.029047
v -0.133253 2.854412 -0.029047
v -0.125440 2.874121 -0.056776
v -0.125440 2.854412 -0.056776
v -0.112754 2.874121 -0.082332
v -0.112754 2.854412 -0.082332
v -0.095681 2.874121 -0.104731
v -0.095681 2.854412 -0.104731
v -0.074878 2.874121 -0.123114
v -0.074878 2.854412 -0.123114
v -0.051144 2.874121 -0.136774
v -0.051144 2.854412 -0.136774
v -0.025391 2.874121 -0.145186
v -0.025391 2.854412 -0.145186
v 0.001678 2.854805 3.644748
v 0.001678 2.874514 3.644748
v 0.028460 2.874514 3.647588
v 0.028460 2.854805 3.647588
v 0.054213 2.874514 3.656000
v 0.054213 2.854805 3.656000
v 0.077948 2.874514 3.669660
v 0.077948 2.854805 3.669660
v 0.098751 2.874514 3.688043
v 0.098751 2.854805 3.688043
v 0.115824 2.874514 3.710442
v 0.115824 2.854805 3.710442
v 0.128510 2.874514 3.735998
v 0.128510 2.854805 3.735998
v 0.136322 2.874514 3.763727
v 0.136322 2.854805 3.763727
v 0.138960 2.874514 3.792565
v 0.138960 2.854805 3.792565
v 0.136322 2.874514 3.821402
v 0.136322 2.854805 3.821402
v 0.128510 2.874514 3.849132
v 0.128510 2.854805 3.849132
v 0.115824 2.874514 3.874687
v 0.115824 2.854805 3.874687
v 0.098751 2.874514 3.897087
v 0.098751 2.854805 3.897087
v 0.077948 2.874514 3.915470
v 0.077948 2.854805 3.915470
v 0.054213 2.874514 3.929129
v 0.054213 2.854805 3.929129
v 0.028460 2.874514 3.937541
v 0.028460 2.854805 3.937541
v 0.001678 2.874514 3.940381
v 0.001678 2.854805 3.940381
v -0.025104 2.874514 3.937541
v -0.025104 2.854805 3.937541
v -0.050857 2.874514 3.929129
v -0.050857 2.854805 3.929129
v -0.074592 2.874514 3.915470
v -0.074592 2.854805 3.915470
v -0.095395 2.874514 3.897087
v -0.095395 2.854805 3.897087
v -0.112468 2.874514 3.874687
v -0.112468 2.854805 3.874687
v -0.125154 2.874514 3.849132
v -0.125154 2.854805 3.849132
v -0.132966 2.874514 3.821402
v -0.132966 2.854805 3.821402
v -0.135604 2.874514 3.792565
v -0.135604 2.854805 3.792565
v -0.132966 2.874514 3.763727
v -0.132966 2.854805 3.763727
v -0.125154 2.874514 3.735998
v -0.125154 2.854805 3.735998
v -0.112468 2.874514 3.710442
v -0.112468 2.854805 3.710442
v -0.095395 2.874514 3.688043
v -0.095395 2.854805 3.688043
v -0.074592 2.874514 3.669660
v -0.074592 2.854805 3.669660
v -0.050857 2.874514 3.656000
v -0.050857 2.854805 3.656000
v -0.025104 2.874514 3.647588
v -0.025104 2.854805 3.647588
v -0.402666 2.854732 -3.939584
v -0.402666 2.874441 -3.939584
v -0.375884 2.874441 -3.936744
v -0.375884 2.854732 -3.936744
v -0.350131 2.874441 -3.928332
v -0.350131 2.854732 -3.928332
v -0.326397 2.874441 -3.914672
v -0.326397 2.854732 -3.914672
v -0.305593 2.874441 -3.896290
v -0.305593 2.854732 -3.896290
v -0.288521 2.874441 -3.873890
v -0.288521 2.854732 -3.873890
v -0.275834 2.874441 -3.848334
v -0.275834 2.854732 -3.848334
v -0.268022 2.874441 -3.820605
v -0.268022 2.854732 -3.820605
v -0.265384 2.874441 -3.791768
v -0.265384 2.854732 -3.791768
v -0.268022 2.874441 -3.762930
v -0.268022 2.854732 -3.762930
v -0.275834 2.874441 -3.735201
v -0.275834 2.854732 -3.735201
v -0.288521 2.874441 -3.709645
v -0.288521 2.854732 -3.709645
v -0.305593 2.874441 -3.687246
v -0.305593 2.854732 -3.687246
v -0.326397 2.874441 -3.668863
v -0.326397 2.854732 -3.668863
v -0.350131 2.874441 -3.655203
v -0.350131 2.854732 -3.655203
v -0.375884 2.874441 -3.646791
v -0.375884 2.854732 -3.646791
v -0.402666 2.874441 -3.643951
v -0.402666 2.854732 -3.643951
v -0.429448 2.874441 -3.646791
v -0.429448 2.854732 -3.646791
v -0.455202 2.874441 -3.655203
v -0.455202 2.854732 -3.655203
v -0.478936 2.874441 -3.668863
v -0.478936 2.854732 -3.668863
v -0.499739 2.874441 -3.687246
v -0.499739 2.854732 -3.687246
v -0.516812 2.874441 -3.709645
v -0.516812 2.854732 -3.709645
v -0.529498 2.874441 -3.735201
v -0.529498 2.854732 -3.735201
v -0.537310 2.874441 -3.762930
v -0.537310 2.854732 -3.762930
v -0.539948 2.874441 -3.791768
v -0.539948 2.854732 -3.791768
v -0.537310 2.874441 -3.820606
v -0.537310 2.854732 -3.820606
v -0.529498 2.874441 -3.848334
v -0.529498 2.854732 -3.848334
v -0.516811 2.874441 -3.873890
v -0.516811 2.854732 -3.873890
v -0.499739 2.874441 -3.896290
v -0.499739 2.854732 -3.896290
v -0.478936 2.874441 -3.914672
v -0.478936 2.854732 -3.914672
v -0.455201 2.874441 -3.928332
v -0.455201 2.854732 -3.928332
v -0.429448 2.874441 -3.936744
v -0.429448 2.854732 -3.936744
v -0.403068 2.567668 -3.890286
v -0.403068 2.863301 -3.890286
v -0.385213 2.863301 -3.888392
v -0.385213 2.567668 -3.888392
v -0.368044 2.863301 -3.882785
v -0.368044 2.567668 -3.882785
v -0.352221 2.863301 -3.873678
v -0.352221 2.567668 -3.873678
v -0.338352 2.863301 -3.861423
v -0.338352 2.567668 -3.861423
v -0.326970 2.863301 -3.846489
v -0.326970 2.567668 -3.846489
v -0.318513 2.863301 -3.829453
v -0.318513 2.567668 -3.829453
v -0.313305 2.863301 -3.810966
v -0.313305 2.567668 -3.810966
v -0.311546 2.863301 -3.791741
v -0.311546 2.567668 -3.791741
v -0.313305 2.863301 -3.772516
v -0.313305 2.567668 -3.772516
v -0.318513 2.863301 -3.754030
v -0.318513 2.567668 -3.754030
v -0.326970 2.863301 -3.736993
v -0.326970 2.567668 -3.736993
v -0.338352 2.863301 -3.722060
v -0.338352 2.567668 -3.722060
v -0.352221 2.863301 -3.709805
v -0.352221 2.567668 -3.709805
v -0.368044 2.863301 -3.700698
v -0.368044 2.567668 -3.700698
v -0.385213 2.863301 -3.695091
v -0.385213 2.567668 -3.695091
v -0.403068 2.863301 -3.693197
v -0.403068 2.567668 -3.693197
v -0.420922 2.863301 -3.695091
v -0.420922 2.567668 -3.695091
v -0.438091 2.863301 -3.700698
v -0.438091 2.567668 -3.700698
v -0.453914 2.863301 -3.709805
v -0.453914 2.567668 -3.709805
v -0.467783 2.863301 -3.722060
v -0.467783 2.567668 -3.722060
v -0.479165 2.863301 -3.736993
v -0.479165 2.567668 -3.736993
v -0.487622 2.863301 -3.754030
v -0.487622 2.567668 -3.754030
v -0.492830 2.863301 -3.772517
v -0.492830 2.567668 -3.772517
v -0.494589 2.863301 -3.791741
v -0.494589 2.567668 -3.791741
v -0.492830 2.863301 -3.810966
v -0.492830 2.567668 -3.810966
v -0.487622 2.863301 -3.829453
v -0.487622 2.567668 -3.829453
v -0.479165 2.863301 -3.846489
v -0.479165 2.567668 -3.846489
v -0.467783 2.863301 -3.861423
v -0.467783 2.567668 -3.861423
v -0.453914 2.863301 -3.873678
v -0.453914 2.567668 -3.873678
v -0.438091 2.863301 -3.882785
v -0.438091 2.567668 -3.882785
v -0.420922 2.863301 -3.888392
v -0.420922 2.567668 -3.888392
v -0.402666 2.854732 3.644441
v -0.402666 2.874441 3.644441
v -0.375884 2.874441 3.647281
v -0.375884 2.854732 3.647281
v -0.350131 2.874441 3.655693
v -0.350131 2.854732 3.655693
v -0.326397 2.874441 3.669352
v -0.326397 2.854732 3.669352
v -0.305593 2.874441 3.687735
v -0.305593 2.854732 3.687735
v -0.288521 2.874441 3.710135
v -0.288521 2.854732 3.710135
v -0.275834 2.874441 3.735690
v -0.275834 2.854732 3.735690
v -0.268022 2.874441 3.763420
v -0.268022 2.854732 3.763420
v -0.265384 2.874441 3.792257
v -0.265384 2.854732 3.792257
v -0.268022 2.874441 3.821095
v -0.268022 2.854732 3.821095
v -0.275834 2.874441 3.848824
v -0.275834 2.854732 3.848824
v -0.288521 2.874441 3.874380
v -0.288521 2.854732 3.874380
v -0.305593 2.874441 3.896779
v -0.305593 2.854732 3.896779
v -0.326397 2.874441 3.915162
v -0.326397 2.854732 3.915162
v -0.350131 2.874441 3.928822
v -0.350131 2.854732 3.928822
v -0.375884 2.874441 3.937234
v -0.375884 2.854732 3.937234
v -0.402666 2.874441 3.940074
v -0.402666 2.854732 3.940074
v -0.429448 2.874441 3.937234
v -0.429448 2.854732 3.937234
v -0.455202 2.874441 3.928822
v -0.455202 2.854732 3.928822
v -0.478936 2.874441 3.915162
v -0.478936 2.854732 3.915162
v -0.499739 2.874441 3.896779
v -0.499739 2.854732 3.896779
v -0.516812 2.874441 3.874380
v -0.516812 2.854732 3.874380
v -0.529498 2.874441 3.848824
v -0.529498 2.854732 3.848824
v -0.537310 2.874441 3.821095
v -0.537310 2.854732 3.821095
v -0.539948 2.874441 3.792257
v -0.539948 2.854732 3.792257
v -0.537310 2.874441 3.763419
v -0.537310 2.854732 3.763419
v -0.529498 2.874441 3.735690
v -0.529498 2.854732 3.735690
v -0.516811 2.874441 3.710135
v -0.516811 2.854732 3.710135
v -0.499739 2.874441 3.687735
v -0.499739 2.854732 3.687735
v -0.478936 2.874441 3.669352
v -0.478936 2.854732 3.669352
v -0.455201 2.874441 3.655693
v -0.455201 2.854732 3.655693
v -0.429448 2.874441 3.647281
v -0.429448 2.854732 3.647281
v -0.403068 2.567668 3.693739
v -0.403068 2.863301 3.693739
v -0.385213 2.863301 3.695632
v -0.385213 2.567668 3.695632
v -0.368044 2.863301 3.701240
v -0.368044 2.567668 3.701240
v -0.352221 2.863301 3.710347
v -0.352221 2.567668 3.710347
v -0.338352 2.863301 3.722602
v -0.338352 2.567668 3.722602
v -0.326970 2.863301 3.737535
v -0.326970 2.567668 3.737535
v -0.318513 2.863301 3.754572
v -0.318513 2.567668 3.754572
v -0.313305 2.863301 3.773058
v -0.313305 2.567668 3.773058
v -0.311546 2.863301 3.792283
v -0.311546 2.567668 3.792283
v -0.313305 2.863301 3.811508
v -0.313305 2.567668 3.811508
v -0.318513 2.863301 3.829994
v -0.318513 2.567668 3.829994
v -0.326970 2.863301 3.847032
v -0.326970 2.567668 3.847032
v -0.338352 2.863301 3.861965
v -0.338352 2.567668 3.861965
v -0.352221 2.863301 3.874220
v -0.352221 2.567668 3.874220
v -0.368044 2.863301 3.883327
v -0.368044 2.567668 3.883327
v -0.385213 2.863301 3.888934
v -0.385213 2.567668 3.888934
v -0.403068 2.863301 3.890828
v -0.403068 2.567668 3.890828
v -0.420922 2.863301 3.888934
v -0.420922 2.567668 3.888934
v -0.438091 2.863301 3.883327
v -0.438091 2.567668 3.883327
v -0.453914 2.863301 3.874220
v -0.453914 2.567668 3.874220
v -0.467783 2.863301 3.861965
v -0.467783 2.567668 3.861965
v -0.479165 2.863301 3.847032
v -0.479165 2.567668 3.847032
v -0.487622 2.863301 3.829994
v -0.487622 2.567668 3.829994
v -0.492830 2.863301 3.811508
v -0.492830 2.567668 3.811508
v -0.494589 2.863301 3.792283
v -0.494589 2.567668 3.792283
v -0.492830 2.863301 3.773058
v -0.492830 2.567668 3.773058
v -0.487622 2.863301 3.754572
v -0.487622 2.567668 3.754572
v -0.479165 2.863301 3.737535
v -0.479165 2.567668 3.737535
v -0.467783 2.863301 3.722602
v -0.467783 2.567668 3.722602
v -0.453914 2.863301 3.710347
v -0.453914 2.567668 3.710347
v -0.438091 2.863301 3.701240
v -0.438091 2.567668 3.701240
v -0.420922 2.863301 3.695632
v -0.420922 2.567668 3.695632
v -0.044678 0.515824 -3.744831
v -0.090438 0.515824 -3.744831
v -0.090438 0.515824 3.744539
v -0.044678 0.515824 3.744539
v -0.044678 0.023102 3.744539
v -0.090438 0.023102 3.744539
v -0.090438 0.023102 -3.744831
v -0.044678 0.023102 -3.744831
v -1.695559 0.515824 -3.739969
v -1.695559 0.515824 -3.690696
v -0.089363 0.515824 -3.690696
v -0.089363 0.515824 -3.739969
v -0.089363 0.023102 -3.739969
v -0.089363 0.023102 -3.690696
v -1.695559 0.023102 -3.690696
v -1.695559 0.023102 -3.739969
v -1.693419 0.515824 3.695925
v -1.693419 0.515824 3.745197
v -0.087222 0.515824 3.745196
v -0.087222 0.515824 3.695925
v -0.087222 0.023102 3.695925
v -0.087222 0.023102 3.745196
v -1.693419 0.023102 3.745197
v -1.693419 0.023102 3.695925
v 0.122391 2.376661 0.134924
v -0.060651 2.376661 0.134924
v -0.060651 2.376661 3.662812
v 0.122391 2.376661 3.662812
v 0.122391 0.602863 3.662812
v -0.060651 0.602863 3.662812
v -0.060651 0.602863 0.134924
v 0.122391 0.602863 0.134924
v 0.122391 2.376661 -3.662080
v -0.060651 2.376661 -3.662080
v -0.060651 2.376661 -0.134193
v 0.122391 2.376661 -0.134193
v 0.122391 0.602863 -0.134193
v -0.060651 0.602863 -0.134193
v -0.060651 0.602863 -3.662080
v 0.122391 0.602863 -3.662080
vn 0.333333 0.666667 -0.666667
vn -0.816497 0.408248 -0.408248
vn -0.333333 0.666667 0.666667
vn 0.816497 0.408248 0.408248
vn 0.333333 -0.666667 0.666667
vn -0.816497 -0.408248 0.408248
vn -0.333333 -0.666667 -0.666667
vn 0.816497 -0.408248 -0.408248
vt 0.375000 0.000000
vt 0.625000 0.000000
vt 0.625000 0.250000
vt 0.375000 0.250000
vt 0.625000 0.500000
vt 0.375000 0.500000
vt 0.625000 0.750000
vt 0.375000 0.750000
vt 0.625000 1.000000
vt 0.375000 1.000000
vt 0.125000 0.500000
vt 0.125000 0.750000
vt 0.875000 0.500000
vt 0.875000 0.750000
f 2361/43/33 2362/44/34 2363/45/35
f 2361/43/33 2363/45/35 2364/46/36
f 2365/46/37 2364/45/36 2363/47/35
f 2365/46/37 2363/47/35 2366/48/38
f 2366/48/38 2363/47/35 2362/49/34
f 2366/48/38 2362/49/34 2367/50/39
f 2367/50/39 2368/49/40 2365/51/37
f 2367/50/39 2365/51/37 2366/52/38
f 2368/53/40 2361/48/33 2364/50/36
f 2368/53/40 2364/50/36 2365/54/37
f 2367/47/39 2362/55/34 2361/56/33
f 2367/47/39 2361/56/33 2368/49/40
f 2369/43/33 2370/44/34 2371/45/35
f 2369/43/33 2371/45/35 2372/46/36
f 2373/46/37 2372/45/36 2371/47/35
f 2373/46/37 2371/47/35 2374/48/38
f 2374/48/38 2371/47/35 2370/49/34
f 2374/48/38 2370/49/34 2375/50/39
f 2375/50/39 2376/49/40 2373/51/37
f 2375/50/39 2373/51/37 2374/52/38
f 2376/53/40 2369/48/33 2372/50/36
f 2376/53/40 2372/50/36 2373/54/37
f 2375/47/39 2370/55/34 2369/56/33
f 2375/47/39 2369/56/33 2376/49/40
f 2377/43/33 2378/44/34 2379/45/35
f 2377/43/33 2379/45/35 2380/46/36
f 2381/46/37 2380/45/36 2379/47/35
f 2381/46/37 2379/47/35 2382/48/38
f 2382/48/38 2379/47/35 2378/49/34
f 2382/48/38 2378/49/34 2383/50/39
f 2383/50/39 2384/49/40 2381/51/37
f 2383/50/39 2381/51/37 2382/52/38
f 2384/53/40 2377/48/33 2380/50/36
f 2384/53/40 2380/50/36 2381/54/37
f 2383/47/39 2378/55/34 2377/56/33
f 2383/47/39 2377/56/33 2384/49/40
f 2385/43/33 2386/44/34 2387/45/35
f 2385/43/33 2387/45/35 2388/46/36
f 2389/46/37 2388/45/36 2387/47/35
f 2389/46/37 2387/47/35 2390/48/38
f 2390/48/38 2387/47/35 2386/49/34
f 2390/48/38 2386/49/34 2391/50/39
f 2391/50/39 2392/49/40 2389/51/37
f 2391/50/39 2389/51/37 2390/52/38
f 2392/53/40 2385/48/33 2388/50/36
f 2392/53/40 2388/50/36 2389/54/37
f 2391/47/39 2386/55/34 2385/56/33
f 2391/47/39 2385/56/33 2392/49/40
f 2393/43/33 2394/44/34 2395/45/35
f 2393/43/33 2395/45/35 2396/46/36
f 2397/46/37 2396/45/36 2395/47/35
f 2397/46/37 2395/47/35 2398/48/38
f 2398/48/38 2395/47/35 2394/49/34
f 2398/48/38 2394/49/34 2399/50/39
f 2399/50/39 2400/49/40 2397/51/37
f 2399/50/39 2397/51/37 2398/52/38
f 2400/53/40 2393/48/33 2396/50/36
f 2400/53/40 2396/50/36 2397/54/37
f 2399/47/39 2394/55/34 2393/56/33
f 2399/47/39 2393/56/33 2400/49/40
f 2401/43/33 2402/44/34 2403/45/35
f 2401/43/33 2403/45/35 2404/46/36
f 2405/46/37 2404/45/36 2403/47/35
f 2405/46/37 2403/47/35 2406/48/38
f 2406/48/38 2403/47/35 2402/49/34
f 2406/48/38 2402/49/34 2407/50/39
f 2407/50/39 2408/49/40 2405/51/37
f 2407/50/39 2405/51/37 2406/52/38
f 2408/53/40 2401/48/33 2404/50/36
f 2408/53/40 2404/50/36 2405/54/37
f 2407/47/39 2402/55/34 2401/56/33
f 2407/47/39 2401/56/33 2408/49/40

#
#  Mesh_Material.006
#
usemtl  Mesh_Material.006

v 0.091521 2.475205 -3.941774
v -0.091521 2.475205 -3.941774
v -0.091521 2.475205 3.941774
v 0.091521 2.475205 3.941774
v 0.091521 0.504318 3.941774
v -0.091521 0.504318 3.941774
v -0.091521 0.504318 -3.941774
v 0.091521 0.504318 -3.941774
v -1.694334 2.475205 -3.890128
v -1.694334 2.475205 -3.693039
v 0.136090 2.475205 -3.693039
v 0.136090 2.475205 -3.890128
v 0.136090 0.504318 -3.890128
v 0.136090 0.504318 -3.693039
v -1.694334 0.504318 -3.693039
v -1.694334 0.504318 -3.890128
v -1.694334 2.475205 3.694762
v -1.694334 2.475205 3.891850
v 0.136090 2.475205 3.891850
v 0.136090 2.475205 3.694762
v 0.136090 0.504318 3.694762
v 0.136090 0.504318 3.891850
v -1.694334 0.504318 3.891850
v -1.694334 0.504318 3.694762
v -0.045816 2.475205 -0.098348
v -0.045816 2.475205 0.098740
v 0.137226 2.475205 0.098740
v 0.137226 2.475205 -0.098348
v 0.137226 0.504318 -0.098348
v 0.137226 0.504318 0.098740
v -0.045816 0.504318 0.098740
v -0.045816 0.504318 -0.098348
v 0.138055 2.335210 0.174642
v 0.092294 2.335210 0.174642
v 0.092294 2.335210 3.623694
v 0.138055 2.335210 3.623694
v 0.138055 1.842488 3.623694
v 0.092294 1.842488 3.623694
v 0.092294 1.842488 0.174642
v 0.138055 1.842488 0.174642
v 0.138055 1.125145 0.174642
v 0.092294 1.125145 0.174642
v 0.092294 1.125145 3.623694
v 0.138055 1.125145 3.623694
v 0.138055 0.632423 3.623694
v 0.092294 0.632423 3.623694
v 0.092294 0.632423 0.174642
v 0.138055 0.632423 0.174642
v 0.138055 1.725257 0.174642
v 0.092294 1.725257 0.174642
v 0.092294 1.725257 3.623694
v 0.138055 1.725257 3.623694
v 0.138055 1.232535 3.623694
v 0.092294 1.232535 3.623694
v 0.092294 1.232535 0.174642
v 0.138055 1.232535 0.174642
v 0.138055 2.335210 -3.620507
v 0.092294 2.335210 -3.620507
v 0.092294 2.335210 -0.171455
v 0.138055 2.335210 -0.171455
v 0.138055 1.842488 -0.171455
v 0.092294 1.842488 -0.171455
v 0.092294 1.842488 -3.620507
v 0.138055 1.842488 -3.620507
v 0.138055 1.125145 -3.620507
v 0.092294 1.125145 -3.620507
v 0.092294 1.125145 -0.171455
v 0.138055 1.125145 -0.171455
v 0.138055 0.632423 -0.171455
v 0.092294 0.632423 -0.171455
v 0.092294 0.632423 -3.620507
v 0.138055 0.632423 -3.620507
v 0.138055 1.725257 -3.620507
v 0.092294 1.725257 -3.620507
v 0.092294 1.725257 -0.171455
v 0.138055 1.725257 -0.171455
v 0.138055 1.232535 -0.171455
v 0.092294 1.232535 -0.171455
v 0.092294 1.232535 -3.620507
v 0.138055 1.232535 -3.620507
v 0.321719 2.471320 -4.136629
v 0.321719 2.569864 -4.136629
v 0.321719 2.569864 4.141095
v 0.321719 2.471320 4.141095
v -1.691747 2.471320 4.141095
v -1.691747 2.569864 4.141095
v -1.691747 2.569864 -4.136629
v -1.691747 2.471320 -4.136629
v 0.321150 2.835942 -4.136629
v 0.321150 2.855651 -4.136629
v 0.321150 2.855651 4.141095
v 0.321150 2.835942 4.141095
v -0.594062 2.835942 4.141095
v -0.594062 2.855651 4.141095
v -0.594062 2.855651 -4.136629
v -0.594062 2.835942 -4.136629
v 0.001793 2.854732 -3.939642
v 0.001793 2.874441 -3.939642
v 0.028575 2.874441 -3.936802
v 0.028575 2.854732 -3.936802
v 0.054328 2.874441 -3.928390
v 0.054328 2.854732 -3.928390
v 0.078063 2.874441 -3.914731
v 0.078063 2.854732 -3.914731
v 0.098866 2.874441 -3.896348
v 0.098866 2.854732 -3.896348
v 0.115939 2.874441 -3.873948
v 0.115939 2.854732 -3.873948
v 0.128625 2.874441 -3.848393
v 0.128625 2.854732 -3.848393
v 0.136437 2.874441 -3.820663
v 0.136437 2.854732 -3.820663
v 0.139075 2.874441 -3.791826
v 0.139075 2.854732 -3.791826
v 0.136437 2.874441 -3.762988
v 0.136437 2.854732 -3.762988
v 0.128625 2.874441 -3.735259
v 0.128625 2.854732 -3.735259
v 0.115939 2.874441 -3.709703
v 0.115939 2.854732 -3.709703
v 0.098866 2.874441 -3.687304
v 0.098866 2.854732 -3.687304
v 0.078063 2.874441 -3.668921
v 0.078063 2.854732 -3.668921
v 0.054328 2.874441 -3.655261
v 0.054328 2.854732 -3.655261
v 0.028575 2.874441 -3.646849
v 0.028575 2.854732 -3.646849
v 0.001793 2.874441 -3.644009
v 0.001793 2.854732 -3.644009
v -0.024989 2.874441 -3.646849
v -0.024989 2.854732 -3.646849
v -0.050743 2.874441 -3.655261
v -0.050743 2.854732 -3.655261
v -0.074477 2.874441 -3.668921
v -0.074477 2.854732 -3.668921
v -0.095280 2.874441 -3.687304
v -0.095280 2.854732 -3.687304
v -0.112353 2.874441 -3.709703
v -0.112353 2.854732 -3.709703
v -0.125039 2.874441 -3.735259
v -0.125039 2.854732 -3.735259
v -0.132851 2.874441 -3.762988
v -0.132851 2.854732 -3.762988
v -0.135489 2.874441 -3.791826
v -0.135489 2.854732 -3.791826
v -0.132851 2.874441 -3.820663
v -0.132851 2.854732 -3.820663
v -0.125039 2.874441 -3.848393
v -0.125039 2.854732 -3.848393
v -0.112353 2.874441 -3.873948
v -0.112353 2.854732 -3.873948
v -0.095280 2.874441 -3.896348
v -0.095280 2.854732 -3.896348
v -0.074477 2.874441 -3.914731
v -0.074477 2.854732 -3.914731
v -0.050743 2.874441 -3.928390
v -0.050743 2.854732 -3.928390
v -0.024989 2.874441 -3.936802
v -0.024989 2.854732 -3.936802
v 0.001392 2.565830 -0.098754
v 0.001392 2.861463 -0.098754
v 0.019246 2.861463 -0.096860
v 0.019246 2.565830 -0.096860
v 0.036415 2.861463 -0.091253
v 0.036415 2.565830 -0.091253
v 0.052238 2.861463 -0.082146
v 0.052238 2.565830 -0.082146
v 0.066107 2.861463 -0.069891
v 0.066107 2.565830 -0.069891
v 0.077489 2.861463 -0.054958
v 0.077489 2.565830 -0.054958
v 0.085946 2.861463 -0.037921
v 0.085946 2.565830 -0.037921
v 0.091154 2.861463 -0.019434
v 0.091154 2.565830 -0.019434
v 0.092913 2.861463 -0.000209
v 0.092913 2.565830 -0.000209
v 0.091154 2.861463 0.019016
v 0.091154 2.565830 0.019016
v 0.085946 2.861463 0.037502
v 0.085946 2.565830 0.037502
v 0.077489 2.861463 0.054539
v 0.077489 2.565830 0.054539
v 0.066107 2.861463 0.069472
v 0.066107 2.565830 0.069472
v 0.052238 2.861463 0.081727
v 0.052238 2.565830 0.081727
v 0.036415 2.861463 0.090834
v 0.036415 2.565830 0.090834
v 0.019246 2.861463 0.096441
v 0.019246 2.565830 0.096441
v 0.001392 2.861463 0.098335
v 0.001392 2.565830 0.098335
v -0.016463 2.861463 0.096441
v -0.016463 2.565830 0.096441
v -0.033632 2.861463 0.090834
v -0.033632 2.565830 0.090834
v -0.049455 2.861463 0.081727
v -0.049455 2.565830 0.081727
v -0.063324 2.861463 0.069472
v -0.063324 2.565830 0.069472
v -0.074706 2.861463 0.054539
v -0.074706 2.565830 0.054539
v -0.083163 2.861463 0.037502
v -0.083163 2.565830 0.037502
v -0.088371 2.861463 0.019016
v -0.088371 2.565830 0.019016
v -0.090130 2.861463 -0.000209
v -0.090130 2.565830 -0.000209
v -0.088371 2.861463 -0.019434
v -0.088371 2.565830 -0.019434
v -0.083163 2.861463 -0.037921
v -0.083163 2.565830 -0.037921
v -0.074706 2.861463 -0.054958
v -0.074706 2.565830 -0.054958
v -0.063324 2.861463 -0.069891
v -0.063324 2.565830 -0.069891
v -0.049455 2.861463 -0.082146
v -0.049455 2.565830 -0.082146
v -0.033632 2.861463 -0.091253
v -0.033632 2.565830 -0.091253
v -0.016463 2.861463 -0.096860
v -0.016463 2.565830 -0.096860
v 0.001392 2.565830 3.693990
v 0.001392 2.861463 3.693990
v 0.019246 2.861463 3.695884
v 0.019246 2.565830 3.695884
v 0.036415 2.861463 3.701492
v 0.036415 2.565830 3.701492
v 0.052238 2.861463 3.710598
v 0.052238 2.565830 3.710598
v 0.066107 2.861463 3.722853
v 0.066107 2.565830 3.722853
v 0.077489 2.861463 3.737786
v 0.077489 2.565830 3.737786
v 0.085946 2.861463 3.754823
v 0.085946 2.565830 3.754823
v 0.091154 2.861463 3.773309
v 0.091154 2.565830 3.773309
v 0.092913 2.861463 3.792535
v 0.092913 2.565830 3.792535
v 0.091154 2.861463 3.811760
v 0.091154 2.565830 3.811760
v 0.085946 2.861463 3.830246
v 0.085946 2.565830 3.830246
v 0.077489 2.861463 3.847283
v 0.077489 2.565830 3.847283
v 0.066107 2.861463 3.862216
v 0.066107 2.565830 3.862216
v 0.052238 2.861463 3.874471
v 0.052238 2.565830 3.874471
v 0.036415 2.861463 3.883577
v 0.036415 2.565830 3.883577
v 0.019246 2.861463 3.889185
v 0.019246 2.565830 3.889185
v 0.001392 2.861463 3.891078
v 0.001392 2.565830 3.891078
v -0.016463 2.861463 3.889185
v -0.016463 2.565830 3.889185
v -0.033632 2.861463 3.883577
v -0.033632 2.565830 3.883577
v -0.049455 2.861463 3.874471
v -0.049455 2.565830 3.874471
v -0.063324 2.861463 3.862216
v -0.063324 2.565830 3.862216
v -0.074706 2.861463 3.847283
v -0.074706 2.565830 3.847283
v -0.083163 2.861463 3.830246
v -0.083163 2.565830 3.830246
v -0.088371 2.861463 3.811759
v -0.088371 2.565830 3.811759
v -0.090130 2.861463 3.792535
v -0.090130 2.565830 3.792535
v -0.088371 2.861463 3.773309
v -0.088371 2.565830 3.773309
v -0.083163 2.861463 3.754823
v -0.083163 2.565830 3.754823
v -0.074706 2.861463 3.737786
v -0.074706 2.565830 3.737786
v -0.063324 2.861463 3.722853
v -0.063324 2.565830 3.722853
v -0.049455 2.861463 3.710598
v -0.049455 2.565830 3.710598
v -0.033632 2.861463 3.701492
v -0.033632 2.565830 3.701492
v -0.016463 2.861463 3.695884
v -0.016463 2.565830 3.695884
v 0.001392 2.567668 -3.890344
v 0.001392 2.863301 -3.890344
v 0.019246 2.863301 -3.888450
v 0.019246 2.567668 -3.888450
v 0.036415 2.863301 -3.882843
v 0.036415 2.567668 -3.882843
v 0.052238 2.863301 -3.873736
v 0.052238 2.567668 -3.873736
v 0.066107 2.863301 -3.861481
v 0.066107 2.567668 -3.861481
v 0.077489 2.863301 -3.846548
v 0.077489 2.567668 -3.846548
v 0.085946 2.863301 -3.829511
v 0.085946 2.567668 -3.829511
v 0.091154 2.863301 -3.811025
v 0.091154 2.567668 -3.811025
v 0.092913 2.863301 -3.791800
v 0.092913 2.567668 -3.791800
v 0.091154 2.863301 -3.772574
v 0.091154 2.567668 -3.772574
v 0.085946 2.863301 -3.754088
v 0.085946 2.567668 -3.754088
v 0.077489 2.863301 -3.737051
v 0.077489 2.567668 -3.737051
v 0.066107 2.863301 -3.722118
v 0.066107 2.567668 -3.722118
v 0.052238 2.863301 -3.709863
v 0.052238 2.567668 -3.709863
v 0.036415 2.863301 -3.700757
v 0.036415 2.567668 -3.700757
v 0.019246 2.863301 -3.695149
v 0.019246 2.567668 -3.695149
v 0.001392 2.863301 -3.693255
v 0.001392 2.567668 -3.693255
v -0.016463 2.863301 -3.695149
v -0.016463 2.567668 -3.695149
v -0.033632 2.863301 -3.700757
v -0.033632 2.567668 -3.700757
v -0.049455 2.863301 -3.709863
v -0.049455 2.567668 -3.709863
v -0.063324 2.863301 -3.722118
v -0.063324 2.567668 -3.722118
v -0.074706 2.863301 -3.737051
v -0.074706 2.567668 -3.737051
v -0.083163 2.863301 -3.754088
v -0.083163 2.567668 -3.754088
v -0.088371 2.863301 -3.772574
v -0.088371 2.567668 -3.772574
v -0.090130 2.863301 -3.791800
v -0.090130 2.567668 -3.791800
v -0.088371 2.863301 -3.811025
v -0.088371 2.567668 -3.811025
v -0.083163 2.863301 -3.829511
v -0.083163 2.567668 -3.829511
v -0.074706 2.863301 -3.846548
v -0.074706 2.567668 -3.846548
v -0.063324 2.863301 -3.861481
v -0.063324 2.567668 -3.861481
v -0.049455 2.863301 -3.873736
v -0.049455 2.567668 -3.873736
v -0.033632 2.863301 -3.882843
v -0.033632 2.567668 -3.882843
v -0.016463 2.863301 -3.888450
v -0.016463 2.567668 -3.888450
v 0.001392 2.854412 -0.148026
v 0.001392 2.874121 -0.148026
v 0.028174 2.874121 -0.145185
v 0.028174 2.854412 -0.145185
v 0.053927 2.874121 -0.136774
v 0.053927 2.854412 -0.136774
v 0.077661 2.874121 -0.123114
v 0.077661 2.854412 -0.123114
v 0.098464 2.874121 -0.104731
v 0.098464 2.854412 -0.104731
v 0.115537 2.874121 -0.082332
v 0.115537 2.854412 -0.082332
v 0.128223 2.874121 -0.056776
v 0.128223 2.854412 -0.056776
v 0.136035 2.874121 -0.029047
v 0.136035 2.854412 -0.029047
v 0.138673 2.874121 -0.000209
v 0.138673 2.854412 -0.000209
v 0.136035 2.874121 0.028628
v 0.136035 2.854412 0.028628
v 0.128223 2.874121 0.056358
v 0.128223 2.854412 0.056358
v 0.115537 2.874121 0.081913
v 0.115537 2.854412 0.081913
v 0.098464 2.874121 0.104313
v 0.098464 2.854412 0.104313
v 0.077661 2.874121 0.122696
v 0.077661 2.854412 0.122696
v 0.053927 2.874121 0.136355
v 0.053927 2.854412 0.136355
v 0.028174 2.874121 0.144767
v 0.028174 2.854412 0.144767
v 0.001392 2.874121 0.147607
v 0.001392 2.854412 0.147607
v -0.025391 2.874121 0.144767
v -0.025391 2.854412 0.144767
v -0.051144 2.874121 0.136355
v -0.051144 2.854412 0.136355
v -0.074878 2.874121 0.122696
v -0.074878 2.854412 0.122696
v -0.095681 2.874121 0.104313
v -0.095681 2.854412 0.104313
v -0.112754 2.874121 0.081913
v -0.112754 2.854412 0.081913
v -0.125440 2.874121 0.056358
v -0.125440 2.854412 0.056358
v -0.133253 2.874121 0.028628
v -0.133253 2.854412 0.028628
v -0.135890 2.874121 -0.000209
v -0.135890 2.854412 -0.000209
v -0.133253 2.874121 -0.029047
v -0.133253 2.854412 -0.029047
v -0.125440 2.874121 -0.056776
v -0.125440 2.854412 -0.056776
v -0.112754 2.874121 -0.082332
v -0.112754 2.854412 -0.082332
v -0.095681 2.874121 -0.104731
v -0.095681 2.854412 -0.104731
v -0.074878 2.874121 -0.123114
v -0.074878 2.854412 -0.123114
v -0.051144 2.874121 -0.136774
v -0.051144 2.854412 -0.136774
v -0.025391 2.874121 -0.145186
v -0.025391 2.854412 -0.145186
v 0.001678 2.854805 3.644748
v 0.001678 2.874514 3.644748
v 0.028460 2.874514 3.647588
v 0.028460 2.854805 3.647588
v 0.054213 2.874514 3.656000
v 0.054213 2.854805 3.656000
v 0.077948 2.874514 3.669660
v 0.077948 2.854805 3.669660
v 0.098751 2.874514 3.688043
v 0.098751 2.854805 3.688043
v 0.115824 2.874514 3.710442
v 0.115824 2.854805 3.710442
v 0.128510 2.874514 3.735998
v 0.128510 2.854805 3.735998
v 0.136322 2.874514 3.763727
v 0.136322 2.854805 3.763727
v 0.138960 2.874514 3.792565
v 0.138960 2.854805 3.792565
v 0.136322 2.874514 3.821402
v 0.136322 2.854805 3.821402
v 0.128510 2.874514 3.849132
v 0.128510 2.854805 3.849132
v 0.115824 2.874514 3.874687
v 0.115824 2.854805 3.874687
v 0.098751 2.874514 3.897087
v 0.098751 2.854805 3.897087
v 0.077948 2.874514 3.915470
v 0.077948 2.854805 3.915470
v 0.054213 2.874514 3.929129
v 0.054213 2.854805 3.929129
v 0.028460 2.874514 3.937541
v 0.028460 2.854805 3.937541
v 0.001678 2.874514 3.940381
v 0.001678 2.854805 3.940381
v -0.025104 2.874514 3.937541
v -0.025104 2.854805 3.937541
v -0.050857 2.874514 3.929129
v -0.050857 2.854805 3.929129
v -0.074592 2.874514 3.915470
v -0.074592 2.854805 3.915470
v -0.095395 2.874514 3.897087
v -0.095395 2.854805 3.897087
v -0.112468 2.874514 3.874687
v -0.112468 2.854805 3.874687
v -0.125154 2.874514 3.849132
v -0.125154 2.854805 3.849132
v -0.132966 2.874514 3.821402
v -0.132966 2.854805 3.821402
v -0.135604 2.874514 3.792565
v -0.135604 2.854805 3.792565
v -0.132966 2.874514 3.763727
v -0.132966 2.854805 3.763727
v -0.125154 2.874514 3.735998
v -0.125154 2.854805 3.735998
v -0.112468 2.874514 3.710442
v -0.112468 2.854805 3.710442
v -0.095395 2.874514 3.688043
v -0.095395 2.854805 3.688043
v -0.074592 2.874514 3.669660
v -0.074592 2.854805 3.669660
v -0.050857 2.874514 3.656000
v -0.050857 2.854805 3.656000
v -0.025104 2.874514 3.647588
v -0.025104 2.854805 3.647588
v -0.402666 2.854732 -3.939584
v -0.402666 2.874441 -3.939584
v -0.375884 2.874441 -3.936744
v -0.375884 2.854732 -3.936744
v -0.350131 2.874441 -3.928332
v -0.350131 2.854732 -3.928332
v -0.326397 2.874441 -3.914672
v -0.326397 2.854732 -3.914672
v -0.305593 2.874441 -3.896290
v -0.305593 2.854732 -3.896290
v -0.288521 2.874441 -3.873890
v -0.288521 2.854732 -3.873890
v -0.275834 2.874441 -3.848334
v -0.275834 2.854732 -3.848334
v -0.268022 2.874441 -3.820605
v -0.268022 2.854732 -3.820605
v -0.265384 2.874441 -3.791768
v -0.265384 2.854732 -3.791768
v -0.268022 2.874441 -3.762930
v -0.268022 2.854732 -3.762930
v -0.275834 2.874441 -3.735201
v -0.275834 2.854732 -3.735201
v -0.288521 2.874441 -3.709645
v -0.288521 2.854732 -3.709645
v -0.305593 2.874441 -3.687246
v -0.305593 2.854732 -3.687246
v -0.326397 2.874441 -3.668863
v -0.326397 2.854732 -3.668863
v -0.350131 2.874441 -3.655203
v -0.350131 2.854732 -3.655203
v -0.375884 2.874441 -3.646791
v -0.375884 2.854732 -3.646791
v -0.402666 2.874441 -3.643951
v -0.402666 2.854732 -3.643951
v -0.429448 2.874441 -3.646791
v -0.429448 2.854732 -3.646791
v -0.455202 2.874441 -3.655203
v -0.455202 2.854732 -3.655203
v -0.478936 2.874441 -3.668863
v -0.478936 2.854732 -3.668863
v -0.499739 2.874441 -3.687246
v -0.499739 2.854732 -3.687246
v -0.516812 2.874441 -3.709645
v -0.516812 2.854732 -3.709645
v -0.529498 2.874441 -3.735201
v -0.529498 2.854732 -3.735201
v -0.537310 2.874441 -3.762930
v -0.537310 2.854732 -3.762930
v -0.539948 2.874441 -3.791768
v -0.539948 2.854732 -3.791768
v -0.537310 2.874441 -3.820606
v -0.537310 2.854732 -3.820606
v -0.529498 2.874441 -3.848334
v -0.529498 2.854732 -3.848334
v -0.516811 2.874441 -3.873890
v -0.516811 2.854732 -3.873890
v -0.499739 2.874441 -3.896290
v -0.499739 2.854732 -3.896290
v -0.478936 2.874441 -3.914672
v -0.478936 2.854732 -3.914672
v -0.455201 2.874441 -3.928332
v -0.455201 2.854732 -3.928332
v -0.429448 2.874441 -3.936744
v -0.429448 2.854732 -3.936744
v -0.403068 2.567668 -3.890286
v -0.403068 2.863301 -3.890286
v -0.385213 2.863301 -3.888392
v -0.385213 2.567668 -3.888392
v -0.368044 2.863301 -3.882785
v -0.368044 2.567668 -3.882785
v -0.352221 2.863301 -3.873678
v -0.352221 2.567668 -3.873678
v -0.338352 2.863301 -3.861423
v -0.338352 2.567668 -3.861423
v -0.326970 2.863301 -3.846489
v -0.326970 2.567668 -3.846489
v -0.318513 2.863301 -3.829453
v -0.318513 2.567668 -3.829453
v -0.313305 2.863301 -3.810966
v -0.313305 2.567668 -3.810966
v -0.311546 2.863301 -3.791741
v -0.311546 2.567668 -3.791741
v -0.313305 2.863301 -3.772516
v -0.313305 2.567668 -3.772516
v -0.318513 2.863301 -3.754030
v -0.318513 2.567668 -3.754030
v -0.326970 2.863301 -3.736993
v -0.326970 2.567668 -3.736993
v -0.338352 2.863301 -3.722060
v -0.338352 2.567668 -3.722060
v -0.352221 2.863301 -3.709805
v -0.352221 2.567668 -3.709805
v -0.368044 2.863301 -3.700698
v -0.368044 2.567668 -3.700698
v -0.385213 2.863301 -3.695091
v -0.385213 2.567668 -3.695091
v -0.403068 2.863301 -3.693197
v -0.403068 2.567668 -3.693197
v -0.420922 2.863301 -3.695091
v -0.420922 2.567668 -3.695091
v -0.438091 2.863301 -3.700698
v -0.438091 2.567668 -3.700698
v -0.453914 2.863301 -3.709805
v -0.453914 2.567668 -3.709805
v -0.467783 2.863301 -3.722060
v -0.467783 2.567668 -3.722060
v -0.479165 2.863301 -3.736993
v -0.479165 2.567668 -3.736993
v -0.487622 2.863301 -3.754030
v -0.487622 2.567668 -3.754030
v -0.492830 2.863301 -3.772517
v -0.492830 2.567668 -3.772517
v -0.494589 2.863301 -3.791741
v -0.494589 2.567668 -3.791741
v -0.492830 2.863301 -3.810966
v -0.492830 2.567668 -3.810966
v -0.487622 2.863301 -3.829453
v -0.487622 2.567668 -3.829453
v -0.479165 2.863301 -3.846489
v -0.479165 2.567668 -3.846489
v -0.467783 2.863301 -3.861423
v -0.467783 2.567668 -3.861423
v -0.453914 2.863301 -3.873678
v -0.453914 2.567668 -3.873678
v -0.438091 2.863301 -3.882785
v -0.438091 2.567668 -3.882785
v -0.420922 2.863301 -3.888392
v -0.420922 2.567668 -3.888392
v -0.402666 2.854732 3.644441
v -0.402666 2.874441 3.644441
v -0.375884 2.874441 3.647281
v -0.375884 2.854732 3.647281
v -0.350131 2.874441 3.655693
v -0.350131 2.854732 3.655693
v -0.326397 2.874441 3.669352
v -0.326397 2.854732 3.669352
v -0.305593 2.874441 3.687735
v -0.305593 2.854732 3.687735
v -0.288521 2.874441 3.710135
v -0.288521 2.854732 3.710135
v -0.275834 2.874441 3.735690
v -0.275834 2.854732 3.735690
v -0.268022 2.874441 3.763420
v -0.268022 2.854732 3.763420
v -0.265384 2.874441 3.792257
v -0.265384 2.854732 3.792257
v -0.268022 2.874441 3.821095
v -0.268022 2.854732 3.821095
v -0.275834 2.874441 3.848824
v -0.275834 2.854732 3.848824
v -0.288521 2.874441 3.874380
v -0.288521 2.854732 3.874380
v -0.305593 2.874441 3.896779
v -0.305593 2.854732 3.896779
v -0.326397 2.874441 3.915162
v -0.326397 2.854732 3.915162
v -0.350131 2.874441 3.928822
v -0.350131 2.854732 3.928822
v -0.375884 2.874441 3.937234
v -0.375884 2.854732 3.937234
v -0.402666 2.874441 3.940074
v -0.402666 2.854732 3.940074
v -0.429448 2.874441 3.937234
v -0.429448 2.854732 3.937234
v -0.455202 2.874441 3.928822
v -0.455202 2.854732 3.928822
v -0.478936 2.874441 3.915162
v -0.478936 2.854732 3.915162
v -0.499739 2.874441 3.896779
v -0.499739 2.854732 3.896779
v -0.516812 2.874441 3.874380
v -0.516812 2.854732 3.874380
v -0.529498 2.874441 3.848824
v -0.529498 2.854732 3.848824
v -0.537310 2.874441 3.821095
v -0.537310 2.854732 3.821095
v -0.539948 2.874441 3.792257
v -0.539948 2.854732 3.792257
v -0.537310 2.874441 3.763419
v -0.537310 2.854732 3.763419
v -0.529498 2.874441 3.735690
v -0.529498 2.854732 3.735690
v -0.516811 2.874441 3.710135
v -0.516811 2.854732 3.710135
v -0.499739 2.874441 3.687735
v -0.499739 2.854732 3.687735
v -0.478936 2.874441 3.669352
v -0.478936 2.854732 3.669352
v -0.455201 2.874441 3.655693
v -0.455201 2.854732 3.655693
v -0.429448 2.874441 3.647281
v -0.429448 2.854732 3.647281
v -0.403068 2.567668 3.693739
v -0.403068 2.863301 3.693739
v -0.385213 2.863301 3.695632
v -0.385213 2.567668 3.695632
v -0.368044 2.863301 3.701240
v -0.368044 2.567668 3.701240
v -0.352221 2.863301 3.710347
v -0.352221 2.567668 3.710347
v -0.338352 2.863301 3.722602
v -0.338352 2.567668 3.722602
v -0.326970 2.863301 3.737535
v -0.326970 2.567668 3.737535
v -0.318513 2.863301 3.754572
v -0.318513 2.567668 3.754572
v -0.313305 2.863301 3.773058
v -0.313305 2.567668 3.773058
v -0.311546 2.863301 3.792283
v -0.311546 2.567668 3.792283
v -0.313305 2.863301 3.811508
v -0.313305 2.567668 3.811508
v -0.318513 2.863301 3.829994
v -0.318513 2.567668 3.829994
v -0.326970 2.863301 3.847032
v -0.326970 2.567668 3.847032
v -0.338352 2.863301 3.861965
v -0.338352 2.567668 3.861965
v -0.352221 2.863301 3.874220
v -0.352221 2.567668 3.874220
v -0.368044 2.863301 3.883327
v -0.368044 2.567668 3.883327
v -0.385213 2.863301 3.888934
v -0.385213 2.567668 3.888934
v -0.403068 2.863301 3.890828
v -0.403068 2.567668 3.890828
v -0.420922 2.863301 3.888934
v -0.420922 2.567668 3.888934
v -0.438091 2.863301 3.883327
v -0.438091 2.567668 3.883327
v -0.453914 2.863301 3.874220
v -0.453914 2.567668 3.874220
v -0.467783 2.863301 3.861965
v -0.467783 2.567668 3.861965
v -0.479165 2.863301 3.847032
v -0.479165 2.567668 3.847032
v -0.487622 2.863301 3.829994
v -0.487622 2.567668 3.829994
v -0.492830 2.863301 3.811508
v -0.492830 2.567668 3.811508
v -0.494589 2.863301 3.792283
v -0.494589 2.567668 3.792283
v -0.492830 2.863301 3.773058
v -0.492830 2.567668 3.773058
v -0.487622 2.863301 3.754572
v -0.487622 2.567668 3.754572
v -0.479165 2.863301 3.737535
v -0.479165 2.567668 3.737535
v -0.467783 2.863301 3.722602
v -0.467783 2.567668 3.722602
v -0.453914 2.863301 3.710347
v -0.453914 2.567668 3.710347
v -0.438091 2.863301 3.701240
v -0.438091 2.567668 3.701240
v -0.420922 2.863301 3.695632
v -0.420922 2.567668 3.695632
v -0.044678 0.515824 -3.744831
v -0.090438 0.515824 -3.744831
v -0.090438 0.515824 3.744539
v -0.044678 0.515824 3.744539
v -0.044678 0.023102 3.744539
v -0.090438 0.023102 3.744539
v -0.090438 0.023102 -3.744831
v -0.044678 0.023102 -3.744831
v -1.695559 0.515824 -3.739969
v -1.695559 0.515824 -3.690696
v -0.089363 0.515824 -3.690696
v -0.089363 0.515824 -3.739969
v -0.089363 0.023102 -3.739969
v -0.089363 0.023102 -3.690696
v -1.695559 0.023102 -3.690696
v -1.695559 0.023102 -3.739969
v -1.693419 0.515824 3.695925
v -1.693419 0.515824 3.745197
v -0.087222 0.515824 3.745196
v -0.087222 0.515824 3.695925
v -0.087222 0.023102 3.695925
v -0.087222 0.023102 3.745196
v -1.693419 0.023102 3.745197
v -1.693419 0.023102 3.695925
v 0.122391 2.376661 0.134924
v -0.060651 2.376661 0.134924
v -0.060651 2.376661 3.662812
v 0.122391 2.376661 3.662812
v 0.122391 0.602863 3.662812
v -0.060651 0.602863 3.662812
v -0.060651 0.602863 0.134924
v 0.122391 0.602863 0.134924
v 0.122391 2.376661 -3.662080
v -0.060651 2.376661 -3.662080
v -0.060651 2.376661 -0.134193
v 0.122391 2.376661 -0.134193
v 0.122391 0.602863 -0.134193
v -0.060651 0.602863 -0.134193
v -0.060651 0.602863 -3.662080
v 0.122391 0.602863 -3.662080
vn -0.666667 0.666667 -0.333333
vn -0.408248 0.408248 0.816496
vn 0.666667 0.666667 0.333333
vn 0.408248 0.408248 -0.816496
vn 0.666667 -0.666667 -0.333333
vn 0.408248 -0.408248 0.816496
vn -0.666667 -0.666667 0.333333
vn -0.408248 -0.408248 -0.816496
vn -0.408248 0.408248 0.816497
vn 0.666667 0.666667 0.333333
vn 0.408248 0.408248 -0.816496
vn 0.408248 -0.408248 0.816496
vn -0.666667 -0.666667 0.333333
vn -0.408248 0.408248 0.816497
vt 0.375000 0.000000
vt 0.625000 0.000000
vt 0.625000 0.250000
vt 0.375000 0.250000
vt 0.625000 0.500000
vt 0.375000 0.500000
vt 0.625000 0.750000
vt 0.375000 0.750000
vt 0.625000 1.000000
vt 0.375000 1.000000
vt 0.125000 0.500000
vt 0.125000 0.750000
vt 0.875000 0.500000
vt 0.875000 0.750000
f 3849/57/41 3850/58/42 3851/59/43
f 3849/57/41 3851/59/43 3852/60/44
f 3853/60/45 3852/59/44 3851/61/43
f 3853/60/45 3851/61/43 3854/62/46
f 3854/62/46 3851/61/43 3850/63/42
f 3854/62/46 3850/63/42 3855/64/47
f 3855/64/47 3856/63/48 3853/65/45
f 3855/64/47 3853/65/45 3854/66/46
f 3856/67/48 3849/62/41 3852/64/44
f 3856/67/48 3852/64/44 3853/68/45
f 3855/61/47 3850/69/42 3849/70/41
f 3855/61/47 3849/70/41 3856/63/48
f 3857/57/41 3858/58/49 3859/59/50
f 3857/57/41 3859/59/50 3860/60/51
f 3861/60/45 3860/59/51 3859/61/50
f 3861/60/45 3859/61/50 3862/62/52
f 3862/62/52 3859/61/50 3858/63/49
f 3862/62/52 3858/63/49 3863/64/53
f 3863/64/53 3864/63/48 3861/65/45
f 3863/64/53 3861/65/45 3862/66/52
f 3864/67/48 3857/62/41 3860/64/51
f 3864/67/48 3860/64/51 3861/68/45
f 3863/61/53 3858/69/54 3857/70/41
f 3863/61/53 3857/70/41 3864/63/48

#
#  Mesh_Material.007
#
usemtl  Mesh_Material.007

v 0.091521 2.475205 -3.941774
v -0.091521 2.475205 -3.941774
v -0.091521 2.475205 3.941774
v 0.091521 2.475205 3.941774
v 0.091521 0.504318 3.941774
v -0.091521 0.504318 3.941774
v -0.091521 0.504318 -3.941774
v 0.091521 0.504318 -3.941774
v -1.694334 2.475205 -3.890128
v -1.694334 2.475205 -3.693039
v 0.136090 2.475205 -3.693039
v 0.136090 2.475205 -3.890128
v 0.136090 0.504318 -3.890128
v 0.136090 0.504318 -3.693039
v -1.694334 0.504318 -3.693039
v -1.694334 0.504318 -3.890128
v -1.694334 2.475205 3.694762
v -1.694334 2.475205 3.891850
v 0.136090 2.475205 3.891850
v 0.136090 2.475205 3.694762
v 0.136090 0.504318 3.694762
v 0.136090 0.504318 3.891850
v -1.694334 0.504318 3.891850
v -1.694334 0.504318 3.694762
v -0.045816 2.475205 -0.098348
v -0.045816 2.475205 0.098740
v 0.137226 2.475205 0.098740
v 0.137226 2.475205 -0.098348
v 0.137226 0.504318 -0.098348
v 0.137226 0.504318 0.098740
v -0.045816 0.504318 0.098740
v -0.045816 0.504318 -0.098348
v 0.138055 2.335210 0.174642
v 0.092294 2.335210 0.174642
v 0.092294 2.335210 3.623694
v 0.138055 2.335210 3.623694
v 0.138055 1.842488 3.623694
v 0.092294 1.842488 3.623694
v 0.092294 1.842488 0.174642
v 0.138055 1.842488 0.174642
v 0.138055 1.125145 0.174642
v 0.092294 1.125145 0.174642
v 0.092294 1.125145 3.623694
v 0.138055 1.125145 3.623694
v 0.138055 0.632423 3.623694
v 0.092294 0.632423 3.623694
v 0.092294 0.632423 0.174642
v 0.138055 0.632423 0.174642
v 0.138055 1.725257 0.174642
v 0.092294 1.725257 0.174642
v 0.092294 1.725257 3.623694
v 0.138055 1.725257 3.623694
v 0.138055 1.232535 3.623694
v 0.092294 1.232535 3.623694
v 0.092294 1.232535 0.174642
v 0.138055 1.232535 0.174642
v 0.138055 2.335210 -3.620507
v 0.092294 2.335210 -3.620507
v 0.092294 2.335210 -0.171455
v 0.138055 2.335210 -0.171455
v 0.138055 1.842488 -0.171455
v 0.092294 1.842488 -0.171455
v 0.092294 1.842488 -3.620507
v 0.138055 1.842488 -3.620507
v 0.138055 1.125145 -3.620507
v 0.092294 1.125145 -3.620507
v 0.092294 1.125145 -0.171455
v 0.138055 1.125145 -0.171455
v 0.138055 0.632423 -0.171455
v 0.092294 0.632423 -0.171455
v 0.092294 0.632423 -3.620507
v 0.138055 0.632423 -3.620507
v 0.138055 1.725257 -3.620507
v 0.092294 1.725257 -3.620507
v 0.092294 1.725257 -0.171455
v 0.138055 1.725257 -0.171455
v 0.138055 1.232535 -0.171455
v 0.092294 1.232535 -0.171455
v 0.092294 1.232535 -3.620507
v 0.138055 1.232535 -3.620507
v 0.321719 2.471320 -4.136629
v 0.321719 2.569864 -4.136629
v 0.321719 2.569864 4.141095
v 0.321719 2.471320 4.141095
v -1.691747 2.471320 4.141095
v -1.691747 2.569864 4.141095
v -1.691747 2.569864 -4.136629
v -1.691747 2.471320 -4.136629
v 0.321150 2.835942 -4.136629
v 0.321150 2.855651 -4.136629
v 0.321150 2.855651 4.141095
v 0.321150 2.835942 4.141095
v -0.594062 2.835942 4.141095
v -0.594062 2.855651 4.141095
v -0.594062 2.855651 -4.136629
v -0.594062 2.835942 -4.136629
v 0.001793 2.854732 -3.939642
v 0.001793 2.874441 -3.939642
v 0.028575 2.874441 -3.936802
v 0.028575 2.854732 -3.936802
v 0.054328 2.874441 -3.928390
v 0.054328 2.854732 -3.928390
v 0.078063 2.874441 -3.914731
v 0.078063 2.854732 -3.914731
v 0.098866 2.874441 -3.896348
v 0.098866 2.854732 -3.896348
v 0.115939 2.874441 -3.873948
v 0.115939 2.854732 -3.873948
v 0.128625 2.874441 -3.848393
v 0.128625 2.854732 -3.848393
v 0.136437 2.874441 -3.820663
v 0.136437 2.854732 -3.820663
v 0.139075 2.874441 -3.791826
v 0.139075 2.854732 -3.791826
v 0.136437 2.874441 -3.762988
v 0.136437 2.854732 -3.762988
v 0.128625 2.874441 -3.735259
v 0.128625 2.854732 -3.735259
v 0.115939 2.874441 -3.709703
v 0.115939 2.854732 -3.709703
v 0.098866 2.874441 -3.687304
v 0.098866 2.854732 -3.687304
v 0.078063 2.874441 -3.668921
v 0.078063 2.854732 -3.668921
v 0.054328 2.874441 -3.655261
v 0.054328 2.854732 -3.655261
v 0.028575 2.874441 -3.646849
v 0.028575 2.854732 -3.646849
v 0.001793 2.874441 -3.644009
v 0.001793 2.854732 -3.644009
v -0.024989 2.874441 -3.646849
v -0.024989 2.854732 -3.646849
v -0.050743 2.874441 -3.655261
v -0.050743 2.854732 -3.655261
v -0.074477 2.874441 -3.668921
v -0.074477 2.854732 -3.668921
v -0.095280 2.874441 -3.687304
v -0.095280 2.854732 -3.687304
v -0.112353 2.874441 -3.709703
v -0.112353 2.854732 -3.709703
v -0.125039 2.874441 -3.735259
v -0.125039 2.854732 -3.735259
v -0.132851 2.874441 -3.762988
v -0.132851 2.854732 -3.762988
v -0.135489 2.874441 -3.791826
v -0.135489 2.854732 -3.791826
v -0.132851 2.874441 -3.820663
v -0.132851 2.854732 -3.820663
v -0.125039 2.874441 -3.848393
v -0.125039 2.854732 -3.848393
v -0.112353 2.874441 -3.873948
v -0.112353 2.854732 -3.873948
v -0.095280 2.874441 -3.896348
v -0.095280 2.854732 -3.896348
v -0.074477 2.874441 -3.914731
v -0.074477 2.854732 -3.914731
v -0.050743 2.874441 -3.928390
v -0.050743 2.854732 -3.928390
v -0.024989 2.874441 -3.936802
v -0.024989 2.854732 -3.936802
v 0.001392 2.565830 -0.098754
v 0.001392 2.861463 -0.098754
v 0.019246 2.861463 -0.096860
v 0.019246 2.565830 -0.096860
v 0.036415 2.861463 -0.091253
v 0.036415 2.565830 -0.091253
v 0.052238 2.861463 -0.082146
v 0.052238 2.565830 -0.082146
v 0.066107 2.861463 -0.069891
v 0.066107 2.565830 -0.069891
v 0.077489 2.861463 -0.054958
v 0.077489 2.565830 -0.054958
v 0.085946 2.861463 -0.037921
v 0.085946 2.565830 -0.037921
v 0.091154 2.861463 -0.019434
v 0.091154 2.565830 -0.019434
v 0.092913 2.861463 -0.000209
v 0.092913 2.565830 -0.000209
v 0.091154 2.861463 0.019016
v 0.091154 2.565830 0.019016
v 0.085946 2.861463 0.037502
v 0.085946 2.565830 0.037502
v 0.077489 2.861463 0.054539
v 0.077489 2.565830 0.054539
v 0.066107 2.861463 0.069472
v 0.066107 2.565830 0.069472
v 0.052238 2.861463 0.081727
v 0.052238 2.565830 0.081727
v 0.036415 2.861463 0.090834
v 0.036415 2.565830 0.090834
v 0.019246 2.861463 0.096441
v 0.019246 2.565830 0.096441
v 0.001392 2.861463 0.098335
v 0.001392 2.565830 0.098335
v -0.016463 2.861463 0.096441
v -0.016463 2.565830 0.096441
v -0.033632 2.861463 0.090834
v -0.033632 2.565830 0.090834
v -0.049455 2.861463 0.081727
v -0.049455 2.565830 0.081727
v -0.063324 2.861463 0.069472
v -0.063324 2.565830 0.069472
v -0.074706 2.861463 0.054539
v -0.074706 2.565830 0.054539
v -0.083163 2.861463 0.037502
v -0.083163 2.565830 0.037502
v -0.088371 2.861463 0.019016
v -0.088371 2.565830 0.019016
v -0.090130 2.861463 -0.000209
v -0.090130 2.565830 -0.000209
v -0.088371 2.861463 -0.019434
v -0.088371 2.565830 -0.019434
v -0.083163 2.861463 -0.037921
v -0.083163 2.565830 -0.037921
v -0.074706 2.861463 -0.054958
v -0.074706 2.565830 -0.054958
v -0.063324 2.861463 -0.069891
v -0.063324 2.565830 -0.069891
v -0.049455 2.861463 -0.082146
v -0.049455 2.565830 -0.082146
v -0.033632 2.861463 -0.091253
v -0.033632 2.565830 -0.091253
v -0.016463 2.861463 -0.096860
v -0.016463 2.565830 -0.096860
v 0.001392 2.565830 3.693990
v 0.001392 2.861463 3.693990
v 0.019246 2.861463 3.695884
v 0.019246 2.565830 3.695884
v 0.036415 2.861463 3.701492
v 0.036415 2.565830 3.701492
v 0.052238 2.861463 3.710598
v 0.052238 2.565830 3.710598
v 0.066107 2.861463 3.722853
v 0.066107 2.565830 3.722853
v 0.077489 2.861463 3.737786
v 0.077489 2.565830 3.737786
v 0.085946 2.861463 3.754823
v 0.085946 2.565830 3.754823
v 0.091154 2.861463 3.773309
v 0.091154 2.565830 3.773309
v 0.092913 2.861463 3.792535
v 0.092913 2.565830 3.792535
v 0.091154 2.861463 3.811760
v 0.091154 2.565830 3.811760
v 0.085946 2.861463 3.830246
v 0.085946 2.565830 3.830246
v 0.077489 2.861463 3.847283
v 0.077489 2.565830 3.847283
v 0.066107 2.861463 3.862216
v 0.066107 2.565830 3.862216
v 0.052238 2.861463 3.874471
v 0.052238 2.565830 3.874471
v 0.036415 2.861463 3.883577
v 0.036415 2.565830 3.883577
v 0.019246 2.861463 3.889185
v 0.019246 2.565830 3.889185
v 0.001392 2.861463 3.891078
v 0.001392 2.565830 3.891078
v -0.016463 2.861463 3.889185
v -0.016463 2.565830 3.889185
v -0.033632 2.861463 3.883577
v -0.033632 2.565830 3.883577
v -0.049455 2.861463 3.874471
v -0.049455 2.565830 3.874471
v -0.063324 2.861463 3.862216
v -0.063324 2.565830 3.862216
v -0.074706 2.861463 3.847283
v -0.074706 2.565830 3.847283
v -0.083163 2.861463 3.830246
v -0.083163 2.565830 3.830246
v -0.088371 2.861463 3.811759
v -0.088371 2.565830 3.811759
v -0.090130 2.861463 3.792535
v -0.090130 2.565830 3.792535
v -0.088371 2.861463 3.773309
v -0.088371 2.565830 3.773309
v -0.083163 2.861463 3.754823
v -0.083163 2.565830 3.754823
v -0.074706 2.861463 3.737786
v -0.074706 2.565830 3.737786
v -0.063324 2.861463 3.722853
v -0.063324 2.565830 3.722853
v -0.049455 2.861463 3.710598
v -0.049455 2.565830 3.710598
v -0.033632 2.861463 3.701492
v -0.033632 2.565830 3.701492
v -0.016463 2.861463 3.695884
v -0.016463 2.565830 3.695884
v 0.001392 2.567668 -3.890344
v 0.001392 2.863301 -3.890344
v 0.019246 2.863301 -3.888450
v 0.019246 2.567668 -3.888450
v 0.036415 2.863301 -3.882843
v 0.036415 2.567668 -3.882843
v 0.052238 2.863301 -3.873736
v 0.052238 2.567668 -3.873736
v 0.066107 2.863301 -3.861481
v 0.066107 2.567668 -3.861481
v 0.077489 2.863301 -3.846548
v 0.077489 2.567668 -3.846548
v 0.085946 2.863301 -3.829511
v 0.085946 2.567668 -3.829511
v 0.091154 2.863301 -3.811025
v 0.091154 2.567668 -3.811025
v 0.092913 2.863301 -3.791800
v 0.092913 2.567668 -3.791800
v 0.091154 2.863301 -3.772574
v 0.091154 2.567668 -3.772574
v 0.085946 2.863301 -3.754088
v 0.085946 2.567668 -3.754088
v 0.077489 2.863301 -3.737051
v 0.077489 2.567668 -3.737051
v 0.066107 2.863301 -3.722118
v 0.066107 2.567668 -3.722118
v 0.052238 2.863301 -3.709863
v 0.052238 2.567668 -3.709863
v 0.036415 2.863301 -3.700757
v 0.036415 2.567668 -3.700757
v 0.019246 2.863301 -3.695149
v 0.019246 2.567668 -3.695149
v 0.001392 2.863301 -3.693255
v 0.001392 2.567668 -3.693255
v -0.016463 2.863301 -3.695149
v -0.016463 2.567668 -3.695149
v -0.033632 2.863301 -3.700757
v -0.033632 2.567668 -3.700757
v -0.049455 2.863301 -3.709863
v -0.049455 2.567668 -3.709863
v -0.063324 2.863301 -3.722118
v -0.063324 2.567668 -3.722118
v -0.074706 2.863301 -3.737051
v -0.074706 2.567668 -3.737051
v -0.083163 2.863301 -3.754088
v -0.083163 2.567668 -3.754088
v -0.088371 2.863301 -3.772574
v -0.088371 2.567668 -3.772574
v -0.090130 2.863301 -3.791800
v -0.090130 2.567668 -3.791800
v -0.088371 2.863301 -3.811025
v -0.088371 2.567668 -3.811025
v -0.083163 2.863301 -3.829511
v -0.083163 2.567668 -3.829511
v -0.074706 2.863301 -3.846548
v -0.074706 2.567668 -3.846548
v -0.063324 2.863301 -3.861481
v -0.063324 2.567668 -3.861481
v -0.049455 2.863301 -3.873736
v -0.049455 2.567668 -3.873736
v -0.033632 2.863301 -3.882843
v -0.033632 2.567668 -3.882843
v -0.016463 2.863301 -3.888450
v -0.016463 2.567668 -3.888450
v 0.001392 2.854412 -0.148026
v 0.001392 2.874121 -0.148026
v 0.028174 2.874121 -0.145185
v 0.028174 2.854412 -0.145185
v 0.053927 2.874121 -0.136774
v 0.053927 2.854412 -0.136774
v 0.077661 2.874121 -0.123114
v 0.077661 2.854412 -0.123114
v 0.098464 2.874121 -0.104731
v 0.098464 2.854412 -0.104731
v 0.115537 2.874121 -0.082332
v 0.115537 2.854412 -0.082332
v 0.128223 2.874121 -0.056776
v 0.128223 2.854412 -0.056776
v 0.136035 2.874121 -0.029047
v 0.136035 2.854412 -0.029047
v 0.138673 2.874121 -0.000209
v 0.138673 2.854412 -0.000209
v 0.136035 2.874121 0.028628
v 0.136035 2.854412 0.028628
v 0.128223 2.874121 0.056358
v 0.128223 2.854412 0.056358
v 0.115537 2.874121 0.081913
v 0.115537 2.854412 0.081913
v 0.098464 2.874121 0.104313
v 0.098464 2.854412 0.104313
v 0.077661 2.874121 0.122696
v 0.077661 2.854412 0.122696
v 0.053927 2.874121 0.136355
v 0.053927 2.854412 0.136355
v 0.028174 2.874121 0.144767
v 0.028174 2.854412 0.144767
v 0.001392 2.874121 0.147607
v 0.001392 2.854412 0.147607
v -0.025391 2.874121 0.144767
v -0.025391 2.854412 0.144767
v -0.051144 2.874121 0.136355
v -0.051144 2.854412 0.136355
v -0.074878 2.874121 0.122696
v -0.074878 2.854412 0.122696
v -0.095681 2.874121 0.104313
v -0.095681 2.854412 0.104313
v -0.112754 2.874121 0.081913
v -0.112754 2.854412 0.081913
v -0.125440 2.874121 0.056358
v -0.125440 2.854412 0.056358
v -0.133253 2.874121 0.028628
v -0.133253 2.854412 0.028628
v -0.135890 2.874121 -0.000209
v -0.135890 2.854412 -0.000209
v -0.133253 2.874121 -0.029047
v -0.133253 2.854412 -0.029047
v -0.125440 2.874121 -0.056776
v -0.125440 2.854412 -0.056776
v -0.112754 2.874121 -0.082332
v -0.112754 2.854412 -0.082332
v -0.095681 2.874121 -0.104731
v -0.095681 2.854412 -0.104731
v -0.074878 2.874121 -0.123114
v -0.074878 2.854412 -0.123114
v -0.051144 2.874121 -0.136774
v -0.051144 2.854412 -0.136774
v -0.025391 2.874121 -0.145186
v -0.025391 2.854412 -0.145186
v 0.001678 2.854805 3.644748
v 0.001678 2.874514 3.644748
v 0.028460 2.874514 3.647588
v 0.028460 2.854805 3.647588
v 0.054213 2.874514 3.656000
v 0.054213 2.854805 3.656000
v 0.077948 2.874514 3.669660
v 0.077948 2.854805 3.669660
v 0.098751 2.874514 3.688043
v 0.098751 2.854805 3.688043
v 0.115824 2.874514 3.710442
v 0.115824 2.854805 3.710442
v 0.128510 2.874514 3.735998
v 0.128510 2.854805 3.735998
v 0.136322 2.874514 3.763727
v 0.136322 2.854805 3.763727
v 0.138960 2.874514 3.792565
v 0.138960 2.854805 3.792565
v 0.136322 2.874514 3.821402
v 0.136322 2.854805 3.821402
v 0.128510 2.874514 3.849132
v 0.128510 2.854805 3.849132
v 0.115824 2.874514 3.874687
v 0.115824 2.854805 3.874687
v 0.098751 2.874514 3.897087
v 0.098751 2.854805 3.897087
v 0.077948 2.874514 3.915470
v 0.077948 2.854805 3.915470
v 0.054213 2.874514 3.929129
v 0.054213 2.854805 3.929129
v 0.028460 2.874514 3.937541
v 0.028460 2.854805 3.937541
v 0.001678 2.874514 3.940381
v 0.001678 2.854805 3.940381
v -0.025104 2.874514 3.937541
v -0.025104 2.854805 3.937541
v -0.050857 2.874514 3.929129
v -0.050857 2.854805 3.929129
v -0.074592 2.874514 3.915470
v -0.074592 2.854805 3.915470
v -0.095395 2.874514 3.897087
v -0.095395 2.854805 3.897087
v -0.112468 2.874514 3.874687
v -0.112468 2.854805 3.874687
v -0.125154 2.874514 3.849132
v -0.125154 2.854805 3.849132
v -0.132966 2.874514 3.821402
v -0.132966 2.854805 3.821402
v -0.135604 2.874514 3.792565
v -0.135604 2.854805 3.792565
v -0.132966 2.874514 3.763727
v -0.132966 2.854805 3.763727
v -0.125154 2.874514 3.735998
v -0.125154 2.854805 3.735998
v -0.112468 2.874514 3.710442
v -0.112468 2.854805 3.710442
v -0.095395 2.874514 3.688043
v -0.095395 2.854805 3.688043
v -0.074592 2.874514 3.669660
v -0.074592 2.854805 3.669660
v -0.050857 2.874514 3.656000
v -0.050857 2.854805 3.656000
v -0.025104 2.874514 3.647588
v -0.025104 2.854805 3.647588
v -0.402666 2.854732 -3.939584
v -0.402666 2.874441 -3.939584
v -0.375884 2.874441 -3.936744
v -0.375884 2.854732 -3.936744
v -0.350131 2.874441 -3.928332
v -0.350131 2.854732 -3.928332
v -0.326397 2.874441 -3.914672
v -0.326397 2.854732 -3.914672
v -0.305593 2.874441 -3.896290
v -0.305593 2.854732 -3.896290
v -0.288521 2.874441 -3.873890
v -0.288521 2.854732 -3.873890
v -0.275834 2.874441 -3.848334
v -0.275834 2.854732 -3.848334
v -0.268022 2.874441 -3.820605
v -0.268022 2.854732 -3.820605
v -0.265384 2.874441 -3.791768
v -0.265384 2.854732 -3.791768
v -0.268022 2.874441 -3.762930
v -0.268022 2.854732 -3.762930
v -0.275834 2.874441 -3.735201
v -0.275834 2.854732 -3.735201
v -0.288521 2.874441 -3.709645
v -0.288521 2.854732 -3.709645
v -0.305593 2.874441 -3.687246
v -0.305593 2.854732 -3.687246
v -0.326397 2.874441 -3.668863
v -0.326397 2.854732 -3.668863
v -0.350131 2.874441 -3.655203
v -0.350131 2.854732 -3.655203
v -0.375884 2.874441 -3.646791
v -0.375884 2.854732 -3.646791
v -0.402666 2.874441 -3.643951
v -0.402666 2.854732 -3.643951
v -0.429448 2.874441 -3.646791
v -0.429448 2.854732 -3.646791
v -0.455202 2.874441 -3.655203
v -0.455202 2.854732 -3.655203
v -0.478936 2.874441 -3.668863
v -0.478936 2.854732 -3.668863
v -0.499739 2.874441 -3.687246
v -0.499739 2.854732 -3.687246
v -0.516812 2.874441 -3.709645
v -0.516812 2.854732 -3.709645
v -0.529498 2.874441 -3.735201
v -0.529498 2.854732 -3.735201
v -0.537310 2.874441 -3.762930
v -0.537310 2.854732 -3.762930
v -0.539948 2.874441 -3.791768
v -0.539948 2.854732 -3.791768
v -0.537310 2.874441 -3.820606
v -0.537310 2.854732 -3.820606
v -0.529498 2.874441 -3.848334
v -0.529498 2.854732 -3.848334
v -0.516811 2.874441 -3.873890
v -0.516811 2.854732 -3.873890
v -0.499739 2.874441 -3.896290
v -0.499739 2.854732 -3.896290
v -0.478936 2.874441 -3.914672
v -0.478936 2.854732 -3.914672
v -0.455201 2.874441 -3.928332
v -0.455201 2.854732 -3.928332
v -0.429448 2.874441 -3.936744
v -0.429448 2.854732 -3.936744
v -0.403068 2.567668 -3.890286
v -0.403068 2.863301 -3.890286
v -0.385213 2.863301 -3.888392
v -0.385213 2.567668 -3.888392
v -0.368044 2.863301 -3.882785
v -0.368044 2.567668 -3.882785
v -0.352221 2.863301 -3.873678
v -0.352221 2.567668 -3.873678
v -0.338352 2.863301 -3.861423
v -0.338352 2.567668 -3.861423
v -0.326970 2.863301 -3.846489
v -0.326970 2.567668 -3.846489
v -0.318513 2.863301 -3.829453
v -0.318513 2.567668 -3.829453
v -0.313305 2.863301 -3.810966
v -0.313305 2.567668 -3.810966
v -0.311546 2.863301 -3.791741
v -0.311546 2.567668 -3.791741
v -0.313305 2.863301 -3.772516
v -0.313305 2.567668 -3.772516
v -0.318513 2.863301 -3.754030
v -0.318513 2.567668 -3.754030
v -0.326970 2.863301 -3.736993
v -0.326970 2.567668 -3.736993
v -0.338352 2.863301 -3.722060
v -0.338352 2.567668 -3.722060
v -0.352221 2.863301 -3.709805
v -0.352221 2.567668 -3.709805
v -0.368044 2.863301 -3.700698
v -0.368044 2.567668 -3.700698
v -0.385213 2.863301 -3.695091
v -0.385213 2.567668 -3.695091
v -0.403068 2.863301 -3.693197
v -0.403068 2.567668 -3.693197
v -0.420922 2.863301 -3.695091
v -0.420922 2.567668 -3.695091
v -0.438091 2.863301 -3.700698
v -0.438091 2.567668 -3.700698
v -0.453914 2.863301 -3.709805
v -0.453914 2.567668 -3.709805
v -0.467783 2.863301 -3.722060
v -0.467783 2.567668 -3.722060
v -0.479165 2.863301 -3.736993
v -0.479165 2.567668 -3.736993
v -0.487622 2.863301 -3.754030
v -0.487622 2.567668 -3.754030
v -0.492830 2.863301 -3.772517
v -0.492830 2.567668 -3.772517
v -0.494589 2.863301 -3.791741
v -0.494589 2.567668 -3.791741
v -0.492830 2.863301 -3.810966
v -0.492830 2.567668 -3.810966
v -0.487622 2.863301 -3.829453
v -0.487622 2.567668 -3.829453
v -0.479165 2.863301 -3.846489
v -0.479165 2.567668 -3.846489
v -0.467783 2.863301 -3.861423
v -0.467783 2.567668 -3.861423
v -0.453914 2.863301 -3.873678
v -0.453914 2.567668 -3.873678
v -0.438091 2.863301 -3.882785
v -0.438091 2.567668 -3.882785
v -0.420922 2.863301 -3.888392
v -0.420922 2.567668 -3.888392
v -0.402666 2.854732 3.644441
v -0.402666 2.874441 3.644441
v -0.375884 2.874441 3.647281
v -0.375884 2.854732 3.647281
v -0.350131 2.874441 3.655693
v -0.350131 2.854732 3.655693
v -0.326397 2.874441 3.669352
v -0.326397 2.854732 3.669352
v -0.305593 2.874441 3.687735
v -0.305593 2.854732 3.687735
v -0.288521 2.874441 3.710135
v -0.288521 2.854732 3.710135
v -0.275834 2.874441 3.735690
v -0.275834 2.854732 3.735690
v -0.268022 2.874441 3.763420
v -0.268022 2.854732 3.763420
v -0.265384 2.874441 3.792257
v -0.265384 2.854732 3.792257
v -0.268022 2.874441 3.821095
v -0.268022 2.854732 3.821095
v -0.275834 2.874441 3.848824
v -0.275834 2.854732 3.848824
v -0.288521 2.874441 3.874380
v -0.288521 2.854732 3.874380
v -0.305593 2.874441 3.896779
v -0.305593 2.854732 3.896779
v -0.326397 2.874441 3.915162
v -0.326397 2.854732 3.915162
v -0.350131 2.874441 3.928822
v -0.350131 2.854732 3.928822
v -0.375884 2.874441 3.937234
v -0.375884 2.854732 3.937234
v -0.402666 2.874441 3.940074
v -0.402666 2.854732 3.940074
v -0.429448 2.874441 3.937234
v -0.429448 2.854732 3.937234
v -0.455202 2.874441 3.928822
v -0.455202 2.854732 3.928822
v -0.478936 2.874441 3.915162
v -0.478936 2.854732 3.915162
v -0.499739 2.874441 3.896779
v -0.499739 2.854732 3.896779
v -0.516812 2.874441 3.874380
v -0.516812 2.854732 3.874380
v -0.529498 2.874441 3.848824
v -0.529498 2.854732 3.848824
v -0.537310 2.874441 3.821095
v -0.537310 2.854732 3.821095
v -0.539948 2.874441 3.792257
v -0.539948 2.854732 3.792257
v -0.537310 2.874441 3.763419
v -0.537310 2.854732 3.763419
v -0.529498 2.874441 3.735690
v -0.529498 2.854732 3.735690
v -0.516811 2.874441 3.710135
v -0.516811 2.854732 3.710135
v -0.499739 2.874441 3.687735
v -0.499739 2.854732 3.687735
v -0.478936 2.874441 3.669352
v -0.478936 2.854732 3.669352
v -0.455201 2.874441 3.655693
v -0.455201 2.854732 3.655693
v -0.429448 2.874441 3.647281
v -0.429448 2.854732 3.647281
v -0.403068 2.567668 3.693739
v -0.403068 2.863301 3.693739
v -0.385213 2.863301 3.695632
v -0.385213 2.567668 3.695632
v -0.368044 2.863301 3.701240
v -0.368044 2.567668 3.701240
v -0.352221 2.863301 3.710347
v -0.352221 2.567668 3.710347
v -0.338352 2.863301 3.722602
v -0.338352 2.567668 3.722602
v -0.326970 2.863301 3.737535
v -0.326970 2.567668 3.737535
v -0.318513 2.863301 3.754572
v -0.318513 2.567668 3.754572
v -0.313305 2.863301 3.773058
v -0.313305 2.567668 3.773058
v -0.311546 2.863301 3.792283
v -0.311546 2.567668 3.792283
v -0.313305 2.863301 3.811508
v -0.313305 2.567668 3.811508
v -0.318513 2.863301 3.829994
v -0.318513 2.567668 3.829994
v -0.326970 2.863301 3.847032
v -0.326970 2.567668 3.847032
v -0.338352 2.863301 3.861965
v -0.338352 2.567668 3.861965
v -0.352221 2.863301 3.874220
v -0.352221 2.567668 3.874220
v -0.368044 2.863301 3.883327
v -0.368044 2.567668 3.883327
v -0.385213 2.863301 3.888934
v -0.385213 2.567668 3.888934
v -0.403068 2.863301 3.890828
v -0.403068 2.567668 3.890828
v -0.420922 2.863301 3.888934
v -0.420922 2.567668 3.888934
v -0.438091 2.863301 3.883327
v -0.438091 2.567668 3.883327
v -0.453914 2.863301 3.874220
v -0.453914 2.567668 3.874220
v -0.467783 2.863301 3.861965
v -0.467783 2.567668 3.861965
v -0.479165 2.863301 3.847032
v -0.479165 2.567668 3.847032
v -0.487622 2.863301 3.829994
v -0.487622 2.567668 3.829994
v -0.492830 2.863301 3.811508
v -0.492830 2.567668 3.811508
v -0.494589 2.863301 3.792283
v -0.494589 2.567668 3.792283
v -0.492830 2.863301 3.773058
v -0.492830 2.567668 3.773058
v -0.487622 2.863301 3.754572
v -0.487622 2.567668 3.754572
v -0.479165 2.863301 3.737535
v -0.479165 2.567668 3.737535
v -0.467783 2.863301 3.722602
v -0.467783 2.567668 3.722602
v -0.453914 2.863301 3.710347
v -0.453914 2.567668 3.710347
v -0.438091 2.863301 3.701240
v -0.438091 2.567668 3.701240
v -0.420922 2.863301 3.695632
v -0.420922 2.567668 3.695632
v -0.044678 0.515824 -3.744831
v -0.090438 0.515824 -3.744831
v -0.090438 0.515824 3.744539
v -0.044678 0.515824 3.744539
v -0.044678 0.023102 3.744539
v -0.090438 0.023102 3.744539
v -0.090438 0.023102 -3.744831
v -0.044678 0.023102 -3.744831
v -1.695559 0.515824 -3.739969
v -1.695559 0.515824 -3.690696
v -0.089363 0.515824 -3.690696
v -0.089363 0.515824 -3.739969
v -0.089363 0.023102 -3.739969
v -0.089363 0.023102 -3.690696
v -1.695559 0.023102 -3.690696
v -1.695559 0.023102 -3.739969
v -1.693419 0.515824 3.695925
v -1.693419 0.515824 3.745197
v -0.087222 0.515824 3.745196
v -0.087222 0.515824 3.695925
v -0.087222 0.023102 3.695925
v -0.087222 0.023102 3.745196
v -1.693419 0.023102 3.745197
v -1.693419 0.023102 3.695925
v 0.122391 2.376661 0.134924
v -0.060651 2.376661 0.134924
v -0.060651 2.376661 3.662812
v 0.122391 2.376661 3.662812
v 0.122391 0.602863 3.662812
v -0.060651 0.602863 3.662812
v -0.060651 0.602863 0.134924
v 0.122391 0.602863 0.134924
v 0.122391 2.376661 -3.662080
v -0.060651 2.376661 -3.662080
v -0.060651 2.376661 -0.134193
v 0.122391 2.376661 -0.134193
v 0.122391 0.602863 -0.134193
v -0.060651 0.602863 -0.134193
v -0.060651 0.602863 -3.662080
v 0.122391 0.602863 -3.662080
vn 0.333333 0.666667 -0.666667
vn -0.816497 0.408248 -0.408248
vn -0.333333 0.666667 0.666667
vn 0.816497 0.408248 0.408248
vn 0.333333 -0.666667 0.666667
vn -0.816497 -0.408248 0.408248
vn -0.333333 -0.666667 -0.666667
vn 0.816497 -0.408248 -0.408248
vt 0.375000 0.000000
vt 0.625000 0.000000
vt 0.625000 0.250000
vt 0.375000 0.250000
vt 0.625000 0.500000
vt 0.375000 0.500000
vt 0.625000 0.750000
vt 0.375000 0.750000
vt 0.625000 1.000000
vt 0.375000 1.000000
vt 0.125000 0.500000
vt 0.125000 0.750000
vt 0.875000 0.500000
vt 0.875000 0.750000
f 4617/71/55 4618/72/56 4619/73/57
f 4617/71/55 4619/73/57 4620/74/58
f 4621/74/59 4620/73/58 4619/75/57
f 4621/74/59 4619/75/57 4622/76/60
f 4622/76/60 4619/75/57 4618/77/56
f 4622/76/60 4618/77/56 4623/78/61
f 4623/78/61 4624/77/62 4621/79/59
f 4623/78/61 4621/79/59 4622/80/60
f 4624/81/62 4617/76/55 4620/78/58
f 4624/81/62 4620/78/58 4621/82/59
f 4623/75/61 4618/83/56 4617/84/55
f 4623/75/61 4617/84/55 4624/77/62

#
#  Mesh_Material.008
#
usemtl  Mesh_Material.008

v 0.091521 2.475205 -3.941774
v -0.091521 2.475205 -3.941774
v -0.091521 2.475205 3.941774
v 0.091521 2.475205 3.941774
v 0.091521 0.504318 3.941774
v -0.091521 0.504318 3.941774
v -0.091521 0.504318 -3.941774
v 0.091521 0.504318 -3.941774
v -1.694334 2.475205 -3.890128
v -1.694334 2.475205 -3.693039
v 0.136090 2.475205 -3.693039
v 0.136090 2.475205 -3.890128
v 0.136090 0.504318 -3.890128
v 0.136090 0.504318 -3.693039
v -1.694334 0.504318 -3.693039
v -1.694334 0.504318 -3.890128
v -1.694334 2.475205 3.694762
v -1.694334 2.475205 3.891850
v 0.136090 2.475205 3.891850
v 0.136090 2.475205 3.694762
v 0.136090 0.504318 3.694762
v 0.136090 0.504318 3.891850
v -1.694334 0.504318 3.891850
v -1.694334 0.504318 3.694762
v -0.045816 2.475205 -0.098348
v -0.045816 2.475205 0.098740
v 0.137226 2.475205 0.098740
v 0.137226 2.475205 -0.098348
v 0.137226 0.504318 -0.098348
v 0.137226 0.504318 0.098740
v -0.045816 0.504318 0.098740
v -0.045816 0.504318 -0.098348
v 0.138055 2.335210 0.174642
v 0.092294 2.335210 0.174642
v 0.092294 2.335210 3.623694
v 0.138055 2.335210 3.623694
v 0.138055 1.842488 3.623694
v 0.092294 1.842488 3.623694
v 0.092294 1.842488 0.174642
v 0.138055 1.842488 0.174642
v 0.138055 1.125145 0.174642
v 0.092294 1.125145 0.174642
v 0.092294 1.125145 3.623694
v 0.138055 1.125145 3.623694
v 0.138055 0.632423 3.623694
v 0.092294 0.632423 3.623694
v 0.092294 0.632423 0.174642
v 0.138055 0.632423 0.174642
v 0.138055 1.725257 0.174642
v 0.092294 1.725257 0.174642
v 0.092294 1.725257 3.623694
v 0.138055 1.725257 3.623694
v 0.138055 1.232535 3.623694
v 0.092294 1.232535 3.623694
v 0.092294 1.232535 0.174642
v 0.138055 1.232535 0.174642
v 0.138055 2.335210 -3.620507
v 0.092294 2.335210 -3.620507
v 0.092294 2.335210 -0.171455
v 0.138055 2.335210 -0.171455
v 0.138055 1.842488 -0.171455
v 0.092294 1.842488 -0.171455
v 0.092294 1.842488 -3.620507
v 0.138055 1.842488 -3.620507
v 0.138055 1.125145 -3.620507
v 0.092294 1.125145 -3.620507
v 0.092294 1.125145 -0.171455
v 0.138055 1.125145 -0.171455
v 0.138055 0.632423 -0.171455
v 0.092294 0.632423 -0.171455
v 0.092294 0.632423 -3.620507
v 0.138055 0.632423 -3.620507
v 0.138055 1.725257 -3.620507
v 0.092294 1.725257 -3.620507
v 0.092294 1.725257 -0.171455
v 0.138055 1.725257 -0.171455
v 0.138055 1.232535 -0.171455
v 0.092294 1.232535 -0.171455
v 0.092294 1.232535 -3.620507
v 0.138055 1.232535 -3.620507
v 0.321719 2.471320 -4.136629
v 0.321719 2.569864 -4.136629
v 0.321719 2.569864 4.141095
v 0.321719 2.471320 4.141095
v -1.691747 2.471320 4.141095
v -1.691747 2.569864 4.141095
v -1.691747 2.569864 -4.136629
v -1.691747 2.471320 -4.136629
v 0.321150 2.835942 -4.136629
v 0.321150 2.855651 -4.136629
v 0.321150 2.855651 4.141095
v 0.321150 2.835942 4.141095
v -0.594062 2.835942 4.141095
v -0.594062 2.855651 4.141095
v -0.594062 2.855651 -4.136629
v -0.594062 2.835942 -4.136629
v 0.001793 2.854732 -3.939642
v 0.001793 2.874441 -3.939642
v 0.028575 2.874441 -3.936802
v 0.028575 2.854732 -3.936802
v 0.054328 2.874441 -3.928390
v 0.054328 2.854732 -3.928390
v 0.078063 2.874441 -3.914731
v 0.078063 2.854732 -3.914731
v 0.098866 2.874441 -3.896348
v 0.098866 2.854732 -3.896348
v 0.115939 2.874441 -3.873948
v 0.115939 2.854732 -3.873948
v 0.128625 2.874441 -3.848393
v 0.128625 2.854732 -3.848393
v 0.136437 2.874441 -3.820663
v 0.136437 2.854732 -3.820663
v 0.139075 2.874441 -3.791826
v 0.139075 2.854732 -3.791826
v 0.136437 2.874441 -3.762988
v 0.136437 2.854732 -3.762988
v 0.128625 2.874441 -3.735259
v 0.128625 2.854732 -3.735259
v 0.115939 2.874441 -3.709703
v 0.115939 2.854732 -3.709703
v 0.098866 2.874441 -3.687304
v 0.098866 2.854732 -3.687304
v 0.078063 2.874441 -3.668921
v 0.078063 2.854732 -3.668921
v 0.054328 2.874441 -3.655261
v 0.054328 2.854732 -3.655261
v 0.028575 2.874441 -3.646849
v 0.028575 2.854732 -3.646849
v 0.001793 2.874441 -3.644009
v 0.001793 2.854732 -3.644009
v -0.024989 2.874441 -3.646849
v -0.024989 2.854732 -3.646849
v -0.050743 2.874441 -3.655261
v -0.050743 2.854732 -3.655261
v -0.074477 2.874441 -3.668921
v -0.074477 2.854732 -3.668921
v -0.095280 2.874441 -3.687304
v -0.095280 2.854732 -3.687304
v -0.112353 2.874441 -3.709703
v -0.112353 2.854732 -3.709703
v -0.125039 2.874441 -3.735259
v -0.125039 2.854732 -3.735259
v -0.132851 2.874441 -3.762988
v -0.132851 2.854732 -3.762988
v -0.135489 2.874441 -3.791826
v -0.135489 2.854732 -3.791826
v -0.132851 2.874441 -3.820663
v -0.132851 2.854732 -3.820663
v -0.125039 2.874441 -3.848393
v -0.125039 2.854732 -3.848393
v -0.112353 2.874441 -3.873948
v -0.112353 2.854732 -3.873948
v -0.095280 2.874441 -3.896348
v -0.095280 2.854732 -3.896348
v -0.074477 2.874441 -3.914731
v -0.074477 2.854732 -3.914731
v -0.050743 2.874441 -3.928390
v -0.050743 2.854732 -3.928390
v -0.024989 2.874441 -3.936802
v -0.024989 2.854732 -3.936802
v 0.001392 2.565830 -0.098754
v 0.001392 2.861463 -0.098754
v 0.019246 2.861463 -0.096860
v 0.019246 2.565830 -0.096860
v 0.036415 2.861463 -0.091253
v 0.036415 2.565830 -0.091253
v 0.052238 2.861463 -0.082146
v 0.052238 2.565830 -0.082146
v 0.066107 2.861463 -0.069891
v 0.066107 2.565830 -0.069891
v 0.077489 2.861463 -0.054958
v 0.077489 2.565830 -0.054958
v 0.085946 2.861463 -0.037921
v 0.085946 2.565830 -0.037921
v 0.091154 2.861463 -0.019434
v 0.091154 2.565830 -0.019434
v 0.092913 2.861463 -0.000209
v 0.092913 2.565830 -0.000209
v 0.091154 2.861463 0.019016
v 0.091154 2.565830 0.019016
v 0.085946 2.861463 0.037502
v 0.085946 2.565830 0.037502
v 0.077489 2.861463 0.054539
v 0.077489 2.565830 0.054539
v 0.066107 2.861463 0.069472
v 0.066107 2.565830 0.069472
v 0.052238 2.861463 0.081727
v 0.052238 2.565830 0.081727
v 0.036415 2.861463 0.090834
v 0.036415 2.565830 0.090834
v 0.019246 2.861463 0.096441
v 0.019246 2.565830 0.096441
v 0.001392 2.861463 0.098335
v 0.001392 2.565830 0.098335
v -0.016463 2.861463 0.096441
v -0.016463 2.565830 0.096441
v -0.033632 2.861463 0.090834
v -0.033632 2.565830 0.090834
v -0.049455 2.861463 0.081727
v -0.049455 2.565830 0.081727
v -0.063324 2.861463 0.069472
v -0.063324 2.565830 0.069472
v -0.074706 2.861463 0.054539
v -0.074706 2.565830 0.054539
v -0.083163 2.861463 0.037502
v -0.083163 2.565830 0.037502
v -0.088371 2.861463 0.019016
v -0.088371 2.565830 0.019016
v -0.090130 2.861463 -0.000209
v -0.090130 2.565830 -0.000209
v -0.088371 2.861463 -0.019434
v -0.088371 2.565830 -0.019434
v -0.083163 2.861463 -0.037921
v -0.083163 2.565830 -0.037921
v -0.074706 2.861463 -0.054958
v -0.074706 2.565830 -0.054958
v -0.063324 2.861463 -0.069891
v -0.063324 2.565830 -0.069891
v -0.049455 2.861463 -0.082146
v -0.049455 2.565830 -0.082146
v -0.033632 2.861463 -0.091253
v -0.033632 2.565830 -0.091253
v -0.016463 2.861463 -0.096860
v -0.016463 2.565830 -0.096860
v 0.001392 2.565830 3.693990
v 0.001392 2.861463 3.693990
v 0.019246 2.861463 3.695884
v 0.019246 2.565830 3.695884
v 0.036415 2.861463 3.701492
v 0.036415 2.565830 3.701492
v 0.052238 2.861463 3.710598
v 0.052238 2.565830 3.710598
v 0.066107 2.861463 3.722853
v 0.066107 2.565830 3.722853
v 0.077489 2.861463 3.737786
v 0.077489 2.565830 3.737786
v 0.085946 2.861463 3.754823
v 0.085946 2.565830 3.754823
v 0.091154 2.861463 3.773309
v 0.091154 2.565830 3.773309
v 0.092913 2.861463 3.792535
v 0.092913 2.565830 3.792535
v 0.091154 2.861463 3.811760
v 0.091154 2.565830 3.811760
v 0.085946 2.861463 3.830246
v 0.085946 2.565830 3.830246
v 0.077489 2.861463 3.847283
v 0.077489 2.565830 3.847283
v 0.066107 2.861463 3.862216
v 0.066107 2.565830 3.862216
v 0.052238 2.861463 3.874471
v 0.052238 2.565830 3.874471
v 0.036415 2.861463 3.883577
v 0.036415 2.565830 3.883577
v 0.019246 2.861463 3.889185
v 0.019246 2.565830 3.889185
v 0.001392 2.861463 3.891078
v 0.001392 2.565830 3.891078
v -0.016463 2.861463 3.889185
v -0.016463 2.565830 3.889185
v -0.033632 2.861463 3.883577
v -0.033632 2.565830 3.883577
v -0.049455 2.861463 3.874471
v -0.049455 2.565830 3.874471
v -0.063324 2.861463 3.862216
v -0.063324 2.565830 3.862216
v -0.074706 2.861463 3.847283
v -0.074706 2.565830 3.847283
v -0.083163 2.861463 3.830246
v -0.083163 2.565830 3.830246
v -0.088371 2.861463 3.811759
v -0.088371 2.565830 3.811759
v -0.090130 2.861463 3.792535
v -0.090130 2.565830 3.792535
v -0.088371 2.861463 3.773309
v -0.088371 2.565830 3.773309
v -0.083163 2.861463 3.754823
v -0.083163 2.565830 3.754823
v -0.074706 2.861463 3.737786
v -0.074706 2.565830 3.737786
v -0.063324 2.861463 3.722853
v -0.063324 2.565830 3.722853
v -0.049455 2.861463 3.710598
v -0.049455 2.565830 3.710598
v -0.033632 2.861463 3.701492
v -0.033632 2.565830 3.701492
v -0.016463 2.861463 3.695884
v -0.016463 2.565830 3.695884
v 0.001392 2.567668 -3.890344
v 0.001392 2.863301 -3.890344
v 0.019246 2.863301 -3.888450
v 0.019246 2.567668 -3.888450
v 0.036415 2.863301 -3.882843
v 0.036415 2.567668 -3.882843
v 0.052238 2.863301 -3.873736
v 0.052238 2.567668 -3.873736
v 0.066107 2.863301 -3.861481
v 0.066107 2.567668 -3.861481
v 0.077489 2.863301 -3.846548
v 0.077489 2.567668 -3.846548
v 0.085946 2.863301 -3.829511
v 0.085946 2.567668 -3.829511
v 0.091154 2.863301 -3.811025
v 0.091154 2.567668 -3.811025
v 0.092913 2.863301 -3.791800
v 0.092913 2.567668 -3.791800
v 0.091154 2.863301 -3.772574
v 0.091154 2.567668 -3.772574
v 0.085946 2.863301 -3.754088
v 0.085946 2.567668 -3.754088
v 0.077489 2.863301 -3.737051
v 0.077489 2.567668 -3.737051
v 0.066107 2.863301 -3.722118
v 0.066107 2.567668 -3.722118
v 0.052238 2.863301 -3.709863
v 0.052238 2.567668 -3.709863
v 0.036415 2.863301 -3.700757
v 0.036415 2.567668 -3.700757
v 0.019246 2.863301 -3.695149
v 0.019246 2.567668 -3.695149
v 0.001392 2.863301 -3.693255
v 0.001392 2.567668 -3.693255
v -0.016463 2.863301 -3.695149
v -0.016463 2.567668 -3.695149
v -0.033632 2.863301 -3.700757
v -0.033632 2.567668 -3.700757
v -0.049455 2.863301 -3.709863
v -0.049455 2.567668 -3.709863
v -0.063324 2.863301 -3.722118
v -0.063324 2.567668 -3.722118
v -0.074706 2.863301 -3.737051
v -0.074706 2.567668 -3.737051
v -0.083163 2.863301 -3.754088
v -0.083163 2.567668 -3.754088
v -0.088371 2.863301 -3.772574
v -0.088371 2.567668 -3.772574
v -0.090130 2.863301 -3.791800
v -0.090130 2.567668 -3.791800
v -0.088371 2.863301 -3.811025
v -0.088371 2.567668 -3.811025
v -0.083163 2.863301 -3.829511
v -0.083163 2.567668 -3.829511
v -0.074706 2.863301 -3.846548
v -0.074706 2.567668 -3.846548
v -0.063324 2.863301 -3.861481
v -0.063324 2.567668 -3.861481
v -0.049455 2.863301 -3.873736
v -0.049455 2.567668 -3.873736
v -0.033632 2.863301 -3.882843
v -0.033632 2.567668 -3.882843
v -0.016463 2.863301 -3.888450
v -0.016463 2.567668 -3.888450
v 0.001392 2.854412 -0.148026
v 0.001392 2.874121 -0.148026
v 0.028174 2.874121 -0.145185
v 0.028174 2.854412 -0.145185
v 0.053927 2.874121 -0.136774
v 0.053927 2.854412 -0.136774
v 0.077661 2.874121 -0.123114
v 0.077661 2.854412 -0.123114
v 0.098464 2.874121 -0.104731
v 0.098464 2.854412 -0.104731
v 0.115537 2.874121 -0.082332
v 0.115537 2.854412 -0.082332
v 0.128223 2.874121 -0.056776
v 0.128223 2.854412 -0.056776
v 0.136035 2.874121 -0.029047
v 0.136035 2.854412 -0.029047
v 0.138673 2.874121 -0.000209
v 0.138673 2.854412 -0.000209
v 0.136035 2.874121 0.028628
v 0.136035 2.854412 0.028628
v 0.128223 2.874121 0.056358
v 0.128223 2.854412 0.056358
v 0.115537 2.874121 0.081913
v 0.115537 2.854412 0.081913
v 0.098464 2.874121 0.104313
v 0.098464 2.854412 0.104313
v 0.077661 2.874121 0.122696
v 0.077661 2.854412 0.122696
v 0.053927 2.874121 0.136355
v 0.053927 2.854412 0.136355
v 0.028174 2.874121 0.144767
v 0.028174 2.854412 0.144767
v 0.001392 2.874121 0.147607
v 0.001392 2.854412 0.147607
v -0.025391 2.874121 0.144767
v -0.025391 2.854412 0.144767
v -0.051144 2.874121 0.136355
v -0.051144 2.854412 0.136355
v -0.074878 2.874121 0.122696
v -0.074878 2.854412 0.122696
v -0.095681 2.874121 0.104313
v -0.095681 2.854412 0.104313
v -0.112754 2.874121 0.081913
v -0.112754 2.854412 0.081913
v -0.125440 2.874121 0.056358
v -0.125440 2.854412 0.056358
v -0.133253 2.874121 0.028628
v -0.133253 2.854412 0.028628
v -0.135890 2.874121 -0.000209
v -0.135890 2.854412 -0.000209
v -0.133253 2.874121 -0.029047
v -0.133253 2.854412 -0.029047
v -0.125440 2.874121 -0.056776
v -0.125440 2.854412 -0.056776
v -0.112754 2.874121 -0.082332
v -0.112754 2.854412 -0.082332
v -0.095681 2.874121 -0.104731
v -0.095681 2.854412 -0.104731
v -0.074878 2.874121 -0.123114
v -0.074878 2.854412 -0.123114
v -0.051144 2.874121 -0.136774
v -0.051144 2.854412 -0.136774
v -0.025391 2.874121 -0.145186
v -0.025391 2.854412 -0.145186
v 0.001678 2.854805 3.644748
v 0.001678 2.874514 3.644748
v 0.028460 2.874514 3.647588
v 0.028460 2.854805 3.647588
v 0.054213 2.874514 3.656000
v 0.054213 2.854805 3.656000
v 0.077948 2.874514 3.669660
v 0.077948 2.854805 3.669660
v 0.098751 2.874514 3.688043
v 0.098751 2.854805 3.688043
v 0.115824 2.874514 3.710442
v 0.115824 2.854805 3.710442
v 0.128510 2.874514 3.735998
v 0.128510 2.854805 3.735998
v 0.136322 2.874514 3.763727
v 0.136322 2.854805 3.763727
v 0.138960 2.874514 3.792565
v 0.138960 2.854805 3.792565
v 0.136322 2.874514 3.821402
v 0.136322 2.854805 3.821402
v 0.128510 2.874514 3.849132
v 0.128510 2.854805 3.849132
v 0.115824 2.874514 3.874687
v 0.115824 2.854805 3.874687
v 0.098751 2.874514 3.897087
v 0.098751 2.854805 3.897087
v 0.077948 2.874514 3.915470
v 0.077948 2.854805 3.915470
v 0.054213 2.874514 3.929129
v 0.054213 2.854805 3.929129
v 0.028460 2.874514 3.937541
v 0.028460 2.854805 3.937541
v 0.001678 2.874514 3.940381
v 0.001678 2.854805 3.940381
v -0.025104 2.874514 3.937541
v -0.025104 2.854805 3.937541
v -0.050857 2.874514 3.929129
v -0.050857 2.854805 3.929129
v -0.074592 2.874514 3.915470
v -0.074592 2.854805 3.915470
v -0.095395 2.874514 3.897087
v -0.095395 2.854805 3.897087
v -0.112468 2.874514 3.874687
v -0.112468 2.854805 3.874687
v -0.125154 2.874514 3.849132
v -0.125154 2.854805 3.849132
v -0.132966 2.874514 3.821402
v -0.132966 2.854805 3.821402
v -0.135604 2.874514 3.792565
v -0.135604 2.854805 3.792565
v -0.132966 2.874514 3.763727
v -0.132966 2.854805 3.763727
v -0.125154 2.874514 3.735998
v -0.125154 2.854805 3.735998
v -0.112468 2.874514 3.710442
v -0.112468 2.854805 3.710442
v -0.095395 2.874514 3.688043
v -0.095395 2.854805 3.688043
v -0.074592 2.874514 3.669660
v -0.074592 2.854805 3.669660
v -0.050857 2.874514 3.656000
v -0.050857 2.854805 3.656000
v -0.025104 2.874514 3.647588
v -0.025104 2.854805 3.647588
v -0.402666 2.854732 -3.939584
v -0.402666 2.874441 -3.939584
v -0.375884 2.874441 -3.936744
v -0.375884 2.854732 -3.936744
v -0.350131 2.874441 -3.928332
v -0.350131 2.854732 -3.928332
v -0.326397 2.874441 -3.914672
v -0.326397 2.854732 -3.914672
v -0.305593 2.874441 -3.896290
v -0.305593 2.854732 -3.896290
v -0.288521 2.874441 -3.873890
v -0.288521 2.854732 -3.873890
v -0.275834 2.874441 -3.848334
v -0.275834 2.854732 -3.848334
v -0.268022 2.874441 -3.820605
v -0.268022 2.854732 -3.820605
v -0.265384 2.874441 -3.791768
v -0.265384 2.854732 -3.791768
v -0.268022 2.874441 -3.762930
v -0.268022 2.854732 -3.762930
v -0.275834 2.874441 -3.735201
v -0.275834 2.854732 -3.735201
v -0.288521 2.874441 -3.709645
v -0.288521 2.854732 -3.709645
v -0.305593 2.874441 -3.687246
v -0.305593 2.854732 -3.687246
v -0.326397 2.874441 -3.668863
v -0.326397 2.854732 -3.668863
v -0.350131 2.874441 -3.655203
v -0.350131 2.854732 -3.655203
v -0.375884 2.874441 -3.646791
v -0.375884 2.854732 -3.646791
v -0.402666 2.874441 -3.643951
v -0.402666 2.854732 -3.643951
v -0.429448 2.874441 -3.646791
v -0.429448 2.854732 -3.646791
v -0.455202 2.874441 -3.655203
v -0.455202 2.854732 -3.655203
v -0.478936 2.874441 -3.668863
v -0.478936 2.854732 -3.668863
v -0.499739 2.874441 -3.687246
v -0.499739 2.854732 -3.687246
v -0.516812 2.874441 -3.709645
v -0.516812 2.854732 -3.709645
v -0.529498 2.874441 -3.735201
v -0.529498 2.854732 -3.735201
v -0.537310 2.874441 -3.762930
v -0.537310 2.854732 -3.762930
v -0.539948 2.874441 -3.791768
v -0.539948 2.854732 -3.791768
v -0.537310 2.874441 -3.820606
v -0.537310 2.854732 -3.820606
v -0.529498 2.874441 -3.848334
v -0.529498 2.854732 -3.848334
v -0.516811 2.874441 -3.873890
v -0.516811 2.854732 -3.873890
v -0.499739 2.874441 -3.896290
v -0.499739 2.854732 -3.896290
v -0.478936 2.874441 -3.914672
v -0.478936 2.854732 -3.914672
v -0.455201 2.874441 -3.928332
v -0.455201 2.854732 -3.928332
v -0.429448 2.874441 -3.936744
v -0.429448 2.854732 -3.936744
v -0.403068 2.567668 -3.890286
v -0.403068 2.863301 -3.890286
v -0.385213 2.863301 -3.888392
v -0.385213 2.567668 -3.888392
v -0.368044 2.863301 -3.882785
v -0.368044 2.567668 -3.882785
v -0.352221 2.863301 -3.873678
v -0.352221 2.567668 -3.873678
v -0.338352 2.863301 -3.861423
v -0.338352 2.567668 -3.861423
v -0.326970 2.863301 -3.846489
v -0.326970 2.567668 -3.846489
v -0.318513 2.863301 -3.829453
v -0.318513 2.567668 -3.829453
v -0.313305 2.863301 -3.810966
v -0.313305 2.567668 -3.810966
v -0.311546 2.863301 -3.791741
v -0.311546 2.567668 -3.791741
v -0.313305 2.863301 -3.772516
v -0.313305 2.567668 -3.772516
v -0.318513 2.863301 -3.754030
v -0.318513 2.567668 -3.754030
v -0.326970 2.863301 -3.736993
v -0.326970 2.567668 -3.736993
v -0.338352 2.863301 -3.722060
v -0.338352 2.567668 -3.722060
v -0.352221 2.863301 -3.709805
v -0.352221 2.567668 -3.709805
v -0.368044 2.863301 -3.700698
v -0.368044 2.567668 -3.700698
v -0.385213 2.863301 -3.695091
v -0.385213 2.567668 -3.695091
v -0.403068 2.863301 -3.693197
v -0.403068 2.567668 -3.693197
v -0.420922 2.863301 -3.695091
v -0.420922 2.567668 -3.695091
v -0.438091 2.863301 -3.700698
v -0.438091 2.567668 -3.700698
v -0.453914 2.863301 -3.709805
v -0.453914 2.567668 -3.709805
v -0.467783 2.863301 -3.722060
v -0.467783 2.567668 -3.722060
v -0.479165 2.863301 -3.736993
v -0.479165 2.567668 -3.736993
v -0.487622 2.863301 -3.754030
v -0.487622 2.567668 -3.754030
v -0.492830 2.863301 -3.772517
v -0.492830 2.567668 -3.772517
v -0.494589 2.863301 -3.791741
v -0.494589 2.567668 -3.791741
v -0.492830 2.863301 -3.810966
v -0.492830 2.567668 -3.810966
v -0.487622 2.863301 -3.829453
v -0.487622 2.567668 -3.829453
v -0.479165 2.863301 -3.846489
v -0.479165 2.567668 -3.846489
v -0.467783 2.863301 -3.861423
v -0.467783 2.567668 -3.861423
v -0.453914 2.863301 -3.873678
v -0.453914 2.567668 -3.873678
v -0.438091 2.863301 -3.882785
v -0.438091 2.567668 -3.882785
v -0.420922 2.863301 -3.888392
v -0.420922 2.567668 -3.888392
v -0.402666 2.854732 3.644441
v -0.402666 2.874441 3.644441
v -0.375884 2.874441 3.647281
v -0.375884 2.854732 3.647281
v -0.350131 2.874441 3.655693
v -0.350131 2.854732 3.655693
v -0.326397 2.874441 3.669352
v -0.326397 2.854732 3.669352
v -0.305593 2.874441 3.687735
v -0.305593 2.854732 3.687735
v -0.288521 2.874441 3.710135
v -0.288521 2.854732 3.710135
v -0.275834 2.874441 3.735690
v -0.275834 2.854732 3.735690
v -0.268022 2.874441 3.763420
v -0.268022 2.854732 3.763420
v -0.265384 2.874441 3.792257
v -0.265384 2.854732 3.792257
v -0.268022 2.874441 3.821095
v -0.268022 2.854732 3.821095
v -0.275834 2.874441 3.848824
v -0.275834 2.854732 3.848824
v -0.288521 2.874441 3.874380
v -0.288521 2.854732 3.874380
v -0.305593 2.874441 3.896779
v -0.305593 2.854732 3.896779
v -0.326397 2.874441 3.915162
v -0.326397 2.854732 3.915162
v -0.350131 2.874441 3.928822
v -0.350131 2.854732 3.928822
v -0.375884 2.874441 3.937234
v -0.375884 2.854732 3.937234
v -0.402666 2.874441 3.940074
v -0.402666 2.854732 3.940074
v -0.429448 2.874441 3.937234
v -0.429448 2.854732 3.937234
v -0.455202 2.874441 3.928822
v -0.455202 2.854732 3.928822
v -0.478936 2.874441 3.915162
v -0.478936 2.854732 3.915162
v -0.499739 2.874441 3.896779
v -0.499739 2.854732 3.896779
v -0.516812 2.874441 3.874380
v -0.516812 2.854732 3.874380
v -0.529498 2.874441 3.848824
v -0.529498 2.854732 3.848824
v -0.537310 2.874441 3.821095
v -0.537310 2.854732 3.821095
v -0.539948 2.874441 3.792257
v -0.539948 2.854732 3.792257
v -0.537310 2.874441 3.763419
v -0.537310 2.854732 3.763419
v -0.529498 2.874441 3.735690
v -0.529498 2.854732 3.735690
v -0.516811 2.874441 3.710135
v -0.516811 2.854732 3.710135
v -0.499739 2.874441 3.687735
v -0.499739 2.854732 3.687735
v -0.478936 2.874441 3.669352
v -0.478936 2.854732 3.669352
v -0.455201 2.874441 3.655693
v -0.455201 2.854732 3.655693
v -0.429448 2.874441 3.647281
v -0.429448 2.854732 3.647281
v -0.403068 2.567668 3.693739
v -0.403068 2.863301 3.693739
v -0.385213 2.863301 3.695632
v -0.385213 2.567668 3.695632
v -0.368044 2.863301 3.701240
v -0.368044 2.567668 3.701240
v -0.352221 2.863301 3.710347
v -0.352221 2.567668 3.710347
v -0.338352 2.863301 3.722602
v -0.338352 2.567668 3.722602
v -0.326970 2.863301 3.737535
v -0.326970 2.567668 3.737535
v -0.318513 2.863301 3.754572
v -0.318513 2.567668 3.754572
v -0.313305 2.863301 3.773058
v -0.313305 2.567668 3.773058
v -0.311546 2.863301 3.792283
v -0.311546 2.567668 3.792283
v -0.313305 2.863301 3.811508
v -0.313305 2.567668 3.811508
v -0.318513 2.863301 3.829994
v -0.318513 2.567668 3.829994
v -0.326970 2.863301 3.847032
v -0.326970 2.567668 3.847032
v -0.338352 2.863301 3.861965
v -0.338352 2.567668 3.861965
v -0.352221 2.863301 3.874220
v -0.352221 2.567668 3.874220
v -0.368044 2.863301 3.883327
v -0.368044 2.567668 3.883327
v -0.385213 2.863301 3.888934
v -0.385213 2.567668 3.888934
v -0.403068 2.863301 3.890828
v -0.403068 2.567668 3.890828
v -0.420922 2.863301 3.888934
v -0.420922 2.567668 3.888934
v -0.438091 2.863301 3.883327
v -0.438091 2.567668 3.883327
v -0.453914 2.863301 3.874220
v -0.453914 2.567668 3.874220
v -0.467783 2.863301 3.861965
v -0.467783 2.567668 3.861965
v -0.479165 2.863301 3.847032
v -0.479165 2.567668 3.847032
v -0.487622 2.863301 3.829994
v -0.487622 2.567668 3.829994
v -0.492830 2.863301 3.811508
v -0.492830 2.567668 3.811508
v -0.494589 2.863301 3.792283
v -0.494589 2.567668 3.792283
v -0.492830 2.863301 3.773058
v -0.492830 2.567668 3.773058
v -0.487622 2.863301 3.754572
v -0.487622 2.567668 3.754572
v -0.479165 2.863301 3.737535
v -0.479165 2.567668 3.737535
v -0.467783 2.863301 3.722602
v -0.467783 2.567668 3.722602
v -0.453914 2.863301 3.710347
v -0.453914 2.567668 3.710347
v -0.438091 2.863301 3.701240
v -0.438091 2.567668 3.701240
v -0.420922 2.863301 3.695632
v -0.420922 2.567668 3.695632
v -0.044678 0.515824 -3.744831
v -0.090438 0.515824 -3.744831
v -0.090438 0.515824 3.744539
v -0.044678 0.515824 3.744539
v -0.044678 0.023102 3.744539
v -0.090438 0.023102 3.744539
v -0.090438 0.023102 -3.744831
v -0.044678 0.023102 -3.744831
v -1.695559 0.515824 -3.739969
v -1.695559 0.515824 -3.690696
v -0.089363 0.515824 -3.690696
v -0.089363 0.515824 -3.739969
v -0.089363 0.023102 -3.739969
v -0.089363 0.023102 -3.690696
v -1.695559 0.023102 -3.690696
v -1.695559 0.023102 -3.739969
v -1.693419 0.515824 3.695925
v -1.693419 0.515824 3.745197
v -0.087222 0.515824 3.745196
v -0.087222 0.515824 3.695925
v -0.087222 0.023102 3.695925
v -0.087222 0.023102 3.745196
v -1.693419 0.023102 3.745197
v -1.693419 0.023102 3.695925
v 0.122391 2.376661 0.134924
v -0.060651 2.376661 0.134924
v -0.060651 2.376661 3.662812
v 0.122391 2.376661 3.662812
v 0.122391 0.602863 3.662812
v -0.060651 0.602863 3.662812
v -0.060651 0.602863 0.134924
v 0.122391 0.602863 0.134924
v 0.122391 2.376661 -3.662080
v -0.060651 2.376661 -3.662080
v -0.060651 2.376661 -0.134193
v 0.122391 2.376661 -0.134193
v 0.122391 0.602863 -0.134193
v -0.060651 0.602863 -0.134193
v -0.060651 0.602863 -3.662080
v 0.122391 0.602863 -3.662080
vn 0.666667 -0.333333 -0.666667
vn 0.408248 0.816496 -0.408248
vn 0.666667 0.333333 0.666667
vn 0.408248 -0.816496 0.408248
vn -0.666667 -0.333333 0.666667
vn -0.408248 0.816496 0.408248
vn -0.666667 0.333333 -0.666667
vn -0.408248 -0.816496 -0.408248
vn 0.333333 0.666667 -0.666667
vn -0.816497 0.408248 -0.408248
vn -0.333333 0.666667 0.666667
vn 0.816497 0.408248 0.408248
vn 0.333333 -0.666667 0.666667
vn -0.816497 -0.408248 0.408248
vn -0.333333 -0.666667 -0.666667
vn 0.816497 -0.408248 -0.408248
vt 0.375000 0.000000
vt 0.625000 0.000000
vt 0.625000 0.250000
vt 0.375000 0.250000
vt 0.625000 0.500000
vt 0.375000 0.500000
vt 0.625000 0.750000
vt 0.375000 0.750000
vt 0.625000 1.000000
vt 0.375000 1.000000
vt 0.125000 0.500000
vt 0.125000 0.750000
vt 0.875000 0.500000
vt 0.875000 0.750000
f 4737/85/63 4738/86/64 4739/87/65
f 4737/85/63 4739/87/65 4740/88/66
f 4741/88/67 4740/87/66 4739/89/65
f 4741/88/67 4739/89/65 4742/90/68
f 4742/90/68 4739/89/65 4738/91/64
f 4742/90/68 4738/91/64 4743/92/69
f 4743/92/69 4744/91/70 4741/93/67
f 4743/92/69 4741/93/67 4742/94/68
f 4744/95/70 4737/90/63 4740/92/66
f 4744/95/70 4740/92/66 4741/96/67
f 4743/89/69 4738/97/64 4737/98/63
f 4743/89/69 4737/98/63 4744/91/70
f 5425/85/71 5426/86/72 5427/87/73
f 5425/85/71 5427/87/73 5428/88/74
f 5429/88/75 5428/87/74 5427/89/73
f 5429/88/75 5427/89/73 5430/90/76
f 5430/90/76 5427/89/73 5426/91/72
f 5430/90/76 5426/91/72 5431/92/77
f 5431/92/77 5432/91/78 5429/93/75
f 5431/92/77 5429/93/75 5430/94/76
f 5432/95/78 5425/90/71 5428/92/74
f 5432/95/78 5428/92/74 5429/96/75
f 5431/89/77 5426/97/72 5425/98/71
f 5431/89/77 5425/98/71 5432/91/78

#
#  Mesh_Material.009
#
usemtl  Mesh_Material.009

v 0.091521 2.475205 -3.941774
v -0.091521 2.475205 -3.941774
v -0.091521 2.475205 3.941774
v 0.091521 2.475205 3.941774
v 0.091521 0.504318 3.941774
v -0.091521 0.504318 3.941774
v -0.091521 0.504318 -3.941774
v 0.091521 0.504318 -3.941774
v -1.694334 2.475205 -3.890128
v -1.694334 2.475205 -3.693039
v 0.136090 2.475205 -3.693039
v 0.136090 2.475205 -3.890128
v 0.136090 0.504318 -3.890128
v 0.136090 0.504318 -3.693039
v -1.694334 0.504318 -3.693039
v -1.694334 0.504318 -3.890128
v -1.694334 2.475205 3.694762
v -1.694334 2.475205 3.891850
v 0.136090 2.475205 3.891850
v 0.136090 2.475205 3.694762
v 0.136090 0.504318 3.694762
v 0.136090 0.504318 3.891850
v -1.694334 0.504318 3.891850
v -1.694334 0.504318 3.694762
v -0.045816 2.475205 -0.098348
v -0.045816 2.475205 0.098740
v 0.137226 2.475205 0.098740
v 0.137226 2.475205 -0.098348
v 0.137226 0.504318 -0.098348
v 0.137226 0.504318 0.098740
v -0.045816 0.504318 0.098740
v -0.045816 0.504318 -0.098348
v 0.138055 2.335210 0.174642
v 0.092294 2.335210 0.174642
v 0.092294 2.335210 3.623694
v 0.138055 2.335210 3.623694
v 0.138055 1.842488 3.623694
v 0.092294 1.842488 3.623694
v 0.092294 1.842488 0.174642
v 0.138055 1.842488 0.174642
v 0.138055 1.125145 0.174642
v 0.092294 1.125145 0.174642
v 0.092294 1.125145 3.623694
v 0.138055 1.125145 3.623694
v 0.138055 0.632423 3.623694
v 0.092294 0.632423 3.623694
v 0.092294 0.632423 0.174642
v 0.138055 0.632423 0.174642
v 0.138055 1.725257 0.174642
v 0.092294 1.725257 0.174642
v 0.092294 1.725257 3.623694
v 0.138055 1.725257 3.623694
v 0.138055 1.232535 3.623694
v 0.092294 1.232535 3.623694
v 0.092294 1.232535 0.174642
v 0.138055 1.232535 0.174642
v 0.138055 2.335210 -3.620507
v 0.092294 2.335210 -3.620507
v 0.092294 2.335210 -0.171455
v 0.138055 2.335210 -0.171455
v 0.138055 1.842488 -0.171455
v 0.092294 1.842488 -0.171455
v 0.092294 1.842488 -3.620507
v 0.138055 1.842488 -3.620507
v 0.138055 1.125145 -3.620507
v 0.092294 1.125145 -3.620507
v 0.092294 1.125145 -0.171455
v 0.138055 1.125145 -0.171455
v 0.138055 0.632423 -0.171455
v 0.092294 0.632423 -0.171455
v 0.092294 0.632423 -3.620507
v 0.138055 0.632423 -3.620507
v 0.138055 1.725257 -3.620507
v 0.092294 1.725257 -3.620507
v 0.092294 1.725257 -0.171455
v 0.138055 1.725257 -0.171455
v 0.138055 1.232535 -0.171455
v 0.092294 1.232535 -0.171455
v 0.092294 1.232535 -3.620507
v 0.138055 1.232535 -3.620507
v 0.321719 2.471320 -4.136629
v 0.321719 2.569864 -4.136629
v 0.321719 2.569864 4.141095
v 0.321719 2.471320 4.141095
v -1.691747 2.471320 4.141095
v -1.691747 2.569864 4.141095
v -1.691747 2.569864 -4.136629
v -1.691747 2.471320 -4.136629
v 0.321150 2.835942 -4.136629
v 0.321150 2.855651 -4.136629
v 0.321150 2.855651 4.141095
v 0.321150 2.835942 4.141095
v -0.594062 2.835942 4.141095
v -0.594062 2.855651 4.141095
v -0.594062 2.855651 -4.136629
v -0.594062 2.835942 -4.136629
v 0.001793 2.854732 -3.939642
v 0.001793 2.874441 -3.939642
v 0.028575 2.874441 -3.936802
v 0.028575 2.854732 -3.936802
v 0.054328 2.874441 -3.928390
v 0.054328 2.854732 -3.928390
v 0.078063 2.874441 -3.914731
v 0.078063 2.854732 -3.914731
v 0.098866 2.874441 -3.896348
v 0.098866 2.854732 -3.896348
v 0.115939 2.874441 -3.873948
v 0.115939 2.854732 -3.873948
v 0.128625 2.874441 -3.848393
v 0.128625 2.854732 -3.848393
v 0.136437 2.874441 -3.820663
v 0.136437 2.854732 -3.820663
v 0.139075 2.874441 -3.791826
v 0.139075 2.854732 -3.791826
v 0.136437 2.874441 -3.762988
v 0.136437 2.854732 -3.762988
v 0.128625 2.874441 -3.735259
v 0.128625 2.854732 -3.735259
v 0.115939 2.874441 -3.709703
v 0.115939 2.854732 -3.709703
v 0.098866 2.874441 -3.687304
v 0.098866 2.854732 -3.687304
v 0.078063 2.874441 -3.668921
v 0.078063 2.854732 -3.668921
v 0.054328 2.874441 -3.655261
v 0.054328 2.854732 -3.655261
v 0.028575 2.874441 -3.646849
v 0.028575 2.854732 -3.646849
v 0.001793 2.874441 -3.644009
v 0.001793 2.854732 -3.644009
v -0.024989 2.874441 -3.646849
v -0.024989 2.854732 -3.646849
v -0.050743 2.874441 -3.655261
v -0.050743 2.854732 -3.655261
v -0.074477 2.874441 -3.668921
v -0.074477 2.854732 -3.668921
v -0.095280 2.874441 -3.687304
v -0.095280 2.854732 -3.687304
v -0.112353 2.874441 -3.709703
v -0.112353 2.854732 -3.709703
v -0.125039 2.874441 -3.735259
v -0.125039 2.854732 -3.735259
v -0.132851 2.874441 -3.762988
v -0.132851 2.854732 -3.762988
v -0.135489 2.874441 -3.791826
v -0.135489 2.854732 -3.791826
v -0.132851 2.874441 -3.820663
v -0.132851 2.854732 -3.820663
v -0.125039 2.874441 -3.848393
v -0.125039 2.854732 -3.848393
v -0.112353 2.874441 -3.873948
v -0.112353 2.854732 -3.873948
v -0.095280 2.874441 -3.896348
v -0.095280 2.854732 -3.896348
v -0.074477 2.874441 -3.914731
v -0.074477 2.854732 -3.914731
v -0.050743 2.874441 -3.928390
v -0.050743 2.854732 -3.928390
v -0.024989 2.874441 -3.936802
v -0.024989 2.854732 -3.936802
v 0.001392 2.565830 -0.098754
v 0.001392 2.861463 -0.098754
v 0.019246 2.861463 -0.096860
v 0.019246 2.565830 -0.096860
v 0.036415 2.861463 -0.091253
v 0.036415 2.565830 -0.091253
v 0.052238 2.861463 -0.082146
v 0.052238 2.565830 -0.082146
v 0.066107 2.861463 -0.069891
v 0.066107 2.565830 -0.069891
v 0.077489 2.861463 -0.054958
v 0.077489 2.565830 -0.054958
v 0.085946 2.861463 -0.037921
v 0.085946 2.565830 -0.037921
v 0.091154 2.861463 -0.019434
v 0.091154 2.565830 -0.019434
v 0.092913 2.861463 -0.000209
v 0.092913 2.565830 -0.000209
v 0.091154 2.861463 0.019016
v 0.091154 2.565830 0.019016
v 0.085946 2.861463 0.037502
v 0.085946 2.565830 0.037502
v 0.077489 2.861463 0.054539
v 0.077489 2.565830 0.054539
v 0.066107 2.861463 0.069472
v 0.066107 2.565830 0.069472
v 0.052238 2.861463 0.081727
v 0.052238 2.565830 0.081727
v 0.036415 2.861463 0.090834
v 0.036415 2.565830 0.090834
v 0.019246 2.861463 0.096441
v 0.019246 2.565830 0.096441
v 0.001392 2.861463 0.098335
v 0.001392 2.565830 0.098335
v -0.016463 2.861463 0.096441
v -0.016463 2.565830 0.096441
v -0.033632 2.861463 0.090834
v -0.033632 2.565830 0.090834
v -0.049455 2.861463 0.081727
v -0.049455 2.565830 0.081727
v -0.063324 2.861463 0.069472
v -0.063324 2.565830 0.069472
v -0.074706 2.861463 0.054539
v -0.074706 2.565830 0.054539
v -0.083163 2.861463 0.037502
v -0.083163 2.565830 0.037502
v -0.088371 2.861463 0.019016
v -0.088371 2.565830 0.019016
v -0.090130 2.861463 -0.000209
v -0.090130 2.565830 -0.000209
v -0.088371 2.861463 -0.019434
v -0.088371 2.565830 -0.019434
v -0.083163 2.861463 -0.037921
v -0.083163 2.565830 -0.037921
v -0.074706 2.861463 -0.054958
v -0.074706 2.565830 -0.054958
v -0.063324 2.861463 -0.069891
v -0.063324 2.565830 -0.069891
v -0.049455 2.861463 -0.082146
v -0.049455 2.565830 -0.082146
v -0.033632 2.861463 -0.091253
v -0.033632 2.565830 -0.091253
v -0.016463 2.861463 -0.096860
v -0.016463 2.565830 -0.096860
v 0.001392 2.565830 3.693990
v 0.001392 2.861463 3.693990
v 0.019246 2.861463 3.695884
v 0.019246 2.565830 3.695884
v 0.036415 2.861463 3.701492
v 0.036415 2.565830 3.701492
v 0.052238 2.861463 3.710598
v 0.052238 2.565830 3.710598
v 0.066107 2.861463 3.722853
v 0.066107 2.565830 3.722853
v 0.077489 2.861463 3.737786
v 0.077489 2.565830 3.737786
v 0.085946 2.861463 3.754823
v 0.085946 2.565830 3.754823
v 0.091154 2.861463 3.773309
v 0.091154 2.565830 3.773309
v 0.092913 2.861463 3.792535
v 0.092913 2.565830 3.792535
v 0.091154 2.861463 3.811760
v 0.091154 2.565830 3.811760
v 0.085946 2.861463 3.830246
v 0.085946 2.565830 3.830246
v 0.077489 2.861463 3.847283
v 0.077489 2.565830 3.847283
v 0.066107 2.861463 3.862216
v 0.066107 2.565830 3.862216
v 0.052238 2.861463 3.874471
v 0.052238 2.565830 3.874471
v 0.036415 2.861463 3.883577
v 0.036415 2.565830 3.883577
v 0.019246 2.861463 3.889185
v 0.019246 2.565830 3.889185
v 0.001392 2.861463 3.891078
v 0.001392 2.565830 3.891078
v -0.016463 2.861463 3.889185
v -0.016463 2.565830 3.889185
v -0.033632 2.861463 3.883577
v -0.033632 2.565830 3.883577
v -0.049455 2.861463 3.874471
v -0.049455 2.565830 3.874471
v -0.063324 2.861463 3.862216
v -0.063324 2.565830 3.862216
v -0.074706 2.861463 3.847283
v -0.074706 2.565830 3.847283
v -0.083163 2.861463 3.830246
v -0.083163 2.565830 3.830246
v -0.088371 2.861463 3.811759
v -0.088371 2.565830 3.811759
v -0.090130 2.861463 3.792535
v -0.090130 2.565830 3.792535
v -0.088371 2.861463 3.773309
v -0.088371 2.565830 3.773309
v -0.083163 2.861463 3.754823
v -0.083163 2.565830 3.754823
v -0.074706 2.861463 3.737786
v -0.074706 2.565830 3.737786
v -0.063324 2.861463 3.722853
v -0.063324 2.565830 3.722853
v -0.049455 2.861463 3.710598
v -0.049455 2.565830 3.710598
v -0.033632 2.861463 3.701492
v -0.033632 2.565830 3.701492
v -0.016463 2.861463 3.695884
v -0.016463 2.565830 3.695884
v 0.001392 2.567668 -3.890344
v 0.001392 2.863301 -3.890344
v 0.019246 2.863301 -3.888450
v 0.019246 2.567668 -3.888450
v 0.036415 2.863301 -3.882843
v 0.036415 2.567668 -3.882843
v 0.052238 2.863301 -3.873736
v 0.052238 2.567668 -3.873736
v 0.066107 2.863301 -3.861481
v 0.066107 2.567668 -3.861481
v 0.077489 2.863301 -3.846548
v 0.077489 2.567668 -3.846548
v 0.085946 2.863301 -3.829511
v 0.085946 2.567668 -3.829511
v 0.091154 2.863301 -3.811025
v 0.091154 2.567668 -3.811025
v 0.092913 2.863301 -3.791800
v 0.092913 2.567668 -3.791800
v 0.091154 2.863301 -3.772574
v 0.091154 2.567668 -3.772574
v 0.085946 2.863301 -3.754088
v 0.085946 2.567668 -3.754088
v 0.077489 2.863301 -3.737051
v 0.077489 2.567668 -3.737051
v 0.066107 2.863301 -3.722118
v 0.066107 2.567668 -3.722118
v 0.052238 2.863301 -3.709863
v 0.052238 2.567668 -3.709863
v 0.036415 2.863301 -3.700757
v 0.036415 2.567668 -3.700757
v 0.019246 2.863301 -3.695149
v 0.019246 2.567668 -3.695149
v 0.001392 2.863301 -3.693255
v 0.001392 2.567668 -3.693255
v -0.016463 2.863301 -3.695149
v -0.016463 2.567668 -3.695149
v -0.033632 2.863301 -3.700757
v -0.033632 2.567668 -3.700757
v -0.049455 2.863301 -3.709863
v -0.049455 2.567668 -3.709863
v -0.063324 2.863301 -3.722118
v -0.063324 2.567668 -3.722118
v -0.074706 2.863301 -3.737051
v -0.074706 2.567668 -3.737051
v -0.083163 2.863301 -3.754088
v -0.083163 2.567668 -3.754088
v -0.088371 2.863301 -3.772574
v -0.088371 2.567668 -3.772574
v -0.090130 2.863301 -3.791800
v -0.090130 2.567668 -3.791800
v -0.088371 2.863301 -3.811025
v -0.088371 2.567668 -3.811025
v -0.083163 2.863301 -3.829511
v -0.083163 2.567668 -3.829511
v -0.074706 2.863301 -3.846548
v -0.074706 2.567668 -3.846548
v -0.063324 2.863301 -3.861481
v -0.063324 2.567668 -3.861481
v -0.049455 2.863301 -3.873736
v -0.049455 2.567668 -3.873736
v -0.033632 2.863301 -3.882843
v -0.033632 2.567668 -3.882843
v -0.016463 2.863301 -3.888450
v -0.016463 2.567668 -3.888450
v 0.001392 2.854412 -0.148026
v 0.001392 2.874121 -0.148026
v 0.028174 2.874121 -0.145185
v 0.028174 2.854412 -0.145185
v 0.053927 2.874121 -0.136774
v 0.053927 2.854412 -0.136774
v 0.077661 2.874121 -0.123114
v 0.077661 2.854412 -0.123114
v 0.098464 2.874121 -0.104731
v 0.098464 2.854412 -0.104731
v 0.115537 2.874121 -0.082332
v 0.115537 2.854412 -0.082332
v 0.128223 2.874121 -0.056776
v 0.128223 2.854412 -0.056776
v 0.136035 2.874121 -0.029047
v 0.136035 2.854412 -0.029047
v 0.138673 2.874121 -0.000209
v 0.138673 2.854412 -0.000209
v 0.136035 2.874121 0.028628
v 0.136035 2.854412 0.028628
v 0.128223 2.874121 0.056358
v 0.128223 2.854412 0.056358
v 0.115537 2.874121 0.081913
v 0.115537 2.854412 0.081913
v 0.098464 2.874121 0.104313
v 0.098464 2.854412 0.104313
v 0.077661 2.874121 0.122696
v 0.077661 2.854412 0.122696
v 0.053927 2.874121 0.136355
v 0.053927 2.854412 0.136355
v 0.028174 2.874121 0.144767
v 0.028174 2.854412 0.144767
v 0.001392 2.874121 0.147607
v 0.001392 2.854412 0.147607
v -0.025391 2.874121 0.144767
v -0.025391 2.854412 0.144767
v -0.051144 2.874121 0.136355
v -0.051144 2.854412 0.136355
v -0.074878 2.874121 0.122696
v -0.074878 2.854412 0.122696
v -0.095681 2.874121 0.104313
v -0.095681 2.854412 0.104313
v -0.112754 2.874121 0.081913
v -0.112754 2.854412 0.081913
v -0.125440 2.874121 0.056358
v -0.125440 2.854412 0.056358
v -0.133253 2.874121 0.028628
v -0.133253 2.854412 0.028628
v -0.135890 2.874121 -0.000209
v -0.135890 2.854412 -0.000209
v -0.133253 2.874121 -0.029047
v -0.133253 2.854412 -0.029047
v -0.125440 2.874121 -0.056776
v -0.125440 2.854412 -0.056776
v -0.112754 2.874121 -0.082332
v -0.112754 2.854412 -0.082332
v -0.095681 2.874121 -0.104731
v -0.095681 2.854412 -0.104731
v -0.074878 2.874121 -0.123114
v -0.074878 2.854412 -0.123114
v -0.051144 2.874121 -0.136774
v -0.051144 2.854412 -0.136774
v -0.025391 2.874121 -0.145186
v -0.025391 2.854412 -0.145186
v 0.001678 2.854805 3.644748
v 0.001678 2.874514 3.644748
v 0.028460 2.874514 3.647588
v 0.028460 2.854805 3.647588
v 0.054213 2.874514 3.656000
v 0.054213 2.854805 3.656000
v 0.077948 2.874514 3.669660
v 0.077948 2.854805 3.669660
v 0.098751 2.874514 3.688043
v 0.098751 2.854805 3.688043
v 0.115824 2.874514 3.710442
v 0.115824 2.854805 3.710442
v 0.128510 2.874514 3.735998
v 0.128510 2.854805 3.735998
v 0.136322 2.874514 3.763727
v 0.136322 2.854805 3.763727
v 0.138960 2.874514 3.792565
v 0.138960 2.854805 3.792565
v 0.136322 2.874514 3.821402
v 0.136322 2.854805 3.821402
v 0.128510 2.874514 3.849132
v 0.128510 2.854805 3.849132
v 0.115824 2.874514 3.874687
v 0.115824 2.854805 3.874687
v 0.098751 2.874514 3.897087
v 0.098751 2.854805 3.897087
v 0.077948 2.874514 3.915470
v 0.077948 2.854805 3.915470
v 0.054213 2.874514 3.929129
v 0.054213 2.854805 3.929129
v 0.028460 2.874514 3.937541
v 0.028460 2.854805 3.937541
v 0.001678 2.874514 3.940381
v 0.001678 2.854805 3.940381
v -0.025104 2.874514 3.937541
v -0.025104 2.854805 3.937541
v -0.050857 2.874514 3.929129
v -0.050857 2.854805 3.929129
v -0.074592 2.874514 3.915470
v -0.074592 2.854805 3.915470
v -0.095395 2.874514 3.897087
v -0.095395 2.854805 3.897087
v -0.112468 2.874514 3.874687
v -0.112468 2.854805 3.874687
v -0.125154 2.874514 3.849132
v -0.125154 2.854805 3.849132
v -0.132966 2.874514 3.821402
v -0.132966 2.854805 3.821402
v -0.135604 2.874514 3.792565
v -0.135604 2.854805 3.792565
v -0.132966 2.874514 3.763727
v -0.132966 2.854805 3.763727
v -0.125154 2.874514 3.735998
v -0.125154 2.854805 3.735998
v -0.112468 2.874514 3.710442
v -0.112468 2.854805 3.710442
v -0.095395 2.874514 3.688043
v -0.095395 2.854805 3.688043
v -0.074592 2.874514 3.669660
v -0.074592 2.854805 3.669660
v -0.050857 2.874514 3.656000
v -0.050857 2.854805 3.656000
v -0.025104 2.874514 3.647588
v -0.025104 2.854805 3.647588
v -0.402666 2.854732 -3.939584
v -0.402666 2.874441 -3.939584
v -0.375884 2.874441 -3.936744
v -0.375884 2.854732 -3.936744
v -0.350131 2.874441 -3.928332
v -0.350131 2.854732 -3.928332
v -0.326397 2.874441 -3.914672
v -0.326397 2.854732 -3.914672
v -0.305593 2.874441 -3.896290
v -0.305593 2.854732 -3.896290
v -0.288521 2.874441 -3.873890
v -0.288521 2.854732 -3.873890
v -0.275834 2.874441 -3.848334
v -0.275834 2.854732 -3.848334
v -0.268022 2.874441 -3.820605
v -0.268022 2.854732 -3.820605
v -0.265384 2.874441 -3.791768
v -0.265384 2.854732 -3.791768
v -0.268022 2.874441 -3.762930
v -0.268022 2.854732 -3.762930
v -0.275834 2.874441 -3.735201
v -0.275834 2.854732 -3.735201
v -0.288521 2.874441 -3.709645
v -0.288521 2.854732 -3.709645
v -0.305593 2.874441 -3.687246
v -0.305593 2.854732 -3.687246
v -0.326397 2.874441 -3.668863
v -0.326397 2.854732 -3.668863
v -0.350131 2.874441 -3.655203
v -0.350131 2.854732 -3.655203
v -0.375884 2.874441 -3.646791
v -0.375884 2.854732 -3.646791
v -0.402666 2.874441 -3.643951
v -0.402666 2.854732 -3.643951
v -0.429448 2.874441 -3.646791
v -0.429448 2.854732 -3.646791
v -0.455202 2.874441 -3.655203
v -0.455202 2.854732 -3.655203
v -0.478936 2.874441 -3.668863
v -0.478936 2.854732 -3.668863
v -0.499739 2.874441 -3.687246
v -0.499739 2.854732 -3.687246
v -0.516812 2.874441 -3.709645
v -0.516812 2.854732 -3.709645
v -0.529498 2.874441 -3.735201
v -0.529498 2.854732 -3.735201
v -0.537310 2.874441 -3.762930
v -0.537310 2.854732 -3.762930
v -0.539948 2.874441 -3.791768
v -0.539948 2.854732 -3.791768
v -0.537310 2.874441 -3.820606
v -0.537310 2.854732 -3.820606
v -0.529498 2.874441 -3.848334
v -0.529498 2.854732 -3.848334
v -0.516811 2.874441 -3.873890
v -0.516811 2.854732 -3.873890
v -0.499739 2.874441 -3.896290
v -0.499739 2.854732 -3.896290
v -0.478936 2.874441 -3.914672
v -0.478936 2.854732 -3.914672
v -0.455201 2.874441 -3.928332
v -0.455201 2.854732 -3.928332
v -0.429448 2.874441 -3.936744
v -0.429448 2.854732 -3.936744
v -0.403068 2.567668 -3.890286
v -0.403068 2.863301 -3.890286
v -0.385213 2.863301 -3.888392
v -0.385213 2.567668 -3.888392
v -0.368044 2.863301 -3.882785
v -0.368044 2.567668 -3.882785
v -0.352221 2.863301 -3.873678
v -0.352221 2.567668 -3.873678
v -0.338352 2.863301 -3.861423
v -0.338352 2.567668 -3.861423
v -0.326970 2.863301 -3.846489
v -0.326970 2.567668 -3.846489
v -0.318513 2.863301 -3.829453
v -0.318513 2.567668 -3.829453
v -0.313305 2.863301 -3.810966
v -0.313305 2.567668 -3.810966
v -0.311546 2.863301 -3.791741
v -0.311546 2.567668 -3.791741
v -0.313305 2.863301 -3.772516
v -0.313305 2.567668 -3.772516
v -0.318513 2.863301 -3.754030
v -0.318513 2.567668 -3.754030
v -0.326970 2.863301 -3.736993
v -0.326970 2.567668 -3.736993
v -0.338352 2.863301 -3.722060
v -0.338352 2.567668 -3.722060
v -0.352221 2.863301 -3.709805
v -0.352221 2.567668 -3.709805
v -0.368044 2.863301 -3.700698
v -0.368044 2.567668 -3.700698
v -0.385213 2.863301 -3.695091
v -0.385213 2.567668 -3.695091
v -0.403068 2.863301 -3.693197
v -0.403068 2.567668 -3.693197
v -0.420922 2.863301 -3.695091
v -0.420922 2.567668 -3.695091
v -0.438091 2.863301 -3.700698
v -0.438091 2.567668 -3.700698
v -0.453914 2.863301 -3.709805
v -0.453914 2.567668 -3.709805
v -0.467783 2.863301 -3.722060
v -0.467783 2.567668 -3.722060
v -0.479165 2.863301 -3.736993
v -0.479165 2.567668 -3.736993
v -0.487622 2.863301 -3.754030
v -0.487622 2.567668 -3.754030
v -0.492830 2.863301 -3.772517
v -0.492830 2.567668 -3.772517
v -0.494589 2.863301 -3.791741
v -0.494589 2.567668 -3.791741
v -0.492830 2.863301 -3.810966
v -0.492830 2.567668 -3.810966
v -0.487622 2.863301 -3.829453
v -0.487622 2.567668 -3.829453
v -0.479165 2.863301 -3.846489
v -0.479165 2.567668 -3.846489
v -0.467783 2.863301 -3.861423
v -0.467783 2.567668 -3.861423
v -0.453914 2.863301 -3.873678
v -0.453914 2.567668 -3.873678
v -0.438091 2.863301 -3.882785
v -0.438091 2.567668 -3.882785
v -0.420922 2.863301 -3.888392
v -0.420922 2.567668 -3.888392
v -0.402666 2.854732 3.644441
v -0.402666 2.874441 3.644441
v -0.375884 2.874441 3.647281
v -0.375884 2.854732 3.647281
v -0.350131 2.874441 3.655693
v -0.350131 2.854732 3.655693
v -0.326397 2.874441 3.669352
v -0.326397 2.854732 3.669352
v -0.305593 2.874441 3.687735
v -0.305593 2.854732 3.687735
v -0.288521 2.874441 3.710135
v -0.288521 2.854732 3.710135
v -0.275834 2.874441 3.735690
v -0.275834 2.854732 3.735690
v -0.268022 2.874441 3.763420
v -0.268022 2.854732 3.763420
v -0.265384 2.874441 3.792257
v -0.265384 2.854732 3.792257
v -0.268022 2.874441 3.821095
v -0.268022 2.854732 3.821095
v -0.275834 2.874441 3.848824
v -0.275834 2.854732 3.848824
v -0.288521 2.874441 3.874380
v -0.288521 2.854732 3.874380
v -0.305593 2.874441 3.896779
v -0.305593 2.854732 3.896779
v -0.326397 2.874441 3.915162
v -0.326397 2.854732 3.915162
v -0.350131 2.874441 3.928822
v -0.350131 2.854732 3.928822
v -0.375884 2.874441 3.937234
v -0.375884 2.854732 3.937234
v -0.402666 2.874441 3.940074
v -0.402666 2.854732 3.940074
v -0.429448 2.874441 3.937234
v -0.429448 2.854732 3.937234
v -0.455202 2.874441 3.928822
v -0.455202 2.854732 3.928822
v -0.478936 2.874441 3.915162
v -0.478936 2.854732 3.915162
v -0.499739 2.874441 3.896779
v -0.499739 2.854732 3.896779
v -0.516812 2.874441 3.874380
v -0.516812 2.854732 3.874380
v -0.529498 2.874441 3.848824
v -0.529498 2.854732 3.848824
v -0.537310 2.874441 3.821095
v -0.537310 2.854732 3.821095
v -0.539948 2.874441 3.792257
v -0.539948 2.854732 3.792257
v -0.537310 2.874441 3.763419
v -0.537310 2.854732 3.763419
v -0.529498 2.874441 3.735690
v -0.529498 2.854732 3.735690
v -0.516811 2.874441 3.710135
v -0.516811 2.854732 3.710135
v -0.499739 2.874441 3.687735
v -0.499739 2.854732 3.687735
v -0.478936 2.874441 3.669352
v -0.478936 2.854732 3.669352
v -0.455201 2.874441 3.655693
v -0.455201 2.854732 3.655693
v -0.429448 2.874441 3.647281
v -0.429448 2.854732 3.647281
v -0.403068 2.567668 3.693739
v -0.403068 2.863301 3.693739
v -0.385213 2.863301 3.695632
v -0.385213 2.567668 3.695632
v -0.368044 2.863301 3.701240
v -0.368044 2.567668 3.701240
v -0.352221 2.863301 3.710347
v -0.352221 2.567668 3.710347
v -0.338352 2.863301 3.722602
v -0.338352 2.567668 3.722602
v -0.326970 2.863301 3.737535
v -0.326970 2.567668 3.737535
v -0.318513 2.863301 3.754572
v -0.318513 2.567668 3.754572
v -0.313305 2.863301 3.773058
v -0.313305 2.567668 3.773058
v -0.311546 2.863301 3.792283
v -0.311546 2.567668 3.792283
v -0.313305 2.863301 3.811508
v -0.313305 2.567668 3.811508
v -0.318513 2.863301 3.829994
v -0.318513 2.567668 3.829994
v -0.326970 2.863301 3.847032
v -0.326970 2.567668 3.847032
v -0.338352 2.863301 3.861965
v -0.338352 2.567668 3.861965
v -0.352221 2.863301 3.874220
v -0.352221 2.567668 3.874220
v -0.368044 2.863301 3.883327
v -0.368044 2.567668 3.883327
v -0.385213 2.863301 3.888934
v -0.385213 2.567668 3.888934
v -0.403068 2.863301 3.890828
v -0.403068 2.567668 3.890828
v -0.420922 2.863301 3.888934
v -0.420922 2.567668 3.888934
v -0.438091 2.863301 3.883327
v -0.438091 2.567668 3.883327
v -0.453914 2.863301 3.874220
v -0.453914 2.567668 3.874220
v -0.467783 2.863301 3.861965
v -0.467783 2.567668 3.861965
v -0.479165 2.863301 3.847032
v -0.479165 2.567668 3.847032
v -0.487622 2.863301 3.829994
v -0.487622 2.567668 3.829994
v -0.492830 2.863301 3.811508
v -0.492830 2.567668 3.811508
v -0.494589 2.863301 3.792283
v -0.494589 2.567668 3.792283
v -0.492830 2.863301 3.773058
v -0.492830 2.567668 3.773058
v -0.487622 2.863301 3.754572
v -0.487622 2.567668 3.754572
v -0.479165 2.863301 3.737535
v -0.479165 2.567668 3.737535
v -0.467783 2.863301 3.722602
v -0.467783 2.567668 3.722602
v -0.453914 2.863301 3.710347
v -0.453914 2.567668 3.710347
v -0.438091 2.863301 3.701240
v -0.438091 2.567668 3.701240
v -0.420922 2.863301 3.695632
v -0.420922 2.567668 3.695632
v -0.044678 0.515824 -3.744831
v -0.090438 0.515824 -3.744831
v -0.090438 0.515824 3.744539
v -0.044678 0.515824 3.744539
v -0.044678 0.023102 3.744539
v -0.090438 0.023102 3.744539
v -0.090438 0.023102 -3.744831
v -0.044678 0.023102 -3.744831
v -1.695559 0.515824 -3.739969
v -1.695559 0.515824 -3.690696
v -0.089363 0.515824 -3.690696
v -0.089363 0.515824 -3.739969
v -0.089363 0.023102 -3.739969
v -0.089363 0.023102 -3.690696
v -1.695559 0.023102 -3.690696
v -1.695559 0.023102 -3.739969
v -1.693419 0.515824 3.695925
v -1.693419 0.515824 3.745197
v -0.087222 0.515824 3.745196
v -0.087222 0.515824 3.695925
v -0.087222 0.023102 3.695925
v -0.087222 0.023102 3.745196
v -1.693419 0.023102 3.745197
v -1.693419 0.023102 3.695925
v 0.122391 2.376661 0.134924
v -0.060651 2.376661 0.134924
v -0.060651 2.376661 3.662812
v 0.122391 2.376661 3.662812
v 0.122391 0.602863 3.662812
v -0.060651 0.602863 3.662812
v -0.060651 0.602863 0.134924
v 0.122391 0.602863 0.134924
v 0.122391 2.376661 -3.662080
v -0.060651 2.376661 -3.662080
v -0.060651 2.376661 -0.134193
v 0.122391 2.376661 -0.134193
v 0.122391 0.602863 -0.134193
v -0.060651 0.602863 -0.134193
v -0.060651 0.602863 -3.662080
v 0.122391 0.602863 -3.662080
vn 0.023150 -0.708621 -0.705209
vn -0.023150 0.708621 -0.705209
vn 0.114875 0.708622 -0.696174
vn 0.160288 -0.708622 -0.687141
vn 0.248483 0.708621 -0.660388
vn 0.291259 -0.708622 -0.642669
vn 0.372544 0.708621 -0.599222
vn 0.411048 -0.708621 -0.573494
vn 0.482288 0.708621 -0.515029
vn 0.515028 -0.708621 -0.482288
vn 0.573494 0.708621 -0.411048
vn 0.599221 -0.708621 -0.372545
vn 0.642667 0.708621 -0.291264
vn 0.599221 -0.708621 -0.372545
vn 0.660388 -0.708621 -0.248482
vn 0.687142 0.708621 -0.160286
vn 0.660388 -0.708621 -0.248482
vn 0.819864 -0.556347 -0.135278
vn 0.947764 0.317450 -0.031114
vn 0.830503 -0.556347 0.027263
vn 0.819864 0.556347 0.135280
vn 0.923482 -0.317450 0.215420
vn 0.660388 0.708621 0.248484
vn 0.923482 -0.317450 0.215420
vn 0.544995 -0.801233 0.246995
vn 0.599222 0.708621 0.372544
vn 0.573497 -0.708621 0.411043
vn 0.515027 0.708621 0.482289
vn 0.482288 -0.708621 0.515028
vn 0.411045 0.708621 0.573497
vn 0.482288 -0.708622 0.515028
vn 0.372544 -0.708621 0.599222
vn 0.291264 0.708621 0.642667
vn 0.248478 -0.708621 0.660390
vn 0.160283 0.708621 0.687143
vn 0.248478 -0.708621 0.660390
vn 0.114869 -0.708621 0.696176
vn 0.160283 0.708621 0.687143
vn 0.023150 0.708622 0.705209
vn 0.114869 -0.708621 0.696176
vn -0.023150 -0.708622 0.705209
vn 0.023150 0.708622 0.705209
vn -0.114869 0.708621 0.696176
vn -0.160283 -0.708621 0.687143
vn -0.248478 0.708621 0.660390
vn -0.291264 -0.708621 0.642667
vn -0.372544 0.708621 0.599222
vn -0.411045 -0.708621 0.573497
vn -0.482288 0.708621 0.515028
vn -0.515027 -0.708621 0.482289
vn -0.482288 0.708622 0.515028
vn -0.573498 0.708621 0.411042
vn -0.515027 -0.708621 0.482289
vn -0.599222 -0.708621 0.372544
vn -0.642668 0.708621 0.291262
vn -0.660387 -0.708621 0.248485
vn -0.809225 0.556347 0.188767
vn -0.660387 -0.708621 0.248485
vn -0.696175 -0.708622 0.114870
vn -0.830503 0.556347 0.027264
vn -0.947764 -0.317450 -0.031114
vn -0.935624 0.317450 -0.154377
vn -0.809225 -0.556347 -0.188764
vn -0.935624 0.317450 -0.154377
vn -0.560022 0.801232 -0.210717
vn -0.642667 -0.708621 -0.291264
vn -0.560022 0.801232 -0.210717
vn -0.599221 0.708621 -0.372545
vn -0.642667 -0.708621 -0.291264
vn -0.573494 -0.708621 -0.411049
vn -0.515028 0.708621 -0.482288
vn -0.482288 -0.708621 -0.515029
vn -0.411048 0.708621 -0.573494
vn -0.372544 -0.708621 -0.599222
vn -0.291259 0.708622 -0.642669
vn -0.248483 -0.708621 -0.660388
vn -0.160289 0.708622 -0.687141
vn -0.114875 -0.708622 -0.696174
vn 0.023150 -0.708621 -0.705209
vn 0.544995 -0.801233 0.246995
vn 0.023153 -0.708621 -0.705209
vn -0.023153 0.708621 -0.705209
vn 0.114871 0.708621 -0.696176
vn 0.160284 -0.708621 -0.687143
vn 0.114871 0.708621 -0.696176
vn 0.248480 0.708621 -0.660389
vn 0.291263 -0.708622 -0.642667
vn 0.248480 0.708621 -0.660389
vn 0.372547 0.708621 -0.599220
vn 0.291263 -0.708622 -0.642667
vn 0.411050 -0.708621 -0.573492
vn 0.482290 0.708621 -0.515027
vn 0.411050 -0.708622 -0.573492
vn 0.436753 -0.801232 -0.408991
vn 0.482290 0.708621 -0.515027
vn 0.486333 0.801233 -0.348578
vn 0.436753 -0.801232 -0.408991
vn 0.705682 -0.556347 -0.438737
vn 0.756850 0.556347 -0.343010
vn 0.705682 -0.556347 -0.438737
vn 0.660389 -0.708621 -0.248480
vn 0.687143 0.708621 -0.160284
vn 0.590370 -0.801232 -0.097414
vn 0.687143 0.708621 -0.160284
vn 0.830502 0.556347 -0.027266
vn 0.947764 -0.317450 0.031116
vn 0.935624 0.317450 0.154381
vn 0.809226 -0.556347 0.188762
vn 0.660389 0.708621 0.248480
vn 0.756850 -0.556347 0.343011
vn 0.660389 0.708621 0.248480
vn 0.508152 0.801232 0.315925
vn 0.573497 -0.708621 0.411043
vn 0.508152 0.801232 0.315925
vn 0.606534 0.556347 0.567974
vn 0.408987 -0.801233 0.436756
vn 0.411042 0.708621 0.573498
vn 0.438733 -0.556347 0.705685
vn 0.411042 0.708621 0.573498
vn 0.291262 0.708621 0.642668
vn 0.438733 -0.556347 0.705685
vn 0.248480 -0.708621 0.660389
vn 0.291262 0.708621 0.642668
vn 0.160284 0.708621 0.687143
vn 0.114871 -0.708621 0.696176
vn 0.160284 0.708621 0.687143
vn 0.023153 0.708621 0.705209
vn -0.023153 -0.708621 0.705209
vn -0.114871 0.708621 0.696176
vn -0.160284 -0.708621 0.687142
vn -0.248480 0.708622 0.660389
vn -0.291262 -0.708621 0.642668
vn -0.315925 0.801233 0.508151
vn -0.411044 -0.708621 0.573497
vn -0.482287 0.708621 0.515029
vn -0.436756 -0.801233 0.408987
vn -0.482287 0.708621 0.515029
vn -0.675391 0.556347 0.484072
vn -0.599222 -0.708621 0.372543
vn -0.642668 0.708621 0.291262
vn -0.777719 -0.556347 0.292628
vn -0.582710 0.801232 0.135924
vn -0.696176 -0.708621 0.114872
vn -0.582710 0.801232 0.135924
vn -0.947764 0.317450 0.031116
vn -0.830502 -0.556347 -0.027266
vn -0.819864 0.556347 -0.135280
vn -0.923484 -0.317450 -0.215414
vn -0.777719 0.556347 -0.292627
vn -0.642668 -0.708621 -0.291262
vn -0.777719 0.556347 -0.292627
vn -0.599220 0.708621 -0.372548
vn -0.486333 -0.801233 -0.348577
vn -0.436753 0.801232 -0.408990
vn -0.482290 -0.708621 -0.515027
vn -0.436753 0.801232 -0.408990
vn -0.411050 0.708621 -0.573493
vn -0.438737 -0.556347 -0.705682
vn -0.411050 0.708621 -0.573493
vn -0.343011 0.556347 -0.756850
vn -0.248480 -0.708622 -0.660389
vn -0.160284 0.708621 -0.687143
vn -0.315925 0.801233 0.508151
vn -0.248480 0.708622 0.660389
vn -0.436753 0.801232 -0.408990
vn -0.675391 0.556347 0.484072
vn -0.114871 -0.708621 -0.696176
vn -0.160284 0.708621 -0.687143
vn -0.114871 -0.708621 -0.696176
vn 0.291263 -0.708622 -0.642667
vn 0.705682 -0.556347 -0.438737
vn 0.660389 -0.708621 -0.248480
vn -0.248480 -0.708622 -0.660389
vn -0.599222 -0.708621 0.372544
vn 0.023145 -0.708621 -0.705209
vn -0.023145 0.708621 -0.705209
vn 0.114872 0.708622 -0.696175
vn 0.160280 -0.708622 -0.687143
vn 0.248484 0.708621 -0.660387
vn 0.291247 -0.708621 -0.642675
vn 0.372536 0.708622 -0.599226
vn 0.411039 -0.708623 -0.573499
vn 0.372536 0.708622 -0.599226
vn 0.482295 0.708621 -0.515023
vn 0.515033 -0.708621 -0.482284
vn 0.573496 0.708621 -0.411045
vn 0.515033 -0.708621 -0.482284
vn 0.599222 -0.708621 -0.372545
vn 0.573496 0.708621 -0.411045
vn 0.642667 0.708621 -0.291265
vn 0.660388 -0.708621 -0.248482
vn 0.642667 0.708621 -0.291265
vn 0.687142 0.708621 -0.160286
vn 0.696176 -0.708621 -0.114870
vn 0.687142 0.708621 -0.160286
vn 0.947764 0.317450 -0.031115
vn 0.947764 0.317450 -0.031115
vn 0.819864 0.556347 0.135280
vn 0.809225 -0.556347 0.188764
vn 0.660390 0.708621 0.248478
vn 0.642669 -0.708621 0.291260
vn 0.599220 0.708622 0.372546
vn 0.573493 -0.708621 0.411050
vn 0.599220 0.708622 0.372546
vn 0.515023 0.708621 0.482293
vn 0.482289 -0.708621 0.515028
vn 0.411041 0.708622 0.573499
vn 0.482289 -0.708621 0.515028
vn 0.372543 -0.708622 0.599222
vn 0.411041 0.708622 0.573499
vn 0.291263 0.708621 0.642668
vn 0.248493 -0.708621 0.660384
vn 0.160289 0.708622 0.687141
vn 0.248493 -0.708621 0.660384
vn 0.114862 -0.708622 0.696176
vn 0.023145 0.708620 0.705210
vn -0.023145 -0.708620 0.705210
vn -0.114862 0.708622 0.696176
vn -0.160289 -0.708622 0.687141
vn -0.248493 0.708621 0.660384
vn -0.291270 -0.708621 0.642665
vn -0.248493 0.708621 0.660384
vn -0.372542 0.708621 0.599224
vn -0.411036 -0.708621 0.573503
vn -0.482281 0.708622 0.515034
vn -0.515027 -0.708622 0.482289
vn -0.573498 0.708621 0.411042
vn -0.515027 -0.708622 0.482289
vn -0.599223 -0.708621 0.372542
vn -0.642670 0.708621 0.291258
vn -0.599223 -0.708621 0.372542
vn -0.660391 -0.708621 0.248475
vn -0.687143 0.708621 0.160284
vn -0.696176 -0.708621 0.114872
vn -0.687143 0.708621 0.160284
vn -0.947764 0.317450 0.031117
vn -0.696176 -0.708621 0.114872
vn -0.947764 -0.317450 -0.031114
vn -0.819864 0.556347 -0.135279
vn -0.947764 -0.317450 -0.031114
vn -0.809226 -0.556347 -0.188763
vn -0.660388 0.708621 -0.248482
vn -0.642667 -0.708621 -0.291264
vn -0.660388 0.708621 -0.248482
vn -0.599222 0.708621 -0.372544
vn -0.573496 -0.708621 -0.411045
vn -0.515033 0.708621 -0.482284
vn -0.482295 -0.708621 -0.515023
vn -0.515033 0.708621 -0.482284
vn -0.411039 0.708623 -0.573499
vn -0.372536 -0.708622 -0.599226
vn -0.291247 0.708621 -0.642675
vn -0.248484 -0.708621 -0.660387
vn -0.160280 0.708622 -0.687143
vn -0.573498 0.708621 0.411042
vn -0.482281 0.708622 0.515034
vn -0.114872 -0.708622 -0.696175
vn -0.023145 0.708621 -0.705209
vn 0.023145 -0.708621 -0.705209
vn 0.023155 -0.708622 -0.705209
vn -0.023155 0.708622 -0.705209
vn 0.114872 0.708621 -0.696176
vn 0.160290 -0.708621 -0.687141
vn 0.248484 0.708621 -0.660387
vn 0.291263 -0.708621 -0.642668
vn 0.248484 0.708621 -0.660387
vn 0.372543 0.708622 -0.599222
vn 0.411047 -0.708622 -0.573494
vn 0.482290 0.708620 -0.515027
vn 0.515029 -0.708621 -0.482288
vn 0.573490 0.708621 -0.411053
vn 0.599219 -0.708621 -0.372548
vn 0.642666 0.708622 -0.291266
vn 0.660389 -0.708621 -0.248479
vn 0.687143 0.708621 -0.160283
vn 0.696176 -0.708621 -0.114871
vn 0.947764 0.317450 -0.031116
vn 0.947764 -0.317450 0.031114
vn 0.947764 0.317450 -0.031116
vn 0.819864 0.556347 0.135279
vn 0.947764 -0.317450 0.031114
vn 0.809226 -0.556347 0.188763
vn 0.660390 0.708621 0.248478
vn 0.642667 -0.708621 0.291264
vn 0.599222 0.708621 0.372545
vn 0.573490 -0.708621 0.411053
vn 0.515029 0.708621 0.482288
vn 0.482290 -0.708620 0.515027
vn 0.411047 0.708622 0.573494
vn 0.291263 0.708621 0.642668
vn 0.248484 -0.708621 0.660387
vn 0.160290 0.708621 0.687141
vn 0.248484 -0.708621 0.660387
vn 0.114863 -0.708621 0.696177
vn 0.023155 0.708621 0.705210
vn -0.023155 -0.708621 0.705210
vn -0.114863 0.708621 0.696177
vn -0.160290 -0.708621 0.687141
vn -0.248484 0.708621 0.660387
vn -0.291263 -0.708621 0.642668
vn -0.248484 0.708621 0.660387
vn -0.372540 0.708621 0.599224
vn -0.411041 -0.708622 0.573499
vn -0.372540 0.708621 0.599224
vn -0.482288 0.708621 0.515029
vn -0.515032 -0.708621 0.482284
vn -0.573496 0.708621 0.411046
vn -0.599224 -0.708621 0.372541
vn -0.573496 0.708621 0.411046
vn -0.642667 0.708621 0.291264
vn -0.660390 -0.708621 0.248478
vn -0.687142 0.708621 0.160286
vn -0.696176 -0.708621 0.114870
vn -0.687142 0.708621 0.160286
vn -0.947764 0.317450 0.031114
vn -0.947764 -0.317450 -0.031116
vn -0.947764 0.317450 0.031114
vn -0.819864 0.556347 -0.135280
vn -0.809226 -0.556347 -0.188760
vn -0.660389 0.708621 -0.248479
vn -0.642666 -0.708622 -0.291266
vn -0.660389 0.708621 -0.248479
vn -0.599219 0.708621 -0.372548
vn -0.573490 -0.708621 -0.411053
vn -0.515029 0.708621 -0.482288
vn -0.573490 -0.708621 -0.411053
vn -0.482290 -0.708620 -0.515027
vn -0.411047 0.708622 -0.573494
vn -0.372543 -0.708622 -0.599222
vn -0.291263 0.708621 -0.642668
vn -0.248484 -0.708621 -0.660387
vn -0.160290 0.708621 -0.687141
vn -0.411047 0.708622 -0.573494
vn -0.248484 -0.708621 -0.660387
vn -0.114872 -0.708621 -0.696176
vn -0.482290 -0.708620 -0.515027
vn 0.023159 -0.708621 -0.705209
vn -0.023147 0.708621 -0.705209
vn 0.114874 0.708621 -0.696176
vn 0.160284 -0.708621 -0.687143
vn 0.248477 0.708621 -0.660390
vn 0.291259 -0.708621 -0.642669
vn 0.372542 0.708621 -0.599223
vn 0.411042 -0.708621 -0.573498
vn 0.372542 0.708621 -0.599223
vn 0.482287 0.708621 -0.515030
vn 0.515029 -0.708621 -0.482287
vn 0.573497 0.708621 -0.411044
vn 0.599222 -0.708621 -0.372543
vn 0.573497 0.708621 -0.411044
vn 0.642669 0.708621 -0.291259
vn 0.660390 -0.708621 -0.248476
vn 0.687143 0.708621 -0.160282
vn 0.590370 -0.801232 -0.097415
vn 0.830502 0.556348 -0.027269
vn 0.947764 -0.317450 0.031119
vn 0.935623 0.317450 0.154385
vn 0.947764 -0.317450 0.031119
vn 0.809226 -0.556347 0.188761
vn 0.756852 -0.556347 0.343006
vn 0.599223 0.708621 0.372543
vn 0.756852 -0.556347 0.343006
vn 0.573497 -0.708621 0.411045
vn 0.515029 0.708621 0.482288
vn 0.482286 -0.708621 0.515030
vn 0.411044 0.708621 0.573497
vn 0.372542 -0.708621 0.599223
vn 0.411044 0.708621 0.573497
vn 0.291262 0.708621 0.642668
vn 0.372542 -0.708621 0.599223
vn 0.248483 -0.708621 0.660388
vn 0.291262 0.708621 0.642668
vn 0.160287 0.708622 0.687141
vn 0.114870 -0.708622 0.696175
vn 0.023151 0.708621 0.705209
vn -0.023151 -0.708621 0.705209
vn 0.023151 0.708621 0.705209
vn -0.114870 0.708621 0.696176
vn -0.023151 -0.708621 0.705209
vn -0.160287 -0.708622 0.687141
vn -0.248484 0.708621 0.660387
vn -0.291264 -0.708621 0.642667
vn -0.248484 0.708621 0.660387
vn -0.372544 0.708621 0.599222
vn -0.411044 -0.708621 0.573497
vn -0.482286 0.708621 0.515030
vn -0.515029 -0.708621 0.482288
vn -0.573497 0.708621 0.411044
vn -0.599223 -0.708621 0.372542
vn -0.642668 0.708621 0.291263
vn -0.660388 -0.708621 0.248484
vn -0.687142 0.708622 0.160287
vn -0.696176 -0.708621 0.114870
vn -0.830503 0.556347 0.027263
vn -0.696176 -0.708621 0.114870
vn -0.830503 -0.556347 -0.027269
vn -0.830503 0.556347 0.027263
vn -0.935624 0.317450 -0.154380
vn -0.923482 -0.317450 -0.215424
vn -0.660388 0.708621 -0.248484
vn -0.923481 -0.317450 -0.215424
vn -0.642667 -0.708620 -0.291267
vn -0.599222 0.708621 -0.372543
vn -0.573497 -0.708621 -0.411044
vn -0.515029 0.708621 -0.482288
vn -0.573497 -0.708621 -0.411044
vn -0.482287 -0.708621 -0.515029
vn -0.411044 0.708621 -0.573497
vn -0.372543 -0.708621 -0.599222
vn -0.291264 0.708621 -0.642667
vn -0.372544 -0.708621 -0.599222
vn -0.160287 0.708621 -0.687142
vn -0.482286 0.708621 0.515030
vn 0.687143 0.708621 -0.160282
vn 0.599223 0.708621 0.372543
vn 0.642669 0.708621 -0.291259
vn -0.114870 -0.708622 -0.696176
vn -0.160287 0.708621 -0.687142
vn 0.023159 -0.708621 -0.705209
vn -0.114870 -0.708621 -0.696176
vn -0.291264 -0.708621 0.642667
vn -0.023151 -0.708621 0.705209
vn 0.411042 -0.708621 -0.573498
vn 0.515029 -0.708621 -0.482287
vn -0.515029 -0.708621 0.482288
vn -0.248484 -0.708621 -0.660387
vn -0.642667 -0.708620 -0.291267
vn 0.023156 -0.708621 -0.705209
vn -0.023156 0.708621 -0.705209
vn 0.114875 0.708621 -0.696175
vn 0.160289 -0.708621 -0.687142
vn 0.114875 0.708621 -0.696175
vn 0.248483 0.708621 -0.660388
vn 0.291257 -0.708621 -0.642670
vn 0.248483 0.708621 -0.660388
vn 0.372545 0.708622 -0.599221
vn 0.411044 -0.708622 -0.573496
vn 0.372545 0.708621 -0.599221
vn 0.482289 0.708621 -0.515028
vn 0.599222 -0.708621 -0.372544
vn 0.642668 0.708621 -0.291263
vn 0.660389 -0.708621 -0.248481
vn 0.642668 0.708621 -0.291263
vn 0.687142 0.708621 -0.160286
vn 0.660389 -0.708621 -0.248481
vn 0.696176 -0.708621 -0.114869
vn 0.947764 0.317450 -0.031114
vn 0.947765 -0.317450 0.031113
vn 0.947764 0.317450 -0.031114
vn 0.809225 -0.556347 0.188767
vn 0.809225 -0.556347 0.188767
vn 0.642669 -0.708621 0.291261
vn 0.599225 0.708621 0.372539
vn 0.573498 -0.708621 0.411042
vn 0.515029 0.708621 0.482287
vn 0.482286 -0.708621 0.515030
vn 0.411046 0.708621 0.573496
vn 0.372543 -0.708621 0.599222
vn 0.411046 0.708621 0.573496
vn 0.291263 0.708621 0.642668
vn 0.248477 -0.708621 0.660390
vn 0.160289 0.708621 0.687142
vn 0.248477 -0.708621 0.660390
vn 0.114869 -0.708621 0.696176
vn 0.160289 0.708621 0.687142
vn 0.023156 0.708621 0.705209
vn -0.023156 -0.708621 0.705209
vn -0.114869 0.708621 0.696176
vn -0.160289 -0.708621 0.687142
vn -0.114869 0.708621 0.696176
vn -0.248477 0.708621 0.660390
vn -0.291263 -0.708621 0.642668
vn -0.372545 0.708622 0.599221
vn -0.411046 -0.708621 0.573495
vn -0.372545 0.708622 0.599221
vn -0.482286 0.708621 0.515031
vn -0.599225 -0.708621 0.372538
vn -0.642669 0.708621 0.291262
vn -0.660388 -0.708621 0.248484
vn -0.687141 0.708621 0.160289
vn -0.696176 -0.708621 0.114870
vn -0.687141 0.708621 0.160289
vn -0.947765 0.317450 0.031107
vn -0.947764 -0.317450 -0.031125
vn -0.819864 0.556347 -0.135282
vn -0.809227 -0.556347 -0.188759
vn -0.660391 0.708621 -0.248474
vn -0.642669 -0.708621 -0.291259
vn -0.660391 0.708621 -0.248474
vn -0.599221 0.708621 -0.372545
vn -0.573494 -0.708621 -0.411048
vn -0.515030 0.708621 -0.482287
vn -0.482290 -0.708621 -0.515027
vn -0.411043 0.708622 -0.573497
vn -0.372541 -0.708621 -0.599224
vn -0.411043 0.708622 -0.573497
vn -0.291256 0.708621 -0.642671
vn -0.248484 -0.708621 -0.660387
vn -0.160291 0.708621 -0.687141
vn -0.819864 0.556347 -0.135282
vn -0.291256 0.708621 -0.642671
vn -0.114876 -0.708621 -0.696175
vn -0.809227 -0.556347 -0.188759
vn 0.023150 -0.708621 -0.705209
vn -0.023151 0.708621 -0.705209
vn 0.114869 0.708622 -0.696176
vn 0.160283 -0.708621 -0.687143
vn 0.291262 -0.708622 -0.642668
vn 0.372544 0.708621 -0.599222
vn 0.411044 -0.708621 -0.573497
vn 0.372544 0.708621 -0.599222
vn 0.482287 0.708621 -0.515029
vn 0.411044 -0.708621 -0.573497
vn 0.515031 -0.708621 -0.482286
vn 0.482287 0.708621 -0.515029
vn 0.573497 0.708621 -0.411045
vn 0.642668 0.708621 -0.291263
vn 0.660388 -0.708621 -0.248484
vn 0.642668 0.708621 -0.291263
vn 0.687142 0.708621 -0.160288
vn 0.696175 -0.708621 -0.114871
vn 0.687142 0.708621 -0.160288
vn 0.696175 -0.708621 -0.114871
vn 0.947764 -0.317450 0.031113
vn 0.819864 0.556347 0.135279
vn 0.809225 -0.556347 0.188765
vn 0.660387 0.708621 0.248485
vn 0.642667 -0.708621 0.291264
vn 0.660387 0.708621 0.248485
vn 0.599223 0.708621 0.372543
vn 0.642667 -0.708621 0.291264
vn 0.573497 -0.708621 0.411043
vn 0.599223 0.708621 0.372543
vn 0.515031 0.708621 0.482286
vn 0.482285 -0.708621 0.515031
vn 0.411040 0.708621 0.573499
vn 0.372539 -0.708621 0.599225
vn 0.411040 0.708621 0.573499
vn 0.372539 -0.708621 0.599225
vn 0.248487 -0.708621 0.660386
vn 0.160288 0.708622 0.687141
vn 0.114869 -0.708622 0.696176
vn 0.160288 0.708622 0.687141
vn 0.023150 0.708621 0.705209
vn 0.114869 -0.708622 0.696176
vn -0.023150 -0.708621 0.705209
vn 0.023150 0.708621 0.705209
vn -0.114869 0.708622 0.696176
vn -0.160289 -0.708621 0.687141
vn -0.248488 0.708621 0.660386
vn -0.372541 0.708621 0.599224
vn -0.411041 -0.708622 0.573499
vn -0.482286 0.708621 0.515030
vn -0.515031 -0.708621 0.482285
vn -0.573497 0.708621 0.411043
vn -0.599223 -0.708621 0.372543
vn -0.573497 0.708621 0.411043
vn -0.642669 0.708622 0.291260
vn -0.660389 -0.708622 0.248477
vn -0.687143 0.708621 0.160284
vn -0.696175 -0.708621 0.114875
vn -0.947764 0.317450 0.031118
vn -0.696175 -0.708621 0.114875
vn -0.947764 -0.317450 -0.031119
vn -0.819863 0.556347 -0.135289
vn -0.809223 -0.556347 -0.188773
vn -0.660387 0.708621 -0.248486
vn -0.642666 -0.708621 -0.291267
vn -0.599226 0.708621 -0.372539
vn -0.573502 -0.708621 -0.411038
vn -0.515031 0.708622 -0.482284
vn -0.573502 -0.708621 -0.411038
vn -0.482285 -0.708622 -0.515031
vn -0.411040 0.708621 -0.573500
vn -0.482285 -0.708622 -0.515031
vn -0.372544 -0.708621 -0.599222
vn -0.411040 0.708621 -0.573500
vn -0.291260 0.708622 -0.642669
vn -0.248482 -0.708621 -0.660388
vn -0.160283 0.708621 -0.687143
vn -0.114869 0.708622 0.696176
vn -0.291260 0.708622 -0.642669
vn -0.248488 0.708621 0.660386
vn -0.573497 0.708621 0.411043
vn -0.599226 0.708621 -0.372539
vn -0.660387 0.708621 -0.248486
vn -0.642669 0.708622 0.291260
vn -0.291260 0.708622 -0.642669
vn -0.248482 -0.708621 -0.660388
vn -0.114870 -0.708622 -0.696175
vn -0.160283 0.708621 -0.687143
vn 0.023150 -0.708621 -0.705209
vn 0.023150 -0.708621 -0.705209
vn -0.160289 -0.708621 0.687141
vn -0.248482 -0.708621 -0.660388
vn -0.482285 -0.708622 -0.515031
vn 0.023145 -0.708621 -0.705209
vn -0.023145 0.708621 -0.705209
vn 0.114863 0.708621 -0.696177
vn 0.160280 -0.708622 -0.687143
vn 0.114863 0.708621 -0.696177
vn 0.291270 -0.708621 -0.642665
vn 0.372545 0.708621 -0.599222
vn 0.291270 -0.708621 -0.642665
vn 0.411042 -0.708621 -0.573499
vn 0.482283 0.708621 -0.515032
vn 0.411042 -0.708621 -0.573499
vn 0.515027 -0.708621 -0.482289
vn 0.573496 0.708621 -0.411045
vn 0.599222 -0.708621 -0.372544
vn 0.573496 0.708621 -0.411045
vn 0.642668 0.708621 -0.291262
vn 0.660389 -0.708621 -0.248480
vn 0.687143 0.708621 -0.160284
vn 0.696176 -0.708621 -0.114871
vn 0.947764 0.317450 -0.031116
vn 0.947764 -0.317450 0.031116
vn 0.819864 0.556347 0.135283
vn 0.809225 -0.556347 0.188768
vn 0.660389 0.708621 0.248481
vn 0.642669 -0.708621 0.291260
vn 0.660389 0.708621 0.248481
vn 0.599224 0.708621 0.372540
vn 0.573496 -0.708621 0.411045
vn 0.599224 0.708621 0.372540
vn 0.515027 0.708621 0.482289
vn 0.411048 0.708621 0.573494
vn 0.372551 -0.708621 0.599217
vn 0.411048 0.708621 0.573494
vn 0.291262 0.708622 0.642668
vn 0.248484 -0.708621 0.660387
vn 0.160290 0.708621 0.687141
vn 0.248484 -0.708621 0.660387
vn 0.114872 -0.708622 0.696175
vn 0.023154 0.708621 0.705210
vn 0.114872 -0.708622 0.696175
vn -0.023155 -0.708621 0.705210
vn -0.114872 0.708622 0.696175
vn -0.023155 -0.708621 0.705210
vn -0.160290 -0.708621 0.687141
vn -0.291262 -0.708622 0.642668
vn -0.372551 0.708621 0.599217
vn -0.411048 -0.708621 0.573494
vn -0.372551 0.708621 0.599217
vn -0.482289 0.708621 0.515028
vn -0.515027 -0.708621 0.482289
vn -0.482289 0.708621 0.515028
vn -0.573496 0.708621 0.411045
vn -0.599224 -0.708621 0.372540
vn -0.573496 0.708621 0.411045
vn -0.642670 0.708621 0.291258
vn -0.660390 -0.708621 0.248478
vn -0.687142 0.708621 0.160287
vn -0.660390 -0.708621 0.248478
vn -0.696175 -0.708621 0.114876
vn -0.687142 0.708621 0.160287
vn -0.947764 0.317450 0.031118
vn -0.696175 -0.708621 0.114876
vn -0.947764 -0.317450 -0.031115
vn -0.947764 0.317450 0.031118
vn -0.819864 0.556347 -0.135281
vn -0.809226 -0.556347 -0.188762
vn -0.660389 0.708621 -0.248480
vn -0.642668 -0.708621 -0.291262
vn -0.599222 0.708621 -0.372544
vn -0.573496 -0.708621 -0.411045
vn -0.515027 0.708621 -0.482289
vn -0.482283 -0.708621 -0.515032
vn -0.411040 0.708621 -0.573500
vn -0.482283 -0.708621 -0.515032
vn -0.372540 -0.708621 -0.599224
vn -0.411040 0.708621 -0.573500
vn -0.291267 0.708621 -0.642666
vn -0.248485 -0.708621 -0.660387
vn -0.160284 0.708622 -0.687142
vn -0.291267 0.708621 -0.642666
vn -0.248485 -0.708621 -0.660387
vn -0.114864 -0.708621 -0.696177
vn -0.160284 0.708622 -0.687142
vn 0.023145 -0.708621 -0.705209
vn -0.291262 -0.708622 0.642668
vn -0.411048 -0.708621 0.573494
vn 0.160289 -0.708622 -0.687141
vn 0.291263 -0.708621 -0.642668
vn 0.248484 0.708621 -0.660388
vn 0.372543 0.708621 -0.599222
vn 0.515027 -0.708621 -0.482289
vn 0.687142 0.708621 -0.160287
vn 0.819864 -0.556347 -0.135281
vn 0.687142 0.708621 -0.160287
vn 0.947765 0.317450 -0.031112
vn 0.830503 -0.556347 0.027270
vn 0.947765 0.317450 -0.031112
vn 0.819864 0.556347 0.135277
vn 0.923482 -0.317450 0.215424
vn 0.660388 0.708621 0.248483
vn 0.544994 -0.801232 0.247000
vn 0.573495 -0.708621 0.411046
vn 0.515028 0.708621 0.482288
vn 0.291268 0.708621 0.642666
vn 0.372539 -0.708621 0.599225
vn 0.248482 -0.708621 0.660389
vn 0.023150 0.708622 0.705209
vn -0.023150 -0.708622 0.705209
vn -0.114869 0.708621 0.696176
vn -0.248483 0.708621 0.660388
vn -0.160288 -0.708621 0.687141
vn -0.291268 -0.708621 0.642666
vn -0.248483 0.708621 0.660388
vn -0.291268 -0.708621 0.642666
vn -0.411045 -0.708621 0.573496
vn -0.411045 -0.708621 0.573496
vn -0.515028 -0.708621 0.482288
vn -0.573495 0.708621 0.411046
vn -0.599222 -0.708622 0.372543
vn -0.642669 0.708621 0.291259
vn -0.660391 -0.708622 0.248475
vn -0.642669 0.708621 0.291259
vn -0.687143 0.708621 0.160284
vn -0.696176 -0.708621 0.114873
vn -0.947764 0.317450 0.031117
vn -0.947764 -0.317450 -0.031121
vn -0.819863 0.556347 -0.135289
vn -0.809224 -0.556347 -0.188771
vn -0.660387 0.708621 -0.248484
vn -0.642667 -0.708621 -0.291266
vn -0.599223 0.708621 -0.372542
vn -0.642667 -0.708621 -0.291266
vn -0.573500 -0.708621 -0.411041
vn -0.515032 0.708622 -0.482283
vn -0.482288 -0.708621 -0.515028
vn -0.411043 0.708621 -0.573497
vn -0.372540 -0.708621 -0.599224
vn -0.291260 0.708621 -0.642669
vn -0.372540 -0.708621 -0.599224
vn -0.248482 -0.708621 -0.660389
vn -0.160289 0.708622 -0.687141
vn -0.291260 0.708621 -0.642669
vn -0.642669 0.708621 0.291259
vn -0.573495 0.708621 0.411046
vn -0.660387 0.708621 -0.248484
vn 0.544994 -0.801232 0.247000
vn 0.923482 -0.317450 0.215424
vn -0.411045 -0.708621 0.573496
vn -0.248482 -0.708621 -0.660389
vn -0.599222 -0.708622 0.372543
vn -0.482288 -0.708621 -0.515028
vn 0.114872 0.708622 -0.696175
vn 0.114872 0.708622 -0.696175
vn 0.291262 -0.708622 -0.642668
vn 0.372551 0.708621 -0.599217
vn 0.411048 -0.708621 -0.573494
vn 0.482289 0.708621 -0.515028
vn 0.515023 -0.708621 -0.482293
vn 0.482289 0.708621 -0.515028
vn 0.573493 0.708621 -0.411050
vn 0.515023 -0.708621 -0.482293
vn 0.599220 -0.708622 -0.372545
vn 0.573493 0.708621 -0.411050
vn 0.642669 0.708621 -0.291260
vn 0.660390 -0.708621 -0.248478
vn 0.687142 0.708621 -0.160287
vn 0.660390 -0.708621 -0.248478
vn 0.819864 0.556347 0.135279
vn 0.809225 -0.556347 0.188764
vn 0.819864 0.556347 0.135279
vn 0.660390 0.708621 0.248478
vn 0.809225 -0.556347 0.188764
vn 0.660390 0.708621 0.248478
vn 0.599220 0.708622 0.372545
vn 0.573493 -0.708621 0.411050
vn 0.515029 0.708621 0.482289
vn 0.372545 -0.708621 0.599222
vn 0.291270 0.708621 0.642665
vn 0.372545 -0.708621 0.599222
vn 0.248484 -0.708621 0.660387
vn 0.114872 -0.708621 0.696176
vn 0.160290 0.708621 0.687141
vn 0.023155 0.708622 0.705209
vn -0.023155 -0.708622 0.705209
vn -0.114872 0.708621 0.696176
vn -0.160290 -0.708621 0.687141
vn -0.114872 0.708621 0.696176
vn -0.160290 -0.708621 0.687141
vn -0.291271 -0.708621 0.642664
vn -0.372545 0.708621 0.599222
vn -0.411048 -0.708621 0.573494
vn -0.482289 0.708621 0.515028
vn -0.515029 -0.708621 0.482288
vn -0.573493 0.708621 0.411050
vn -0.599220 -0.708622 0.372545
vn -0.573493 0.708621 0.411050
vn -0.660391 -0.708621 0.248475
vn -0.687143 0.708621 0.160285
vn -0.696176 -0.708621 0.114873
vn -0.696176 -0.708621 0.114873
vn -0.809225 -0.556347 -0.188765
vn -0.660390 0.708621 -0.248478
vn -0.809225 -0.556347 -0.188765
vn -0.642669 -0.708621 -0.291260
vn -0.660390 0.708621 -0.248478
vn -0.599220 0.708622 -0.372545
vn -0.573493 -0.708621 -0.411050
vn -0.515023 0.708621 -0.482294
vn -0.482289 -0.708621 -0.515028
vn -0.515023 0.708621 -0.482294
vn -0.411046 0.708621 -0.573496
vn -0.372546 -0.708622 -0.599220
vn -0.291259 0.708621 -0.642670
vn -0.372545 0.708621 0.599222
vn -0.291258 0.708621 -0.642670
vn -0.114873 -0.708622 -0.696175
vn -0.291271 -0.708621 0.642664
vn -0.411048 -0.708621 0.573494
vt 1.000000 0.500000
vt 1.000000 1.000000
vt 0.968750 1.000000
vt 0.968750 0.500000
vt 0.937500 1.000000
vt 0.937500 0.500000
vt 0.906250 1.000000
vt 0.906250 0.500000
vt 0.875000 1.000000
vt 0.875000 0.500000
vt 0.843750 1.000000
vt 0.843750 0.500000
vt 0.812500 1.000000
vt 0.812500 0.500000
vt 0.781250 1.000000
vt 0.781250 0.500000
vt 0.750000 1.000000
vt 0.750000 0.500000
vt 0.718750 1.000000
vt 0.718750 0.500000
vt 0.687500 1.000000
vt 0.687500 0.500000
vt 0.656250 1.000000
vt 0.656250 0.500000
vt 0.625000 1.000000
vt 0.625000 0.500000
vt 0.593750 1.000000
vt 0.593750 0.500000
vt 0.562500 1.000000
vt 0.562500 0.500000
vt 0.531250 1.000000
vt 0.531250 0.500000
vt 0.500000 1.000000
vt 0.500000 0.500000
vt 0.468750 1.000000
vt 0.468750 0.500000
vt 0.437500 1.000000
vt 0.437500 0.500000
vt 0.406250 1.000000
vt 0.406250 0.500000
vt 0.375000 1.000000
vt 0.375000 0.500000
vt 0.343750 1.000000
vt 0.343750 0.500000
vt 0.312500 1.000000
vt 0.312500 0.500000
vt 0.281250 1.000000
vt 0.281250 0.500000
vt 0.250000 1.000000
vt 0.250000 0.500000
vt 0.218750 1.000000
vt 0.218750 0.500000
vt 0.187500 1.000000
vt 0.187500 0.500000
vt 0.156250 1.000000
vt 0.156250 0.500000
vt 0.125000 1.000000
vt 0.125000 0.500000
vt 0.093750 1.000000
vt 0.093750 0.500000
vt 0.062500 1.000000
vt 0.062500 0.500000
vt 0.296822 0.485388
vt 0.250000 0.490000
vt 0.250000 0.010000
vt 0.296822 0.014612
vt 0.341844 0.471731
vt 0.203179 0.485389
vt 0.203178 0.014612
vt 0.158156 0.471731
vt 0.158156 0.028269
vt 0.116663 0.449553
vt 0.116663 0.050447
vt 0.080295 0.419706
vt 0.080294 0.080294
vt 0.050447 0.383337
vt 0.050447 0.116663
vt 0.028269 0.341844
vt 0.028269 0.158156
vt 0.014612 0.296822
vt 0.010000 0.250000
vt 0.014611 0.203179
vt 0.341844 0.028269
vt 0.383337 0.050447
vt 0.383337 0.449553
vt 0.419706 0.080294
vt 0.419706 0.419706
vt 0.449553 0.116663
vt 0.449553 0.383337
vt 0.471731 0.158156
vt 0.471731 0.341844
vt 0.485388 0.203178
vt 0.485388 0.296822
vt 0.490000 0.250000
vt 0.031250 1.000000
vt 0.031250 0.500000
vt 0.000000 1.000000
vt 0.000000 0.500000
vt 0.750000 0.490000
vt 0.796822 0.485388
vt 0.750000 0.010000
vt 0.703178 0.014612
vt 0.703179 0.485389
vt 0.841844 0.471731
vt 0.796822 0.014612
vt 0.883337 0.449553
vt 0.841844 0.028269
vt 0.919706 0.419706
vt 0.883337 0.050447
vt 0.949553 0.383337
vt 0.919706 0.080294
vt 0.971731 0.341844
vt 0.949553 0.116663
vt 0.985388 0.296822
vt 0.971731 0.158156
vt 0.990000 0.250000
vt 0.985388 0.203178
vt 0.658156 0.028269
vt 0.616663 0.050447
vt 0.658156 0.471731
vt 0.580294 0.080294
vt 0.616663 0.449553
vt 0.550447 0.116663
vt 0.580295 0.419706
vt 0.528269 0.158156
vt 0.550447 0.383337
vt 0.514611 0.203179
vt 0.528269 0.341844
vt 0.510000 0.250000
vt 0.514612 0.296822
f 5529/99/79 5530/100/80 5531/101/81
f 5529/99/79 5531/101/81 5532/102/82
f 5532/102/82 5531/101/81 5533/103/83
f 5532/102/82 5533/103/83 5534/104/84
f 5534/104/84 5533/103/83 5535/105/85
f 5534/104/84 5535/105/85 5536/106/86
f 5536/106/86 5535/105/85 5537/107/87
f 5536/106/86 5537/107/87 5538/108/88
f 5538/108/88 5537/107/87 5539/109/89
f 5538/108/88 5539/109/89 5540/110/90
f 5540/110/90 5539/109/89 5541/111/91
f 5540/110/92 5541/111/91 5542/112/93
f 5542/112/93 5541/111/91 5543/113/94
f 5542/112/95 5543/113/94 5544/114/96
f 5544/114/96 5543/113/94 5545/115/97
f 5544/114/96 5545/115/97 5546/116/98
f 5546/116/98 5545/115/97 5547/117/99
f 5546/116/98 5547/117/99 5548/118/100
f 5548/118/100 5547/117/99 5549/119/101
f 5548/118/102 5549/119/101 5550/120/103
f 5550/120/103 5549/119/101 5551/121/104
f 5550/120/103 5551/121/104 5552/122/105
f 5552/122/105 5551/121/104 5553/123/106
f 5552/122/105 5553/123/106 5554/124/107
f 5554/124/107 5553/123/106 5555/125/108
f 5554/124/109 5555/125/108 5556/126/110
f 5556/126/110 5555/125/108 5557/127/111
f 5556/126/110 5557/127/111 5558/128/112
f 5558/128/112 5557/127/111 5559/129/113
f 5558/128/114 5559/129/113 5560/130/115
f 5560/130/115 5559/129/116 5561/131/117
f 5560/130/118 5561/131/117 5562/132/119
f 5562/132/119 5561/131/120 5563/133/121
f 5562/132/119 5563/133/121 5564/134/122
f 5564/134/122 5563/133/121 5565/135/123
f 5564/134/122 5565/135/123 5566/136/124
f 5566/136/124 5565/135/123 5567/137/125
f 5566/136/124 5567/137/125 5568/138/126
f 5568/138/126 5567/137/125 5569/139/127
f 5568/138/126 5569/139/127 5570/140/128
f 5570/140/128 5569/139/129 5571/141/130
f 5570/140/131 5571/141/130 5572/142/132
f 5572/142/132 5571/141/130 5573/143/133
f 5572/142/132 5573/143/133 5574/144/134
f 5574/144/134 5573/143/133 5575/145/135
f 5574/144/136 5575/145/135 5576/146/137
f 5576/146/137 5575/145/135 5577/147/138
f 5576/146/137 5577/147/138 5578/148/139
f 5578/148/139 5577/147/138 5579/149/140
f 5578/148/139 5579/149/140 5580/150/141
f 5580/150/141 5579/149/142 5581/151/143
f 5580/150/141 5581/151/143 5582/152/144
f 5582/152/144 5581/151/145 5583/153/146
f 5582/152/147 5583/153/146 5584/154/148
f 5584/154/148 5583/153/146 5585/155/149
f 5584/154/148 5585/155/149 5586/156/150
f 5586/156/150 5585/155/149 5587/157/151
f 5586/156/150 5587/157/151 5588/158/152
f 5588/158/152 5587/157/151 5589/159/153
f 5588/158/152 5589/159/153 5590/160/154
f 5531/161/81 5530/162/80 5561/163/117
f 5531/161/81 5559/164/113 5533/165/83
f 5531/161/81 5561/163/117 5559/164/113
f 5530/162/80 5591/166/155 5563/167/121
f 5530/162/80 5563/167/121 5561/163/117
f 5591/166/155 5589/168/153 5565/169/123
f 5591/166/155 5565/169/123 5563/167/121
f 5589/168/153 5587/170/151 5567/171/125
f 5589/168/153 5567/171/125 5565/169/123
f 5587/170/151 5585/172/149 5569/173/127
f 5587/170/151 5569/173/127 5567/171/125
f 5585/172/149 5583/174/146 5571/175/130
f 5585/172/149 5571/175/130 5569/173/127
f 5583/174/146 5581/176/143 5573/177/133
f 5583/174/146 5573/177/133 5571/175/130
f 5581/176/143 5579/178/140 5577/179/138
f 5581/176/143 5575/180/135 5573/177/133
f 5581/176/143 5577/179/138 5575/180/135
f 5559/164/113 5557/181/111 5533/165/83
f 5557/181/111 5555/182/108 5535/183/85
f 5557/181/111 5535/183/85 5533/165/83
f 5555/182/108 5553/184/106 5537/185/87
f 5555/182/108 5537/185/87 5535/183/85
f 5553/184/106 5551/186/104 5539/187/89
f 5553/184/106 5539/187/89 5537/185/87
f 5551/186/104 5549/188/101 5541/189/91
f 5551/186/104 5541/189/91 5539/187/89
f 5549/188/101 5547/190/99 5543/191/94
f 5549/188/101 5543/191/94 5541/189/91
f 5547/190/99 5545/192/97 5543/191/94
f 5590/160/154 5589/159/153 5591/193/155
f 5590/160/154 5591/193/155 5592/194/156
f 5592/194/156 5591/193/155 5530/195/80
f 5592/194/156 5530/195/80 5529/196/157
f 5529/197/79 5532/198/82 5562/199/119
f 5529/197/79 5564/200/122 5592/201/156
f 5529/197/79 5562/199/119 5564/200/122
f 5532/198/82 5534/202/84 5560/203/115
f 5532/198/82 5560/203/115 5562/199/119
f 5534/202/84 5536/204/86 5558/205/112
f 5534/202/84 5558/205/112 5560/203/115
f 5536/204/86 5538/206/88 5556/207/110
f 5536/204/86 5556/207/110 5558/205/112
f 5538/206/88 5540/208/90 5554/209/107
f 5538/206/88 5554/209/107 5556/207/110
f 5540/208/90 5542/210/93 5552/211/105
f 5540/208/90 5552/211/105 5554/209/107
f 5542/210/93 5544/212/96 5550/213/103
f 5542/210/93 5550/213/103 5552/211/105
f 5544/212/96 5546/214/98 5550/213/158
f 5546/214/98 5548/215/100 5550/213/103
f 5564/200/122 5566/216/124 5592/201/156
f 5566/216/124 5568/217/126 5590/218/154
f 5566/216/124 5590/218/154 5592/201/156
f 5568/217/126 5570/219/128 5588/220/152
f 5568/217/126 5588/220/152 5590/218/154
f 5570/219/128 5572/221/132 5586/222/150
f 5570/219/128 5586/222/150 5588/220/152
f 5572/221/132 5574/223/134 5584/224/148
f 5572/221/132 5584/224/148 5586/222/150
f 5574/223/134 5576/225/137 5582/226/144
f 5574/223/134 5582/226/144 5584/224/148
f 5576/225/137 5578/227/139 5580/228/141
f 5576/225/137 5580/228/141 5582/226/144
f 5593/99/159 5594/100/160 5595/101/161
f 5593/99/159 5595/101/161 5596/102/162
f 5596/102/162 5595/101/163 5597/103/164
f 5596/102/162 5597/103/164 5598/104/165
f 5598/104/165 5597/103/166 5599/105/167
f 5598/104/168 5599/105/167 5600/106/169
f 5600/106/169 5599/105/167 5601/107/170
f 5600/106/171 5601/107/170 5602/108/172
f 5602/108/172 5601/107/173 5603/109/174
f 5602/108/175 5603/109/174 5604/110/176
f 5604/110/176 5603/109/174 5605/111/177
f 5604/110/178 5605/111/177 5606/112/179
f 5606/112/179 5605/111/177 5607/113/180
f 5606/112/179 5607/113/180 5608/114/181
f 5608/114/181 5607/113/182 5609/115/183
f 5608/114/181 5609/115/183 5610/116/184
f 5610/116/184 5609/115/183 5611/117/185
f 5610/116/184 5611/117/185 5612/118/186
f 5612/118/186 5611/117/185 5613/119/187
f 5612/118/186 5613/119/187 5614/120/188
f 5614/120/188 5613/119/189 5615/121/190
f 5614/120/188 5615/121/190 5616/122/191
f 5616/122/191 5615/121/192 5617/123/193
f 5616/122/191 5617/123/193 5618/124/194
f 5618/124/194 5617/123/193 5619/125/195
f 5618/124/194 5619/125/195 5620/126/196
f 5620/126/196 5619/125/197 5621/127/198
f 5620/126/199 5621/127/198 5622/128/200
f 5622/128/200 5621/127/201 5623/129/202
f 5622/128/200 5623/129/202 5624/130/203
f 5624/130/203 5623/129/204 5625/131/205
f 5624/130/203 5625/131/205 5626/132/206
f 5626/132/206 5625/131/205 5627/133/207
f 5626/132/206 5627/133/207 5628/134/208
f 5628/134/208 5627/133/207 5629/135/209
f 5628/134/208 5629/135/209 5630/136/210
f 5630/136/210 5629/135/209 5631/137/211
f 5630/136/210 5631/137/211 5632/138/212
f 5632/138/212 5631/137/211 5633/139/213
f 5632/138/212 5633/139/213 5634/140/214
f 5634/140/214 5633/139/215 5635/141/216
f 5634/140/214 5635/141/216 5636/142/217
f 5636/142/217 5635/141/216 5637/143/218
f 5636/142/217 5637/143/218 5638/144/219
f 5638/144/219 5637/143/218 5639/145/220
f 5638/144/219 5639/145/220 5640/146/221
f 5640/146/221 5639/145/222 5641/147/223
f 5640/146/221 5641/147/223 5642/148/224
f 5642/148/224 5641/147/223 5643/149/225
f 5642/148/224 5643/149/225 5644/150/226
f 5644/150/226 5643/149/225 5645/151/227
f 5644/150/226 5645/151/227 5646/152/228
f 5646/152/228 5645/151/229 5647/153/230
f 5646/152/228 5647/153/230 5648/154/231
f 5648/154/231 5647/153/230 5649/155/232
f 5648/154/231 5649/155/232 5650/156/233
f 5650/156/233 5649/155/234 5651/157/235
f 5650/156/233 5651/157/235 5652/158/236
f 5652/158/236 5651/157/237 5653/159/238
f 5652/158/236 5653/159/238 5654/160/239
f 5595/161/161 5594/162/160 5627/167/207
f 5595/161/161 5625/163/205 5597/165/164
f 5595/161/161 5627/167/207 5625/163/205
f 5594/162/160 5655/166/240 5629/169/209
f 5594/162/160 5629/169/209 5627/167/207
f 5655/166/240 5653/168/238 5631/171/211
f 5655/166/240 5631/171/241 5629/169/242
f 5653/168/238 5651/170/235 5631/171/211
f 5651/170/235 5649/172/232 5633/173/213
f 5651/170/235 5633/173/213 5631/171/211
f 5649/172/232 5647/174/230 5637/177/218
f 5649/172/243 5635/175/244 5633/173/213
f 5649/172/232 5637/177/218 5635/175/244
f 5647/174/230 5645/176/227 5639/180/220
f 5647/174/230 5639/180/220 5637/177/218
f 5645/176/227 5643/178/225 5639/180/220
f 5643/178/225 5641/179/223 5639/180/220
f 5625/163/205 5623/164/202 5597/165/164
f 5623/164/202 5621/181/198 5599/183/167
f 5623/164/202 5599/183/167 5597/165/164
f 5621/181/198 5619/182/195 5601/185/170
f 5621/181/198 5601/185/170 5599/183/167
f 5619/182/195 5617/184/193 5603/187/174
f 5619/182/195 5603/187/174 5601/185/170
f 5617/184/193 5615/186/190 5603/187/174
f 5615/186/190 5613/188/187 5607/191/180
f 5615/186/190 5607/191/180 5605/189/177
f 5615/186/190 5605/189/177 5603/187/174
f 5613/188/187 5611/190/185 5609/192/183
f 5613/188/187 5609/192/183 5607/191/180
f 5654/160/239 5653/159/238 5655/193/240
f 5654/160/239 5655/193/240 5656/194/245
f 5656/194/245 5655/193/246 5594/195/160
f 5656/194/247 5594/195/160 5593/196/159
f 5593/197/159 5596/198/162 5628/200/208
f 5593/197/159 5630/216/210 5656/201/245
f 5593/197/159 5628/200/208 5630/216/210
f 5596/198/162 5598/202/165 5626/199/206
f 5596/198/162 5626/199/206 5628/200/208
f 5598/202/248 5600/204/169 5624/203/203
f 5598/202/165 5624/203/203 5626/199/206
f 5600/204/169 5602/206/172 5622/205/200
f 5600/204/169 5622/205/200 5624/203/203
f 5602/206/172 5604/208/176 5618/209/194
f 5602/206/172 5620/207/196 5622/205/200
f 5602/206/172 5618/209/194 5620/207/196
f 5604/208/249 5606/210/250 5618/209/194
f 5606/210/179 5608/212/181 5616/211/191
f 5606/210/179 5616/211/191 5618/209/194
f 5608/212/181 5610/214/184 5612/215/186
f 5608/212/181 5614/213/188 5616/211/191
f 5608/212/181 5612/215/186 5614/213/188
f 5630/216/210 5632/217/212 5656/201/245
f 5632/217/212 5634/219/214 5654/218/251
f 5632/217/212 5654/218/239 5656/201/245
f 5634/219/214 5636/221/252 5650/222/233
f 5634/219/214 5650/222/233 5652/220/236
f 5634/219/214 5652/220/236 5654/218/239
f 5636/221/217 5638/223/219 5648/224/231
f 5636/221/217 5648/224/231 5650/222/233
f 5638/223/219 5640/225/221 5648/224/231
f 5640/225/221 5642/227/224 5646/226/228
f 5640/225/221 5646/226/228 5648/224/231
f 5642/227/224 5644/228/226 5646/226/228
f 5657/99/253 5658/100/254 5659/101/255
f 5657/99/253 5659/101/255 5660/102/256
f 5660/102/256 5659/101/255 5661/103/257
f 5660/102/256 5661/103/257 5662/104/258
f 5662/104/258 5661/103/257 5663/105/259
f 5662/104/258 5663/105/259 5664/106/260
f 5664/106/260 5663/105/261 5665/107/262
f 5664/106/260 5665/107/262 5666/108/263
f 5666/108/263 5665/107/262 5667/109/264
f 5666/108/265 5667/109/264 5668/110/266
f 5668/110/266 5667/109/267 5669/111/268
f 5668/110/266 5669/111/268 5670/112/269
f 5670/112/269 5669/111/270 5671/113/271
f 5670/112/269 5671/113/271 5672/114/272
f 5672/114/272 5671/113/273 5673/115/274
f 5672/114/272 5673/115/274 5674/116/184
f 5674/116/184 5673/115/275 5675/117/276
f 5674/116/184 5675/117/276 5676/118/277
f 5676/118/277 5675/117/276 5677/119/278
f 5676/118/277 5677/119/278 5678/120/279
f 5678/120/279 5677/119/278 5679/121/280
f 5678/120/279 5679/121/280 5680/122/281
f 5680/122/281 5679/121/282 5681/123/283
f 5680/122/281 5681/123/283 5682/124/284
f 5682/124/284 5681/123/283 5683/125/285
f 5682/124/286 5683/125/285 5684/126/287
f 5684/126/287 5683/125/288 5685/127/289
f 5684/126/287 5685/127/289 5686/128/290
f 5686/128/290 5685/127/289 5687/129/291
f 5686/128/292 5687/129/291 5688/130/293
f 5688/130/293 5687/129/291 5689/131/294
f 5688/130/293 5689/131/294 5690/132/295
f 5690/132/295 5689/131/294 5691/133/296
f 5690/132/295 5691/133/296 5692/134/297
f 5692/134/297 5691/133/296 5693/135/298
f 5692/134/297 5693/135/298 5694/136/299
f 5694/136/299 5693/135/300 5695/137/301
f 5694/136/299 5695/137/301 5696/138/302
f 5696/138/302 5695/137/301 5697/139/303
f 5696/138/302 5697/139/303 5698/140/304
f 5698/140/304 5697/139/303 5699/141/305
f 5698/140/306 5699/141/305 5700/142/307
f 5700/142/307 5699/141/305 5701/143/308
f 5700/142/309 5701/143/308 5702/144/310
f 5702/144/310 5701/143/308 5703/145/311
f 5702/144/310 5703/145/311 5704/146/312
f 5704/146/312 5703/145/313 5705/147/314
f 5704/146/315 5705/147/314 5706/148/316
f 5706/148/316 5705/147/314 5707/149/317
f 5706/148/318 5707/149/317 5708/150/319
f 5708/150/319 5707/149/317 5709/151/320
f 5708/150/319 5709/151/320 5710/152/321
f 5710/152/321 5709/151/322 5711/153/323
f 5710/152/321 5711/153/323 5712/154/324
f 5712/154/324 5711/153/323 5713/155/325
f 5712/154/324 5713/155/325 5714/156/326
f 5714/156/326 5713/155/327 5715/157/328
f 5714/156/326 5715/157/328 5716/158/329
f 5716/158/329 5715/157/328 5717/159/330
f 5716/158/329 5717/159/330 5718/160/331
f 5659/161/255 5658/162/254 5689/163/294
f 5659/161/255 5687/164/291 5661/165/257
f 5659/161/255 5689/163/294 5687/164/291
f 5658/162/254 5719/166/332 5691/167/296
f 5658/162/254 5691/167/296 5689/163/294
f 5719/166/332 5717/168/330 5693/169/298
f 5719/166/332 5693/169/298 5691/167/296
f 5717/168/330 5715/170/328 5695/171/301
f 5717/168/330 5695/171/301 5693/169/298
f 5715/170/328 5713/172/325 5697/173/303
f 5715/170/328 5697/173/303 5695/171/301
f 5713/172/325 5711/174/323 5699/175/305
f 5713/172/325 5699/175/333 5697/173/334
f 5711/174/323 5709/176/320 5701/177/308
f 5711/174/323 5701/177/308 5699/175/305
f 5709/176/320 5707/178/317 5703/180/311
f 5709/176/320 5703/180/311 5701/177/308
f 5707/178/317 5705/179/314 5703/180/311
f 5687/164/291 5685/181/289 5661/165/257
f 5685/181/289 5683/182/285 5663/183/259
f 5685/181/289 5663/183/259 5661/165/257
f 5683/182/285 5681/184/283 5665/185/262
f 5683/182/285 5665/185/262 5663/183/259
f 5681/184/283 5679/186/280 5667/187/264
f 5681/184/283 5667/187/264 5665/185/262
f 5679/186/280 5677/188/278 5669/189/268
f 5679/186/280 5669/189/268 5667/187/264
f 5677/188/278 5675/190/276 5671/191/271
f 5677/188/278 5671/191/271 5669/189/268
f 5675/190/276 5673/192/274 5671/191/271
f 5718/160/331 5717/159/330 5719/193/332
f 5718/160/331 5719/193/332 5720/194/335
f 5720/194/335 5719/193/332 5658/195/254
f 5720/194/335 5658/195/336 5657/196/337
f 5657/197/253 5660/198/256 5690/199/295
f 5657/197/253 5692/200/297 5720/201/335
f 5657/197/253 5690/199/295 5692/200/297
f 5660/198/256 5662/202/258 5688/203/293
f 5660/198/256 5688/203/293 5690/199/295
f 5662/202/258 5664/204/260 5686/205/290
f 5662/202/258 5686/205/290 5688/203/293
f 5664/204/260 5666/206/263 5684/207/287
f 5664/204/260 5684/207/287 5686/205/290
f 5666/206/263 5668/208/266 5682/209/284
f 5666/206/263 5682/209/284 5684/207/287
f 5668/208/266 5670/210/269 5680/211/281
f 5668/208/266 5680/211/281 5682/209/284
f 5670/210/269 5672/212/272 5678/213/279
f 5670/210/269 5678/213/279 5680/211/281
f 5672/212/272 5674/214/184 5676/215/277
f 5672/212/272 5676/215/277 5678/213/279
f 5692/200/297 5694/216/299 5720/201/335
f 5694/216/299 5696/217/302 5718/218/331
f 5694/216/299 5718/218/331 5720/201/335
f 5696/217/302 5698/219/304 5716/220/329
f 5696/217/302 5716/220/329 5718/218/331
f 5698/219/304 5700/221/309 5714/222/326
f 5698/219/304 5714/222/326 5716/220/329
f 5700/221/307 5702/223/310 5712/224/324
f 5700/221/307 5712/224/324 5714/222/326
f 5702/223/310 5704/225/312 5710/226/321
f 5702/223/310 5710/226/321 5712/224/324
f 5704/225/312 5706/227/316 5708/228/319
f 5704/225/312 5708/228/319 5710/226/321
f 5721/99/338 5722/100/339 5723/101/340
f 5721/99/338 5723/101/340 5724/102/341
f 5724/102/341 5723/101/340 5725/103/342
f 5724/102/341 5725/103/342 5726/104/343
f 5726/104/343 5725/103/344 5727/105/345
f 5726/104/343 5727/105/345 5728/106/346
f 5728/106/346 5727/105/345 5729/107/347
f 5728/106/346 5729/107/347 5730/108/348
f 5730/108/348 5729/107/347 5731/109/349
f 5730/108/348 5731/109/349 5732/110/350
f 5732/110/350 5731/109/349 5733/111/351
f 5732/110/350 5733/111/351 5734/112/352
f 5734/112/352 5733/111/351 5735/113/353
f 5734/112/352 5735/113/353 5736/114/354
f 5736/114/354 5735/113/353 5737/115/355
f 5736/114/354 5737/115/355 5738/116/356
f 5738/116/356 5737/115/357 5739/117/358
f 5738/116/359 5739/117/358 5740/118/360
f 5740/118/360 5739/117/358 5741/119/361
f 5740/118/360 5741/119/361 5742/120/362
f 5742/120/362 5741/119/361 5743/121/363
f 5742/120/362 5743/121/363 5744/122/364
f 5744/122/364 5743/121/363 5745/123/365
f 5744/122/364 5745/123/365 5746/124/366
f 5746/124/366 5745/123/365 5747/125/367
f 5746/124/366 5747/125/367 5748/126/287
f 5748/126/287 5747/125/367 5749/127/368
f 5748/126/287 5749/127/368 5750/128/369
f 5750/128/369 5749/127/368 5751/129/370
f 5750/128/371 5751/129/370 5752/130/372
f 5752/130/372 5751/129/370 5753/131/373
f 5752/130/372 5753/131/373 5754/132/374
f 5754/132/374 5753/131/373 5755/133/375
f 5754/132/374 5755/133/375 5756/134/376
f 5756/134/376 5755/133/375 5757/135/377
f 5756/134/376 5757/135/377 5758/136/378
f 5758/136/378 5757/135/379 5759/137/380
f 5758/136/378 5759/137/380 5760/138/381
f 5760/138/381 5759/137/382 5761/139/383
f 5760/138/381 5761/139/383 5762/140/384
f 5762/140/384 5761/139/383 5763/141/385
f 5762/140/384 5763/141/385 5764/142/386
f 5764/142/386 5763/141/387 5765/143/388
f 5764/142/386 5765/143/388 5766/144/389
f 5766/144/389 5765/143/388 5767/145/390
f 5766/144/389 5767/145/390 5768/146/391
f 5768/146/391 5767/145/392 5769/147/393
f 5768/146/391 5769/147/393 5770/148/394
f 5770/148/394 5769/147/395 5771/149/396
f 5770/148/394 5771/149/396 5772/150/397
f 5772/150/397 5771/149/396 5773/151/398
f 5772/150/397 5773/151/398 5774/152/399
f 5774/152/399 5773/151/400 5775/153/401
f 5774/152/399 5775/153/401 5776/154/402
f 5776/154/402 5775/153/401 5777/155/403
f 5776/154/404 5777/155/403 5778/156/405
f 5778/156/405 5777/155/403 5779/157/406
f 5778/156/405 5779/157/406 5780/158/407
f 5780/158/407 5779/157/406 5781/159/408
f 5780/158/407 5781/159/408 5782/160/409
f 5723/161/340 5722/162/339 5753/163/373
f 5723/161/340 5751/164/370 5725/165/342
f 5723/161/340 5753/163/373 5751/164/370
f 5722/162/339 5783/166/410 5755/167/375
f 5722/162/339 5755/167/375 5753/163/373
f 5783/166/410 5781/168/408 5757/169/377
f 5783/166/410 5757/169/377 5755/167/375
f 5781/168/408 5779/170/406 5759/171/380
f 5781/168/408 5759/171/380 5757/169/377
f 5779/170/411 5777/172/403 5761/173/383
f 5779/170/406 5761/173/383 5759/171/380
f 5777/172/403 5775/174/401 5763/175/385
f 5777/172/403 5763/175/387 5761/173/383
f 5775/174/401 5773/176/398 5765/177/388
f 5775/174/401 5765/177/388 5763/175/385
f 5773/176/398 5771/178/396 5767/180/390
f 5773/176/398 5767/180/390 5765/177/388
f 5771/178/396 5769/179/393 5767/180/390
f 5751/164/370 5749/181/368 5725/165/342
f 5749/181/368 5747/182/367 5727/183/345
f 5749/181/368 5727/183/345 5725/165/342
f 5747/182/367 5745/184/365 5729/185/347
f 5747/182/367 5729/185/347 5727/183/345
f 5745/184/365 5743/186/363 5731/187/349
f 5745/184/365 5731/187/349 5729/185/347
f 5743/186/363 5741/188/361 5733/189/351
f 5743/186/363 5733/189/351 5731/187/349
f 5741/188/361 5739/190/358 5735/191/353
f 5741/188/361 5735/191/353 5733/189/351
f 5739/190/358 5737/192/355 5735/191/353
f 5782/160/409 5781/159/408 5783/193/410
f 5782/160/412 5783/193/410 5784/194/413
f 5784/194/413 5783/193/410 5722/195/339
f 5784/194/413 5722/195/339 5721/196/338
f 5721/197/338 5724/198/341 5754/199/374
f 5721/197/338 5756/200/376 5784/201/413
f 5721/197/338 5754/199/374 5756/200/376
f 5724/198/341 5726/202/343 5752/203/372
f 5724/198/341 5752/203/372 5754/199/374
f 5726/202/343 5728/204/346 5750/205/369
f 5726/202/343 5750/205/369 5752/203/372
f 5728/204/346 5730/206/348 5748/207/287
f 5728/204/346 5748/207/287 5750/205/369
f 5730/206/348 5732/208/350 5746/209/366
f 5730/206/348 5746/209/366 5748/207/287
f 5732/208/350 5734/210/352 5744/211/364
f 5732/208/350 5744/211/364 5746/209/366
f 5734/210/352 5736/212/354 5742/213/362
f 5734/210/352 5742/213/362 5744/211/364
f 5736/212/354 5738/214/356 5740/215/360
f 5736/212/354 5740/215/360 5742/213/362
f 5756/200/376 5758/216/378 5784/201/413
f 5758/216/378 5760/217/381 5782/218/409
f 5758/216/378 5782/218/409 5784/201/413
f 5760/217/381 5762/219/384 5780/220/407
f 5760/217/381 5780/220/407 5782/218/409
f 5762/219/384 5764/221/386 5778/222/414
f 5762/219/384 5778/222/405 5780/220/407
f 5764/221/386 5766/223/389 5776/224/402
f 5764/221/386 5776/224/402 5778/222/405
f 5766/223/389 5768/225/391 5774/226/399
f 5766/223/389 5774/226/399 5776/224/402
f 5768/225/391 5770/227/394 5772/228/397
f 5768/225/391 5772/228/397 5774/226/399
f 5785/99/415 5786/100/416 5787/101/417
f 5785/99/415 5787/101/417 5788/102/418
f 5788/102/418 5787/101/417 5789/103/419
f 5788/102/418 5789/103/419 5790/104/420
f 5790/104/420 5789/103/419 5791/105/421
f 5790/104/420 5791/105/421 5792/106/422
f 5792/106/422 5791/105/423 5793/107/424
f 5792/106/422 5793/107/424 5794/108/425
f 5794/108/425 5793/107/424 5795/109/426
f 5794/108/425 5795/109/426 5796/110/427
f 5796/110/427 5795/109/428 5797/111/429
f 5796/110/427 5797/111/429 5798/112/430
f 5798/112/430 5797/111/429 5799/113/431
f 5798/112/430 5799/113/431 5800/114/432
f 5800/114/432 5799/113/431 5801/115/433
f 5800/114/432 5801/115/433 5802/116/434
f 5802/116/434 5801/115/433 5803/117/435
f 5802/116/436 5803/117/435 5804/118/437
f 5804/118/437 5803/117/435 5805/119/361
f 5804/118/437 5805/119/361 5806/120/438
f 5806/120/438 5805/119/361 5807/121/439
f 5806/120/440 5807/121/439 5808/122/441
f 5808/122/441 5807/121/439 5809/123/442
f 5808/122/441 5809/123/442 5810/124/443
f 5810/124/443 5809/123/442 5811/125/444
f 5810/124/443 5811/125/444 5812/126/445
f 5812/126/445 5811/125/446 5813/127/447
f 5812/126/448 5813/127/447 5814/128/449
f 5814/128/449 5813/127/450 5815/129/451
f 5814/128/449 5815/129/451 5816/130/452
f 5816/130/452 5815/129/451 5817/131/453
f 5816/130/452 5817/131/453 5818/132/454
f 5818/132/454 5817/131/455 5819/133/456
f 5818/132/457 5819/133/456 5820/134/458
f 5820/134/458 5819/133/456 5821/135/459
f 5820/134/458 5821/135/459 5822/136/460
f 5822/136/460 5821/135/461 5823/137/462
f 5822/136/460 5823/137/462 5824/138/463
f 5824/138/463 5823/137/462 5825/139/464
f 5824/138/463 5825/139/464 5826/140/465
f 5826/140/465 5825/139/464 5827/141/466
f 5826/140/465 5827/141/466 5828/142/467
f 5828/142/467 5827/141/466 5829/143/468
f 5828/142/467 5829/143/468 5830/144/469
f 5830/144/469 5829/143/468 5831/145/470
f 5830/144/469 5831/145/470 5832/146/471
f 5832/146/471 5831/145/470 5833/147/472
f 5832/146/473 5833/147/472 5834/148/474
f 5834/148/474 5833/147/475 5835/149/476
f 5834/148/474 5835/149/476 5836/150/477
f 5836/150/477 5835/149/476 5837/151/478
f 5836/150/479 5837/151/478 5838/152/480
f 5838/152/480 5837/151/478 5839/153/481
f 5838/152/480 5839/153/481 5840/154/482
f 5840/154/482 5839/153/481 5841/155/483
f 5840/154/484 5841/155/483 5842/156/485
f 5842/156/485 5841/155/483 5843/157/486
f 5842/156/485 5843/157/486 5844/158/487
f 5844/158/487 5843/157/486 5845/159/488
f 5844/158/489 5845/159/488 5846/160/331
f 5787/161/417 5786/162/416 5819/167/456
f 5787/161/417 5817/163/453 5789/165/419
f 5787/161/417 5819/167/456 5817/163/453
f 5786/162/416 5847/166/490 5821/169/459
f 5786/162/416 5821/169/459 5819/167/456
f 5847/166/490 5845/168/488 5823/171/462
f 5847/166/490 5823/171/462 5821/169/459
f 5845/168/488 5843/170/486 5825/173/464
f 5845/168/488 5825/173/491 5823/171/462
f 5843/170/486 5841/172/483 5827/175/466
f 5843/170/486 5827/175/466 5825/173/464
f 5841/172/483 5839/174/481 5829/177/468
f 5841/172/483 5829/177/468 5827/175/466
f 5839/174/481 5837/176/478 5831/180/470
f 5839/174/481 5831/180/470 5829/177/468
f 5837/176/478 5835/178/476 5833/179/472
f 5837/176/478 5833/179/472 5831/180/470
f 5817/163/453 5815/164/451 5789/165/419
f 5815/164/451 5813/181/447 5791/183/421
f 5815/164/451 5791/183/421 5789/165/419
f 5813/181/447 5811/182/444 5793/185/424
f 5813/181/447 5793/185/424 5791/183/421
f 5811/182/444 5809/184/442 5795/187/426
f 5811/182/444 5795/187/426 5793/185/424
f 5809/184/442 5807/186/439 5797/189/429
f 5809/184/442 5797/189/429 5795/187/426
f 5807/186/439 5805/188/361 5799/191/492
f 5807/186/493 5799/191/431 5797/189/494
f 5805/188/361 5803/190/435 5801/192/433
f 5805/188/361 5801/192/433 5799/191/431
f 5846/160/331 5845/159/488 5847/193/490
f 5846/160/331 5847/193/490 5848/194/495
f 5848/194/495 5847/193/496 5786/195/416
f 5848/194/495 5786/195/416 5785/196/415
f 5785/197/415 5788/198/418 5820/200/458
f 5785/197/497 5822/216/460 5848/201/498
f 5785/197/415 5820/200/458 5822/216/499
f 5788/198/418 5790/202/420 5818/199/454
f 5788/198/418 5818/199/454 5820/200/458
f 5790/202/420 5792/204/422 5816/203/452
f 5790/202/420 5816/203/452 5818/199/500
f 5792/204/501 5794/206/425 5814/205/449
f 5792/204/422 5814/205/449 5816/203/452
f 5794/206/502 5796/208/427 5812/207/445
f 5794/206/425 5812/207/445 5814/205/449
f 5796/208/427 5798/210/430 5810/209/443
f 5796/208/427 5810/209/443 5812/207/445
f 5798/210/430 5800/212/432 5808/211/441
f 5798/210/430 5808/211/441 5810/209/443
f 5800/212/432 5802/214/434 5804/215/437
f 5800/212/432 5806/213/438 5808/211/441
f 5800/212/432 5804/215/437 5806/213/438
f 5822/216/460 5824/217/463 5848/201/495
f 5824/217/463 5826/219/503 5846/218/504
f 5824/217/463 5846/218/331 5848/201/495
f 5826/219/465 5828/221/467 5844/220/487
f 5826/219/465 5844/220/487 5846/218/331
f 5828/221/467 5830/223/469 5842/222/485
f 5828/221/467 5842/222/485 5844/220/487
f 5830/223/469 5832/225/473 5840/224/482
f 5830/223/469 5840/224/482 5842/222/485
f 5832/225/473 5834/227/474 5838/226/505
f 5832/225/471 5838/226/480 5840/224/482
f 5834/227/474 5836/228/477 5838/226/480
f 5849/99/506 5850/100/507 5851/101/508
f 5849/99/506 5851/101/508 5852/102/509
f 5852/102/509 5851/101/510 5853/103/511
f 5852/102/509 5853/103/511 5854/104/512
f 5854/104/512 5853/103/513 5855/105/514
f 5854/104/512 5855/105/514 5856/106/515
f 5856/106/515 5855/105/516 5857/107/517
f 5856/106/515 5857/107/517 5858/108/88
f 5858/108/88 5857/107/517 5859/109/89
f 5858/108/88 5859/109/89 5860/110/518
f 5860/110/518 5859/109/89 5861/111/519
f 5860/110/518 5861/111/519 5862/112/520
f 5862/112/520 5861/111/521 5863/113/522
f 5862/112/523 5863/113/522 5864/114/524
f 5864/114/524 5863/113/522 5865/115/525
f 5864/114/524 5865/115/525 5866/116/526
f 5866/116/526 5865/115/527 5867/117/99
f 5866/116/526 5867/117/99 5868/118/528
f 5868/118/528 5867/117/99 5869/119/101
f 5868/118/529 5869/119/101 5870/120/530
f 5870/120/530 5869/119/101 5871/121/531
f 5870/120/530 5871/121/531 5872/122/532
f 5872/122/532 5871/121/531 5873/123/533
f 5872/122/532 5873/123/533 5874/124/534
f 5874/124/534 5873/123/533 5875/125/535
f 5874/124/534 5875/125/535 5876/126/536
f 5876/126/536 5875/125/537 5877/127/538
f 5876/126/536 5877/127/538 5878/128/539
f 5878/128/539 5877/127/538 5879/129/540
f 5878/128/541 5879/129/540 5880/130/542
f 5880/130/542 5879/129/543 5881/131/544
f 5880/130/542 5881/131/544 5882/132/545
f 5882/132/545 5881/131/544 5883/133/546
f 5882/132/545 5883/133/546 5884/134/547
f 5884/134/547 5883/133/548 5885/135/549
f 5884/134/547 5885/135/549 5886/136/550
f 5886/136/550 5885/135/549 5887/137/551
f 5886/136/550 5887/137/551 5888/138/552
f 5888/138/552 5887/137/553 5889/139/554
f 5888/138/552 5889/139/554 5890/140/131
f 5890/140/131 5889/139/554 5891/141/130
f 5890/140/128 5891/141/130 5892/142/555
f 5892/142/555 5891/141/130 5893/143/556
f 5892/142/555 5893/143/556 5894/144/557
f 5894/144/557 5893/143/556 5895/145/558
f 5894/144/557 5895/145/558 5896/146/559
f 5896/146/559 5895/145/560 5897/147/561
f 5896/146/559 5897/147/561 5898/148/562
f 5898/148/562 5897/147/561 5899/149/563
f 5898/148/562 5899/149/563 5900/150/564
f 5900/150/564 5899/149/563 5901/151/565
f 5900/150/564 5901/151/565 5902/152/566
f 5902/152/566 5901/151/567 5903/153/568
f 5902/152/566 5903/153/568 5904/154/569
f 5904/154/569 5903/153/568 5905/155/570
f 5904/154/569 5905/155/570 5906/156/571
f 5906/156/571 5905/155/570 5907/157/572
f 5906/156/571 5907/157/572 5908/158/573
f 5908/158/573 5907/157/574 5909/159/575
f 5908/158/573 5909/159/575 5910/160/576
f 5851/161/508 5850/162/507 5881/163/544
f 5851/161/508 5879/164/540 5853/165/511
f 5851/161/508 5881/163/544 5879/164/540
f 5850/162/507 5911/166/577 5883/167/546
f 5850/162/507 5883/167/546 5881/163/544
f 5911/166/577 5909/168/575 5885/169/549
f 5911/166/577 5885/169/549 5883/167/546
f 5909/168/575 5907/170/572 5887/171/551
f 5909/168/575 5887/171/551 5885/169/549
f 5907/170/572 5905/172/570 5889/173/554
f 5907/170/572 5889/173/554 5887/171/551
f 5905/172/570 5903/174/568 5891/175/130
f 5905/172/570 5891/175/130 5889/173/554
f 5903/174/568 5901/176/565 5893/177/556
f 5903/174/568 5893/177/556 5891/175/130
f 5901/176/565 5899/178/563 5895/180/558
f 5901/176/565 5895/180/558 5893/177/556
f 5899/178/578 5897/179/561 5895/180/558
f 5879/164/540 5877/181/538 5853/165/511
f 5877/181/538 5875/182/535 5855/183/514
f 5877/181/538 5855/183/514 5853/165/511
f 5875/182/535 5873/184/533 5857/185/517
f 5875/182/535 5857/185/517 5855/183/514
f 5873/184/533 5871/186/531 5859/187/89
f 5873/184/533 5859/187/89 5857/185/517
f 5871/186/531 5869/188/101 5861/189/519
f 5871/186/531 5861/189/519 5859/187/89
f 5869/188/101 5867/190/99 5863/191/522
f 5869/188/101 5863/191/522 5861/189/519
f 5867/190/99 5865/192/525 5863/191/522
f 5910/160/576 5909/159/579 5911/193/577
f 5910/160/576 5911/193/577 5912/194/580
f 5912/194/580 5911/193/577 5850/195/507
f 5912/194/580 5850/195/507 5849/196/506
f 5849/197/506 5852/198/509 5882/199/545
f 5849/197/506 5884/200/547 5912/201/580
f 5849/197/506 5882/199/545 5884/200/547
f 5852/198/509 5854/202/512 5880/203/542
f 5852/198/509 5880/203/542 5882/199/545
f 5854/202/512 5856/204/515 5878/205/539
f 5854/202/512 5878/205/539 5880/203/542
f 5856/204/515 5858/206/88 5876/207/536
f 5856/204/515 5876/207/536 5878/205/539
f 5858/206/88 5860/208/518 5874/209/534
f 5858/206/88 5874/209/534 5876/207/536
f 5860/208/518 5862/210/520 5872/211/532
f 5860/208/518 5872/211/532 5874/209/534
f 5862/210/520 5864/212/524 5870/213/530
f 5862/210/520 5870/213/530 5872/211/532
f 5864/212/524 5866/214/526 5868/215/528
f 5864/212/524 5868/215/528 5870/213/530
f 5884/200/547 5886/216/550 5912/201/580
f 5886/216/550 5888/217/552 5910/218/576
f 5886/216/550 5910/218/576 5912/201/580
f 5888/217/552 5890/219/131 5908/220/573
f 5888/217/552 5908/220/573 5910/218/576
f 5890/219/131 5892/221/555 5906/222/571
f 5890/219/131 5906/222/571 5908/220/573
f 5892/221/555 5894/223/557 5904/224/569
f 5892/221/555 5904/224/569 5906/222/571
f 5894/223/557 5896/225/559 5902/226/566
f 5894/223/557 5902/226/566 5904/224/569
f 5896/225/559 5898/227/562 5900/228/581
f 5896/225/559 5900/228/564 5902/226/566
f 5913/99/582 5914/100/583 5915/101/584
f 5913/99/582 5915/101/584 5916/102/585
f 5916/102/585 5915/101/584 5917/103/511
f 5916/102/585 5917/103/511 5918/104/586
f 5918/104/586 5917/103/513 5919/105/587
f 5918/104/586 5919/105/587 5920/106/588
f 5920/106/588 5919/105/589 5921/107/590
f 5920/106/591 5921/107/590 5922/108/592
f 5922/108/592 5921/107/593 5923/109/594
f 5922/108/592 5923/109/594 5924/110/90
f 5924/110/90 5923/109/594 5925/111/595
f 5924/110/92 5925/111/595 5926/112/596
f 5926/112/596 5925/111/597 5927/113/598
f 5926/112/596 5927/113/598 5928/114/599
f 5928/114/599 5927/113/600 5929/115/97
f 5928/114/601 5929/115/97 5930/116/602
f 5930/116/602 5929/115/97 5931/117/603
f 5930/116/602 5931/117/603 5932/118/604
f 5932/118/604 5931/117/603 5933/119/605
f 5932/118/604 5933/119/605 5934/120/606
f 5934/120/606 5933/119/607 5935/121/608
f 5934/120/609 5935/121/608 5936/122/610
f 5936/122/610 5935/121/611 5937/123/612
f 5936/122/105 5937/123/612 5938/124/613
f 5938/124/613 5937/123/612 5939/125/614
f 5938/124/613 5939/125/614 5940/126/615
f 5940/126/615 5939/125/616 5941/127/538
f 5940/126/617 5941/127/538 5942/128/618
f 5942/128/618 5941/127/538 5943/129/619
f 5942/128/618 5943/129/619 5944/130/620
f 5944/130/620 5943/129/621 5945/131/622
f 5944/130/623 5945/131/622 5946/132/624
f 5946/132/624 5945/131/625 5947/133/626
f 5946/132/624 5947/133/626 5948/134/627
f 5948/134/627 5947/133/626 5949/135/628
f 5948/134/627 5949/135/628 5950/136/550
f 5950/136/550 5949/135/628 5951/137/629
f 5950/136/550 5951/137/629 5952/138/630
f 5952/138/630 5951/137/629 5953/139/631
f 5952/138/630 5953/139/631 5954/140/632
f 5954/140/632 5953/139/631 5955/141/633
f 5954/140/632 5955/141/633 5956/142/634
f 5956/142/634 5955/141/635 5957/143/636
f 5956/142/634 5957/143/636 5958/144/637
f 5958/144/637 5957/143/636 5959/145/638
f 5958/144/637 5959/145/638 5960/146/639
f 5960/146/639 5959/145/638 5961/147/640
f 5960/146/641 5961/147/640 5962/148/642
f 5962/148/642 5961/147/640 5963/149/643
f 5962/148/642 5963/149/643 5964/150/644
f 5964/150/644 5963/149/643 5965/151/645
f 5964/150/644 5965/151/645 5966/152/646
f 5966/152/646 5965/151/645 5967/153/647
f 5966/152/646 5967/153/647 5968/154/648
f 5968/154/648 5967/153/647 5969/155/649
f 5968/154/650 5969/155/649 5970/156/651
f 5970/156/651 5969/155/649 5971/157/652
f 5970/156/653 5971/157/652 5972/158/654
f 5972/158/654 5971/157/655 5973/159/656
f 5972/158/654 5973/159/656 5974/160/657
f 5915/161/584 5914/162/583 5945/163/622
f 5915/161/584 5943/164/619 5917/165/511
f 5915/161/584 5945/163/622 5943/164/619
f 5914/162/583 5975/166/658 5947/167/626
f 5914/162/583 5947/167/626 5945/163/622
f 5975/166/658 5973/168/656 5949/169/628
f 5975/166/658 5949/169/628 5947/167/659
f 5973/168/656 5971/170/652 5951/171/629
f 5973/168/660 5951/171/629 5949/169/661
f 5971/170/652 5969/172/649 5953/173/631
f 5971/170/652 5953/173/631 5951/171/629
f 5969/172/649 5967/174/647 5955/175/633
f 5969/172/649 5955/175/662 5953/173/631
f 5967/174/663 5965/176/664 5957/177/636
f 5967/174/647 5957/177/665 5955/175/635
f 5965/176/645 5963/178/643 5959/180/638
f 5965/176/645 5959/180/638 5957/177/636
f 5963/178/643 5961/179/640 5959/180/638
f 5943/164/619 5941/181/538 5917/165/511
f 5941/181/538 5939/182/614 5919/183/587
f 5941/181/538 5919/183/587 5917/165/511
f 5939/182/614 5937/184/612 5921/185/590
f 5939/182/614 5921/185/590 5919/183/587
f 5937/184/612 5935/186/608 5923/187/594
f 5937/184/612 5923/187/594 5921/185/590
f 5935/186/608 5933/188/605 5925/189/595
f 5935/186/608 5925/189/595 5923/187/594
f 5933/188/605 5931/190/603 5927/191/598
f 5933/188/605 5927/191/598 5925/189/595
f 5931/190/603 5929/192/97 5927/191/598
f 5974/160/657 5973/159/666 5975/193/658
f 5974/160/667 5975/193/658 5976/194/668
f 5976/194/668 5975/193/669 5914/195/583
f 5976/194/668 5914/195/583 5913/196/670
f 5913/197/582 5916/198/585 5946/199/624
f 5913/197/671 5948/200/627 5976/201/668
f 5913/197/582 5946/199/624 5948/200/627
f 5916/198/585 5918/202/586 5944/203/620
f 5916/198/585 5944/203/620 5946/199/624
f 5918/202/586 5920/204/588 5942/205/618
f 5918/202/586 5942/205/618 5944/203/620
f 5920/204/588 5922/206/592 5940/207/615
f 5920/204/588 5940/207/615 5942/205/618
f 5922/206/592 5924/208/90 5938/209/613
f 5922/206/592 5938/209/613 5940/207/615
f 5924/208/90 5926/210/596 5936/211/610
f 5924/208/90 5936/211/610 5938/209/613
f 5926/210/596 5928/212/599 5934/213/606
f 5926/210/596 5934/213/606 5936/211/610
f 5928/212/599 5930/214/602 5932/215/604
f 5928/212/599 5932/215/604 5934/213/606
f 5948/200/672 5950/216/550 5976/201/668
f 5950/216/550 5952/217/630 5974/218/673
f 5950/216/550 5974/218/657 5976/201/668
f 5952/217/630 5954/219/632 5972/220/654
f 5952/217/630 5972/220/654 5974/218/657
f 5954/219/632 5956/221/634 5970/222/674
f 5954/219/632 5970/222/651 5972/220/654
f 5956/221/634 5958/223/637 5968/224/650
f 5956/221/634 5968/224/648 5970/222/651
f 5958/223/637 5960/225/639 5966/226/646
f 5958/223/637 5966/226/646 5968/224/648
f 5960/225/639 5962/227/642 5964/228/644
f 5960/225/639 5964/228/644 5966/226/646
f 5977/99/675 5978/100/676 5979/101/677
f 5977/99/675 5979/101/677 5980/102/678
f 5980/102/678 5979/101/679 5981/103/257
f 5980/102/678 5981/103/257 5982/104/680
f 5982/104/680 5981/103/257 5983/105/681
f 5982/104/682 5983/105/681 5984/106/683
f 5984/106/683 5983/105/681 5985/107/684
f 5984/106/685 5985/107/684 5986/108/686
f 5986/108/686 5985/107/684 5987/109/687
f 5986/108/686 5987/109/687 5988/110/688
f 5988/110/688 5987/109/689 5989/111/690
f 5988/110/688 5989/111/690 5990/112/691
f 5990/112/691 5989/111/690 5991/113/692
f 5990/112/691 5991/113/692 5992/114/693
f 5992/114/693 5991/113/692 5993/115/694
f 5992/114/693 5993/115/694 5994/116/695
f 5994/116/695 5993/115/694 5995/117/696
f 5994/116/695 5995/117/696 5996/118/697
f 5996/118/697 5995/117/696 5997/119/698
f 5996/118/697 5997/119/698 5998/120/699
f 5998/120/699 5997/119/700 5999/121/701
f 5998/120/699 5999/121/701 6000/122/702
f 6000/122/702 5999/121/703 6001/123/704
f 6000/122/702 6001/123/704 6002/124/286
f 6002/124/286 6001/123/704 6003/125/705
f 6002/124/286 6003/125/705 6004/126/706
f 6004/126/706 6003/125/707 6005/127/708
f 6004/126/706 6005/127/708 6006/128/709
f 6006/128/709 6005/127/708 6007/129/710
f 6006/128/711 6007/129/710 6008/130/712
f 6008/130/712 6007/129/710 6009/131/713
f 6008/130/714 6009/131/713 6010/132/715
f 6010/132/715 6009/131/713 6011/133/716
f 6010/132/717 6011/133/716 6012/134/718
f 6012/134/718 6011/133/716 6013/135/379
f 6012/134/718 6013/135/379 6014/136/719
f 6014/136/719 6013/135/379 6015/137/720
f 6014/136/719 6015/137/720 6016/138/721
f 6016/138/721 6015/137/722 6017/139/723
f 6016/138/721 6017/139/723 6018/140/724
f 6018/140/724 6017/139/725 6019/141/726
f 6018/140/724 6019/141/726 6020/142/727
f 6020/142/727 6019/141/728 6021/143/729
f 6020/142/727 6021/143/729 6022/144/730
f 6022/144/730 6021/143/729 6023/145/731
f 6022/144/732 6023/145/731 6024/146/733
f 6024/146/733 6023/145/734 6025/147/735
f 6024/146/736 6025/147/735 6026/148/737
f 6026/148/737 6025/147/738 6027/149/739
f 6026/148/737 6027/149/739 6028/150/740
f 6028/150/740 6027/149/739 6029/151/741
f 6028/150/740 6029/151/741 6030/152/742
f 6030/152/742 6029/151/741 6031/153/743
f 6030/152/742 6031/153/743 6032/154/744
f 6032/154/744 6031/153/743 6033/155/745
f 6032/154/744 6033/155/745 6034/156/746
f 6034/156/746 6033/155/745 6035/157/747
f 6034/156/748 6035/157/747 6036/158/749
f 6036/158/749 6035/157/750 6037/159/751
f 6036/158/749 6037/159/751 6038/160/752
f 5979/161/677 5978/162/676 6009/163/713
f 5979/161/677 6007/164/710 5981/165/257
f 5979/161/677 6009/163/713 6007/164/710
f 5978/162/676 6039/166/753 6011/167/716
f 5978/162/676 6011/167/716 6009/163/713
f 6039/166/753 6037/168/751 6013/169/379
f 6039/166/753 6013/169/379 6011/167/716
f 6037/168/751 6035/170/747 6015/171/720
f 6037/168/754 6015/171/722 6013/169/377
f 6035/170/747 6033/172/745 6017/173/723
f 6035/170/747 6017/173/723 6015/171/720
f 6033/172/745 6031/174/743 6019/175/726
f 6033/172/745 6019/175/726 6017/173/723
f 6031/174/743 6029/176/741 6021/177/729
f 6031/174/743 6021/177/729 6019/175/726
f 6029/176/741 6027/178/739 6023/180/731
f 6029/176/741 6023/180/731 6021/177/729
f 6027/178/739 6025/179/735 6023/180/731
f 6007/164/710 6005/181/708 5981/165/257
f 6005/181/708 6003/182/705 5983/183/681
f 6005/181/708 5983/183/681 5981/165/257
f 6003/182/705 6001/184/704 5985/185/684
f 6003/182/705 5985/185/684 5983/183/681
f 6001/184/704 5999/186/701 5987/187/687
f 6001/184/704 5987/187/687 5985/185/684
f 5999/186/701 5997/188/698 5989/189/690
f 5999/186/701 5989/189/690 5987/187/687
f 5997/188/698 5995/190/696 5991/191/692
f 5997/188/698 5991/191/692 5989/189/690
f 5995/190/696 5993/192/694 5991/191/692
f 6038/160/752 6037/159/754 6039/193/753
f 6038/160/755 6039/193/753 6040/194/756
f 6040/194/756 6039/193/757 5978/195/676
f 6040/194/756 5978/195/676 5977/196/758
f 5977/197/675 5980/198/678 6010/199/715
f 5977/197/675 6012/200/718 6040/201/756
f 5977/197/675 6010/199/715 6012/200/718
f 5980/198/678 5982/202/680 6008/203/712
f 5980/198/678 6008/203/712 6010/199/715
f 5982/202/680 5984/204/683 6006/205/709
f 5982/202/680 6006/205/709 6008/203/712
f 5984/204/683 5986/206/686 6004/207/706
f 5984/204/683 6004/207/706 6006/205/709
f 5986/206/686 5988/208/688 6002/209/286
f 5986/206/686 6002/209/286 6004/207/706
f 5988/208/688 5990/210/691 6000/211/702
f 5988/208/688 6000/211/702 6002/209/286
f 5990/210/691 5992/212/693 5998/213/699
f 5990/210/691 5998/213/699 6000/211/702
f 5992/212/693 5994/214/695 5996/215/697
f 5992/212/693 5996/215/697 5998/213/699
f 6012/200/718 6014/216/719 6040/201/756
f 6014/216/759 6016/217/760 6038/218/755
f 6014/216/719 6038/218/752 6040/201/756
f 6016/217/721 6018/219/724 6036/220/749
f 6016/217/721 6036/220/749 6038/218/752
f 6018/219/724 6020/221/727 6034/222/746
f 6018/219/724 6034/222/746 6036/220/749
f 6020/221/727 6022/223/730 6032/224/744
f 6020/221/727 6032/224/744 6034/222/746
f 6022/223/730 6024/225/733 6030/226/742
f 6022/223/730 6030/226/742 6032/224/744
f 6024/225/733 6026/227/737 6028/228/740
f 6024/225/733 6028/228/740 6030/226/742
f 6041/99/582 6042/100/583 6043/101/584
f 6041/99/582 6043/101/584 6044/102/761
f 6044/102/761 6043/101/584 6045/103/83
f 6044/102/761 6045/103/83 6046/104/762
f 6046/104/762 6045/103/763 6047/105/764
f 6046/104/762 6047/105/764 6048/106/591
f 6048/106/591 6047/105/764 6049/107/590
f 6048/106/588 6049/107/590 6050/108/765
f 6050/108/765 6049/107/593 6051/109/594
f 6050/108/765 6051/109/594 6052/110/90
f 6052/110/90 6051/109/594 6053/111/595
f 6052/110/92 6053/111/595 6054/112/596
f 6054/112/596 6053/111/597 6055/113/766
f 6054/112/596 6055/113/766 6056/114/767
f 6056/114/767 6055/113/768 6057/115/769
f 6056/114/767 6057/115/769 6058/116/770
f 6058/116/770 6057/115/771 6059/117/772
f 6058/116/770 6059/117/772 6060/118/773
f 6060/118/773 6059/117/772 6061/119/774
f 6060/118/773 6061/119/774 6062/120/775
f 6062/120/775 6061/119/774 6063/121/104
f 6062/120/775 6063/121/104 6064/122/776
f 6064/122/776 6063/121/104 6065/123/777
f 6064/122/776 6065/123/777 6066/124/613
f 6066/124/613 6065/123/777 6067/125/108
f 6066/124/613 6067/125/108 6068/126/617
f 6068/126/617 6067/125/108 6069/127/778
f 6068/126/779 6069/127/778 6070/128/780
f 6070/128/780 6069/127/778 6071/129/619
f 6070/128/780 6071/129/619 6072/130/542
f 6072/130/542 6071/129/621 6073/131/781
f 6072/130/542 6073/131/781 6074/132/782
f 6074/132/782 6073/131/781 6075/133/783
f 6074/132/782 6075/133/783 6076/134/627
f 6076/134/627 6075/133/783 6077/135/784
f 6076/134/785 6077/135/784 6078/136/786
f 6078/136/786 6077/135/787 6079/137/629
f 6078/136/788 6079/137/629 6080/138/789
f 6080/138/789 6079/137/629 6081/139/631
f 6080/138/790 6081/139/631 6082/140/791
f 6082/140/791 6081/139/631 6083/141/792
f 6082/140/791 6083/141/792 6084/142/793
f 6084/142/793 6083/141/792 6085/143/794
f 6084/142/793 6085/143/794 6086/144/795
f 6086/144/795 6085/143/796 6087/145/797
f 6086/144/795 6087/145/797 6088/146/798
f 6088/146/798 6087/145/797 6089/147/799
f 6088/146/798 6089/147/799 6090/148/800
f 6090/148/800 6089/147/799 6091/149/801
f 6090/148/800 6091/149/801 6092/150/802
f 6092/150/802 6091/149/801 6093/151/803
f 6092/150/802 6093/151/803 6094/152/804
f 6094/152/804 6093/151/803 6095/153/805
f 6094/152/806 6095/153/805 6096/154/807
f 6096/154/807 6095/153/805 6097/155/808
f 6096/154/807 6097/155/808 6098/156/809
f 6098/156/809 6097/155/808 6099/157/810
f 6098/156/809 6099/157/810 6100/158/811
f 6100/158/811 6099/157/810 6101/159/812
f 6100/158/813 6101/159/812 6102/160/814
f 6043/161/584 6042/162/583 6073/163/781
f 6043/161/584 6071/164/619 6045/165/83
f 6043/161/584 6073/163/781 6071/164/619
f 6042/162/583 6103/166/815 6075/167/783
f 6042/162/583 6075/167/783 6073/163/781
f 6103/166/815 6101/168/812 6077/169/784
f 6103/166/815 6077/169/787 6075/167/783
f 6101/168/812 6099/170/810 6079/171/629
f 6101/168/816 6079/171/629 6077/169/787
f 6099/170/810 6097/172/808 6081/173/631
f 6099/170/810 6081/173/631 6079/171/629
f 6097/172/808 6095/174/805 6083/175/792
f 6097/172/808 6083/175/792 6081/173/631
f 6095/174/805 6093/176/803 6085/177/817
f 6095/174/805 6085/177/817 6083/175/818
f 6093/176/803 6091/178/801 6087/180/797
f 6093/176/819 6087/180/797 6085/177/794
f 6091/178/801 6089/179/799 6087/180/797
f 6071/164/619 6069/181/778 6045/165/83
f 6069/181/778 6067/182/108 6047/183/764
f 6069/181/778 6047/183/764 6045/165/83
f 6067/182/108 6065/184/777 6049/185/590
f 6067/182/108 6049/185/590 6047/183/764
f 6065/184/777 6063/186/104 6051/187/594
f 6065/184/777 6051/187/594 6049/185/590
f 6063/186/104 6061/188/774 6053/189/595
f 6063/186/104 6053/189/595 6051/187/594
f 6061/188/774 6059/190/772 6055/191/766
f 6061/188/774 6055/191/766 6053/189/595
f 6059/190/772 6057/192/769 6055/191/766
f 6102/160/814 6101/159/816 6103/193/815
f 6102/160/814 6103/193/815 6104/194/668
f 6104/194/668 6103/193/815 6042/195/583
f 6104/194/668 6042/195/583 6041/196/670
f 6041/197/582 6044/198/761 6074/199/782
f 6041/197/671 6076/200/627 6104/201/668
f 6041/197/582 6074/199/782 6076/200/627
f 6044/198/761 6046/202/762 6072/203/542
f 6044/198/761 6072/203/542 6074/199/782
f 6046/202/762 6048/204/591 6070/205/780
f 6046/202/762 6070/205/780 6072/203/542
f 6048/204/591 6050/206/765 6068/207/617
f 6048/204/591 6068/207/617 6070/205/780
f 6050/206/765 6052/208/90 6066/209/613
f 6050/206/765 6066/209/613 6068/207/617
f 6052/208/90 6054/210/596 6064/211/776
f 6052/208/90 6064/211/776 6066/209/613
f 6054/210/596 6056/212/767 6062/213/775
f 6054/210/596 6062/213/775 6064/211/776
f 6056/212/767 6058/214/770 6062/213/820
f 6058/214/770 6060/215/821 6062/213/820
f 6076/200/627 6078/216/786 6104/201/668
f 6078/216/788 6080/217/822 6102/218/823
f 6078/216/786 6102/218/814 6104/201/668
f 6080/217/789 6082/219/791 6100/220/811
f 6080/217/789 6100/220/811 6102/218/814
f 6082/219/791 6084/221/824 6098/222/825
f 6082/219/791 6098/222/809 6100/220/811
f 6084/221/824 6086/223/795 6096/224/807
f 6084/221/793 6096/224/807 6098/222/809
f 6086/223/795 6088/225/798 6094/226/804
f 6086/223/795 6094/226/806 6096/224/807
f 6088/225/798 6090/227/800 6092/228/802
f 6088/225/798 6092/228/802 6094/226/804
f 6105/99/675 6106/100/676 6107/101/826
f 6105/99/675 6107/101/826 6108/102/678
f 6108/102/678 6107/101/827 6109/103/257
f 6108/102/678 6109/103/257 6110/104/828
f 6110/104/828 6109/103/257 6111/105/829
f 6110/104/828 6111/105/829 6112/106/830
f 6112/106/830 6111/105/829 6113/107/831
f 6112/106/830 6113/107/831 6114/108/832
f 6114/108/832 6113/107/833 6115/109/834
f 6114/108/835 6115/109/834 6116/110/836
f 6116/110/836 6115/109/837 6117/111/838
f 6116/110/836 6117/111/838 6118/112/839
f 6118/112/839 6117/111/838 6119/113/840
f 6118/112/841 6119/113/840 6120/114/693
f 6120/114/693 6119/113/840 6121/115/694
f 6120/114/693 6121/115/694 6122/116/695
f 6122/116/695 6121/115/694 6123/117/842
f 6122/116/695 6123/117/842 6124/118/843
f 6124/118/843 6123/117/844 6125/119/845
f 6124/118/846 6125/119/845 6126/120/699
f 6126/120/699 6125/119/847 6127/121/848
f 6126/120/699 6127/121/848 6128/122/849
f 6128/122/849 6127/121/848 6129/123/850
f 6128/122/849 6129/123/850 6130/124/286
f 6130/124/286 6129/123/850 6131/125/707
f 6130/124/286 6131/125/707 6132/126/851
f 6132/126/851 6131/125/707 6133/127/852
f 6132/126/853 6133/127/852 6134/128/711
f 6134/128/711 6133/127/852 6135/129/710
f 6134/128/854 6135/129/710 6136/130/855
f 6136/130/855 6135/129/856 6137/131/857
f 6136/130/855 6137/131/857 6138/132/858
f 6138/132/858 6137/131/857 6139/133/859
f 6138/132/858 6139/133/859 6140/134/860
f 6140/134/860 6139/133/861 6141/135/379
f 6140/134/862 6141/135/379 6142/136/863
f 6142/136/863 6141/135/379 6143/137/864
f 6142/136/863 6143/137/864 6144/138/865
f 6144/138/865 6143/137/864 6145/139/866
f 6144/138/865 6145/139/866 6146/140/867
f 6146/140/867 6145/139/723 6147/141/868
f 6146/140/867 6147/141/868 6148/142/869
f 6148/142/869 6147/141/870 6149/143/729
f 6148/142/869 6149/143/729 6150/144/871
f 6150/144/871 6149/143/729 6151/145/872
f 6150/144/871 6151/145/872 6152/146/873
f 6152/146/873 6151/145/872 6153/147/735
f 6152/146/874 6153/147/735 6154/148/737
f 6154/148/737 6153/147/738 6155/149/739
f 6154/148/737 6155/149/739 6156/150/875
f 6156/150/875 6155/149/739 6157/151/876
f 6156/150/877 6157/151/876 6158/152/878
f 6158/152/878 6157/151/879 6159/153/880
f 6158/152/878 6159/153/880 6160/154/881
f 6160/154/881 6159/153/880 6161/155/882
f 6160/154/881 6161/155/882 6162/156/883
f 6162/156/883 6161/155/884 6163/157/885
f 6162/156/883 6163/157/885 6164/158/886
f 6164/158/886 6163/157/885 6165/159/887
f 6164/158/886 6165/159/887 6166/160/755
f 6107/161/826 6106/162/676 6137/163/857
f 6107/161/826 6135/164/710 6109/165/257
f 6107/161/826 6137/163/857 6135/164/710
f 6106/162/676 6167/166/753 6139/167/859
f 6106/162/676 6139/167/859 6137/163/857
f 6167/166/753 6165/168/887 6141/169/379
f 6167/166/753 6141/169/379 6139/167/859
f 6165/168/887 6163/170/885 6143/171/864
f 6165/168/887 6143/171/888 6141/169/377
f 6163/170/885 6161/172/882 6145/173/866
f 6163/170/885 6145/173/866 6143/171/864
f 6161/172/882 6159/174/880 6147/175/868
f 6161/172/882 6147/175/868 6145/173/866
f 6159/174/880 6157/176/876 6149/177/729
f 6159/174/880 6149/177/729 6147/175/868
f 6157/176/876 6155/178/739 6151/180/872
f 6157/176/876 6151/180/872 6149/177/729
f 6155/178/739 6153/179/735 6151/180/872
f 6135/164/710 6133/181/852 6109/165/257
f 6133/181/852 6131/182/707 6111/183/829
f 6133/181/852 6111/183/829 6109/165/257
f 6131/182/707 6129/184/850 6113/185/831
f 6131/182/707 6113/185/831 6111/183/829
f 6129/184/850 6127/186/848 6115/187/834
f 6129/184/850 6115/187/834 6113/185/831
f 6127/186/848 6125/188/845 6117/189/838
f 6127/186/848 6117/189/838 6115/187/834
f 6125/188/845 6123/190/842 6119/191/840
f 6125/188/845 6119/191/840 6117/189/838
f 6123/190/842 6121/192/694 6119/191/840
f 6166/160/755 6165/159/889 6167/193/753
f 6166/160/752 6167/193/753 6168/194/890
f 6168/194/890 6167/193/757 6106/195/676
f 6168/194/890 6106/195/676 6105/196/758
f 6105/197/675 6108/198/678 6138/199/858
f 6105/197/675 6140/200/860 6168/201/890
f 6105/197/675 6138/199/858 6140/200/860
f 6108/198/678 6110/202/828 6136/203/855
f 6108/198/678 6136/203/855 6138/199/858
f 6110/202/828 6112/204/830 6134/205/711
f 6110/202/828 6134/205/711 6136/203/855
f 6112/204/830 6114/206/832 6132/207/851
f 6112/204/830 6132/207/851 6134/205/711
f 6114/206/832 6116/208/836 6130/209/286
f 6114/206/832 6130/209/286 6132/207/851
f 6116/208/836 6118/210/839 6128/211/849
f 6116/208/836 6128/211/849 6130/209/286
f 6118/210/839 6120/212/693 6126/213/699
f 6118/210/839 6126/213/699 6128/211/849
f 6120/212/693 6122/214/695 6124/215/843
f 6120/212/693 6124/215/843 6126/213/699
f 6140/200/860 6142/216/863 6168/201/890
f 6142/216/891 6144/217/892 6166/218/755
f 6142/216/863 6166/218/755 6168/201/890
f 6144/217/865 6146/219/867 6164/220/886
f 6144/217/865 6164/220/886 6166/218/755
f 6146/219/867 6148/221/869 6162/222/883
f 6146/219/867 6162/222/883 6164/220/886
f 6148/221/869 6150/223/871 6160/224/881
f 6148/221/869 6160/224/881 6162/222/883
f 6150/223/871 6152/225/873 6158/226/878
f 6150/223/871 6158/226/878 6160/224/881
f 6152/225/873 6154/227/737 6156/228/875
f 6152/225/873 6156/228/875 6158/226/878

#
#  Mesh_glass
#
usemtl  Mesh_glass

v 0.091521 2.475205 -3.941774
v -0.091521 2.475205 -3.941774
v -0.091521 2.475205 3.941774
v 0.091521 2.475205 3.941774
v 0.091521 0.504318 3.941774
v -0.091521 0.504318 3.941774
v -0.091521 0.504318 -3.941774
v 0.091521 0.504318 -3.941774
v -1.694334 2.475205 -3.890128
v -1.694334 2.475205 -3.693039
v 0.136090 2.475205 -3.693039
v 0.136090 2.475205 -3.890128
v 0.136090 0.504318 -3.890128
v 0.136090 0.504318 -3.693039
v -1.694334 0.504318 -3.693039
v -1.694334 0.504318 -3.890128
v -1.694334 2.475205 3.694762
v -1.694334 2.475205 3.891850
v 0.136090 2.475205 3.891850
v 0.136090 2.475205 3.694762
v 0.136090 0.504318 3.694762
v 0.136090 0.504318 3.891850
v -1.694334 0.504318 3.891850
v -1.694334 0.504318 3.694762
v -0.045816 2.475205 -0.098348
v -0.045816 2.475205 0.098740
v 0.137226 2.475205 0.098740
v 0.137226 2.475205 -0.098348
v 0.137226 0.504318 -0.098348
v 0.137226 0.504318 0.098740
v -0.045816 0.504318 0.098740
v -0.045816 0.504318 -0.098348
v 0.138055 2.335210 0.174642
v 0.092294 2.335210 0.174642
v 0.092294 2.335210 3.623694
v 0.138055 2.335210 3.623694
v 0.138055 1.842488 3.623694
v 0.092294 1.842488 3.623694
v 0.092294 1.842488 0.174642
v 0.138055 1.842488 0.174642
v 0.138055 1.125145 0.174642
v 0.092294 1.125145 0.174642
v 0.092294 1.125145 3.623694
v 0.138055 1.125145 3.623694
v 0.138055 0.632423 3.623694
v 0.092294 0.632423 3.623694
v 0.092294 0.632423 0.174642
v 0.138055 0.632423 0.174642
v 0.138055 1.725257 0.174642
v 0.092294 1.725257 0.174642
v 0.092294 1.725257 3.623694
v 0.138055 1.725257 3.623694
v 0.138055 1.232535 3.623694
v 0.092294 1.232535 3.623694
v 0.092294 1.232535 0.174642
v 0.138055 1.232535 0.174642
v 0.138055 2.335210 -3.620507
v 0.092294 2.335210 -3.620507
v 0.092294 2.335210 -0.171455
v 0.138055 2.335210 -0.171455
v 0.138055 1.842488 -0.171455
v 0.092294 1.842488 -0.171455
v 0.092294 1.842488 -3.620507
v 0.138055 1.842488 -3.620507
v 0.138055 1.125145 -3.620507
v 0.092294 1.125145 -3.620507
v 0.092294 1.125145 -0.171455
v 0.138055 1.125145 -0.171455
v 0.138055 0.632423 -0.171455
v 0.092294 0.632423 -0.171455
v 0.092294 0.632423 -3.620507
v 0.138055 0.632423 -3.620507
v 0.138055 1.725257 -3.620507
v 0.092294 1.725257 -3.620507
v 0.092294 1.725257 -0.171455
v 0.138055 1.725257 -0.171455
v 0.138055 1.232535 -0.171455
v 0.092294 1.232535 -0.171455
v 0.092294 1.232535 -3.620507
v 0.138055 1.232535 -3.620507
v 0.321719 2.471320 -4.136629
v 0.321719 2.569864 -4.136629
v 0.321719 2.569864 4.141095
v 0.321719 2.471320 4.141095
v -1.691747 2.471320 4.141095
v -1.691747 2.569864 4.141095
v -1.691747 2.569864 -4.136629
v -1.691747 2.471320 -4.136629
v 0.321150 2.835942 -4.136629
v 0.321150 2.855651 -4.136629
v 0.321150 2.855651 4.141095
v 0.321150 2.835942 4.141095
v -0.594062 2.835942 4.141095
v -0.594062 2.855651 4.141095
v -0.594062 2.855651 -4.136629
v -0.594062 2.835942 -4.136629
v 0.001793 2.854732 -3.939642
v 0.001793 2.874441 -3.939642
v 0.028575 2.874441 -3.936802
v 0.028575 2.854732 -3.936802
v 0.054328 2.874441 -3.928390
v 0.054328 2.854732 -3.928390
v 0.078063 2.874441 -3.914731
v 0.078063 2.854732 -3.914731
v 0.098866 2.874441 -3.896348
v 0.098866 2.854732 -3.896348
v 0.115939 2.874441 -3.873948
v 0.115939 2.854732 -3.873948
v 0.128625 2.874441 -3.848393
v 0.128625 2.854732 -3.848393
v 0.136437 2.874441 -3.820663
v 0.136437 2.854732 -3.820663
v 0.139075 2.874441 -3.791826
v 0.139075 2.854732 -3.791826
v 0.136437 2.874441 -3.762988
v 0.136437 2.854732 -3.762988
v 0.128625 2.874441 -3.735259
v 0.128625 2.854732 -3.735259
v 0.115939 2.874441 -3.709703
v 0.115939 2.854732 -3.709703
v 0.098866 2.874441 -3.687304
v 0.098866 2.854732 -3.687304
v 0.078063 2.874441 -3.668921
v 0.078063 2.854732 -3.668921
v 0.054328 2.874441 -3.655261
v 0.054328 2.854732 -3.655261
v 0.028575 2.874441 -3.646849
v 0.028575 2.854732 -3.646849
v 0.001793 2.874441 -3.644009
v 0.001793 2.854732 -3.644009
v -0.024989 2.874441 -3.646849
v -0.024989 2.854732 -3.646849
v -0.050743 2.874441 -3.655261
v -0.050743 2.854732 -3.655261
v -0.074477 2.874441 -3.668921
v -0.074477 2.854732 -3.668921
v -0.095280 2.874441 -3.687304
v -0.095280 2.854732 -3.687304
v -0.112353 2.874441 -3.709703
v -0.112353 2.854732 -3.709703
v -0.125039 2.874441 -3.735259
v -0.125039 2.854732 -3.735259
v -0.132851 2.874441 -3.762988
v -0.132851 2.854732 -3.762988
v -0.135489 2.874441 -3.791826
v -0.135489 2.854732 -3.791826
v -0.132851 2.874441 -3.820663
v -0.132851 2.854732 -3.820663
v -0.125039 2.874441 -3.848393
v -0.125039 2.854732 -3.848393
v -0.112353 2.874441 -3.873948
v -0.112353 2.854732 -3.873948
v -0.095280 2.874441 -3.896348
v -0.095280 2.854732 -3.896348
v -0.074477 2.874441 -3.914731
v -0.074477 2.854732 -3.914731
v -0.050743 2.874441 -3.928390
v -0.050743 2.854732 -3.928390
v -0.024989 2.874441 -3.936802
v -0.024989 2.854732 -3.936802
v 0.001392 2.565830 -0.098754
v 0.001392 2.861463 -0.098754
v 0.019246 2.861463 -0.096860
v 0.019246 2.565830 -0.096860
v 0.036415 2.861463 -0.091253
v 0.036415 2.565830 -0.091253
v 0.052238 2.861463 -0.082146
v 0.052238 2.565830 -0.082146
v 0.066107 2.861463 -0.069891
v 0.066107 2.565830 -0.069891
v 0.077489 2.861463 -0.054958
v 0.077489 2.565830 -0.054958
v 0.085946 2.861463 -0.037921
v 0.085946 2.565830 -0.037921
v 0.091154 2.861463 -0.019434
v 0.091154 2.565830 -0.019434
v 0.092913 2.861463 -0.000209
v 0.092913 2.565830 -0.000209
v 0.091154 2.861463 0.019016
v 0.091154 2.565830 0.019016
v 0.085946 2.861463 0.037502
v 0.085946 2.565830 0.037502
v 0.077489 2.861463 0.054539
v 0.077489 2.565830 0.054539
v 0.066107 2.861463 0.069472
v 0.066107 2.565830 0.069472
v 0.052238 2.861463 0.081727
v 0.052238 2.565830 0.081727
v 0.036415 2.861463 0.090834
v 0.036415 2.565830 0.090834
v 0.019246 2.861463 0.096441
v 0.019246 2.565830 0.096441
v 0.001392 2.861463 0.098335
v 0.001392 2.565830 0.098335
v -0.016463 2.861463 0.096441
v -0.016463 2.565830 0.096441
v -0.033632 2.861463 0.090834
v -0.033632 2.565830 0.090834
v -0.049455 2.861463 0.081727
v -0.049455 2.565830 0.081727
v -0.063324 2.861463 0.069472
v -0.063324 2.565830 0.069472
v -0.074706 2.861463 0.054539
v -0.074706 2.565830 0.054539
v -0.083163 2.861463 0.037502
v -0.083163 2.565830 0.037502
v -0.088371 2.861463 0.019016
v -0.088371 2.565830 0.019016
v -0.090130 2.861463 -0.000209
v -0.090130 2.565830 -0.000209
v -0.088371 2.861463 -0.019434
v -0.088371 2.565830 -0.019434
v -0.083163 2.861463 -0.037921
v -0.083163 2.565830 -0.037921
v -0.074706 2.861463 -0.054958
v -0.074706 2.565830 -0.054958
v -0.063324 2.861463 -0.069891
v -0.063324 2.565830 -0.069891
v -0.049455 2.861463 -0.082146
v -0.049455 2.565830 -0.082146
v -0.033632 2.861463 -0.091253
v -0.033632 2.565830 -0.091253
v -0.016463 2.861463 -0.096860
v -0.016463 2.565830 -0.096860
v 0.001392 2.565830 3.693990
v 0.001392 2.861463 3.693990
v 0.019246 2.861463 3.695884
v 0.019246 2.565830 3.695884
v 0.036415 2.861463 3.701492
v 0.036415 2.565830 3.701492
v 0.052238 2.861463 3.710598
v 0.052238 2.565830 3.710598
v 0.066107 2.861463 3.722853
v 0.066107 2.565830 3.722853
v 0.077489 2.861463 3.737786
v 0.077489 2.565830 3.737786
v 0.085946 2.861463 3.754823
v 0.085946 2.565830 3.754823
v 0.091154 2.861463 3.773309
v 0.091154 2.565830 3.773309
v 0.092913 2.861463 3.792535
v 0.092913 2.565830 3.792535
v 0.091154 2.861463 3.811760
v 0.091154 2.565830 3.811760
v 0.085946 2.861463 3.830246
v 0.085946 2.565830 3.830246
v 0.077489 2.861463 3.847283
v 0.077489 2.565830 3.847283
v 0.066107 2.861463 3.862216
v 0.066107 2.565830 3.862216
v 0.052238 2.861463 3.874471
v 0.052238 2.565830 3.874471
v 0.036415 2.861463 3.883577
v 0.036415 2.565830 3.883577
v 0.019246 2.861463 3.889185
v 0.019246 2.565830 3.889185
v 0.001392 2.861463 3.891078
v 0.001392 2.565830 3.891078
v -0.016463 2.861463 3.889185
v -0.016463 2.565830 3.889185
v -0.033632 2.861463 3.883577
v -0.033632 2.565830 3.883577
v -0.049455 2.861463 3.874471
v -0.049455 2.565830 3.874471
v -0.063324 2.861463 3.862216
v -0.063324 2.565830 3.862216
v -0.074706 2.861463 3.847283
v -0.074706 2.565830 3.847283
v -0.083163 2.861463 3.830246
v -0.083163 2.565830 3.830246
v -0.088371 2.861463 3.811759
v -0.088371 2.565830 3.811759
v -0.090130 2.861463 3.792535
v -0.090130 2.565830 3.792535
v -0.088371 2.861463 3.773309
v -0.088371 2.565830 3.773309
v -0.083163 2.861463 3.754823
v -0.083163 2.565830 3.754823
v -0.074706 2.861463 3.737786
v -0.074706 2.565830 3.737786
v -0.063324 2.861463 3.722853
v -0.063324 2.565830 3.722853
v -0.049455 2.861463 3.710598
v -0.049455 2.565830 3.710598
v -0.033632 2.861463 3.701492
v -0.033632 2.565830 3.701492
v -0.016463 2.861463 3.695884
v -0.016463 2.565830 3.695884
v 0.001392 2.567668 -3.890344
v 0.001392 2.863301 -3.890344
v 0.019246 2.863301 -3.888450
v 0.019246 2.567668 -3.888450
v 0.036415 2.863301 -3.882843
v 0.036415 2.567668 -3.882843
v 0.052238 2.863301 -3.873736
v 0.052238 2.567668 -3.873736
v 0.066107 2.863301 -3.861481
v 0.066107 2.567668 -3.861481
v 0.077489 2.863301 -3.846548
v 0.077489 2.567668 -3.846548
v 0.085946 2.863301 -3.829511
v 0.085946 2.567668 -3.829511
v 0.091154 2.863301 -3.811025
v 0.091154 2.567668 -3.811025
v 0.092913 2.863301 -3.791800
v 0.092913 2.567668 -3.791800
v 0.091154 2.863301 -3.772574
v 0.091154 2.567668 -3.772574
v 0.085946 2.863301 -3.754088
v 0.085946 2.567668 -3.754088
v 0.077489 2.863301 -3.737051
v 0.077489 2.567668 -3.737051
v 0.066107 2.863301 -3.722118
v 0.066107 2.567668 -3.722118
v 0.052238 2.863301 -3.709863
v 0.052238 2.567668 -3.709863
v 0.036415 2.863301 -3.700757
v 0.036415 2.567668 -3.700757
v 0.019246 2.863301 -3.695149
v 0.019246 2.567668 -3.695149
v 0.001392 2.863301 -3.693255
v 0.001392 2.567668 -3.693255
v -0.016463 2.863301 -3.695149
v -0.016463 2.567668 -3.695149
v -0.033632 2.863301 -3.700757
v -0.033632 2.567668 -3.700757
v -0.049455 2.863301 -3.709863
v -0.049455 2.567668 -3.709863
v -0.063324 2.863301 -3.722118
v -0.063324 2.567668 -3.722118
v -0.074706 2.863301 -3.737051
v -0.074706 2.567668 -3.737051
v -0.083163 2.863301 -3.754088
v -0.083163 2.567668 -3.754088
v -0.088371 2.863301 -3.772574
v -0.088371 2.567668 -3.772574
v -0.090130 2.863301 -3.791800
v -0.090130 2.567668 -3.791800
v -0.088371 2.863301 -3.811025
v -0.088371 2.567668 -3.811025
v -0.083163 2.863301 -3.829511
v -0.083163 2.567668 -3.829511
v -0.074706 2.863301 -3.846548
v -0.074706 2.567668 -3.846548
v -0.063324 2.863301 -3.861481
v -0.063324 2.567668 -3.861481
v -0.049455 2.863301 -3.873736
v -0.049455 2.567668 -3.873736
v -0.033632 2.863301 -3.882843
v -0.033632 2.567668 -3.882843
v -0.016463 2.863301 -3.888450
v -0.016463 2.567668 -3.888450
v 0.001392 2.854412 -0.148026
v 0.001392 2.874121 -0.148026
v 0.028174 2.874121 -0.145185
v 0.028174 2.854412 -0.145185
v 0.053927 2.874121 -0.136774
v 0.053927 2.854412 -0.136774
v 0.077661 2.874121 -0.123114
v 0.077661 2.854412 -0.123114
v 0.098464 2.874121 -0.104731
v 0.098464 2.854412 -0.104731
v 0.115537 2.874121 -0.082332
v 0.115537 2.854412 -0.082332
v 0.128223 2.874121 -0.056776
v 0.128223 2.854412 -0.056776
v 0.136035 2.874121 -0.029047
v 0.136035 2.854412 -0.029047
v 0.138673 2.874121 -0.000209
v 0.138673 2.854412 -0.000209
v 0.136035 2.874121 0.028628
v 0.136035 2.854412 0.028628
v 0.128223 2.874121 0.056358
v 0.128223 2.854412 0.056358
v 0.115537 2.874121 0.081913
v 0.115537 2.854412 0.081913
v 0.098464 2.874121 0.104313
v 0.098464 2.854412 0.104313
v 0.077661 2.874121 0.122696
v 0.077661 2.854412 0.122696
v 0.053927 2.874121 0.136355
v 0.053927 2.854412 0.136355
v 0.028174 2.874121 0.144767
v 0.028174 2.854412 0.144767
v 0.001392 2.874121 0.147607
v 0.001392 2.854412 0.147607
v -0.025391 2.874121 0.144767
v -0.025391 2.854412 0.144767
v -0.051144 2.874121 0.136355
v -0.051144 2.854412 0.136355
v -0.074878 2.874121 0.122696
v -0.074878 2.854412 0.122696
v -0.095681 2.874121 0.104313
v -0.095681 2.854412 0.104313
v -0.112754 2.874121 0.081913
v -0.112754 2.854412 0.081913
v -0.125440 2.874121 0.056358
v -0.125440 2.854412 0.056358
v -0.133253 2.874121 0.028628
v -0.133253 2.854412 0.028628
v -0.135890 2.874121 -0.000209
v -0.135890 2.854412 -0.000209
v -0.133253 2.874121 -0.029047
v -0.133253 2.854412 -0.029047
v -0.125440 2.874121 -0.056776
v -0.125440 2.854412 -0.056776
v -0.112754 2.874121 -0.082332
v -0.112754 2.854412 -0.082332
v -0.095681 2.874121 -0.104731
v -0.095681 2.854412 -0.104731
v -0.074878 2.874121 -0.123114
v -0.074878 2.854412 -0.123114
v -0.051144 2.874121 -0.136774
v -0.051144 2.854412 -0.136774
v -0.025391 2.874121 -0.145186
v -0.025391 2.854412 -0.145186
v 0.001678 2.854805 3.644748
v 0.001678 2.874514 3.644748
v 0.028460 2.874514 3.647588
v 0.028460 2.854805 3.647588
v 0.054213 2.874514 3.656000
v 0.054213 2.854805 3.656000
v 0.077948 2.874514 3.669660
v 0.077948 2.854805 3.669660
v 0.098751 2.874514 3.688043
v 0.098751 2.854805 3.688043
v 0.115824 2.874514 3.710442
v 0.115824 2.854805 3.710442
v 0.128510 2.874514 3.735998
v 0.128510 2.854805 3.735998
v 0.136322 2.874514 3.763727
v 0.136322 2.854805 3.763727
v 0.138960 2.874514 3.792565
v 0.138960 2.854805 3.792565
v 0.136322 2.874514 3.821402
v 0.136322 2.854805 3.821402
v 0.128510 2.874514 3.849132
v 0.128510 2.854805 3.849132
v 0.115824 2.874514 3.874687
v 0.115824 2.854805 3.874687
v 0.098751 2.874514 3.897087
v 0.098751 2.854805 3.897087
v 0.077948 2.874514 3.915470
v 0.077948 2.854805 3.915470
v 0.054213 2.874514 3.929129
v 0.054213 2.854805 3.929129
v 0.028460 2.874514 3.937541
v 0.028460 2.854805 3.937541
v 0.001678 2.874514 3.940381
v 0.001678 2.854805 3.940381
v -0.025104 2.874514 3.937541
v -0.025104 2.854805 3.937541
v -0.050857 2.874514 3.929129
v -0.050857 2.854805 3.929129
v -0.074592 2.874514 3.915470
v -0.074592 2.854805 3.915470
v -0.095395 2.874514 3.897087
v -0.095395 2.854805 3.897087
v -0.112468 2.874514 3.874687
v -0.112468 2.854805 3.874687
v -0.125154 2.874514 3.849132
v -0.125154 2.854805 3.849132
v -0.132966 2.874514 3.821402
v -0.132966 2.854805 3.821402
v -0.135604 2.874514 3.792565
v -0.135604 2.854805 3.792565
v -0.132966 2.874514 3.763727
v -0.132966 2.854805 3.763727
v -0.125154 2.874514 3.735998
v -0.125154 2.854805 3.735998
v -0.112468 2.874514 3.710442
v -0.112468 2.854805 3.710442
v -0.095395 2.874514 3.688043
v -0.095395 2.854805 3.688043
v -0.074592 2.874514 3.669660
v -0.074592 2.854805 3.669660
v -0.050857 2.874514 3.656000
v -0.050857 2.854805 3.656000
v -0.025104 2.874514 3.647588
v -0.025104 2.854805 3.647588
v -0.402666 2.854732 -3.939584
v -0.402666 2.874441 -3.939584
v -0.375884 2.874441 -3.936744
v -0.375884 2.854732 -3.936744
v -0.350131 2.874441 -3.928332
v -0.350131 2.854732 -3.928332
v -0.326397 2.874441 -3.914672
v -0.326397 2.854732 -3.914672
v -0.305593 2.874441 -3.896290
v -0.305593 2.854732 -3.896290
v -0.288521 2.874441 -3.873890
v -0.288521 2.854732 -3.873890
v -0.275834 2.874441 -3.848334
v -0.275834 2.854732 -3.848334
v -0.268022 2.874441 -3.820605
v -0.268022 2.854732 -3.820605
v -0.265384 2.874441 -3.791768
v -0.265384 2.854732 -3.791768
v -0.268022 2.874441 -3.762930
v -0.268022 2.854732 -3.762930
v -0.275834 2.874441 -3.735201
v -0.275834 2.854732 -3.735201
v -0.288521 2.874441 -3.709645
v -0.288521 2.854732 -3.709645
v -0.305593 2.874441 -3.687246
v -0.305593 2.854732 -3.687246
v -0.326397 2.874441 -3.668863
v -0.326397 2.854732 -3.668863
v -0.350131 2.874441 -3.655203
v -0.350131 2.854732 -3.655203
v -0.375884 2.874441 -3.646791
v -0.375884 2.854732 -3.646791
v -0.402666 2.874441 -3.643951
v -0.402666 2.854732 -3.643951
v -0.429448 2.874441 -3.646791
v -0.429448 2.854732 -3.646791
v -0.455202 2.874441 -3.655203
v -0.455202 2.854732 -3.655203
v -0.478936 2.874441 -3.668863
v -0.478936 2.854732 -3.668863
v -0.499739 2.874441 -3.687246
v -0.499739 2.854732 -3.687246
v -0.516812 2.874441 -3.709645
v -0.516812 2.854732 -3.709645
v -0.529498 2.874441 -3.735201
v -0.529498 2.854732 -3.735201
v -0.537310 2.874441 -3.762930
v -0.537310 2.854732 -3.762930
v -0.539948 2.874441 -3.791768
v -0.539948 2.854732 -3.791768
v -0.537310 2.874441 -3.820606
v -0.537310 2.854732 -3.820606
v -0.529498 2.874441 -3.848334
v -0.529498 2.854732 -3.848334
v -0.516811 2.874441 -3.873890
v -0.516811 2.854732 -3.873890
v -0.499739 2.874441 -3.896290
v -0.499739 2.854732 -3.896290
v -0.478936 2.874441 -3.914672
v -0.478936 2.854732 -3.914672
v -0.455201 2.874441 -3.928332
v -0.455201 2.854732 -3.928332
v -0.429448 2.874441 -3.936744
v -0.429448 2.854732 -3.936744
v -0.403068 2.567668 -3.890286
v -0.403068 2.863301 -3.890286
v -0.385213 2.863301 -3.888392
v -0.385213 2.567668 -3.888392
v -0.368044 2.863301 -3.882785
v -0.368044 2.567668 -3.882785
v -0.352221 2.863301 -3.873678
v -0.352221 2.567668 -3.873678
v -0.338352 2.863301 -3.861423
v -0.338352 2.567668 -3.861423
v -0.326970 2.863301 -3.846489
v -0.326970 2.567668 -3.846489
v -0.318513 2.863301 -3.829453
v -0.318513 2.567668 -3.829453
v -0.313305 2.863301 -3.810966
v -0.313305 2.567668 -3.810966
v -0.311546 2.863301 -3.791741
v -0.311546 2.567668 -3.791741
v -0.313305 2.863301 -3.772516
v -0.313305 2.567668 -3.772516
v -0.318513 2.863301 -3.754030
v -0.318513 2.567668 -3.754030
v -0.326970 2.863301 -3.736993
v -0.326970 2.567668 -3.736993
v -0.338352 2.863301 -3.722060
v -0.338352 2.567668 -3.722060
v -0.352221 2.863301 -3.709805
v -0.352221 2.567668 -3.709805
v -0.368044 2.863301 -3.700698
v -0.368044 2.567668 -3.700698
v -0.385213 2.863301 -3.695091
v -0.385213 2.567668 -3.695091
v -0.403068 2.863301 -3.693197
v -0.403068 2.567668 -3.693197
v -0.420922 2.863301 -3.695091
v -0.420922 2.567668 -3.695091
v -0.438091 2.863301 -3.700698
v -0.438091 2.567668 -3.700698
v -0.453914 2.863301 -3.709805
v -0.453914 2.567668 -3.709805
v -0.467783 2.863301 -3.722060
v -0.467783 2.567668 -3.722060
v -0.479165 2.863301 -3.736993
v -0.479165 2.567668 -3.736993
v -0.487622 2.863301 -3.754030
v -0.487622 2.567668 -3.754030
v -0.492830 2.863301 -3.772517
v -0.492830 2.567668 -3.772517
v -0.494589 2.863301 -3.791741
v -0.494589 2.567668 -3.791741
v -0.492830 2.863301 -3.810966
v -0.492830 2.567668 -3.810966
v -0.487622 2.863301 -3.829453
v -0.487622 2.567668 -3.829453
v -0.479165 2.863301 -3.846489
v -0.479165 2.567668 -3.846489
v -0.467783 2.863301 -3.861423
v -0.467783 2.567668 -3.861423
v -0.453914 2.863301 -3.873678
v -0.453914 2.567668 -3.873678
v -0.438091 2.863301 -3.882785
v -0.438091 2.567668 -3.882785
v -0.420922 2.863301 -3.888392
v -0.420922 2.567668 -3.888392
v -0.402666 2.854732 3.644441
v -0.402666 2.874441 3.644441
v -0.375884 2.874441 3.647281
v -0.375884 2.854732 3.647281
v -0.350131 2.874441 3.655693
v -0.350131 2.854732 3.655693
v -0.326397 2.874441 3.669352
v -0.326397 2.854732 3.669352
v -0.305593 2.874441 3.687735
v -0.305593 2.854732 3.687735
v -0.288521 2.874441 3.710135
v -0.288521 2.854732 3.710135
v -0.275834 2.874441 3.735690
v -0.275834 2.854732 3.735690
v -0.268022 2.874441 3.763420
v -0.268022 2.854732 3.763420
v -0.265384 2.874441 3.792257
v -0.265384 2.854732 3.792257
v -0.268022 2.874441 3.821095
v -0.268022 2.854732 3.821095
v -0.275834 2.874441 3.848824
v -0.275834 2.854732 3.848824
v -0.288521 2.874441 3.874380
v -0.288521 2.854732 3.874380
v -0.305593 2.874441 3.896779
v -0.305593 2.854732 3.896779
v -0.326397 2.874441 3.915162
v -0.326397 2.854732 3.915162
v -0.350131 2.874441 3.928822
v -0.350131 2.854732 3.928822
v -0.375884 2.874441 3.937234
v -0.375884 2.854732 3.937234
v -0.402666 2.874441 3.940074
v -0.402666 2.854732 3.940074
v -0.429448 2.874441 3.937234
v -0.429448 2.854732 3.937234
v -0.455202 2.874441 3.928822
v -0.455202 2.854732 3.928822
v -0.478936 2.874441 3.915162
v -0.478936 2.854732 3.915162
v -0.499739 2.874441 3.896779
v -0.499739 2.854732 3.896779
v -0.516812 2.874441 3.874380
v -0.516812 2.854732 3.874380
v -0.529498 2.874441 3.848824
v -0.529498 2.854732 3.848824
v -0.537310 2.874441 3.821095
v -0.537310 2.854732 3.821095
v -0.539948 2.874441 3.792257
v -0.539948 2.854732 3.792257
v -0.537310 2.874441 3.763419
v -0.537310 2.854732 3.763419
v -0.529498 2.874441 3.735690
v -0.529498 2.854732 3.735690
v -0.516811 2.874441 3.710135
v -0.516811 2.854732 3.710135
v -0.499739 2.874441 3.687735
v -0.499739 2.854732 3.687735
v -0.478936 2.874441 3.669352
v -0.478936 2.854732 3.669352
v -0.455201 2.874441 3.655693
v -0.455201 2.854732 3.655693
v -0.429448 2.874441 3.647281
v -0.429448 2.854732 3.647281
v -0.403068 2.567668 3.693739
v -0.403068 2.863301 3.693739
v -0.385213 2.863301 3.695632
v -0.385213 2.567668 3.695632
v -0.368044 2.863301 3.701240
v -0.368044 2.567668 3.701240
v -0.352221 2.863301 3.710347
v -0.352221 2.567668 3.710347
v -0.338352 2.863301 3.722602
v -0.338352 2.567668 3.722602
v -0.326970 2.863301 3.737535
v -0.326970 2.567668 3.737535
v -0.318513 2.863301 3.754572
v -0.318513 2.567668 3.754572
v -0.313305 2.863301 3.773058
v -0.313305 2.567668 3.773058
v -0.311546 2.863301 3.792283
v -0.311546 2.567668 3.792283
v -0.313305 2.863301 3.811508
v -0.313305 2.567668 3.811508
v -0.318513 2.863301 3.829994
v -0.318513 2.567668 3.829994
v -0.326970 2.863301 3.847032
v -0.326970 2.567668 3.847032
v -0.338352 2.863301 3.861965
v -0.338352 2.567668 3.861965
v -0.352221 2.863301 3.874220
v -0.352221 2.567668 3.874220
v -0.368044 2.863301 3.883327
v -0.368044 2.567668 3.883327
v -0.385213 2.863301 3.888934
v -0.385213 2.567668 3.888934
v -0.403068 2.863301 3.890828
v -0.403068 2.567668 3.890828
v -0.420922 2.863301 3.888934
v -0.420922 2.567668 3.888934
v -0.438091 2.863301 3.883327
v -0.438091 2.567668 3.883327
v -0.453914 2.863301 3.874220
v -0.453914 2.567668 3.874220
v -0.467783 2.863301 3.861965
v -0.467783 2.567668 3.861965
v -0.479165 2.863301 3.847032
v -0.479165 2.567668 3.847032
v -0.487622 2.863301 3.829994
v -0.487622 2.567668 3.829994
v -0.492830 2.863301 3.811508
v -0.492830 2.567668 3.811508
v -0.494589 2.863301 3.792283
v -0.494589 2.567668 3.792283
v -0.492830 2.863301 3.773058
v -0.492830 2.567668 3.773058
v -0.487622 2.863301 3.754572
v -0.487622 2.567668 3.754572
v -0.479165 2.863301 3.737535
v -0.479165 2.567668 3.737535
v -0.467783 2.863301 3.722602
v -0.467783 2.567668 3.722602
v -0.453914 2.863301 3.710347
v -0.453914 2.567668 3.710347
v -0.438091 2.863301 3.701240
v -0.438091 2.567668 3.701240
v -0.420922 2.863301 3.695632
v -0.420922 2.567668 3.695632
v -0.044678 0.515824 -3.744831
v -0.090438 0.515824 -3.744831
v -0.090438 0.515824 3.744539
v -0.044678 0.515824 3.744539
v -0.044678 0.023102 3.744539
v -0.090438 0.023102 3.744539
v -0.090438 0.023102 -3.744831
v -0.044678 0.023102 -3.744831
v -1.695559 0.515824 -3.739969
v -1.695559 0.515824 -3.690696
v -0.089363 0.515824 -3.690696
v -0.089363 0.515824 -3.739969
v -0.089363 0.023102 -3.739969
v -0.089363 0.023102 -3.690696
v -1.695559 0.023102 -3.690696
v -1.695559 0.023102 -3.739969
v -1.693419 0.515824 3.695925
v -1.693419 0.515824 3.745197
v -0.087222 0.515824 3.745196
v -0.087222 0.515824 3.695925
v -0.087222 0.023102 3.695925
v -0.087222 0.023102 3.745196
v -1.693419 0.023102 3.745197
v -1.693419 0.023102 3.695925
v 0.122391 2.376661 0.134924
v -0.060651 2.376661 0.134924
v -0.060651 2.376661 3.662812
v 0.122391 2.376661 3.662812
v 0.122391 0.602863 3.662812
v -0.060651 0.602863 3.662812
v -0.060651 0.602863 0.134924
v 0.122391 0.602863 0.134924
v 0.122391 2.376661 -3.662080
v -0.060651 2.376661 -3.662080
v -0.060651 2.376661 -0.134193
v 0.122391 2.376661 -0.134193
v 0.122391 0.602863 -0.134193
v -0.060651 0.602863 -0.134193
v -0.060651 0.602863 -3.662080
v 0.122391 0.602863 -3.662080
vn 0.666667 -0.333333 -0.666667
vn 0.408248 0.816496 -0.408248
vn 0.666667 0.333333 0.666667
vn 0.408248 -0.816496 0.408248
vn -0.666667 -0.333333 0.666667
vn -0.408248 0.816496 0.408248
vn -0.666667 0.333333 -0.666667
vn -0.408248 -0.816496 -0.408248
vt 0.375000 0.000000
vt 0.625000 0.000000
vt 0.625000 0.250000
vt 0.375000 0.250000
vt 0.625000 0.500000
vt 0.375000 0.500000
vt 0.625000 0.750000
vt 0.375000 0.750000
vt 0.625000 1.000000
vt 0.375000 1.000000
vt 0.125000 0.500000
vt 0.125000 0.750000
vt 0.875000 0.500000
vt 0.875000 0.750000
f 6297/229/893 6298/230/894 6299/231/895
f 6297/229/893 6299/231/895 6300/232/896
f 6301/232/897 6300/231/896 6299/233/895
f 6301/232/897 6299/233/895 6302/234/898
f 6302/234/898 6299/233/895 6298/235/894
f 6302/234/898 6298/235/894 6303/236/899
f 6303/236/899 6304/235/900 6301/237/897
f 6303/236/899 6301/237/897 6302/238/898
f 6304/239/900 6297/234/893 6300/236/896
f 6304/239/900 6300/236/896 6301/240/897
f 6303/233/899 6298/241/894 6297/242/893
f 6303/233/899 6297/242/893 6304/235/900
