# Blender 5.0.1
# www.blender.org
mtllib bacteria_optimised.mtl
o bacteria
v 0.149322 -0.564313 -0.803877
v 0.135207 0.918158 -1.050710
v 0.134159 1.040637 -1.199536
v 0.127128 -1.043574 -1.184253
v 0.134138 -1.040626 -1.199522
v 0.138699 -1.050671 -1.192356
v 0.000080 0.984693 -0.181393
v -0.001529 -1.131220 0.007972
v 0.003433 -1.378708 -0.034752
v 0.196962 -0.006233 -0.969162
v 0.035964 0.983660 -0.176850
v 0.392214 -0.011311 -0.914776
v 0.080156 0.982128 -0.164296
v 0.381565 -0.184822 -0.895738
v 0.353848 -0.380422 -0.841164
v 0.238438 0.826492 -0.497719
v 0.260764 -0.696219 -0.663160
v 0.373821 0.192406 -0.900576
v 0.250978 -0.899763 -0.338064
v 0.540906 -0.005071 -0.838850
v 0.112071 0.981900 -0.143560
v 0.537860 -0.193971 -0.811604
v 0.461005 -0.551994 -0.680022
v 0.117448 0.985344 -0.120990
v 0.691338 -0.174694 -0.685073
v 0.323257 0.900902 -0.265108
v 0.497851 0.703839 -0.490530
v 0.396752 -0.831277 -0.369378
v 0.703896 0.180388 -0.669759
v 0.024173 -1.192429 -0.018829
v 0.837686 0.009772 -0.526219
v 0.891993 -0.194490 -0.383332
v 0.356706 0.919593 -0.123247
v 0.528661 0.815734 -0.204641
v 0.767722 0.561366 -0.283031
v 0.038716 -1.093029 -0.001545
v 0.947911 1.023197 -0.146765
v 0.982430 1.078536 -0.131414
v 1.046480 1.136192 -0.126108
v 0.947821 -1.023110 -0.146776
v 0.982340 -1.078453 -0.131418
v 0.821660 -0.558032 -0.024199
v 0.687048 -0.720909 0.005834
v 0.980103 0.189441 -0.017812
v 1.062007 -0.007838 -0.016952
v 1.077944 0.013032 0.009372
v 1.014358 -0.024588 -0.009850
v 0.980638 -0.161400 0.006499
v 0.374460 -0.916624 0.085760
v 0.958807 0.182765 0.175001
v 0.951765 -0.189510 0.200761
v 0.520550 0.838702 0.110982
v 0.793228 -0.568015 0.169834
v 0.644165 0.686977 0.303241
v 0.031258 -1.048810 0.035374
v 0.574863 0.689321 0.417623
v 0.550128 -0.704580 0.427070
v 0.556709 0.563999 0.595984
v 0.241155 -0.922102 0.280178
v 0.678562 -0.001262 0.720368
v 0.693461 -0.195629 0.678674
v 0.557425 -0.181631 0.798992
v 0.522413 -0.373129 0.756497
v 0.512118 0.361237 0.773074
v 1.007129 0.181063 1.203164
v 1.037032 0.195077 1.228600
v 0.201650 -0.842830 0.492264
v 0.008686 -1.043230 0.051137
v 0.376548 0.008453 0.916837
v 0.376040 -0.190208 0.896051
v 0.177870 -0.200781 0.951399
v 0.111915 0.918052 0.614999
v 0.152761 -0.549813 0.813365
v 0.153721 0.712013 0.683580
v 0.109762 -0.712142 0.689204
v 0.108070 -0.918405 0.619378
v 0.008040 -0.714456 0.693551
v -0.007721 0.390163 0.910688
v 0.003311 0.211572 0.966590
v -0.038414 0.921232 0.368580
v -0.209672 -0.214689 0.945436
v -0.150304 -0.400896 0.894555
v -0.114131 0.841981 0.515144
v -0.167864 0.517296 0.829565
v -0.097437 -0.811938 0.564759
v -0.016270 -1.069438 0.033449
v -0.285958 0.566785 0.759547
v -0.203683 -0.826035 0.511142
v -0.387964 0.189370 0.895708
v -0.261921 -0.690411 0.660764
v -0.501368 -0.398727 0.752690
v -0.286827 0.836446 0.448027
v -0.401576 0.695214 0.576246
v -0.442196 0.548986 0.690144
v -0.519810 0.375941 0.755345
v -1.020472 0.181432 1.231460
v -1.049576 0.195090 1.255652
v -1.037156 0.195079 1.228798
v -1.005331 0.180885 1.201307
v -0.699303 -0.186862 0.678662
v -0.288090 0.917545 0.244515
v -0.656369 -0.361715 0.645693
v -0.370727 0.833133 0.387230
v -0.574027 -0.549948 0.582912
v -0.492486 -0.689819 0.506768
v -0.529330 0.579015 0.597201
v -0.616298 -0.679181 0.366060
v -0.039222 -1.045179 0.028287
v -0.799246 -0.176941 0.559513
v -0.895448 0.175785 0.385267
v -0.899471 -0.213553 0.356235
v -0.856509 -0.375552 0.328105
v -0.756536 0.568674 0.283524
v -0.846490 0.389629 0.337451
v -0.888207 0.397240 0.186041
v -0.969374 0.013889 0.201287
v -1.075856 -0.011571 0.008963
v -1.138984 0.008981 0.005404
v -0.194417 0.977055 -0.000420
v -0.376944 0.920060 -0.011987
v -0.823111 0.550668 0.008836
v -0.823041 -0.514609 -0.198447
v -0.557610 -0.871268 -0.105017
v -0.587748 -0.850638 -0.108820
v -0.900126 0.379126 -0.166963
v -0.963291 0.187017 -0.164196
v -0.958493 -0.180866 -0.176352
v -0.887344 -0.392692 -0.198766
v -0.579464 0.838702 -0.100705
v -0.594827 0.857802 -0.113062
v -0.041511 -1.097695 -0.017081
v -0.918640 -0.003492 -0.366043
v -0.764180 1.089855 -0.202533
v -0.644838 0.967137 -0.218268
v -0.750771 -0.555200 -0.328065
v -0.637576 -0.714305 -0.270315
v -0.767479 0.530482 -0.330287
v -0.624408 -0.982825 -0.201372
v -0.764487 -1.090149 -0.202480
v -0.607221 -0.929552 -0.224214
v -0.858008 0.359738 -0.337850
v -0.373616 -0.911249 -0.157581
v -0.902988 0.167046 -0.367573
v -0.601189 0.693484 -0.371591
v -0.670753 0.528271 -0.495923
v -0.443041 -0.843472 -0.284007
v -0.770593 0.383385 -0.486165
v -0.808942 0.166705 -0.542249
v -0.017528 -1.208868 -0.024767
v -0.810298 -0.164132 -0.541444
v -0.763188 -0.407321 -0.477986
v -0.470578 0.823941 -0.298129
v -0.655281 -0.574488 -0.465171
v -0.691884 0.004497 -0.709547
v -0.667999 -0.205541 -0.701825
v -0.544673 -0.580921 -0.582742
v -0.635457 0.395616 -0.645095
v -0.692080 0.203982 -0.678292
v -0.471858 0.402249 -0.769046
v -0.544956 0.209219 -0.809904
v -0.537956 0.187404 -0.841822
v -0.559849 0.007486 -0.843009
v -0.541324 -0.028802 -0.839512
v -0.542975 -0.225078 -0.797941
v -0.365468 -0.391333 -0.830483
v -0.245292 -0.706415 -0.649104
v -0.300835 0.530131 -0.777118
v -0.199399 -0.836326 -0.497076
v -0.365763 0.163521 -0.912576
v -0.368298 -0.007740 -0.923833
v -0.188065 0.205135 -0.951084
v -0.186515 -0.003128 -0.973805
v -0.186804 -0.207178 -0.950889
v -0.129518 -0.723089 -0.665532
v -0.004467 0.824939 -0.555670
v 0.006534 0.714248 -0.699406
v -0.012746 -0.697117 -0.709697
v -0.015083 -0.924347 -0.368761
v 0.007338 0.191461 -0.970411
v 0.004120 0.959481 -0.264784
v -0.003282 -1.088521 -0.131594
v -0.031559 -1.097634 -0.119254
v -0.012729 1.226888 -0.087346
v -0.023353 0.106874 -0.982452
v -0.016628 0.276791 -0.949699
v 0.020302 0.447180 -0.882932
v -0.073859 0.461353 -0.872283
v 0.007916 -0.776712 -0.620999
v -0.086907 -0.762571 -0.628926
v -0.001108 0.643833 -0.756636
v -0.034370 0.843482 -0.525041
v -0.238309 0.541113 -0.791775
v -0.224016 -0.577868 -0.770093
v -0.168647 -0.462635 -0.857751
v -0.110631 0.933848 -0.326217
v -0.196859 -0.278497 -0.929415
v -0.252435 -0.325913 -0.899101
v -0.199078 -0.079289 -0.967240
v -0.045150 -1.107774 -0.101128
v -0.032235 1.186933 -0.075048
v -0.051065 -0.958105 -0.264558
v -0.092754 0.982563 -0.150812
v -0.387690 -0.129006 -0.903360
v -0.467395 -0.006768 -0.905897
v -0.065125 -1.067716 -0.084530
v -0.391171 0.102022 -0.928493
v -0.665018 0.085132 -1.287709
v -0.660255 0.101648 -1.267838
v -0.564390 0.106549 -1.111272
v -0.489492 0.181830 -0.900737
v -0.472766 0.201605 -0.876979
v -0.186109 -0.863832 -0.454179
v -0.258089 -0.799253 -0.527945
v -0.279525 0.603497 -0.731056
v -0.309503 0.721151 -0.603089
v -0.281613 -0.644293 -0.695107
v -0.386810 -0.644478 -0.641400
v -0.250189 0.836216 -0.472661
v -0.461062 -0.323600 -0.812215
v -0.482263 0.658062 -0.556601
v -0.422110 0.691256 -0.566773
v -0.426592 -0.613536 -0.645584
v -0.489237 -0.639200 -0.571922
v -0.355512 0.738140 -0.555361
v -0.574777 -0.473877 -0.647875
v -0.277138 0.882831 -0.361190
v -0.217962 0.917893 -0.316158
v -0.586456 -0.208155 -0.771075
v -0.593561 -0.000403 -0.798620
v -0.090815 -1.004554 -0.097243
v -0.584267 0.091916 -0.896843
v -0.623984 0.105617 -0.764146
v -0.163128 -0.969570 -0.162837
v -0.596665 0.283010 -0.736183
v -0.580663 0.357576 -0.715067
v -0.337966 -0.824333 -0.435491
v -0.503834 0.553264 -0.643119
v -0.386405 -0.769882 -0.488511
v -0.444127 -0.676048 -0.567430
v -0.094802 -1.005117 -0.070001
v -0.685053 0.124410 -0.704174
v -0.759059 0.184556 -0.606239
v -0.540421 0.628158 -0.537177
v -0.572999 -0.616100 -0.516631
v -0.612728 -0.558953 -0.534998
v -0.677639 -0.468649 -0.543911
v -0.265969 0.925364 -0.250966
v -0.649211 -0.294223 -0.685741
v -0.708866 -0.112256 -0.681171
v -0.748428 -0.015407 -0.645577
v -0.705978 -0.595572 -0.354401
v -0.557097 0.779472 -0.291943
v -0.495390 0.846043 -0.257383
v -0.758374 -0.458300 -0.437632
v -0.856282 -0.199280 -0.451965
v -0.809065 -0.102783 -0.556639
v -0.117572 -0.991947 -0.056414
v -0.105224 0.998699 -0.051041
v -0.081717 1.019748 -0.025327
v -0.879753 0.084641 -0.440794
v -0.806346 0.401387 -0.408850
v -0.433983 -0.868715 -0.237647
v -0.498848 -0.855831 -0.248977
v -0.715464 0.460147 -0.502406
v -0.771144 0.478143 -0.392200
v -0.733094 0.531643 -0.396376
v -0.643526 0.605921 -0.441023
v -0.908448 0.086077 -0.380015
v -0.928597 0.197609 -0.280167
v -0.271802 -0.950734 -0.109628
v -0.454313 -0.903533 -0.174188
v -0.475341 -0.908064 -0.131322
v -0.648007 -0.991501 -0.142794
v -0.783809 -1.094358 -0.156191
v -0.809072 -1.139455 -0.167102
v -0.836936 0.470856 -0.239944
v -0.615448 -0.832639 -0.238827
v -0.642821 -0.810147 -0.178392
v -0.656525 -0.713434 -0.227066
v -0.700359 0.643884 -0.277940
v -0.664387 0.714780 -0.194654
v -0.746756 -0.600001 -0.251393
v -0.609693 0.822651 -0.243289
v -0.641462 0.802521 -0.190928
v -0.783749 1.094270 -0.156184
v -0.806926 1.137412 -0.166462
v -0.840927 1.153558 -0.175454
v -0.811306 -0.473211 -0.312097
v -0.840372 -0.461316 -0.245895
v -0.485255 0.910574 -0.184009
v -0.451394 0.904901 -0.169179
v -0.930589 -0.186261 -0.281158
v -0.912211 -0.104725 -0.366684
v -0.939982 0.005000 -0.308995
v -0.125136 -0.990765 -0.033454
v -0.630472 0.771215 -0.128433
v -0.920470 -0.320860 -0.175707
v -1.059423 -0.028728 -0.073549
v -1.135769 0.000538 -0.079044
v -1.087519 0.000184 -0.098614
v -0.109984 -0.994493 0.011468
v -0.977556 0.097303 -0.190502
v -1.184799 0.091295 -0.088588
v -1.003886 0.170784 -0.090209
v -0.984307 0.177786 -0.118277
v -0.924967 0.315331 -0.163764
v -0.897782 0.405702 -0.099197
v -0.867566 0.475014 -0.046624
v -0.620889 -0.793283 -0.125063
v -0.696739 -0.702056 -0.086830
v -0.773925 -0.611483 -0.098075
v -0.821042 -0.545775 -0.102413
v -0.867712 0.469452 0.076338
v -0.698737 -0.702469 0.037963
v -0.779798 0.610404 0.020045
v -0.708782 0.692088 0.038285
v -0.741801 -0.655351 0.041568
v -0.878826 -0.439928 0.120167
v -0.924350 -0.348918 0.067666
v -0.474549 0.872354 0.014803
v -0.359436 0.925495 0.044649
v -0.992520 -0.094287 -0.004289
v -0.994615 0.015835 0.100895
v -0.999915 -0.026453 0.070772
v -1.150536 0.079432 0.020815
v -1.114254 0.103724 0.017433
v -1.163681 0.108481 -0.002133
v -1.294309 0.092947 -0.010770
v -0.970330 0.178149 0.105157
v -0.872173 -0.398784 0.246918
v -0.488681 0.861290 0.064965
v -0.907626 -0.273364 0.284795
v -0.179853 0.978873 0.035754
v -0.969365 -0.110204 0.167785
v -0.933658 -0.119133 0.303842
v -0.111922 -0.989376 0.057976
v -0.925390 0.303934 0.178218
v -0.597044 -0.769668 0.176494
v -0.680416 0.694426 0.181431
v -0.760827 -0.618451 0.132415
v -0.836807 0.295383 0.439492
v -0.496928 -0.815863 0.260812
v -0.711818 0.620213 0.289654
v -0.650490 0.666128 0.329056
v -0.585083 0.730858 0.317141
v -0.691617 -0.600239 0.368206
v -0.465137 0.844050 0.230589
v -0.758450 -0.480290 0.414147
v -0.829790 -0.367142 0.398514
v -0.423991 0.871650 0.207899
v -0.322040 0.928309 0.143608
v -0.871067 -0.315401 0.351029
v -0.861106 -0.207737 0.443470
v -0.881274 -0.106149 0.437686
v -0.781900 -0.272370 0.544364
v -0.820186 -0.104637 0.545465
v -0.754983 -0.073073 0.637085
v -0.780972 -0.005936 0.610721
v -0.055861 -0.994691 0.092591
v -0.085660 -0.987486 0.103200
v -0.729508 0.299759 0.597803
v -0.710849 0.360002 0.586448
v -0.365867 -0.876276 0.284871
v -0.749676 0.445626 0.467297
v -0.672048 0.434735 0.579954
v -0.649651 0.546322 0.502323
v -0.487562 -0.773266 0.377721
v -0.549123 -0.699152 0.429494
v -0.597548 0.669100 0.411973
v -0.551391 0.697748 0.428431
v -0.639310 -0.619874 0.424540
v -0.608698 -0.571211 0.524187
v -0.498195 0.777646 0.355520
v -0.419166 0.841335 0.312936
v -0.655105 -0.470888 0.568732
v -0.717004 -0.353437 0.583167
v -0.534593 0.623327 0.545954
v -0.467777 0.658460 0.567073
v -0.542093 -0.628770 0.532138
v -0.530110 -0.548153 0.624409
v -0.410373 0.760333 0.481656
v -0.555082 -0.490050 0.651502
v -0.247198 0.919817 0.277856
v -0.600288 -0.328069 0.714034
v -0.688565 -0.034806 0.715312
v -0.685501 -0.002399 0.720222
v -0.615734 0.074354 0.779171
v -0.634086 0.109143 0.766154
v -0.665997 0.188722 0.814491
v -0.651999 0.176049 0.776410
v -0.249719 -0.920804 0.272651
v -0.621318 0.272428 0.750852
v -0.618404 0.286539 0.733157
v -0.326973 -0.867626 0.350180
v -0.027401 0.996700 0.099391
v -0.573050 0.077624 0.834144
v -0.593692 0.102315 0.865014
v -0.477457 0.092357 0.876665
v -0.477577 0.189496 0.897483
v -0.539044 0.175973 0.920903
v -0.159724 -0.948889 0.244549
v -0.593169 0.284162 0.842513
v -0.447896 0.277648 0.857970
v -0.252631 -0.877115 0.387954
v -0.274274 -0.833466 0.461897
v -0.363868 -0.763454 0.514989
v -0.299674 -0.747869 0.576281
v -0.345183 0.702947 0.605055
v -0.396486 -0.636356 0.643275
v -0.405357 -0.514616 0.739400
v -0.356403 0.745592 0.545020
v -0.302061 0.781069 0.529588
v -0.457632 -0.459758 0.744530
v -0.254485 0.871552 0.398552
v -0.252895 0.651386 0.702562
v -0.239749 0.754429 0.597244
v -0.189327 0.807870 0.544819
v -0.330853 -0.490264 0.792763
v -0.292245 -0.367242 0.872990
v -0.180037 0.878329 0.425175
v -0.330809 -0.212618 0.910779
v -0.036473 0.976504 0.184404
v -0.316297 -0.113014 0.932176
v -0.322625 -0.022204 0.937838
v -0.229120 0.528347 0.806415
v -0.167098 -0.141068 0.966770
v -0.131334 -0.091433 0.977176
v 0.003076 -0.992392 0.115835
v -0.122085 0.087583 0.978706
v -0.181433 0.318653 0.921243
v -0.037145 -0.833074 0.541422
v -0.192887 0.600016 0.765366
v -0.183765 -0.283390 0.931641
v 0.112516 0.703656 0.696660
v 0.053341 -0.623755 0.770154
v 0.067496 -0.540509 0.829881
v 0.006429 0.720202 0.687795
v 0.065122 0.789536 0.636723
v 0.062561 0.841756 0.568538
v 0.043388 0.831473 0.555023
v 0.106904 -0.191158 0.963764
v 0.016353 -0.987959 0.131924
v 0.121085 0.125466 0.972880
v 0.091780 0.213447 0.960972
v 0.109323 0.384384 0.905465
v 0.029043 -0.819558 0.566830
v 0.089514 0.480239 0.861982
v 0.072815 -0.825017 0.636338
v 0.070625 -0.773152 0.647623
v 0.056256 -0.793482 0.621687
v 0.065193 -0.988096 0.116658
v 0.315328 0.065528 0.936325
v 0.152072 0.308989 0.927102
v 0.288975 0.253892 0.910943
v 0.151759 -0.865290 0.511555
v 0.154602 -0.875387 0.547290
v 0.171044 0.506353 0.835678
v 0.130617 -1.145749 0.871634
v 0.161913 -1.109231 0.834455
v 0.157599 0.581795 0.790360
v 0.186269 0.704816 0.679427
v 0.129729 0.900238 0.736362
v 0.192582 0.876085 0.674420
v 0.183878 0.917475 0.712447
v 0.154855 0.875970 0.548342
v 0.161876 0.906557 0.603292
v 0.267005 -0.388331 0.870142
v 0.073268 0.879180 0.461479
v 0.151882 0.874300 0.450914
v 0.185824 -0.302038 0.922675
v 0.295226 -0.272131 0.903693
v 0.270709 -0.200881 0.929633
v 0.214681 -0.065033 0.963413
v 0.161294 -0.119385 0.967999
v 0.289136 -0.081656 0.942335
v 0.320537 -0.588037 0.734252
v 0.242127 0.766935 0.587301
v 0.425066 -0.502518 0.741823
v 0.109375 0.975086 0.163060
v 0.388607 -0.084989 0.907052
v 0.431770 -0.137920 0.880292
v 0.477505 0.089592 0.883105
v 0.596213 0.187944 0.953892
v 0.524992 0.193454 0.918838
v 0.125333 -0.945701 0.276942
v 0.469002 0.279832 0.861212
v 0.385902 0.503726 0.761823
v 0.237665 -0.767741 0.591567
v 0.574252 0.077301 0.850186
v 0.605397 0.104155 0.884810
v 0.651952 0.202024 0.757555
v 0.660533 0.200442 0.792422
v 0.182329 -0.943718 0.250547
v 0.623488 0.271475 0.848991
v 0.587685 0.282166 0.853720
v 0.609990 0.294475 0.734610
v 0.423350 0.639367 0.631139
v 0.430403 0.690001 0.571406
v 0.435387 -0.655519 0.606500
v 0.288618 0.871759 0.379382
v 0.575780 -0.228974 0.773284
v 0.178849 0.936364 0.279998
v 0.099574 -0.989728 0.080380
v 0.588443 -0.479498 0.637587
v 0.337641 0.880747 0.312036
v 0.144275 0.973173 0.147451
v 0.699509 -0.073630 0.695221
v 0.767788 0.030219 0.619042
v 0.743677 -0.059887 0.647943
v 0.068095 0.999553 0.069706
v 0.750168 0.082362 0.636955
v 0.217715 -0.944219 0.219741
v 0.242349 -0.948785 0.169373
v 0.719496 0.309213 0.604638
v 0.720788 0.382334 0.558772
v 0.363597 -0.876472 0.293460
v 0.514141 0.709382 0.464992
v 0.795003 0.257761 0.525888
v 0.397824 -0.890723 0.186724
v 0.505134 -0.809437 0.272522
v 0.710112 0.556888 0.400656
v 0.615561 0.626839 0.453963
v 0.659254 0.627527 0.384977
v 0.658015 -0.597487 0.431420
v 0.644021 -0.637949 0.393615
v 0.499366 0.773901 0.368023
v 0.739203 -0.465447 0.461182
v 0.787151 -0.393533 0.447151
v 0.306639 0.928611 0.176023
v 0.842656 -0.195865 0.472603
v 0.252046 0.945195 0.173787
v 0.098608 -0.997873 0.040566
v 0.428166 0.877148 0.183266
v 0.871516 -0.283849 0.365995
v 0.908987 -0.138252 0.358042
v 0.902619 -0.069400 0.389770
v 0.952814 -0.001795 0.268325
v 0.123812 0.992943 0.016616
v 0.901046 0.133169 0.377870
v 0.268180 -0.948659 0.126697
v 0.516173 -0.825136 0.193813
v 0.782258 0.507985 0.324540
v 0.788553 0.460346 0.374535
v 0.810153 0.496106 0.271406
v 0.639418 -0.721005 0.229084
v 0.648529 0.718562 0.211561
v 0.586872 0.774619 0.196265
v 0.872879 -0.375945 0.269622
v 0.847536 0.481028 0.171731
v 0.598470 -0.783125 0.118875
v 0.743502 0.633882 0.164795
v 0.725089 0.672731 0.086709
v 0.813803 -0.559270 0.091124
v 0.859256 -0.465746 0.157169
v 0.884011 -0.440803 0.073454
v 0.278094 0.953014 0.053611
v 0.149683 0.985939 0.018221
v 0.123084 -0.994526 0.007853
v 0.988626 0.088945 0.077228
v 0.981401 0.118938 0.087389
v 0.905272 0.386225 0.108634
v 0.228676 0.968938 -0.000492
v 0.998327 -0.011349 -0.105203
v 1.035784 0.003128 -0.096054
v 0.108239 -1.004908 -0.008290
v 1.242247 0.097828 -0.010931
v 1.117848 0.101782 0.005050
v 1.162494 0.080251 0.010928
v 1.113372 0.074367 -0.100624
v 1.032723 0.106463 -0.108378
v 1.123615 0.096596 -0.090410
v 0.361521 -0.925500 -0.035226
v 0.883158 0.449967 -0.018829
v 0.640483 -0.761726 -0.023728
v 0.619917 -0.784192 -0.077252
v 0.797554 -0.842123 -0.071346
v 0.776883 0.655901 -0.071622
v 0.816036 0.846384 -0.070461
v 0.776743 -0.655784 -0.071559
v 0.827491 -0.539606 -0.099308
v 0.657227 0.776820 -0.070622
v 0.637614 0.774245 -0.061012
v 0.382209 0.917981 -0.009989
v 0.621415 -0.785380 -0.124177
v 0.682106 -0.727151 -0.205479
v 0.782754 0.637266 -0.144913
v 0.799098 0.693659 -0.135895
v 0.678783 0.725523 -0.207739
v 0.799924 -0.732530 -0.161575
v 0.799209 -0.693848 -0.135799
v 0.655905 0.791053 -0.120327
v 0.622642 0.786423 -0.111573
v 0.881891 -0.377874 -0.244976
v 0.944176 -0.233176 -0.198036
v 0.953500 0.025590 -0.275647
v 0.100650 -1.015660 -0.027201
v 0.123701 -0.996584 -0.051778
v 0.101701 1.015289 -0.028516
v 0.932052 0.184461 -0.282696
v 0.482107 -0.863945 -0.095889
v 0.458761 -0.867319 -0.154764
v 0.908910 -0.078447 -0.387452
v 0.893172 -0.039552 -0.428020
v 0.105043 -1.006953 -0.078156
v 0.093172 1.028627 -0.053689
v 0.903724 0.074872 -0.399692
v 0.854945 0.215577 -0.445686
v 0.880917 0.261845 -0.366033
v 0.444466 -0.863678 -0.206563
v 0.632042 -0.696600 -0.317525
v 0.687199 0.624758 -0.346244
v 0.880829 -0.274431 -0.356393
v 0.539784 -0.747729 -0.365289
v 0.480915 -0.781221 -0.376910
v 0.578451 -0.689979 -0.416310
v 0.641701 -0.547000 -0.514331
v 0.774771 -0.316614 -0.518756
v 0.824571 -0.075624 -0.540713
v 0.077949 -1.045105 -0.083204
v 0.076974 1.051636 -0.079309
v 0.812252 0.101694 -0.553246
v 0.728173 0.204753 -0.634289
v 0.231537 -0.951921 -0.170309
v 0.373643 -0.874646 -0.283399
v 0.639892 0.532728 -0.530724
v 0.686654 -0.104720 -0.705600
v 0.629336 -0.112875 -0.756244
v 0.059206 1.100065 -0.086745
v 0.710239 0.118169 -0.678463
v 0.608778 0.081923 -0.778167
v 0.260347 -0.913712 -0.290460
v 0.676397 0.253497 -0.672957
v 0.326981 -0.836559 -0.422951
v 0.573296 0.445698 -0.668539
v 0.538006 0.639209 -0.532336
v 0.495486 0.629672 -0.582171
v 0.437285 0.789646 -0.411717
v 0.601961 -0.400318 -0.670951
v 0.356075 0.862910 -0.337392
v 0.684275 -0.292576 -0.646668
v 0.610699 -0.311506 -0.710918
v 0.319546 0.783729 -0.519658
v 0.485497 -0.498055 -0.703013
v 0.168080 0.949233 -0.244396
v 0.526069 -0.110782 -0.834458
v 0.471827 -0.018499 -0.881125
v 0.482568 0.000706 -0.897949
v 0.038617 -1.090741 -0.117211
v 0.038265 1.102024 -0.113219
v 0.590710 0.077488 -0.951810
v 0.576659 0.081533 -0.878430
v 0.525762 0.078613 -1.057469
v 0.655811 0.099695 -1.261454
v 0.669236 0.085395 -1.289558
v 0.470060 0.200793 -0.869634
v 0.514930 0.310451 -0.785364
v 0.261579 -0.833868 -0.472853
v 0.015904 1.234295 -0.088317
v 0.267169 0.374315 -0.874392
v 0.142972 -0.887766 -0.423170
v 0.313197 0.497333 -0.796412
v 0.186567 -0.774973 -0.608323
v 0.206527 -0.740495 -0.732036
v 0.208299 0.625097 -0.756300
v 0.204181 0.748017 -0.741933
v 0.212431 -0.664692 -0.744191
v 0.284413 -0.551025 -0.773286
v 0.177115 0.778142 -0.640550
v 0.180946 0.779344 -0.604981
v 0.280486 -0.480823 -0.818144
v 0.257074 -0.293144 -0.907537
v 0.271599 -0.003734 -0.952060
v 0.017862 -1.082013 -0.130585
v 0.016212 0.986000 -0.181952
v 0.115407 0.000309 -0.981478
v 0.011878 0.997508 -0.171158
v 0.247880 0.304269 -0.906997
v 0.086697 0.364258 -0.915113
v 0.085771 -0.896195 -0.422044
v 0.004872 -0.891760 -0.440159
v 0.077456 0.438113 -0.884071
v 0.114822 -0.802982 -0.656153
v 0.059984 -0.786931 -0.625155
v 0.053041 -0.747648 -0.742898
v 0.072038 -0.768959 -0.806421
v 0.157527 0.632726 -0.782845
v 0.154313 0.660549 -0.794883
v 0.052887 0.743847 -0.748447
v 0.080882 0.799603 -0.829684
v 0.088282 0.783243 -0.854084
v 0.132206 -0.667156 -0.803897
v 0.159339 -0.663305 -0.794007
v 0.084314 -0.630016 -0.782739
v 0.123447 0.809386 -0.688401
v 0.067668 0.784751 -0.654149
v 0.049555 0.779980 -0.632469
v 0.128981 -0.493476 -0.849239
v 0.097487 -0.254313 -0.949569
v 0.092048 -0.181602 -0.966755
v 0.032583 -0.200383 -0.967540
v 0.086678 -0.349769 -0.920733
v 0.202655 -0.322318 -0.911441
v 0.143996 -0.290738 -0.932866
v 0.046985 0.854779 -0.505532
v 0.108135 0.857589 -0.491585
v 0.070568 0.899545 -0.417856
v 0.105936 -0.419954 -0.889202
v 0.051210 -0.464200 -0.872929
v 0.033439 -0.401642 -0.903823
v 0.048129 0.802343 -0.587249
v 0.017260 0.769103 -0.632627
v 0.071065 0.788042 -0.723150
v 0.020434 0.746498 -0.668945
v 0.125006 0.905937 -0.916086
v 0.098841 0.854800 -0.845525
v 0.085749 0.794056 -0.650494
v 0.104901 0.801094 -0.653633
v 0.084944 -0.597995 -0.791967
v 0.036444 -0.608171 -0.784952
v 0.040507 -0.520393 -0.842540
v 0.063036 -0.688160 -0.775021
v 0.085945 -0.736084 -0.824018
v 0.030810 -0.696973 -0.734399
v 0.056974 -0.668299 -0.768813
v 0.044283 -0.647973 -0.765715
v 0.139188 -0.779631 -0.898344
v 0.110858 -0.825062 -0.929671
v 0.109773 -0.654822 -0.793786
v 0.059875 0.681769 -0.770594
v 0.082865 0.689369 -0.796880
v 0.049745 0.657709 -0.765284
v 0.036256 0.687275 -0.745531
v 0.029254 0.733124 -0.700025
v 0.036395 0.603033 -0.788639
v 0.149113 0.603789 -0.785823
v 0.104740 0.577320 -0.802203
v 0.112489 0.644372 -0.789594
v 0.046486 -0.763519 -0.673773
v 0.061031 -0.774683 -0.713560
v 0.029596 -0.756439 -0.661682
v 0.034467 -0.728612 -0.713444
v 0.061088 -0.807819 -0.579199
v 0.027600 -0.773213 -0.630197
v 0.111491 -0.816217 -0.560940
v 0.122096 -0.800906 -0.602140
v 0.088706 -0.802107 -0.596089
v 0.088503 -0.795555 -0.636850
v 0.094756 0.506878 -0.846210
v 0.208366 0.423062 -0.869308
v 0.141292 0.427929 -0.880515
v 0.012690 -0.841860 -0.529248
v 0.135305 0.307272 -0.929039
v 0.050877 0.315601 -0.935476
v 0.087087 0.251118 -0.951709
v 0.184645 0.249919 -0.937587
v 0.112395 0.095480 -0.976825
v 0.046127 0.070660 -0.984526
v 0.002050 1.252706 -0.085586
v 0.003905 1.396458 -0.049265
v 0.009920 1.048009 -0.145961
v 0.027959 0.991111 -0.170385
v -0.000057 -1.005121 -0.165940
v 0.029174 -0.993939 -0.166578
v 0.101705 -0.063643 -0.980423
v 0.021883 -0.071039 -0.985440
v 0.050472 -0.119780 -0.979507
v 0.156553 -0.119386 -0.967959
v 0.018469 0.976766 -0.202127
v 0.050053 0.961110 -0.253980
v 0.044643 -0.999854 -0.156586
v 0.034536 -1.035249 -0.142275
v 0.063436 -0.995682 -0.146724
v 0.058036 -0.991845 -0.154313
v 0.054156 -1.018262 -0.136069
v 0.242305 -0.101566 -0.953507
v 0.342793 -0.117370 -0.922101
v 0.089545 0.926435 -0.351191
v 0.125472 0.938936 -0.302496
v 0.098378 0.962227 -0.234738
v 0.225771 -0.236171 -0.932580
v 0.249639 -0.171958 -0.940895
v 0.368857 -0.329076 -0.856342
v 0.302311 -0.333475 -0.879416
v 0.117291 0.897428 -0.411079
v 0.179166 0.844497 -0.492841
v 0.195488 0.865235 -0.448054
v 0.305442 -0.420207 -0.841528
v 0.238402 -0.378507 -0.881128
v 0.209271 -0.459135 -0.851276
v 0.140486 0.799626 -0.587442
v 0.190652 0.776845 -0.727252
v 0.197840 0.759898 -0.678826
v 0.166916 0.809875 -0.740717
v 0.164435 0.872746 -0.893400
v 0.149571 0.809727 -0.710919
v 0.141066 0.797543 -0.645190
v 0.246218 0.732861 -0.627381
v 0.217969 0.739275 -0.650180
v 0.243720 0.721296 -0.645310
v 0.194071 0.782960 -0.582410
v 0.233659 -0.599589 -0.756785
v 0.203467 -0.588718 -0.775172
v 0.209208 -0.626653 -0.755145
v 0.210666 -0.523752 -0.814517
v 0.204471 -0.719994 -0.758216
v 0.172391 -0.780833 -0.871153
v 0.177740 -0.662565 -0.780884
v 0.190733 -0.647687 -0.765519
v 0.237736 -0.687326 -0.694621
v 0.250658 -0.687252 -0.680380
v 0.262768 -0.643547 -0.710392
v 0.206639 0.665262 -0.750304
v 0.211680 0.698199 -0.738518
v 0.172367 0.780987 -0.871359
v 0.160568 0.873865 -0.972487
v 0.152250 0.971338 -1.072849
v 0.171606 0.853698 -0.894609
v 0.182049 0.798391 -0.853959
v 0.214033 0.593726 -0.768372
v 0.244600 0.608777 -0.745922
v 0.168610 0.583227 -0.788965
v 0.181717 0.663635 -0.777398
v 0.185693 0.622115 -0.770019
v 0.306267 0.571712 -0.750455
v 0.184453 -0.772445 -0.655682
v 0.165390 -0.839115 -0.807058
v 0.165955 -0.870969 -0.898978
v 0.156780 -0.927662 -1.032288
v 0.144175 -0.798497 -0.591236
v 0.151370 -0.794588 -0.650877
v 0.162444 -0.787269 -0.621267
v 0.236104 -0.745256 -0.616152
v 0.185312 0.501313 -0.834154
v 0.229527 0.536626 -0.801070
v 0.266937 0.467643 -0.830040
v 0.316141 0.413764 -0.840354
v 0.217387 0.333477 -0.904041
v 0.279180 0.235147 -0.918657
v 0.340839 0.279754 -0.885150
v 0.074428 -0.939654 -0.317657
v 0.069129 -0.917836 -0.378080
v 0.097302 -0.962232 -0.235142
v 0.244077 0.170100 -0.942976
v 0.237925 0.070663 -0.957795
v 0.365079 0.059980 -0.926499
v 0.351300 0.039074 -0.929015
v 0.332129 0.114655 -0.927683
v 0.013502 1.347100 -0.058809
v 0.003489 1.378740 -0.034783
v 0.015677 1.374209 -0.044937
v 0.038493 1.043452 -0.136577
v 0.054687 0.980983 -0.179812
v 0.057441 0.989787 -0.158059
v 0.315684 -0.783144 -0.522851
v 0.327554 -0.811560 -0.468930
v 0.364175 0.522122 -0.758683
v 0.421093 0.441681 -0.777975
v 0.376311 0.425733 -0.809310
v 0.486822 0.472829 -0.718995
v 0.386485 0.368556 -0.832057
v 0.462369 0.223694 -0.854961
v 0.468227 0.254514 -0.836244
v 0.405169 0.309943 -0.847391
v 0.528289 0.230083 -0.808486
v 0.466405 0.360290 -0.794264
v 0.144796 -0.961051 -0.214059
v 0.491637 0.152828 -0.944351
v 0.550729 0.130120 -1.044482
v 0.433069 0.133660 -0.932045
v 0.404110 0.173095 -0.902188
v 0.431003 0.195507 -0.885417
v 0.478071 0.031089 -0.948758
v 0.512247 0.040764 -0.998577
v 0.573534 0.053407 -1.104291
v 0.417940 0.034170 -0.923413
v 0.445284 0.045698 -0.940448
v 0.442962 0.091843 -0.954472
v 0.557675 0.037450 -0.875224
v 0.554432 0.025202 -0.841681
v 0.546844 0.030107 -0.972380
v 0.571052 0.040438 -0.965770
v 0.694205 0.085438 -1.274083
v 0.681947 0.099679 -1.250763
v 0.038624 1.190598 -0.079784
v 0.077610 1.005766 -0.122321
v 0.070185 1.026166 -0.113969
v 0.063651 -1.018231 -0.128618
v 0.074573 -1.002316 -0.130356
v 0.059021 -1.080412 -0.099165
v 0.429757 -0.031722 -0.895650
v 0.420633 0.007424 -0.911498
v 0.419330 -0.152734 -0.885662
v 0.524598 -0.159677 -0.827786
v 0.181221 0.929821 -0.301596
v 0.459972 -0.224182 -0.848559
v 0.417622 -0.284785 -0.850433
v 0.273804 0.848048 -0.438115
v 0.456656 -0.416172 -0.771746
v 0.430263 -0.364719 -0.812249
v 0.390310 -0.529721 -0.739895
v 0.381038 -0.441584 -0.798453
v 0.411299 -0.483475 -0.758485
v 0.278194 0.738338 -0.605266
v 0.344459 0.739458 -0.567014
v 0.400944 -0.584492 -0.692338
v 0.342364 -0.572068 -0.733658
v 0.382907 -0.646821 -0.647337
v 0.325658 -0.651624 -0.674777
v 0.320909 0.691295 -0.637857
v 0.363380 0.585308 -0.712870
v 0.315686 0.640515 -0.689439
v 0.433356 0.585335 -0.671588
v 0.391945 0.641341 -0.647280
v 0.640244 -0.235075 -0.715441
v 0.591236 -0.224341 -0.762195
v 0.544423 -0.277793 -0.778680
v 0.651666 -0.358353 -0.646548
v 0.279321 0.898152 -0.318328
v 0.314961 0.864747 -0.371704
v 0.536090 -0.433976 -0.707410
v 0.512426 -0.370872 -0.760004
v 0.555525 -0.507337 -0.639741
v 0.398226 0.778026 -0.469759
v 0.441797 0.746384 -0.481605
v 0.514877 -0.566025 -0.626859
v 0.441191 -0.693466 -0.556362
v 0.433443 -0.653268 -0.607556
v 0.503745 -0.687880 -0.506797
v 0.537105 0.568520 -0.605093
v 0.412577 -0.799967 -0.417544
v 0.449725 -0.758737 -0.454003
v 0.503138 0.555970 -0.645851
v 0.305966 -0.862778 -0.383404
v 0.562070 0.294249 -0.758558
v 0.564419 0.372613 -0.719615
v 0.518135 0.387639 -0.747239
v 0.182621 -0.962002 -0.177927
v 0.586595 0.121865 -0.795022
v 0.567572 0.172040 -0.800871
v 0.565110 0.204286 -0.790627
v 0.567276 0.023023 -0.821396
v 0.586125 0.083922 -0.801776
v 0.732005 0.033440 -0.666887
v 0.668704 0.028234 -0.732632
v 0.671141 0.106485 -0.720599
v 0.045574 1.177623 -0.054628
v 0.031634 1.257337 -0.052181
v 0.013780 1.350430 -0.032309
v 0.087524 1.008972 -0.107682
v 0.100030 -0.991553 -0.125024
v 0.083853 -0.996337 -0.128530
v 0.090616 -1.006502 -0.107707
v 0.102791 -0.996586 -0.106059
v 0.122793 -0.983962 -0.121850
v 0.649307 -0.022314 -0.750274
v 0.673781 0.456659 -0.555370
v 0.732366 0.408254 -0.517184
v 0.699812 0.331976 -0.607896
v 0.741905 0.268952 -0.590188
v 0.317907 -0.909989 -0.240764
v 0.195025 -0.967527 -0.130392
v 0.763773 0.141454 -0.609922
v 0.754181 0.083380 -0.633910
v 0.800021 0.045955 -0.579460
v 0.080639 1.050693 -0.060633
v 0.039075 1.185245 -0.034654
v 0.113087 0.998741 -0.084701
v 0.101648 1.010389 -0.080001
v 0.114852 -0.994592 -0.096737
v 0.080185 -1.051081 -0.066716
v 0.736548 -0.043509 -0.660347
v 0.702791 -0.026389 -0.699663
v 0.767293 -0.140915 -0.605241
v 0.739942 -0.100384 -0.648059
v 0.264930 0.923159 -0.254877
v 0.271978 0.935550 -0.197125
v 0.189522 0.958285 -0.189446
v 0.747430 -0.259661 -0.587361
v 0.695165 -0.240359 -0.657868
v 0.727666 -0.181228 -0.642503
v 0.713749 -0.350791 -0.580604
v 0.399015 0.871140 -0.259552
v 0.646489 -0.442766 -0.597860
v 0.604029 -0.489896 -0.607680
v 0.660674 -0.493462 -0.541253
v 0.509232 0.725021 -0.446235
v 0.556456 0.727604 -0.380617
v 0.496263 0.775302 -0.369027
v 0.594876 -0.597461 -0.516846
v 0.588504 -0.648135 -0.463832
v 0.561698 0.665889 -0.472431
v 0.593483 0.584662 -0.532843
v 0.635000 0.609151 -0.452653
v 0.517045 -0.726684 -0.433847
v 0.522822 -0.779126 -0.321852
v 0.814929 -0.320060 -0.453879
v 0.837553 -0.345279 -0.392897
v 0.793409 -0.409519 -0.420756
v 0.742413 -0.456575 -0.461641
v 0.798147 -0.494655 -0.315478
v 0.754972 -0.535137 -0.353704
v 0.772652 -0.484044 -0.382716
v 0.547681 0.788901 -0.251486
v 0.493610 0.803425 -0.308118
v 0.479102 0.830088 -0.258466
v 0.548921 0.764414 -0.314507
v 0.598641 0.731053 -0.305356
v 0.696892 -0.583050 -0.393603
v 0.636759 -0.655013 -0.384466
v 0.684623 -0.647183 -0.312381
v 0.636903 0.689916 -0.322543
v 0.713081 0.559238 -0.398233
v 0.723032 0.598579 -0.321127
v 0.599182 -0.721626 -0.325199
v 0.544159 -0.803251 -0.212647
v 0.499265 -0.818537 -0.257731
v 0.574438 -0.763128 -0.270137
v 0.759260 0.498183 -0.391309
v 0.779913 0.417073 -0.436975
v 0.734583 0.479402 -0.452054
v 0.406929 -0.873101 -0.239846
v 0.376496 -0.900968 -0.182353
v 0.816198 0.340897 -0.436216
v 0.772076 0.329171 -0.515065
v 0.811723 0.282552 -0.482556
v 0.337000 -0.922625 -0.153005
v 0.846621 0.067183 -0.506405
v 0.075440 1.063884 -0.040807
v 0.125545 0.994397 -0.068571
v 0.119563 0.999356 -0.052414
v 0.145889 0.985951 -0.066606
v 0.123807 -0.994182 -0.075460
v 0.084344 -1.044342 -0.044657
v 0.148501 -0.984565 -0.075765
v 0.872290 -0.022445 -0.467248
v 0.845657 -0.088478 -0.504219
v 0.876158 -0.146426 -0.435319
v 0.289553 0.943926 -0.117980
v 0.502455 -0.835707 -0.189813
v 0.402427 -0.900664 -0.120473
v 0.871278 0.349435 -0.311562
v 0.937654 0.220293 -0.236777
v 0.901510 0.264198 -0.311243
v 0.928361 0.288976 -0.191703
v 0.913824 0.140613 -0.356994
v 0.909118 0.202967 -0.336809
v 0.928099 0.065402 -0.342572
v 0.959521 0.155512 -0.205995
v 0.952547 0.136069 -0.241338
v 0.084842 1.037402 -0.027244
v 0.058596 1.085026 -0.017814
v 0.026055 1.193264 -0.020482
v 0.151367 0.985987 -0.039870
v 0.133713 0.991912 -0.029847
v 0.119496 1.000208 -0.032206
v 0.134457 -0.992575 -0.034426
v 0.936573 -0.039532 -0.325042
v 0.924315 0.005169 -0.362583
v 0.941703 -0.143664 -0.273799
v 0.914881 -0.132576 -0.357312
v 0.964950 -0.159193 -0.174680
v 0.919784 -0.216036 -0.298853
v 0.921409 -0.174000 -0.320131
v 0.886246 -0.323210 -0.297864
v 0.922687 -0.265799 -0.243432
v 0.418834 0.896017 -0.097443
v 0.474968 0.858788 -0.155696
v 0.466734 0.873423 -0.082013
v 0.853908 -0.373491 -0.331098
v 0.837377 -0.484580 -0.216767
v 0.819913 -0.532334 -0.175299
v 0.645670 0.746259 -0.196470
v 0.708038 0.809956 -0.144103
v 0.712269 0.822011 -0.117804
v 0.706575 0.783790 -0.171405
v 0.785332 -0.543856 -0.268394
v 0.692405 -0.669160 -0.252181
v 0.732357 -0.625919 -0.244327
v 0.920709 -0.956008 -0.154062
v 0.851645 -0.832022 -0.156840
v 1.009575 -1.052985 -0.130848
v 0.796879 -0.783754 -0.174103
v 0.758106 -0.668068 -0.188939
v 0.743349 -0.638580 -0.210213
v 0.706302 0.688175 -0.219686
v 0.678307 0.683375 -0.252223
v 0.646411 0.718024 -0.240327
v 0.796312 0.580161 -0.144443
v 0.778234 0.605579 -0.171136
v 0.784047 0.582008 -0.188559
v 0.754928 0.629682 -0.199255
v 0.757754 0.670406 -0.189007
v 0.633211 -0.749655 -0.198915
v 0.658498 -0.741644 -0.198507
v 0.622414 -0.741416 -0.228839
v 0.659377 -0.705272 -0.244801
v 0.599765 -0.768332 -0.197526
v 0.588956 -0.797123 -0.106701
v 0.585776 -0.789348 -0.156884
v 0.617178 -0.773426 -0.164245
v 0.815665 0.493181 -0.270570
v 0.815944 0.458614 -0.321022
v 0.860680 0.454227 -0.189020
v 0.499214 0.859306 -0.018964
v 0.530067 0.838644 -0.067944
v 0.851940 -0.492578 -0.123297
v 0.853292 -0.506436 -0.021950
v 0.595960 0.794606 -0.069052
v 0.738406 0.816375 -0.077117
v 0.698690 0.784706 -0.068217
v 0.795053 0.887894 -0.105711
v 0.641077 0.785055 -0.095125
v 0.686491 0.721268 0.005771
v 0.677346 0.749868 -0.038674
v 0.671090 0.739246 -0.019459
v 0.641857 0.760881 -0.027709
v 0.786484 -0.617239 -0.116346
v 0.796480 -0.588071 -0.099551
v 0.888260 -0.883875 -0.087555
v 0.812347 -0.779757 -0.071753
v 1.002816 -1.039232 -0.113027
v 0.868521 -0.831744 -0.102002
v 0.793750 -0.685004 -0.095421
v 0.730321 -0.677590 0.001987
v 0.741114 -0.695396 -0.034742
v 0.751007 -0.663857 -0.029950
v 0.828794 0.777749 -0.087925
v 0.819251 0.790210 -0.073879
v 0.784918 0.720816 -0.065931
v 0.854647 0.803025 -0.123374
v 1.002798 1.039202 -0.113026
v 0.846750 0.795181 -0.102478
v 1.041344 1.128325 -0.112133
v 1.006233 1.104851 -0.114007
v 0.788646 0.605157 -0.119629
v 0.795185 0.592885 -0.070502
v 0.788144 0.648989 -0.118089
v 0.793867 0.685151 -0.095569
v 0.800487 0.587479 0.027221
v 0.717153 -0.800770 -0.074261
v 0.701591 -0.770100 -0.056321
v 0.646767 -0.778088 -0.073548
v 0.692822 -0.805567 -0.099763
v 0.749488 -0.846980 -0.101477
v 1.006215 -1.104835 -0.114007
v 0.599038 -0.792402 -0.067374
v 0.829031 0.533459 -0.118960
v 0.870801 0.459625 -0.112820
v 0.517823 -0.843139 -0.101560
v 0.414151 -0.901505 -0.062073
v 0.935140 0.326645 -0.032467
v 0.911308 0.372682 -0.113068
v 0.942380 0.286647 -0.102873
v 0.995623 0.147255 -0.095044
v 1.035885 0.035418 -0.116157
v 1.123400 0.054316 -0.101376
v 1.143437 0.026208 -0.089853
v 0.984261 0.032233 -0.149367
v 0.975592 0.101929 -0.160533
v 0.986900 0.078551 -0.146031
v 1.535998 0.045646 -0.016006
v 1.171510 0.054524 0.013972
v 1.102780 0.047196 0.022070
v 1.444646 0.035428 -0.059990
v 1.597343 0.055943 -0.053846
v 1.664587 0.057602 -0.040688
v 1.565477 0.036880 -0.035544
v 1.528940 0.075135 -0.055151
v 1.269803 0.094536 -0.068861
v 1.612794 0.074760 -0.034794
v 0.046640 1.078876 -0.002248
v 0.153049 0.985980 -0.010987
v 0.128763 0.993875 -0.008430
v 0.156438 -0.984992 -0.036487
v 0.986592 -0.055257 -0.084440
v 0.986362 -0.005030 -0.136291
v 0.978734 -0.151201 -0.063912
v 0.322437 0.940602 -0.000962
v 0.956251 -0.249120 -0.075552
v 0.915125 -0.361277 -0.115230
v 0.933996 -0.305214 -0.123892
v 0.942706 -0.303354 -0.034329
v 0.927463 0.341982 0.061313
v 0.977304 0.191472 0.007330
v 0.946273 0.292341 0.029118
v 0.952131 0.250391 0.113886
v 0.937656 0.269766 0.171163
v 0.329080 -0.936429 0.056211
v 0.991683 0.140039 0.041122
v 0.977204 0.176430 0.046539
v 0.989112 0.028009 0.089318
v 1.045805 0.035508 0.032014
v 1.013066 0.029511 0.046411
v 1.016323 0.091580 0.043522
v 0.976485 0.044959 0.172293
v 0.968693 0.164015 0.137241
v 0.105415 1.005781 -0.004177
v 0.068310 1.040838 0.000168
v 0.147720 -0.986853 0.009353
v 0.993303 -0.014352 0.057690
v 1.002838 -0.009432 0.032479
v 0.997961 0.022964 0.061908
v 0.977491 -0.159735 0.060457
v 0.970151 -0.132599 0.156046
v 0.350038 0.929087 0.052919
v 0.963807 -0.225366 0.061706
v 0.941982 -0.302693 0.046290
v 0.929123 -0.314865 0.133292
v 0.472994 0.873339 0.023746
v 0.840102 -0.525271 0.048456
v 0.882900 -0.448819 0.029363
v 0.839446 -0.510367 0.128449
v 0.535184 0.836821 0.039721
v 0.680553 0.718071 0.085877
v 0.642930 0.753472 0.069524
v 0.592369 0.797450 0.032356
v 0.771068 -0.622148 0.052025
v 0.721882 -0.674571 0.098380
v 0.799154 0.577058 0.108448
v 0.665873 -0.733411 0.070672
v 0.847874 0.501292 0.107639
v 0.885227 0.440075 0.060861
v 0.879863 0.425070 0.158995
v 0.565837 -0.817839 0.014906
v 0.504697 -0.856071 0.019895
v 0.430357 -0.894553 0.044439
v 0.866004 -0.421121 0.224412
v 0.898581 -0.364794 0.194700
v 0.831712 -0.473369 0.246668
v 0.793166 -0.521734 0.273397
v 0.580414 0.795160 0.128462
v 0.635203 0.746763 0.151094
v 0.760155 -0.592254 0.223806
v 0.678257 -0.672228 0.259478
v 0.710880 -0.630269 0.273068
v 0.718702 0.646078 0.213922
v 0.774949 0.573790 0.220174
v 0.558527 -0.809225 0.138426
v 0.556573 -0.784458 0.241145
v 0.587979 -0.773207 0.197757
v 0.837175 0.471314 0.233142
v 0.841788 0.419936 0.300802
v 0.424738 -0.891572 0.109026
v 0.479246 -0.855968 0.153162
v 0.879704 0.391525 0.224478
v 0.909859 0.313424 0.227391
v 0.876534 0.235192 0.388220
v 0.912938 0.184333 0.328593
v 0.932205 0.136387 0.297811
v 0.947515 0.158804 0.239092
v 0.931099 0.230457 0.243249
v 0.935398 0.076817 0.307852
v 0.964307 0.081208 0.213667
v 0.913865 0.042255 0.369000
v 0.108407 0.994773 0.039757
v 0.091289 1.007117 0.020763
v 0.082998 1.021437 0.003320
v 0.065977 1.019086 0.031386
v 0.123664 -0.989236 0.048723
v 0.962974 -0.068680 0.222837
v 0.332687 0.929944 0.110677
v 0.273354 0.948584 0.114720
v 0.925660 -0.251110 0.242511
v 0.947508 -0.185519 0.222941
v 0.912645 -0.319470 0.209862
v 0.886005 -0.320575 0.296472
v 0.458243 0.877062 0.087984
v 0.386611 0.907426 0.120618
v 0.323267 -0.922396 0.178677
v 0.866779 0.178947 0.434622
v 0.871269 0.082614 0.451852
v 0.081413 1.001177 0.052167
v 0.124842 0.987471 0.063332
v 0.167991 0.974142 0.114362
v 0.867991 -0.033726 0.464223
v 0.884749 0.024201 0.432586
v 0.881930 -0.145070 0.415550
v 0.861277 -0.119983 0.463036
v 0.181750 0.975913 0.074485
v 0.829267 -0.265045 0.464830
v 0.880846 -0.215323 0.388962
v 0.826260 -0.322873 0.432326
v 0.778423 -0.339594 0.504343
v 0.364921 0.905325 0.184288
v 0.442147 0.851534 0.254316
v 0.821038 -0.409387 0.363684
v 0.841023 -0.359755 0.370849
v 0.788606 -0.451594 0.384812
v 0.560632 0.778495 0.248651
v 0.609352 0.730054 0.275251
v 0.559690 0.755942 0.310394
v 0.741605 -0.579156 0.300563
v 0.747595 -0.527777 0.370421
v 0.603559 -0.669434 0.408313
v 0.577026 -0.737424 0.322471
v 0.621250 -0.701681 0.316650
v 0.744643 0.508874 0.400768
v 0.720264 0.579806 0.346632
v 0.790206 0.416916 0.419466
v 0.713538 0.425197 0.536640
v 0.749787 0.448625 0.460488
v 0.357776 -0.893632 0.244807
v 0.829735 0.389500 0.365987
v 0.835531 0.233122 0.469212
v 0.611899 -0.611110 0.480081
v 0.642972 -0.555759 0.505811
v 0.563085 -0.653754 0.486152
v 0.588357 0.600006 0.523574
v 0.504572 -0.783508 0.339159
v 0.509876 -0.753047 0.394436
v 0.639992 0.499480 0.567062
v 0.662319 0.555116 0.480348
v 0.648926 0.449279 0.598480
v 0.285672 -0.899004 0.311241
v 0.740066 0.336695 0.562386
v 0.757694 0.227031 0.591744
v 0.784983 0.141088 0.580822
v 0.821438 0.050618 0.542310
v 0.706066 0.063013 0.689558
v 0.147659 -0.972690 0.146895
v 0.802224 -0.034580 0.571963
v 0.809793 0.014217 0.561431
v 0.760792 -0.168854 0.606632
v 0.790380 -0.105581 0.580181
v 0.704272 -0.136456 0.681419
v 0.726704 -0.231965 0.629902
v 0.757972 -0.223895 0.592351
v 0.711686 -0.328777 0.603423
v 0.764602 -0.293499 0.552709
v 0.671414 -0.377693 0.624161
v 0.687859 -0.266523 0.660230
v 0.283680 0.921043 0.241067
v 0.415791 0.852365 0.293601
v 0.692854 -0.440358 0.551747
v 0.680255 -0.500883 0.513728
v 0.512428 0.745638 0.404902
v 0.467418 0.716534 0.504597
v 0.043464 1.019187 0.055141
v 0.627760 -0.053259 0.763786
v 0.612132 -0.153400 0.762867
v 0.660350 -0.136362 0.724270
v 0.202225 0.951715 0.201427
v 0.642183 -0.190941 0.728795
v 0.557433 -0.327936 0.751347
v 0.640898 -0.314952 0.686586
v 0.252944 0.922243 0.270356
v 0.326612 0.843443 0.412626
v 0.562440 -0.403130 0.710598
v 0.612402 -0.366057 0.687925
v 0.541748 -0.527551 0.641473
v 0.491776 -0.487820 0.710780
v 0.342708 0.800980 0.480270
v 0.517696 -0.658110 0.531440
v 0.479487 0.643032 0.583635
v 0.464628 -0.698924 0.530591
v 0.540270 0.521502 0.647631
v 0.607512 0.417457 0.663552
v 0.489415 0.432970 0.746356
v 0.537243 0.454197 0.698923
v 0.387931 -0.831192 0.382201
v 0.323952 -0.868583 0.357233
v 0.257875 -0.885188 0.370372
v 0.600152 0.332473 0.716827
v 0.640985 0.234983 0.762749
v 0.643156 0.239273 0.730203
v 0.842245 0.217667 1.039112
v 0.736214 0.236318 0.943269
v 0.763078 0.237233 1.000708
v 0.678581 0.236000 0.857348
v 0.653552 0.236563 0.809631
v 0.623541 0.265134 0.787948
v 0.574972 0.305165 0.785935
v 0.602333 0.283255 0.816497
v 0.641302 0.122228 0.798337
v 0.653862 0.160495 0.758703
v 0.673949 0.166369 0.709322
v 0.663673 0.200670 0.713889
v 0.657746 0.187602 0.732369
v 0.633185 0.055016 0.762021
v 0.664742 0.095167 0.729103
v 0.563299 0.022871 0.819739
v 0.577302 0.054684 0.822050
v 0.599573 0.028911 0.791329
v 0.605684 0.052331 0.791075
v 0.606583 0.070942 0.800854
v 0.614558 0.088757 0.814850
v 0.363753 0.652108 0.654426
v 0.371288 0.708263 0.592864
v 0.253802 -0.751048 0.601780
v 0.314900 -0.801371 0.499110
v 0.235407 -0.811059 0.528916
v 0.217270 -0.815841 0.540946
v 0.450490 0.512652 0.720775
v 0.363272 0.410565 0.825045
v 0.401450 0.438224 0.792932
v 0.190454 -0.910262 0.349719
v 0.442831 0.322176 0.835425
v 0.512671 0.313524 0.823010
v 0.483694 0.340345 0.807116
v 0.466532 0.368909 0.795806
v 0.522934 0.220935 0.910084
v 0.474762 0.244701 0.884363
v 0.769144 0.227468 1.039932
v 0.665550 0.248466 0.947017
v 0.657287 0.233430 0.967197
v 0.561294 0.273034 0.876854
v 0.359941 0.215872 0.899467
v 0.429281 0.257949 0.875363
v 0.385375 0.288737 0.868851
v 0.140431 -0.961904 0.205779
v 0.542243 0.132979 0.911326
v 0.680540 0.142300 0.975439
v 0.992616 0.190873 1.225114
v 0.721105 0.188420 1.031279
v 0.493578 0.059922 0.869098
v 0.526417 0.022455 0.843512
v 0.536827 0.054557 0.849558
v 0.525986 0.082793 0.873161
v 0.557084 0.108639 0.895535
v 0.451697 0.058889 0.883556
v 0.403786 0.106208 0.901349
v 0.082636 0.988850 0.101308
v 0.488161 -0.066369 0.858976
v 0.482666 0.027688 0.867632
v 0.515240 -0.139294 0.834707
v 0.111940 0.950892 0.264831
v 0.495657 -0.200598 0.834068
v 0.413835 -0.356390 0.826379
v 0.489644 -0.354642 0.785688
v 0.366842 -0.296713 0.870116
v 0.278650 0.840904 0.453699
v 0.193546 0.852109 0.477898
v 0.449539 -0.413536 0.781055
v 0.301137 0.802504 0.504792
v 0.350696 0.745702 0.556675
v 0.277310 0.726971 0.621490
v 0.360961 -0.603507 0.700542
v 0.426951 -0.554313 0.704703
v 0.375265 -0.676081 0.624822
v 0.293824 -0.676434 0.668311
v 0.345309 -0.035581 0.927699
v 0.332627 -0.133669 0.922718
v 0.221849 -0.148398 0.952163
v 0.112526 0.930919 0.327558
v 0.341881 -0.227830 0.900139
v 0.254340 -0.340492 0.893257
v 0.331590 -0.371342 0.855782
v 0.230908 -0.254013 0.927038
v 0.094850 0.916928 0.370716
v 0.143831 0.867628 0.508526
v 0.168736 0.856386 0.498652
v 0.093965 0.869476 0.525400
v 0.124219 0.878214 0.534726
v 0.119668 0.872141 0.501334
v 0.108320 0.885446 0.442602
v 0.228763 -0.517284 0.814554
v 0.169085 0.969646 0.684780
v 0.161537 1.113948 0.831852
v 0.194209 0.852731 0.590166
v 0.196208 0.863288 0.628507
v 0.174827 0.856814 0.535628
v 0.205726 0.756130 0.641172
v 0.180216 0.748397 0.663931
v 0.225093 0.734727 0.635890
v 0.221962 0.770528 0.613527
v 0.209061 0.810416 0.624464
v 0.137816 0.757417 0.677652
v 0.165619 0.787936 0.678639
v 0.161495 0.883842 0.723149
v 0.155677 1.099300 0.844836
v 0.219533 -0.568682 0.783726
v 0.293442 -0.540265 0.779170
v 0.250914 -0.681335 0.680494
v 0.266788 -0.602110 0.743169
v 0.168876 -0.627926 0.751286
v 0.286416 0.594567 0.742421
v 0.192280 0.596767 0.770182
v 0.195808 -0.744742 0.653469
v 0.222324 -0.743757 0.631153
v 0.226313 -0.716847 0.654292
v 0.183416 -0.892433 0.620992
v 0.169037 -0.969984 0.685118
v 0.204840 -0.827539 0.557390
v 0.186074 -0.866471 0.586242
v 0.219646 -0.797352 0.589473
v 0.198256 -0.845478 0.651176
v 0.120936 -0.987048 0.690430
v 0.129014 -1.151458 0.855973
v 0.105810 -0.991364 0.716494
v 0.144137 -0.982887 0.679678
v 0.142174 -1.129051 0.823295
v 0.155677 -1.099303 0.844837
v 0.289371 0.525975 0.790108
v 0.216213 0.422006 0.869351
v 0.319201 0.390868 0.852026
v 0.311052 0.458099 0.821513
v 0.230564 0.471821 0.839723
v 0.142068 -0.868457 0.480540
v 0.186705 -0.845467 0.514245
v 0.134724 -0.881880 0.441477
v 0.091058 -0.882140 0.454117
v 0.221892 0.321740 0.908396
v 0.284293 0.337452 0.885407
v 0.118023 -0.912600 0.374660
v 0.039784 -0.973949 0.196579
v 0.049924 -0.956660 0.262038
v 0.271225 0.184586 0.932995
v 0.229816 0.151025 0.950066
v 0.283620 0.057898 0.945950
v 0.219417 0.045910 0.963383
v 0.029489 0.998230 0.096428
v 0.024364 1.007543 0.080231
v 0.037387 0.989118 0.122510
v 0.089658 -0.730309 0.675572
v 0.064945 -0.731750 0.671904
v 0.095469 -0.778302 0.667820
v 0.093102 -0.748195 0.667637
v 0.064031 -0.828062 0.605959
v 0.087950 -0.898274 0.644636
v 0.099563 -0.865942 0.697967
v 0.099585 0.540091 0.826908
v 0.135520 0.433463 0.879931
v -0.008363 0.460658 0.877951
v 0.076226 -0.860905 0.525039
v 0.061284 -0.859876 0.507987
v 0.088317 -0.868843 0.550374
v 0.079411 -0.865717 0.593289
v -0.006015 -0.895037 0.430820
v 0.136232 0.259678 0.943883
v 0.029134 0.272156 0.950522
v 0.032706 -0.937684 0.325019
v 0.038573 -0.916273 0.381826
v 0.001777 -0.971361 0.211295
v -0.016150 -0.940743 0.317673
v 0.170002 0.183067 0.956601
v 0.095453 0.053784 0.982607
v 0.173368 0.083341 0.969999
v -0.010501 0.988615 0.128654
v 0.012723 1.032159 0.057587
v 0.115365 -0.045354 0.981296
v 0.165359 -0.000769 0.975305
v 0.095609 -0.124414 0.975875
v 0.028241 -0.169634 0.974089
v 0.036868 -0.075097 0.985882
v 0.037722 0.976217 0.185790
v 0.001182 0.952139 0.281954
v 0.109528 -0.315146 0.930737
v 0.043873 0.914338 0.385386
v 0.060893 0.853540 0.523581
v 0.076225 0.861776 0.517288
v 0.132557 -0.414676 0.889362
v 0.000340 -0.526852 0.841630
v 0.044925 -0.465030 0.874259
v 0.069709 0.843224 0.610193
v 0.086969 0.882073 0.669937
v 0.084567 0.884818 0.629822
v 0.083201 0.867633 0.566434
v 0.065340 0.728706 0.674836
v 0.051342 0.756264 0.647126
v 0.110366 0.748119 0.673273
v 0.091697 0.819962 0.671178
v 0.046805 -0.572940 0.809978
v 0.129199 -0.701659 0.697185
v 0.126452 -0.606352 0.776149
v 0.022610 -0.678367 0.727313
v 0.074566 0.587294 0.797002
v 0.010590 0.612860 0.781359
v -0.037485 0.938626 0.321193
v -0.046563 0.962056 0.242982
v -0.074878 -0.264365 0.950899
v -0.060888 -0.168827 0.973275
v -0.039428 -0.328027 0.933207
v -0.075468 -0.436322 0.886320
v -0.060651 -0.396777 0.906209
v -0.057267 -0.521735 0.842396
v -0.181001 -0.475111 0.850957
v -0.108652 -0.498375 0.850121
v -0.034235 0.826870 0.551804
v -0.121110 0.741609 0.649664
v -0.053324 0.781922 0.610983
v -0.060522 -0.584873 0.799491
v -0.017718 -0.674635 0.730419
v -0.049418 0.662930 0.738122
v -0.028956 0.718590 0.687393
v -0.080731 0.700349 0.700385
v -0.041145 0.613510 0.779130
v -0.138369 0.562597 0.805532
v -0.013968 -0.719974 0.687897
v -0.086866 0.565396 0.811088
v -0.077381 0.406145 0.900613
v -0.169591 0.439673 0.871995
v -0.173675 0.395697 0.892745
v -0.102185 0.464286 0.869415
v -0.045724 -0.888108 0.441788
v -0.093813 0.312213 0.935103
v -0.053204 0.251642 0.955382
v -0.050839 -0.960971 0.246265
v -0.002059 0.118641 0.982486
v -0.071875 0.175162 0.971523
v -0.047942 0.047708 0.987589
v -0.097214 -0.040922 0.984319
v -0.034034 -0.023486 0.988840
v -0.033936 -0.109537 0.982844
v -0.259535 0.376490 0.879299
v -0.224614 0.446690 0.855167
v -0.294818 0.472343 0.818776
v -0.109898 -0.847373 0.506317
v -0.152157 -0.815849 0.545425
v -0.087456 -0.868640 0.473435
v -0.230535 0.238346 0.934026
v -0.288419 0.290975 0.902005
v -0.392348 0.238813 0.881784
v -0.318402 0.216578 0.913809
v -0.265338 0.107457 0.948322
v -0.232023 0.180727 0.946909
v -0.012522 1.018049 0.069918
v -0.074249 0.975286 0.179481
v -0.248795 -0.042135 0.958613
v -0.230006 0.033534 0.963963
v -0.223711 -0.143198 0.954997
v -0.366663 -0.169621 0.906607
v -0.084138 0.939430 0.309438
v -0.270065 -0.278575 0.911196
v -0.376363 -0.312355 0.861404
v -0.116459 0.907913 0.384189
v -0.115402 0.867626 0.468574
v -0.269485 -0.446109 0.842275
v -0.195573 -0.414121 0.879026
v -0.210330 -0.348063 0.904041
v -0.268295 -0.518044 0.799969
v -0.175838 0.773914 0.595827
v -0.180934 0.713890 0.665547
v -0.274426 -0.581465 0.752980
v -0.196793 -0.543256 0.805926
v -0.178785 -0.628308 0.746319
v -0.167500 -0.690358 0.693359
v -0.148493 -0.743586 0.641143
v -0.196411 -0.781743 0.578556
v -0.454592 -0.344350 0.808623
v -0.529624 -0.295544 0.782661
v -0.149473 0.927146 0.320970
v -0.207620 0.846055 0.475237
v -0.442195 -0.405071 0.786095
v -0.387648 -0.443986 0.794026
v -0.376423 -0.367976 0.838883
v -0.252935 0.807236 0.518040
v -0.288980 0.746552 0.583497
v -0.340190 -0.554376 0.744661
v -0.430379 -0.641031 0.615440
v -0.388139 0.590299 0.690201
v -0.347400 0.567928 0.730802
v -0.308108 0.648642 0.681392
v -0.384439 0.634380 0.652734
v -0.244989 -0.775598 0.567242
v -0.340763 -0.796004 0.481243
v -0.352188 0.508345 0.771519
v -0.434551 0.446269 0.767473
v -0.457076 0.383424 0.790332
v -0.423410 0.504001 0.736267
v -0.228124 -0.859572 0.439180
v -0.196239 -0.901197 0.365451
v -0.442032 0.320487 0.832279
v -0.463505 0.221840 0.885929
v -0.458489 0.248201 0.873887
v -0.523115 0.249002 0.890567
v -0.423251 0.219966 0.883209
v -0.407560 0.288650 0.858619
v -0.766610 0.235300 1.019100
v -0.762338 0.236732 0.985677
v -0.614228 0.224322 0.950416
v -0.609956 0.246356 0.928171
v -0.728863 0.225132 1.018407
v -0.534792 0.277128 0.864055
v -0.136918 -0.939545 0.288867
v -0.100933 -0.957094 0.244600
v -0.493955 0.142554 0.896335
v -0.419640 0.161044 0.892619
v -0.427652 0.112682 0.891003
v -0.444544 0.169225 0.891774
v -0.460321 0.063871 0.877521
v -0.543118 0.033860 0.834297
v -0.555062 0.055605 0.831374
v -0.518185 0.056358 0.851964
v -0.512568 0.096024 0.873501
v -0.535236 0.076920 0.854269
v -0.060760 0.993774 0.091249
v -0.031048 1.006739 0.077604
v -0.111956 0.974554 0.164000
v -0.038225 -0.988802 0.122179
v -0.405046 0.021342 0.906258
v -0.419268 -0.166720 0.883548
v -0.491916 -0.039848 0.860786
v -0.150738 0.955548 0.224486
v -0.326704 -0.833846 0.424374
v -0.269791 -0.896785 0.327190
v -0.585449 0.304297 0.771316
v -0.536484 0.352143 0.761706
v -0.580887 0.318845 0.751639
v -0.642973 0.234544 0.771636
v -0.703953 0.225914 0.884990
v -0.666797 0.247629 0.857718
v -0.612324 0.277940 0.824295
v -0.611114 0.279836 0.793464
v -0.664859 0.241805 0.696520
v -0.645570 0.246607 0.720483
v -0.659252 0.207308 0.719981
v -0.616746 0.303291 0.719911
v -0.640086 0.135752 0.781869
v -0.689893 0.149687 0.882275
v -0.662606 0.138656 0.854694
v -0.793482 0.188434 0.977989
v -0.714620 0.200606 0.886907
v -0.706778 0.176170 0.881718
v -0.598333 0.054242 0.792612
v -0.594880 0.078675 0.807819
v -0.620117 0.109301 0.825419
v -0.616082 0.098951 0.797652
v -0.640063 0.078175 0.754394
v -0.659464 0.115455 0.732823
v -0.069273 0.998953 0.066507
v -0.052582 1.009082 0.058616
v -0.037778 1.028890 0.046765
v -0.134411 0.976732 0.133238
v -0.140767 -0.974677 0.140996
v -0.579110 -0.026470 0.806422
v -0.662591 -0.148744 0.722316
v -0.184444 0.938132 0.266891
v -0.217974 0.945309 0.211471
v -0.635723 -0.260547 0.713839
v -0.587652 -0.160065 0.782550
v -0.547167 -0.355651 0.742659
v -0.317424 0.857124 0.383023
v -0.545264 -0.447632 0.690844
v -0.579037 -0.406866 0.689526
v -0.421517 0.713959 0.538494
v -0.478290 0.724397 0.472297
v -0.452366 -0.571411 0.665055
v -0.488777 -0.520975 0.680267
v -0.458683 0.598543 0.636190
v -0.436195 -0.697423 0.547543
v -0.436529 -0.749613 0.474818
v -0.392377 -0.798537 0.434613
v -0.500793 0.526689 0.666467
v -0.557154 0.447879 0.680930
v -0.500433 0.459972 0.716008
v -0.616131 0.409362 0.654884
v -0.610358 0.457621 0.626753
v -0.696946 -0.411889 0.567825
v -0.716455 -0.494929 0.466773
v -0.682970 -0.485598 0.522255
v -0.458143 0.808855 0.341172
v -0.536753 0.731890 0.390973
v -0.579543 -0.636538 0.481638
v -0.602920 -0.667568 0.405837
v -0.552388 0.660429 0.481548
v -0.592781 0.586342 0.525782
v -0.606771 0.610451 0.481313
v -0.654739 0.616458 0.406474
v -0.422604 -0.816701 0.367406
v -0.450069 -0.774840 0.419507
v -0.520910 -0.780234 0.314830
v -0.623908 0.523715 0.555897
v -0.732209 0.407035 0.527634
v -0.687138 0.498873 0.503939
v -0.438188 -0.832032 0.311676
v -0.362159 -0.845946 0.367547
v -0.312539 -0.903655 0.263724
v -0.724204 0.220831 0.640049
v -0.684787 0.318567 0.639275
v -0.770222 0.251206 0.570716
v -0.275999 -0.929558 0.212755
v -0.215162 -0.939744 0.236819
v -0.222177 -0.957378 0.147670
v -0.717306 0.176711 0.661493
v -0.711215 0.083128 0.686411
v -0.752428 0.041041 0.644119
v -0.824955 0.041737 0.547814
v -0.795016 0.065993 0.587413
v -0.721088 -0.019514 0.682991
v -0.768932 -0.145233 0.607666
v -0.806164 -0.046035 0.575178
v -0.202914 0.964111 0.133574
v -0.173068 0.962685 0.174886
v -0.150948 0.978468 0.101451
v -0.277105 0.935547 0.183986
v -0.736174 -0.244155 0.616126
v -0.691559 -0.301600 0.640546
v -0.750340 -0.312086 0.565902
v -0.359888 0.862818 0.328408
v -0.326004 0.890151 0.290647
v -0.395023 0.865254 0.277785
v -0.237516 -0.960739 0.095345
v -0.866795 0.133450 0.459427
v -0.898942 0.074508 0.407027
v -0.087680 0.998298 0.041737
v -0.067710 1.007356 0.043303
v -0.095115 0.989503 0.079805
v -0.843489 -0.041472 0.517230
v -0.857153 0.028222 0.494507
v -0.255996 0.954556 0.106993
v -0.818450 -0.266394 0.490378
v -0.837188 -0.156437 0.506417
v -0.784837 -0.348583 0.494717
v -0.845148 -0.315527 0.409619
v -0.862221 -0.261283 0.411534
v -0.768585 -0.412582 0.468670
v -0.787306 -0.502445 0.325323
v -0.523870 0.793108 0.276211
v -0.612502 0.741424 0.231664
v -0.679368 -0.648903 0.303936
v -0.709037 0.586799 0.356790
v -0.587203 -0.735174 0.302688
v -0.703046 0.548172 0.424436
v -0.739895 0.485572 0.440633
v -0.818254 0.416822 0.371899
v -0.784910 0.481093 0.361358
v -0.352976 -0.903109 0.210819
v -0.361659 -0.911898 0.151823
v -0.827256 0.357182 0.412253
v -0.790379 0.407770 0.436608
v -0.849942 0.201011 0.468096
v -0.809697 0.247990 0.515197
v -0.870554 0.249361 0.401288
v -0.633866 0.745602 0.149635
v -0.742619 -0.606044 0.240734
v -0.709871 -0.652322 0.217983
v -0.718869 -0.668704 0.123723
v -0.727551 0.646343 0.175457
v -0.656323 0.692191 0.258057
v -0.717283 0.636025 0.238710
v -0.769874 0.585183 0.204365
v -0.641238 -0.723333 0.210157
v -0.548149 -0.795651 0.216186
v -0.807873 0.533332 0.202729
v -0.788581 0.522483 0.286510
v -0.818825 0.462338 0.308374
v -0.861011 0.416132 0.256789
v -0.474877 -0.855900 0.157159
v -0.442456 -0.883297 0.094597
v -0.892096 0.302454 0.304667
v -0.947745 0.226814 0.175545
v -0.942034 0.201004 0.228722
v -0.922899 0.269705 0.234657
v -0.929416 0.152201 0.304185
v -0.907453 0.227362 0.324803
v -0.950613 0.030313 0.271972
v -0.935062 0.078451 0.311618
v -0.960156 0.084063 0.224405
v -0.074919 1.011739 0.019386
v -0.937231 -0.038150 0.312433
v -0.954491 -0.129105 0.227346
v -0.179004 0.976680 0.072651
v -0.328472 0.935023 0.073457
v -0.890255 -0.336203 0.274042
v -0.918366 -0.304830 0.209088
v -0.475303 0.860439 0.131544
v -0.845752 -0.439783 0.266758
v -0.815351 -0.500953 0.249382
v -0.844588 -0.484765 0.176445
v -0.989279 0.124510 0.090796
v -0.991082 0.070437 0.107644
v -0.983887 0.020883 0.131282
v -0.977313 0.099645 0.138274
v -1.193668 0.030608 0.009272
v -1.240738 0.054559 0.009987
v -1.044727 0.042011 0.057318
v -1.054382 0.079693 0.049704
v -1.018582 0.107215 0.062621
v -1.060640 0.105105 0.037506
v -0.097845 0.998358 0.018573
v -0.054420 1.030726 0.019595
v -0.133299 0.988246 0.011343
v -0.985674 -0.023825 0.114950
v -0.972515 -0.187278 0.033570
v -0.986533 -0.106360 0.028825
v -0.262155 0.959665 0.000659
v -0.220588 0.969470 0.042051
v -0.319363 0.941747 0.004395
v -0.272535 0.954319 0.057293
v -0.944881 -0.263984 0.129768
v -0.966584 -0.182790 0.114529
v -0.923756 -0.358273 -0.013986
v -0.954331 -0.259597 0.050276
v -0.422723 0.896207 0.065686
v -0.534431 0.836914 0.024683
v -0.916959 -0.340826 0.155454
v -0.866340 -0.452375 0.155410
v -0.865439 -0.479571 0.031757
v -0.621345 0.774105 0.012011
v -0.569871 0.809108 0.069144
v -0.666167 0.729182 0.078116
v -0.620032 0.767353 0.094806
v -0.737610 -0.662135 -0.041117
v -0.741578 0.649974 0.085558
v -0.693870 0.694775 0.124335
v -0.787732 0.587934 0.112671
v -0.688093 -0.706704 0.090467
v -0.591183 -0.788810 0.103571
v -0.597424 -0.793210 -0.010415
v -0.573867 -0.810525 0.021696
v -0.854340 0.471633 0.165279
v -0.498822 -0.857428 0.042078
v -0.424523 -0.898475 0.015772
v -0.461384 -0.879326 0.020560
v -0.938932 0.298033 0.097176
v -0.915971 0.361575 0.102986
v -0.889549 0.416977 0.122813
v -0.962929 0.223308 0.075147
v -0.959808 0.250848 0.019361
v -0.201139 -0.974547 0.040124
v -0.265038 -0.958846 -0.001387
v -0.800031 -0.582792 -0.040856
v -0.728701 -0.659959 -0.137631
v -0.740877 0.656753 -0.056848
v -0.707405 0.695367 -0.024733
v -0.783991 0.604681 -0.034335
v -0.661966 -0.738915 -0.032346
v -0.696537 -0.706898 -0.006596
v -0.586627 -0.801007 -0.060526
v -0.595157 -0.829813 -0.108579
v -0.577980 -0.813472 -0.079714
v -0.622379 -0.771115 -0.079061
v -0.611585 -0.783559 -0.092947
v -0.825688 0.545436 -0.044323
v -0.869303 0.456699 -0.127853
v -0.514890 -0.849822 -0.044438
v -0.398307 -0.909219 -0.076627
v -0.459698 -0.880239 -0.056153
v -0.903310 0.405738 -0.019193
v -0.957653 0.243954 -0.091966
v -0.964091 0.238538 -0.048765
v -0.960625 0.217672 -0.132049
v -0.198836 -0.975721 -0.038269
v -0.258475 -0.959326 -0.052557
v -1.052267 0.134811 -0.095887
v -1.135540 0.127489 -0.046247
v -1.059236 0.150702 -0.035232
v -1.018573 0.171991 -0.027968
v -0.982371 0.204554 -0.060590
v -1.225763 0.035924 -0.087478
v -1.252607 0.054938 -0.088706
v -1.631361 0.046639 -0.028833
v -1.636359 0.045624 -0.039821
v -1.611654 0.074958 -0.034806
v -1.263850 0.106332 -0.038629
v -0.993967 0.066236 -0.175410
v -0.978913 0.041497 -0.198699
v -1.042747 0.066961 -0.140342
v -1.021751 0.034639 -0.150678
v -1.031947 0.117535 -0.126604
v -0.137607 0.987322 -0.032643
v -1.004227 -0.062991 -0.089562
v -1.020738 -0.056518 -0.054515
v -1.147878 -0.008126 -0.046894
v -0.979277 -0.109552 -0.116242
v -0.991400 -0.095321 -0.054330
v -0.339265 0.933846 -0.047569
v -0.944134 -0.293212 -0.054445
v -0.962560 -0.202655 -0.119293
v -0.917517 -0.355699 -0.114594
v -0.939564 -0.277780 -0.145566
v -0.493066 0.862860 -0.056156
v -0.505057 0.875215 -0.093388
v -0.515047 0.859536 -0.078702
v -0.841755 -0.521874 -0.010472
v -0.862803 -0.478283 -0.084411
v -0.839889 -0.505783 -0.141137
v -0.575938 0.809315 -0.053796
v -0.671012 0.731476 -0.003787
v -0.644698 0.749235 -0.112874
v -0.094154 1.007095 -0.024984
v -0.115587 0.994178 -0.032088
v -0.102456 -1.001085 -0.026893
v -0.940975 -0.069926 -0.298151
v -0.949931 -0.136993 -0.244229
v -0.908936 -0.159848 -0.357028
v -0.204460 0.974642 -0.038088
v -0.232096 0.963512 -0.092656
v -0.305050 0.944520 -0.067060
v -0.284439 0.944463 -0.130034
v -0.907254 -0.226196 -0.325247
v -0.937757 -0.230765 -0.220621
v -0.898850 -0.338006 -0.240955
v -0.914982 -0.293126 -0.238747
v -0.855944 -0.345299 -0.357278
v -0.416479 0.906383 -0.126850
v -0.643291 0.987229 -0.142011
v -0.575777 0.903821 -0.118164
v -0.532677 0.894803 -0.111336
v -0.596800 0.937504 -0.128975
v -0.479523 0.894658 -0.108392
v -0.486286 0.906497 -0.124342
v -0.610287 0.987849 -0.170221
v -0.483697 0.916235 -0.153707
v -0.698451 0.947960 -0.157001
v -0.707942 0.948123 -0.183551
v -0.641706 0.864745 -0.141685
v -0.631998 0.923481 -0.130197
v -0.645694 0.747907 -0.179123
v -0.649544 0.741616 -0.164104
v -0.625242 0.797391 -0.133155
v -0.637817 0.785033 -0.164703
v -0.619499 0.749045 -0.256385
v -0.636145 0.749519 -0.221270
v -0.626667 0.792584 -0.227685
v -0.776818 -0.586785 -0.185809
v -0.719948 -0.654096 -0.193411
v -0.714031 -0.630936 -0.272168
v -0.786231 0.562277 -0.216769
v -0.640487 -0.764292 -0.175911
v -0.653781 -0.736005 -0.157659
v -0.692441 -0.939375 -0.156623
v -0.707067 -0.948402 -0.174684
v -0.641782 -0.889828 -0.135412
v -0.637249 -0.766580 -0.153162
v -0.637929 -0.796707 -0.163415
v -0.686838 -0.975771 -0.217271
v -0.666950 -0.919058 -0.217572
v -0.627213 -0.884593 -0.232274
v -0.828337 -1.126230 -0.182405
v -0.691488 -0.924705 -0.191857
v -0.699500 -0.950596 -0.204168
v -0.649002 -0.843187 -0.205769
v -0.630799 -0.815456 -0.224321
v -0.833242 0.506332 -0.174427
v -0.857019 0.404935 -0.285407
v -0.866230 0.437738 -0.196256
v -0.547811 -0.929953 -0.133302
v -0.572327 -0.955562 -0.148826
v -0.511352 -0.902731 -0.117124
v -0.564040 -0.917912 -0.123248
v -0.614585 -0.932991 -0.128426
v -0.416443 -0.906187 -0.129548
v -0.414367 -0.903995 -0.100684
v -0.449742 -0.900093 -0.115358
v -0.411499 -0.901295 -0.171677
v -0.444166 -0.906377 -0.146553
v -0.892650 0.355676 -0.239348
v -0.926849 0.252649 -0.240315
v -0.883485 0.233994 -0.378543
v -0.893228 0.313937 -0.287738
v -0.380128 -0.913353 -0.129489
v -0.930114 0.144526 -0.305442
v -0.971245 0.013882 -0.214193
v -0.962213 0.074746 -0.231142
v -0.662279 0.653118 -0.338882
v -0.688355 0.555022 -0.440098
v -0.555879 -0.804750 -0.273966
v -0.512927 -0.826010 -0.272785
v -0.596700 -0.887126 -0.237210
v -0.542968 -0.832732 -0.261835
v -0.552752 -0.863330 -0.246591
v -0.578725 -0.806880 -0.263147
v -0.485406 -0.806850 -0.316354
v -0.821716 0.438893 -0.334105
v -0.467744 -0.876907 -0.224320
v -0.378323 -0.899986 -0.196671
v -0.424362 -0.884071 -0.210629
v -0.865406 0.316050 -0.361697
v -0.852867 0.260089 -0.427543
v -0.809114 0.250583 -0.510144
v -0.831456 0.214467 -0.489290
v -0.229877 -0.956110 -0.152930
v -0.169241 -0.976034 -0.112073
v -0.845909 0.136969 -0.491282
v -0.873349 0.177644 -0.427848
v -0.880719 0.032464 -0.445401
v -0.827896 0.085846 -0.531283
v -0.082773 1.022838 -0.044699
v -0.039446 1.103655 -0.016417
v -0.129217 0.987499 -0.063577
v -0.132008 -0.988049 -0.046253
v -0.081357 -1.025139 -0.043451
v -0.857632 -0.007183 -0.489104
v -0.892572 -0.047800 -0.420309
v -0.884528 -0.128239 -0.421640
v -0.279127 0.936516 -0.187601
v -0.825447 -0.271477 -0.472072
v -0.876424 -0.236329 -0.392659
v -0.843825 -0.296059 -0.421490
v -0.370304 0.911728 -0.159412
v -0.536220 0.920374 -0.205781
v -0.475061 0.882181 -0.218941
v -0.446827 0.891850 -0.198568
v -0.436007 0.868691 -0.237691
v -0.421696 0.863505 -0.257038
v -0.810521 -0.401476 -0.399781
v -0.723208 -0.541205 -0.401816
v -0.782717 -0.480535 -0.366630
v -0.559261 0.805183 -0.272254
v -0.589993 0.842777 -0.248283
v -0.568093 0.898228 -0.231351
v -0.601850 0.729197 -0.306266
v -0.593839 0.755202 -0.282645
v -0.593302 0.785724 -0.262305
v -0.541547 0.768250 -0.322413
v -0.651566 -0.622052 -0.406856
v -0.754200 -0.072095 -0.634947
v -0.804860 0.012567 -0.572211
v -0.761903 -0.149686 -0.611299
v -0.156327 0.972021 -0.155591
v -0.724633 -0.255903 -0.622348
v -0.767267 -0.211901 -0.586325
v -0.770669 -0.316670 -0.532265
v -0.352017 0.858317 -0.353324
v -0.687077 -0.415273 -0.575927
v -0.734343 -0.369614 -0.548857
v -0.671548 -0.516738 -0.506805
v -0.612074 -0.512754 -0.580236
v -0.632134 -0.445540 -0.614177
v -0.558413 -0.689170 -0.437502
v -0.611461 -0.634777 -0.446521
v -0.512389 -0.674571 -0.508790
v -0.543985 0.721970 -0.403243
v -0.625719 0.589582 -0.485813
v -0.579254 0.587023 -0.542227
v -0.475919 -0.746890 -0.442047
v -0.464854 -0.786092 -0.384978
v -0.534517 -0.742491 -0.379718
v -0.677567 0.458172 -0.553491
v -0.703275 0.411248 -0.559512
v -0.629251 0.451140 -0.613155
v -0.423064 -0.818627 -0.366916
v -0.275268 -0.906720 -0.301548
v -0.729176 0.362301 -0.560206
v -0.704818 0.264111 -0.642380
v -0.247530 -0.933794 -0.238871
v -0.301038 -0.926863 -0.201163
v -0.772499 0.231759 -0.571815
v -0.783111 0.085565 -0.596001
v -0.688815 0.056435 -0.709562
v -0.744364 0.045259 -0.649278
v -0.081006 1.029258 -0.067918
v -0.053420 1.087219 -0.032281
v -0.120764 0.986738 -0.091562
v -0.097951 1.001907 -0.078793
v -0.126579 -0.985477 -0.092377
v -0.113371 -0.990250 -0.086011
v -0.111322 -0.985025 -0.118195
v -0.446277 -0.722807 -0.505957
v -0.578589 0.425437 -0.677838
v -0.534797 0.412198 -0.720694
v -0.346057 -0.843256 -0.391896
v -0.294402 -0.875525 -0.364275
v -0.642394 0.235692 -0.715791
v -0.556989 0.227984 -0.789672
v -0.658856 0.167121 -0.720501
v -0.575171 0.041014 -0.848862
v -0.572294 0.042090 -0.889089
v -0.608792 0.051427 -0.785252
v -0.587256 0.040001 -0.814340
v -0.599906 0.091096 -0.794560
v -0.063865 1.072561 -0.083335
v -0.025530 1.205317 -0.035390
v -0.081480 1.014243 -0.109056
v -0.086284 1.011002 -0.098280
v -0.100019 -0.991544 -0.113265
v -0.085956 -1.007760 -0.108539
v -0.069986 -1.055076 -0.064521
v -0.096168 -0.983761 -0.142339
v -0.689978 -0.054157 -0.708701
v -0.658290 -0.148320 -0.725495
v -0.585720 -0.124096 -0.789662
v -0.112795 0.983734 -0.124923
v -0.180723 0.935966 -0.286197
v -0.156360 0.951437 -0.245319
v -0.632628 -0.241065 -0.722660
v -0.605939 -0.342740 -0.701825
v -0.545108 -0.375991 -0.733405
v -0.563216 -0.303304 -0.754013
v -0.344895 0.832424 -0.414721
v -0.272688 0.856220 -0.422368
v -0.586576 -0.400918 -0.686708
v -0.545545 -0.537222 -0.622379
v -0.496710 -0.517667 -0.677499
v -0.407665 0.772636 -0.466610
v -0.400455 0.743484 -0.515475
v -0.458993 0.709790 -0.512266
v -0.517539 0.587559 -0.600850
v -0.450743 0.601146 -0.640179
v -0.423945 0.645536 -0.616040
v -0.439792 -0.217689 -0.860588
v -0.503082 -0.218334 -0.825261
v -0.399445 -0.311944 -0.848922
v -0.176627 0.874984 -0.436986
v -0.434160 -0.456722 -0.760101
v -0.497352 -0.387729 -0.760464
v -0.424869 -0.545382 -0.704818
v -0.366786 -0.454956 -0.796281
v -0.328172 -0.676878 -0.641908
v -0.350688 0.675583 -0.631090
v -0.424776 0.575295 -0.680743
v -0.387749 0.622719 -0.661176
v -0.307624 -0.732609 -0.590510
v -0.372458 -0.696480 -0.594949
v -0.341960 -0.755883 -0.540624
v -0.246968 -0.767250 -0.577114
v -0.405400 0.477934 -0.762660
v -0.418802 0.520700 -0.726405
v -0.418996 0.418425 -0.790327
v -0.341884 0.460029 -0.804644
v -0.276390 -0.844019 -0.443443
v -0.303823 -0.811063 -0.483165
v -0.433264 0.345690 -0.818094
v -0.464310 0.224036 -0.858914
v -0.441750 0.254001 -0.851173
v -0.508320 0.221941 -0.833751
v -0.378259 0.206919 -0.895477
v -0.403137 0.249177 -0.870842
v -0.169727 -0.946568 -0.255158
v -0.126419 -0.970205 -0.188748
v -0.093203 -0.966441 -0.222034
v -0.549251 0.131299 -1.043280
v -0.503947 0.159835 -0.944232
v -0.584232 0.129534 -0.991209
v -0.555773 0.150861 -0.916926
v -0.508467 0.193760 -0.865261
v -0.551015 0.041352 -1.043779
v -0.571446 0.037791 -0.936129
v -0.602368 0.052821 -1.032987
v -0.542807 0.019298 -0.935317
v -0.613366 0.078915 -1.023797
v -0.609324 0.104407 -1.021797
v -0.685936 0.097602 -1.256265
v -0.695648 0.085387 -1.278237
v -0.402139 0.033732 -0.925625
v -0.374575 0.026610 -0.924961
v -0.468312 0.040865 -0.963148
v -0.429509 0.040415 -0.936180
v -0.471367 0.091906 -0.988495
v -0.052546 1.076208 -0.109356
v -0.032451 1.196539 -0.058773
v -0.068243 1.007583 -0.138950
v -0.070823 1.021610 -0.121992
v -0.078069 0.984340 -0.160888
v -0.069156 -1.017731 -0.130503
v -0.083993 -0.991575 -0.138946
v -0.060333 -0.999424 -0.152782
v -0.476338 -0.069162 -0.867346
v -0.522891 -0.023292 -0.858628
v -0.547174 0.011890 -0.883501
v -0.509205 -0.008479 -0.890496
v -0.487092 -0.148141 -0.850293
v -0.093219 0.965044 -0.227511
v -0.106757 -0.838903 -0.522326
v -0.156124 -0.898106 -0.397693
v -0.060402 -0.888039 -0.442557
v -0.097891 -0.872127 -0.466498
v -0.306954 0.274323 -0.899824
v -0.210303 0.279839 -0.926125
v -0.123425 -0.938416 -0.307993
v -0.350486 0.183910 -0.910714
v -0.256781 0.015304 -0.957119
v -0.330274 0.044533 -0.934878
v -0.329540 0.113520 -0.928794
v -0.220213 0.067519 -0.963643
v -0.216627 0.125577 -0.958545
v -0.023069 1.214699 -0.080612
v -0.022180 1.255511 -0.053029
v -0.034624 1.045990 -0.141125
v -0.046666 0.989126 -0.173297
v -0.034603 0.987701 -0.175552
v -0.042505 -1.045359 -0.137576
v -0.044643 -1.010578 -0.156640
v -0.032763 -1.018967 -0.155162
v -0.036729 -0.989789 -0.173403
v -0.270599 -0.030192 -0.952917
v -0.333485 -0.078213 -0.929944
v -0.246444 -0.148893 -0.948022
v -0.058644 0.986070 -0.170661
v -0.061535 0.942243 -0.314672
v -0.295664 -0.210777 -0.921385
v -0.366967 -0.179882 -0.903188
v -0.331169 -0.326808 -0.872579
v -0.177228 0.841000 -0.498019
v -0.112573 0.846086 -0.508688
v -0.274403 -0.424307 -0.849819
v -0.289583 -0.516042 -0.791172
v -0.221293 -0.500229 -0.823499
v -0.196320 0.793359 -0.562635
v -0.172581 0.763240 -0.609059
v -0.223234 -0.655276 -0.706824
v -0.173705 -0.638122 -0.735801
v -0.240537 0.671160 -0.685973
v -0.230961 0.728114 -0.630620
v -0.218333 0.621462 -0.737827
v -0.200780 -0.735033 -0.633397
v -0.180389 -0.801303 -0.557102
v -0.118735 -0.815562 -0.554590
v -0.156462 -0.772684 -0.602288
v -0.286348 0.436487 -0.838992
v -0.173474 0.457363 -0.859842
v -0.227238 0.405993 -0.872969
v -0.083062 0.871429 -0.470900
v -0.002650 0.869933 -0.480617
v -0.122656 -0.414849 -0.890416
v -0.095364 -0.502222 -0.847158
v -0.017127 -0.544793 -0.827738
v -0.095018 0.800924 -0.579783
v -0.105944 0.737768 -0.654431
v -0.009432 0.741835 -0.662389
v -0.143881 -0.595588 -0.777024
v -0.108683 -0.540497 -0.822030
v -0.097072 -0.678038 -0.716284
v -0.002810 -0.642794 -0.757378
v -0.080875 0.650211 -0.742900
v -0.039544 -0.810890 -0.573184
v -0.095277 0.531086 -0.829574
v -0.128988 0.483734 -0.852970
v -0.036571 0.416289 -0.897490
v -0.034539 -0.853113 -0.508707
v -0.085435 0.340096 -0.925776
v -0.129637 0.394678 -0.898464
v -0.111339 0.243310 -0.953283
v 0.005798 -0.941723 -0.321493
v -0.003240 -0.963131 -0.252037
v -0.006165 1.382884 -0.049495
v -0.007931 1.363656 -0.036429
v -0.012397 1.051955 -0.145446
v -0.016039 1.096579 -0.126850
v -0.010119 0.991240 -0.177998
v -0.016024 -1.021983 -0.159111
v -0.092011 -0.034539 -0.984583
v -0.129884 -0.077374 -0.978163
v -0.030975 -0.080058 -0.984918
v -0.018771 0.976262 -0.204504
v -0.035245 0.980782 -0.185934
v -0.041389 -0.244726 -0.957932
v -0.123420 -0.182544 -0.965389
v -0.060580 -0.368053 -0.917115
v -0.125042 -0.272005 -0.943646
v -0.000574 -0.344540 -0.927695
v -0.035349 -0.281331 -0.947572
v -0.050414 -0.161852 -0.974711
v -0.030723 0.011836 -0.988234
v 0.000520 -1.396382 -0.049049
v -0.011054 -1.358116 -0.047717
v -0.018810 0.506656 -0.850612
v -0.010601 -0.735829 -0.669156
v -0.014055 0.689563 -0.716497
v -0.063343 -0.610700 -0.777068
v -0.035082 -0.457290 -0.877374
v 0.001154 0.902264 -0.418633
v -0.009072 0.931775 -0.349857
v -0.172122 0.546283 -0.806198
v -0.165662 -0.687966 -0.692813
v -0.165430 0.701529 -0.679906
v -0.131862 0.822252 -0.541448
v -0.198442 -0.380820 -0.891885
v -0.063199 0.919316 -0.375805
v -0.049048 0.976923 -0.197193
v -0.025569 -1.194373 -0.085851
v -0.031666 -1.191060 -0.072768
v -0.250093 0.190814 -0.939683
v -0.071564 -0.935023 -0.332768
v -0.410713 -0.047076 -0.903371
v -0.460436 -0.040886 -0.883851
v -0.440571 0.013942 -0.923205
v -0.421219 0.011727 -0.919226
v -0.028085 -1.213640 -0.051080
v -0.084591 1.000223 -0.122536
v -0.371078 0.129787 -0.920642
v -0.424087 0.142640 -0.926212
v -0.439661 0.193169 -0.890709
v -0.407235 0.194552 -0.894384
v -0.416680 0.169546 -0.908688
v -0.151739 -0.915493 -0.359019
v -0.358596 0.326151 -0.861624
v -0.338131 0.377103 -0.849089
v -0.322247 0.640820 -0.679835
v -0.283495 0.685655 -0.654413
v -0.276155 -0.589502 -0.743180
v -0.343991 -0.570303 -0.729346
v -0.246551 0.806398 -0.522867
v -0.368691 -0.235902 -0.888630
v -0.481569 -0.578141 -0.638835
v -0.322836 0.804824 -0.481003
v -0.526252 -0.455457 -0.700028
v -0.213930 0.895593 -0.374762
v -0.129574 0.969391 -0.190635
v -0.550789 -0.051331 -0.825695
v -0.100807 0.991728 -0.108042
v -0.568690 0.137128 -0.869303
v -0.584766 0.133311 -0.806737
v -0.598862 0.178852 -0.771129
v -0.202146 -0.927475 -0.299077
v -0.527789 0.330965 -0.767810
v -0.485948 0.513131 -0.688822
v -0.399775 -0.720199 -0.547276
v -0.055906 -1.084391 -0.037490
v -0.634823 0.329667 -0.682994
v -0.692343 0.337021 -0.619990
v -0.336606 -0.872106 -0.335276
v -0.504928 -0.708824 -0.469131
v -0.433764 0.800231 -0.393126
v -0.396130 0.836217 -0.358965
v -0.668242 -0.363383 -0.631685
v -0.285817 0.900010 -0.311155
v -0.688842 -0.278675 -0.653300
v -0.719898 -0.180552 -0.654754
v -0.500107 0.811192 -0.295379
v -0.722546 -0.450051 -0.501494
v -0.800879 -0.361294 -0.453891
v -0.328014 0.908399 -0.238584
v -0.815163 -0.047884 -0.554995
v -0.847384 -0.116106 -0.494098
v -0.067770 -1.038671 -0.021243
v -0.779901 0.316913 -0.518470
v -0.813385 0.325281 -0.458220
v -0.466777 -0.844610 -0.264750
v -0.540427 -0.764844 -0.329623
v -0.928772 0.084629 -0.329943
v -0.906071 0.231297 -0.324248
v -0.519083 -0.926622 -0.182676
v -0.535090 -0.939923 -0.162825
v -0.610942 -0.988357 -0.170358
v -0.805027 -1.141164 -0.185656
v -0.822262 -1.153119 -0.176752
v -0.791642 0.512607 -0.299939
v -0.791143 0.538235 -0.255366
v -0.625175 -0.758116 -0.239868
v -0.614031 -0.746207 -0.266600
v -0.637780 -0.754744 -0.212531
v -0.644426 0.714213 -0.256691
v -0.667269 0.923742 -0.218577
v -0.675058 0.898564 -0.201437
v -0.716715 0.976943 -0.202721
v -0.822489 1.153271 -0.176773
v -0.804973 1.141128 -0.185659
v -0.869226 -0.385560 -0.275964
v -0.831324 -0.411351 -0.344824
v -0.420542 0.902715 -0.164108
v -0.380922 0.913101 -0.131656
v -0.883669 -0.293395 -0.335765
v -0.182651 0.976823 -0.076200
v -0.601454 0.810860 -0.108542
v -0.603448 0.790359 -0.085796
v -0.576536 0.814040 -0.077608
v -0.880187 -0.427176 -0.155875
v -0.420208 0.900858 -0.089236
v -0.972105 -0.066111 -0.188632
v -0.990751 -0.069837 -0.116507
v -1.024621 0.003121 -0.137038
v -0.060662 -1.039496 -0.007120
v -0.077912 -1.014035 0.003057
v -0.964935 0.134523 -0.200464
v -1.012867 0.140700 -0.122433
v -0.985607 0.142420 -0.154004
v -0.334931 -0.935578 -0.048593
v -0.489780 -0.882542 -0.096487
v -0.527655 -0.877513 -0.101049
v -0.494030 -0.866949 -0.074202
v -0.532443 -0.850695 -0.081414
v -0.826561 0.529253 -0.137836
v -0.658476 -0.734890 -0.125850
v -0.723139 0.667209 -0.133433
v -0.386149 -0.916305 -0.002950
v -0.930173 0.341168 0.007107
v -0.905549 0.397825 0.045792
v -0.865147 0.481178 0.019929
v -0.820827 0.548337 0.073564
v -0.641760 -0.754852 0.045656
v -0.740605 0.658029 0.025805
v -0.815177 -0.561757 0.024163
v -0.574585 0.809928 0.010785
v -0.893752 -0.424827 -0.041596
v -0.899313 -0.411734 0.045681
v -1.007015 -0.060706 0.012706
v -1.033091 -0.030448 0.019375
v -0.986570 -0.073067 0.075697
v -1.002714 -0.048565 0.042652
v -1.035220 0.005079 0.049447
v -0.074423 -1.010060 0.023908
v -1.041378 0.146288 0.008030
v -1.079567 0.134280 -0.003215
v -1.000974 0.133176 0.065594
v -0.993821 0.176351 0.030540
v -0.979996 0.183918 0.056639
v -0.427083 0.885460 0.132361
v -0.942166 -0.229446 0.201036
v -0.932395 -0.196299 0.268468
v -0.971337 -0.041684 0.187248
v -0.958076 -0.038189 0.245073
v -0.956578 0.151197 0.206568
v -0.389534 -0.908992 0.091701
v -0.883054 0.349522 0.281729
v -0.900454 0.353000 0.214173
v -0.505153 -0.848111 0.097554
v -0.546490 -0.816337 0.132984
v -0.682724 -0.696827 0.163858
v -0.867506 0.310533 0.364398
v -0.500634 -0.834636 0.186418
v -0.754245 0.533210 0.350469
v -0.639904 -0.695803 0.287194
v -0.734658 -0.580491 0.314479
v -0.744743 -0.538668 0.361520
v -0.533265 0.806134 0.216776
v -0.798425 -0.424027 0.404527
v -0.883542 -0.164515 0.415708
v -0.054974 -1.019207 0.038369
v -0.067956 -1.005128 0.050522
v -0.332279 -0.931308 0.097511
v -0.352076 0.899424 0.226543
v -0.811139 -0.223468 0.524622
v -0.764498 -0.199789 0.598653
v -0.818046 0.113274 0.547535
v -0.800297 0.184131 0.556692
v -0.788465 0.333726 0.498475
v -0.764763 0.335730 0.532846
v -0.533665 -0.739196 0.381906
v -0.649613 -0.563266 0.483212
v -0.736756 -0.412650 0.516739
v -0.565695 0.523734 0.614704
v -0.485548 -0.731597 0.453140
v -0.511115 0.681566 0.498616
v -0.408509 0.798200 0.420218
v -0.286879 0.891433 0.326410
v -0.689985 -0.237696 0.670529
v -0.638089 -0.216716 0.726887
v -0.041854 -1.006544 0.071962
v -0.655046 0.149164 0.739584
v -0.651604 0.199021 0.741247
v -0.637687 0.303651 0.694995
v -0.651795 0.369064 0.645544
v -0.547933 -0.044600 0.827369
v -0.057688 0.988643 0.114904
v -0.647856 0.125610 0.918990
v -0.755207 0.146901 1.001844
v -0.600999 0.152378 0.943321
v -0.616640 0.132889 0.931152
v -0.711117 0.189092 1.024756
v -0.198398 -0.921773 0.308912
v -0.531481 0.330583 0.789352
v -0.485074 0.346932 0.797853
v -0.312223 0.820342 0.460821
v -0.236678 0.899293 0.345087
v -0.520163 -0.260879 0.801537
v -0.462686 -0.249918 0.839739
v -0.514983 -0.160517 0.832723
v -0.541160 -0.215525 0.803160
v -0.269585 0.708398 0.638394
v -0.319534 -0.626976 0.695549
v -0.391940 -0.233825 0.880573
v -0.329192 -0.282126 0.891104
v -0.289216 -0.169343 0.932853
v -0.103426 0.956239 0.247478
v -0.391551 -0.043306 0.911565
v -0.014563 -1.009205 0.078641
v -0.149538 -0.915310 0.353219
v -0.313112 0.319208 0.884202
v -0.336219 0.378916 0.851722
v -0.182855 -0.032210 0.974339
v -0.165455 0.014646 0.978022
v 0.006857 -1.009542 0.080654
v -0.139783 0.167923 0.966323
v -0.090941 -0.936601 0.316085
v -0.062308 -0.918084 0.373155
v -0.133015 0.350091 0.917491
v -0.082666 0.512623 0.845064
v -0.098751 -0.728267 0.669090
v -0.181823 0.662342 0.715748
v -0.122819 0.632027 0.754713
v -0.137396 0.689120 0.701865
v -0.136429 -0.598866 0.778913
v -0.109272 0.808346 0.567878
v 0.017372 0.680626 0.725702
v -0.008943 -0.587437 0.801157
v 0.029696 0.779540 0.617582
v -0.005077 -0.445780 0.885136
v -0.002623 0.902512 0.414654
v 0.012114 -0.230263 0.962185
v 0.065828 -0.261239 0.951321
v -0.000388 0.972327 0.207367
v 0.028618 0.021733 0.989043
v 0.019933 -0.998296 0.097674
v 0.053518 0.414944 0.897762
v 0.037953 -0.861648 0.496612
v 0.026381 0.508107 0.852054
v 0.071967 -0.937569 0.320041
v 0.198952 0.377345 0.893027
v 0.090773 -0.868838 0.501613
v 0.121673 -0.873396 0.516076
v 0.111948 -0.872635 0.488676
v 0.126219 -0.887093 0.555778
v 0.131805 -0.926023 0.614765
v 0.128667 -0.782677 0.682755
v 0.159023 -0.759787 0.674343
v 0.148161 -0.816387 0.696015
v 0.161301 -0.725630 0.675019
v 0.129015 1.151461 0.855975
v 0.104010 0.987130 0.716645
v 0.142167 1.128983 0.823218
v 0.140610 1.165908 0.865983
v 0.131882 0.926011 0.614865
v 0.188811 -0.465925 0.853646
v 0.205026 -0.402342 0.880870
v 0.142919 -0.248565 0.945948
v 0.050215 0.961174 0.245930
v 0.358356 -0.521016 0.764501
v 0.226184 0.795964 0.568140
v 0.240058 0.801804 0.539614
v 0.223538 0.827368 0.508884
v 0.341845 -0.423553 0.827809
v 0.355034 -0.463419 0.801086
v 0.167837 0.906195 0.371566
v 0.430220 -0.224446 0.862776
v 0.429323 -0.029606 0.892624
v 0.035810 -1.010389 0.071346
v 0.378083 0.153161 0.905450
v 0.443102 0.125050 0.894983
v 0.447494 0.157400 0.898086
v 0.463466 0.200910 0.898226
v 0.425503 0.199782 0.893774
v 0.411794 0.346735 0.833565
v 0.178020 -0.863358 0.462309
v 0.344552 0.574374 0.733709
v 0.278605 -0.711245 0.640019
v 0.678034 0.128130 0.928299
v 0.773451 0.149209 1.017581
v 0.657637 0.136953 0.828014
v 0.677621 0.151134 0.850402
v 0.690094 0.181674 0.850127
v 0.775612 0.188687 0.958680
v 0.213274 -0.917365 0.316817
v 0.534135 0.329503 0.788289
v 0.550202 0.357163 0.746679
v 0.568159 0.321777 0.762859
v 0.280454 -0.847311 0.439799
v 0.342349 -0.816453 0.453689
v 0.480253 0.516222 0.698779
v 0.489434 0.566407 0.652672
v 0.369136 -0.726651 0.571476
v 0.401669 -0.705173 0.575473
v 0.395914 0.723172 0.556447
v 0.453299 -0.570262 0.676042
v 0.516590 -0.437973 0.724981
v 0.222578 0.916974 0.311005
v 0.514174 -0.264951 0.804073
v 0.139240 0.959972 0.214794
v 0.554724 -0.086143 0.816839
v 0.053576 -1.018542 0.046924
v 0.060733 -1.002835 0.068340
v 0.389822 0.812237 0.419890
v 0.383040 0.840808 0.365967
v 0.635523 -0.404150 0.645415
v 0.722513 0.010673 0.674825
v 0.074980 -1.003647 0.052339
v 0.727516 0.203976 0.638287
v 0.277614 -0.928969 0.216510
v 0.308531 -0.912971 0.241909
v 0.644323 0.364736 0.659349
v 0.669611 0.390725 0.617061
v 0.384185 -0.850986 0.339119
v 0.583442 0.509362 0.618850
v 0.456015 -0.754802 0.456176
v 0.500887 -0.711119 0.477240
v 0.544747 0.656718 0.504443
v 0.553977 -0.594981 0.566938
v 0.593905 -0.588247 0.530898
v 0.772543 0.378097 0.485276
v 0.447120 -0.828244 0.316483
v 0.587870 0.706147 0.368587
v 0.697735 -0.565094 0.410966
v 0.750861 -0.415738 0.488907
v 0.352009 0.897293 0.240852
v 0.807658 -0.189681 0.534152
v 0.838112 -0.077234 0.511644
v 0.838428 0.129580 0.500971
v 0.906278 -0.233256 0.316899
v 0.225365 0.962885 0.104545
v 0.054150 -1.029645 0.030932
v 0.079982 -1.014130 0.021050
v 0.848613 0.326937 0.382835
v 0.872572 0.355196 0.297577
v 0.466256 -0.852631 0.202076
v 0.763883 0.558434 0.283411
v 0.681656 0.667380 0.261768
v 0.502221 0.824389 0.230355
v 0.839673 -0.413669 0.314455
v 0.481182 -0.864506 0.086835
v 0.541026 -0.828038 0.094444
v 0.806257 0.544280 0.185471
v 0.635045 -0.747910 0.146451
v 0.675527 -0.713093 0.141242
v 0.696113 0.692479 0.142579
v 0.589582 0.795287 0.082182
v 0.894768 -0.398030 0.145065
v 0.918508 -0.360332 0.086917
v 0.415297 0.901780 0.046494
v 0.953133 -0.232087 0.144489
v 0.963497 -0.185879 0.144324
v 0.978180 -0.053764 0.159291
v 0.981087 0.003998 0.154364
v 0.060536 -1.041002 0.008927
v 0.915005 0.343658 0.157595
v 0.965001 -0.232646 0.003017
v 0.971532 -0.194996 -0.061310
v 0.991891 -0.067664 -0.014894
v 0.997559 -0.038399 0.005166
v 0.999352 -0.042043 -0.028040
v 1.044410 -0.012992 -0.066114
v 1.147141 0.001914 -0.051884
v 1.033334 -0.020032 -0.041192
v 0.069752 -1.044922 -0.006048
v 1.034736 0.140927 -0.017022
v 1.029773 0.132955 0.003684
v 1.086209 0.124237 -0.065479
v 1.008975 0.152926 -0.065640
v 1.044022 0.140912 -0.041324
v 0.986382 0.175324 -0.061142
v 0.971125 0.206203 -0.056486
v 0.316091 -0.942674 -0.004726
v 0.908414 0.397580 0.000963
v 0.530861 -0.840351 -0.034253
v 0.843869 0.521162 0.032105
v 0.836313 0.535861 -0.024059
v 0.670034 -0.757190 -0.045229
v 0.678705 -0.735047 -0.019525
v 0.711560 -0.735536 -0.036634
v 0.759032 0.642736 -0.011931
v 0.723739 0.685274 0.000083
v 0.735389 0.690812 -0.028308
v 0.751975 0.662472 -0.030424
v 0.716913 0.734372 -0.037571
v 0.811737 -0.572735 0.012034
v 0.778884 -0.617708 -0.040588
v 0.567094 0.817094 -0.004203
v 0.907319 -0.398568 0.008664
v 0.892274 -0.429508 -0.041631
v 0.924466 -0.356943 -0.020762
v 0.814959 0.531386 -0.198877
v 0.668385 -0.794635 -0.129483
v 0.717265 -0.822649 -0.134709
v 0.649447 -0.763591 -0.173870
v 0.653778 -0.777282 -0.155435
v 0.763140 -0.803454 -0.174413
v 0.784526 -0.863409 -0.152051
v 0.851921 0.832236 -0.156715
v 0.843130 0.794662 -0.143774
v 0.776436 0.711932 -0.176843
v 0.796969 0.783862 -0.174098
v 0.763188 0.803453 -0.174442
v 0.801908 0.828239 -0.171449
v 0.784619 -0.605015 -0.149571
v 0.763683 -0.619249 -0.191200
v 0.782106 -0.581533 -0.196568
v 0.589570 0.795592 -0.115093
v 0.580975 0.789433 -0.167733
v 0.519746 0.838527 -0.124244
v 0.885611 -0.403894 -0.185724
v 0.851504 -0.433344 -0.259328
v 0.363567 0.922980 -0.070745
v 0.956957 -0.157471 -0.215145
v 0.201920 0.974602 -0.038405
v 0.979490 -0.014121 -0.185194
v 0.977248 -0.005040 -0.201671
v 0.057446 -1.088126 -0.017981
v 0.309265 -0.943008 -0.062677
v 0.363329 -0.920304 -0.096749
v 0.867669 0.404423 -0.253505
v 0.897685 0.373401 -0.193322
v 0.031415 -1.208904 -0.032474
v 0.131220 0.987779 -0.088635
v 0.889461 0.165837 -0.401906
v 0.845059 0.342363 -0.380062
v 0.805470 0.426523 -0.381934
v 0.772477 0.524224 -0.332365
v 0.687105 0.669496 -0.262879
v 0.733405 -0.591644 -0.310438
v 0.354886 0.907507 -0.193789
v 0.853299 -0.271627 -0.416727
v 0.643769 0.638902 -0.398735
v 0.597971 0.679461 -0.405299
v 0.655699 -0.588526 -0.449553
v 0.708263 -0.424850 -0.536855
v 0.326400 0.911955 -0.220842
v 0.782401 -0.218573 -0.559304
v 0.787952 -0.077684 -0.591545
v 0.043096 -1.184378 -0.047835
v 0.102678 0.997467 -0.104889
v 0.828644 0.161178 -0.512001
v 0.790566 0.178325 -0.562756
v 0.293920 -0.931373 -0.184812
v 0.720243 0.370535 -0.559541
v 0.445464 -0.832403 -0.306105
v 0.699138 0.494965 -0.489862
v 0.665194 0.559571 -0.470187
v 0.048537 -1.163396 -0.065370
v 0.087901 0.990619 -0.134577
v 0.637387 0.198597 -0.730464
v 0.659136 0.332531 -0.652902
v 0.609772 0.327421 -0.703872
v 0.616305 0.390599 -0.662938
v 0.603973 0.504031 -0.596099
v 0.458221 -0.728612 -0.493654
v 0.564570 -0.574463 -0.573535
v 0.354035 0.830508 -0.412594
v 0.439384 0.647574 -0.609437
v 0.374118 0.695928 -0.602148
v 0.453092 -0.599672 -0.645476
v 0.212545 0.903225 -0.355494
v 0.487715 -0.273700 -0.816835
v 0.499187 -0.039824 -0.857684
v 0.522348 -0.000980 -0.860765
v 0.016001 -1.373066 -0.044686
v 0.035936 -1.196459 -0.081676
v 0.056842 1.007663 -0.140096
v 0.569282 0.122175 -0.879968
v 0.559390 0.142456 -0.848247
v 0.575879 0.132897 -1.038409
v 0.546965 0.147558 -0.957501
v 0.521153 0.181773 -0.858023
v 0.189803 -0.936128 -0.276073
v 0.441415 0.524976 -0.713447
v 0.383599 -0.727156 -0.557783
v 0.325952 -0.743047 -0.572903
v 0.321261 -0.711436 -0.615436
v 0.032418 0.999320 -0.161438
v 0.025582 1.035824 -0.145557
v 0.371516 0.113680 -0.921444
v 0.397286 0.140543 -0.915631
v 0.124054 -0.942236 -0.292802
v 0.147075 -0.921975 -0.342763
v 0.331066 0.356765 -0.860296
v 0.179070 -0.835912 -0.507234
v 0.215485 -0.745298 -0.637182
v 0.224248 -0.726779 -0.663997
v 0.238034 0.668451 -0.708446
v 0.237049 0.698494 -0.683722
v 0.286232 -0.603026 -0.733780
v 0.231546 0.803228 -0.537745
v 0.161280 0.908034 -0.371406
v 0.316043 -0.206278 -0.914689
v 0.009535 -1.365819 -0.057834
v 0.194219 -0.058979 -0.967853
v -0.000886 1.010225 -0.163688
v 0.159295 0.200759 -0.954048
v 0.123793 -0.855664 -0.490792
v 0.078008 -0.854855 -0.501622
v 0.124936 -0.905583 -0.915280
v 0.089026 -0.820755 -0.771412
v 0.094564 -0.848072 -0.897868
v 0.106774 -0.886613 -0.979480
v 0.139199 0.779637 -0.898341
v 0.094080 0.713605 -0.820550
v 0.104360 0.778541 -0.880103
v 0.106777 0.886870 -0.979758
v 0.124344 -0.583364 -0.796690
v 0.128108 -0.616045 -0.786983
v 0.112527 0.800961 -0.609609
v 0.112168 0.807153 -0.581279
v 0.074343 0.793863 -0.617076
v 0.094136 0.818095 -0.560278
v 0.154390 -0.395655 -0.893116
v 0.029975 0.921951 -0.372665
v 0.153704 -0.187008 -0.958034
v 0.070870 0.802749 -0.589975
v 0.126284 -0.638073 -0.789323
v 0.166342 -0.630642 -0.778680
v 0.073446 0.730439 -0.801431
v 0.118042 0.663804 -0.800597
v 0.084548 0.647035 -0.783042
v 0.121817 0.730658 -0.851288
v 0.109126 -0.903908 -0.935519
v 0.078497 -0.805080 -0.791943
v 0.086411 -0.800735 -0.700733
v 0.066679 -0.782697 -0.663136
v 0.129869 -0.819481 -0.720691
v 0.106023 -0.816414 -0.722375
v 0.109227 -0.862314 -0.835554
v 0.164650 0.368365 -0.902064
v 0.160996 0.129692 -0.966070
v 0.001889 -1.221666 -0.093544
v 0.017823 -1.243232 -0.085123
v 0.296871 -0.047711 -0.943562
v 0.318525 -0.266951 -0.897138
v 0.219318 0.719814 -0.701203
v 0.233828 0.646604 -0.726403
v 0.524074 0.165034 -0.897530
v 0.516823 0.155563 -0.943052
v 0.482331 0.178295 -0.895658
v 0.586614 0.123016 -0.988789
v 0.683320 0.099185 -1.287359
v 0.589385 0.104151 -0.956559
v 0.553572 0.145589 -0.901416
v 0.051809 1.074701 -0.111586
v 0.064868 0.988846 -0.154543
v 0.075027 0.995829 -0.138891
v 0.036251 -1.224611 -0.064293
v 0.135702 0.964323 -0.206029
v 0.240098 -0.936473 -0.231152
v 0.099101 0.992217 -0.124426
v 0.088779 1.017354 -0.091686
v 0.790193 -0.012980 -0.595056
v 0.433055 0.829634 -0.329857
v 0.401065 0.892087 -0.172977
v 0.819316 -0.441288 -0.335570
v 0.861618 0.138457 -0.464447
v 0.079050 -1.056692 -0.050140
v 0.081231 -1.042199 -0.024657
v 0.904170 0.309563 -0.257393
v 0.246105 0.963146 -0.043485
v 0.608928 0.780452 -0.149360
v 0.774487 -0.634314 -0.165460
v 0.783326 -0.635995 -0.142288
v 0.728535 0.741108 -0.193241
v 0.727078 0.707181 -0.202140
v 0.731187 0.658029 -0.214947
v 0.799994 0.732184 -0.161344
v 0.703674 -0.776597 -0.175078
v 0.728677 -0.741639 -0.193083
v 0.640271 -0.787369 -0.114857
v 0.697169 -0.799330 -0.151202
v 0.427729 0.896932 -0.020842
v 0.768472 -0.639271 -0.045095
v 0.754481 0.724609 -0.047748
v 0.773450 0.779268 -0.058732
v 0.766616 0.681494 -0.054706
v 0.743524 -0.770936 -0.054519
v 0.641765 -0.766677 -0.046532
v 0.998988 0.165506 -0.029723
v 0.976744 0.177870 -0.090919
v 1.161618 0.115302 -0.039765
v 1.040746 0.129326 -0.082590
v 1.103838 0.120215 -0.015317
v 0.090360 -1.018518 -0.005021
v 0.993924 -0.039604 -0.072944
v 1.007858 -0.024801 -0.074782
v 0.207361 0.972829 0.040761
v 0.765518 -0.617287 0.126176
v 0.892927 0.279269 0.317534
v 0.098397 -1.004796 0.014995
v 0.709799 0.508039 0.462199
v 0.792839 0.324107 0.490961
v 0.734545 0.130383 0.648234
v 0.292546 0.896617 0.312373
v 0.651362 -0.462228 0.585375
v 0.447813 0.785303 0.410914
v 0.224658 0.889712 0.381510
v 0.330241 -0.839733 0.417395
v 0.545569 0.302953 0.825640
v 0.731453 0.164246 0.918706
v 0.658558 0.162761 0.795318
v 0.640333 0.115264 0.843352
v 0.635355 0.106317 0.782935
v 0.642164 0.114909 0.876284
v 0.695498 0.139853 0.904496
v 0.283216 0.693522 0.657204
v 0.138809 -0.930382 0.318969
v 0.500591 0.156841 0.907912
v 0.494414 0.117354 0.894415
v 0.048267 -0.997029 0.091614
v 0.144320 0.982958 0.679811
v 0.142892 1.164360 0.879938
v 0.156599 1.115545 0.819634
v 0.130617 1.145750 0.871634
v 0.140551 1.113203 0.859391
v 0.192252 -0.719499 0.665401
v 0.161429 -0.883556 0.723028
v 0.181514 -0.879132 0.700536
v 0.182854 -0.781702 0.665225
v 0.137154 -0.886492 0.729531
v 0.122025 -0.874802 0.719082
v 0.156508 -0.904336 0.596077
v 0.040977 -0.765600 0.634709
v -0.017275 -0.858083 0.500895
v 0.050003 0.328728 0.932225
v 0.059372 0.143879 0.976445
v -0.027280 0.871055 0.476896
v 0.043177 -0.381535 0.913152
v 0.025700 0.804964 0.585947
v 0.051524 0.810623 0.597479
v 0.051305 0.781368 0.626105
v -0.124692 -0.218040 0.958485
v -0.066661 0.896753 0.421137
v -0.011792 -0.997200 0.101885
v -0.332458 0.151482 0.922016
v -0.396592 0.136735 0.900112
v -0.344843 -0.413789 0.831007
v -0.232397 -0.730160 0.629723
v -0.384609 -0.586364 0.695288
v -0.456477 0.356765 0.804849
v -0.486961 0.306290 0.833099
v -0.559967 0.307824 0.804348
v -0.534720 0.300892 0.830166
v -0.672614 0.163315 0.990455
v -0.538685 0.150621 0.913889
v -0.625157 0.196067 0.969444
v -0.539763 0.122805 0.896571
v -0.564774 0.104865 0.880825
v -0.477269 0.118404 0.884927
v -0.726859 0.150638 1.007934
v -0.573979 0.355010 0.725675
v -0.649107 0.163504 0.756828
v -0.673545 0.173770 0.710222
v -0.066081 -0.998637 0.071189
v -0.596311 -0.068556 0.789270
v -0.631565 -0.436439 0.621640
v -0.090399 -0.997122 0.044337
v -0.301730 -0.937613 0.130081
v -0.882082 -0.013111 0.448456
v -0.914667 -0.100395 0.363767
v -0.917937 -0.005739 0.369388
v -0.825932 -0.424611 0.344590
v -0.426498 -0.866204 0.224045
v -0.546700 0.818166 0.123338
v -0.799617 -0.553114 0.180417
v -0.637460 -0.747382 0.125736
v -0.115802 0.989348 0.048379
v -0.887998 -0.391248 0.199881
v -1.033465 0.131104 0.033887
v -0.420307 0.900699 -0.000446
v -0.782636 -0.605829 0.035460
v -0.334257 -0.936089 0.022514
v -0.700261 0.697953 -0.092039
v -0.635996 -0.760190 -0.120472
v -0.551932 -0.826918 -0.056959
v -0.463574 -0.882289 -0.079070
v -1.089074 0.105127 -0.106595
v -0.102872 -0.999370 -0.007953
v -1.003743 -0.025366 -0.137806
v -1.033375 -0.029867 -0.099613
v -0.981940 -0.036681 -0.171713
v -0.426466 0.896793 -0.071104
v -0.536841 0.836625 -0.054186
v -0.620667 0.772574 -0.073549
v -0.086817 -1.013316 -0.022345
v -0.100267 -1.002144 -0.050757
v -0.387668 0.912512 -0.104670
v -0.445050 0.905935 -0.133692
v -0.828318 1.126193 -0.182408
v -0.653002 0.842811 -0.190685
v -0.636707 0.834989 -0.221951
v -0.645007 -0.732714 -0.223434
v -0.635964 -0.785827 -0.206628
v -0.617826 -0.783320 -0.241383
v -0.693880 -1.052198 -0.175795
v -0.658527 -1.015093 -0.155030
v -0.487644 -0.917537 -0.151142
v -0.462603 -0.898212 -0.192155
v -0.578999 -0.958151 -0.192308
v -0.318239 -0.932904 -0.137968
v -0.620696 0.657969 -0.399861
v -0.608151 -0.725484 -0.303088
v -0.570466 -0.759443 -0.302896
v -0.182239 0.972280 -0.122090
v -0.792426 -0.238689 -0.541010
v -0.384729 0.898096 -0.195609
v -0.503608 0.826727 -0.274471
v -0.216463 0.947561 -0.212337
v -0.501326 0.757371 -0.395147
v -0.578135 0.663017 -0.450981
v -0.509467 0.698933 -0.478750
v -0.623131 0.521509 -0.560021
v -0.603306 0.482774 -0.614130
v -0.390027 -0.850811 -0.330104
v -0.731208 0.135083 -0.652537
v -0.107155 0.994443 -0.074656
v -0.570962 0.175878 -0.803288
v -0.580571 0.115897 -0.834492
v -0.580113 0.116107 -0.902735
v -0.349266 -0.614466 -0.690130
v -0.359376 0.535830 -0.747042
v -0.461536 0.165143 -0.923725
v -0.485967 0.141843 -0.968715
v -0.477068 0.117740 -0.984595
v -0.423076 0.106085 -0.942672
v -0.529889 0.115753 -1.050055
v -0.082719 0.992264 -0.140598
v -0.408773 -0.013921 -0.911197
v -0.274008 0.322698 -0.893771
v -0.078741 -0.913485 -0.387070
v -0.049298 1.041098 -0.134320
v -0.058062 0.998969 -0.155669
v -0.144367 0.631772 -0.748045
v -0.247661 0.483699 -0.825064
v -0.078908 0.903222 -0.409892
v -0.076351 0.189743 -0.968338
v -0.116807 0.145657 -0.972404
v -0.027373 1.000358 -0.168311
v -0.012306 -1.241754 -0.083221
v -0.151335 -0.338860 -0.917647
v -0.168950 -0.147367 -0.964735
v -0.007226 -0.988079 -0.180984
v -0.021656 -0.995371 -0.174211
v -0.019412 -1.092527 -0.126883
v -0.036375 -0.980457 -0.186242
v -0.143220 0.053950 -0.978608
v -0.001956 -0.978926 -0.195092
v -0.026795 -0.977106 -0.200729
v -0.153450 0.269154 -0.940392
v -0.189276 0.344661 -0.908557
v 0.018277 0.370807 -0.917374
v -0.032237 0.570793 -0.809153
v -0.099637 0.589688 -0.788760
v -0.101208 0.692104 -0.702066
v -0.051667 0.774627 -0.618598
v -0.299639 -0.384770 -0.859835
v -0.273462 -0.240207 -0.921047
v -0.303116 -0.160104 -0.929245
v -0.049672 -0.986804 -0.174911
v -0.067766 -0.982211 -0.169150
v -0.035300 1.113841 -0.109224
v -0.043146 1.009419 -0.157790
v -0.016967 1.205307 -0.023269
v -0.361129 0.075413 -0.927318
v -0.055583 -0.976417 -0.196293
v -0.075530 -0.988668 -0.154176
v -0.066927 0.986861 -0.161557
v -0.071104 0.979586 -0.177837
v -0.467936 0.066390 -0.980097
v -0.517297 0.054563 -1.029394
v -0.539152 0.079172 -1.079491
v -0.470122 0.017232 -0.937016
v -0.498358 0.023377 -0.960529
v -0.681684 0.071303 -1.249022
v -0.589521 0.065382 -0.942903
v -0.521964 0.017216 -0.950202
v -0.576933 0.039119 -1.039753
v -0.546788 0.166124 -0.869782
v -0.619883 0.114873 -1.086001
v -0.682786 0.102811 -1.281687
v -0.570217 0.135479 -1.026120
v -0.090410 -0.980853 -0.161668
v -0.497220 0.257919 -0.818765
v -0.230093 -0.877456 -0.404984
v -0.224561 -0.906476 -0.342159
v -0.348660 0.589379 -0.711809
v -0.275726 0.769992 -0.559967
v -0.366919 -0.518263 -0.755701
v -0.472908 -0.468992 -0.728458
v -0.510797 -0.299165 -0.791992
v -0.548842 -0.150986 -0.812111
v -0.642664 -0.044007 -0.753117
v -0.095403 0.987619 -0.133026
v -0.579617 0.000707 -0.813485
v -0.566521 0.508139 -0.628935
v -0.397024 -0.798788 -0.431776
v -0.058190 1.091869 -0.052229
v -0.752544 0.305709 -0.563319
v -0.360012 -0.882465 -0.280214
v -0.321723 -0.907962 -0.247772
v -0.475743 0.746328 -0.442604
v -0.363951 0.873063 -0.302521
v -0.739106 -0.308715 -0.578957
v -0.603650 -0.687390 -0.378441
v -0.666083 -0.656610 -0.325651
v -0.630393 0.898829 -0.231655
v -0.541094 0.840179 -0.257492
v -0.706848 -0.515510 -0.458165
v -0.462598 0.850511 -0.258047
v -0.603998 0.961078 -0.207375
v -0.520632 0.864927 -0.243618
v -0.416560 0.893981 -0.191835
v -0.404313 -0.874196 -0.246665
v -0.529062 -0.892548 -0.225404
v -0.504756 -0.905530 -0.204009
v -0.736576 0.465697 -0.466422
v -0.512877 -0.805090 -0.294702
v -0.593129 -0.823716 -0.251313
v -0.574454 -0.774838 -0.283545
v -0.681139 0.597560 -0.395066
v -0.720195 0.589588 -0.335386
v -0.196554 -0.973929 -0.079091
v -0.604553 -0.891163 -0.121021
v -0.839743 -1.153727 -0.179787
v -0.815575 -1.129380 -0.194365
v -0.644113 -0.850405 -0.150110
v -0.624838 -0.831583 -0.132687
v -0.681439 -0.957027 -0.142377
v -0.822541 -1.127785 -0.166567
v -0.743473 0.597403 -0.266426
v -0.729810 0.642628 -0.194504
v -0.662431 0.729101 -0.138738
v -0.655194 0.915604 -0.139387
v -0.624744 0.834177 -0.132264
v -0.658913 0.871151 -0.158457
v -0.641733 0.823393 -0.160498
v -0.785870 -0.539915 -0.266776
v -0.552182 0.946946 -0.152706
v -0.532752 0.936931 -0.177153
v -0.694057 1.052309 -0.175735
v -0.659080 1.015605 -0.155161
v -0.639235 0.996816 -0.199104
v -0.449869 0.894087 -0.099679
v -0.054380 1.061104 -0.014317
v -0.539098 0.861306 -0.094366
v -0.958794 -0.248055 -0.020686
v -0.969601 -0.201122 -0.044560
v -0.984872 -0.122824 -0.031531
v -1.067081 -0.031235 -0.041549
v -1.027295 -0.049232 -0.017648
v -1.089641 -0.019139 -0.016933
v -1.168055 0.002048 -0.014382
v -1.005052 -0.074425 -0.029025
v -0.136774 -0.987548 0.012778
v -0.056326 1.046401 -0.005524
v -0.073816 1.021120 -0.004500
v -1.117388 0.054480 -0.114137
v -1.105224 0.079708 -0.113896
v -1.062851 0.021500 -0.124765
v -1.117640 0.028982 -0.108366
v -0.993442 0.016012 -0.173464
v -1.668569 0.061628 -0.034659
v -1.581149 0.064508 -0.017148
v -1.289380 0.075298 0.002282
v -1.271184 0.011138 -0.036249
v -1.286199 0.019939 -0.015460
v -1.527444 0.045328 -0.015831
v -1.263569 0.018067 -0.066322
v -1.555032 0.045838 -0.055061
v -1.001142 0.181856 -0.003790
v -1.173568 0.116216 -0.021576
v -1.136501 0.116528 -0.076170
v -1.074779 0.140670 -0.065357
v -0.975760 0.213993 0.005307
v -0.925444 0.344771 -0.075693
v -0.572433 -0.831140 -0.092291
v -0.608934 -0.795366 -0.106620
v -0.795453 0.584489 -0.089930
v -0.787985 0.579515 -0.160002
v -0.194886 -0.976914 -0.000480
v -0.283927 -0.951276 0.051647
v -0.825544 0.518491 0.168180
v -0.554682 -0.820099 0.065074
v -0.807895 -0.560203 0.110157
v -0.834048 -0.524751 0.089508
v -0.116062 0.993610 -0.003100
v -1.012517 0.066911 0.080137
v -1.010273 0.008120 0.075113
v -1.070169 0.005640 0.029248
v -1.096234 0.030335 0.032420
v -1.113716 0.054618 0.032654
v -0.386467 0.909128 0.100620
v -0.954633 -0.179458 0.191656
v -0.177029 -0.976795 0.074018
v -0.417749 -0.884890 0.161000
v -0.830372 0.474795 0.251792
v -0.571611 -0.769153 0.245738
v -0.776100 -0.561181 0.244109
v -0.593111 0.769912 0.187787
v -0.701331 -0.549783 0.424886
v -0.712546 -0.129416 0.677090
v -0.016141 1.069290 0.033610
v -0.160303 -0.976348 0.107046
v -0.458930 0.759813 0.435952
v -0.381496 -0.709346 0.574025
v -0.420892 0.653930 0.608747
v -0.501594 -0.617531 0.583013
v -0.356872 0.791926 0.475931
v -0.608046 0.104284 0.848983
v -0.783632 0.169304 0.979536
v -0.764599 0.154319 0.978968
v -0.674585 0.132756 0.901666
v -0.643419 0.134138 0.814224
v -0.184258 -0.957822 0.188057
v -0.111178 -0.973751 0.169006
v -0.640541 0.236864 0.745481
v -0.634462 0.259842 0.808162
v -0.673613 0.253207 0.890505
v -0.788132 0.213333 0.977684
v -0.994875 0.208377 1.190879
v -0.657303 0.215701 0.802228
v -0.657130 0.236359 0.819879
v -0.201871 0.920387 0.310822
v -0.367037 -0.007396 0.923059
v -0.494450 0.272242 0.863828
v -0.803889 0.209764 1.083880
v -0.533929 0.212080 0.915450
v -1.005956 0.207815 1.221211
v -0.666668 0.248279 0.947919
v -0.398741 0.323826 0.847549
v -0.360787 0.425050 0.817687
v -0.277328 -0.799766 0.516116
v -0.324497 -0.690171 0.631053
v -0.174377 0.901448 0.376031
v -0.114500 -0.785426 0.597343
v -0.006053 1.037690 0.055466
v -0.182446 0.111239 0.967728
v -0.334833 0.034954 0.933722
v -0.076080 -0.973974 0.185073
v -0.105955 -0.897249 0.411179
v -0.037285 -0.977144 0.181207
v -0.000061 1.000950 0.094478
v -0.154031 0.210407 0.956740
v -0.022752 0.345791 0.927825
v -0.034102 -0.801134 0.587957
v -0.100615 -0.657055 0.737416
v -0.138571 -0.553879 0.811558
v -0.130071 -0.339936 0.921823
v -0.001397 0.555789 0.823777
v 0.105511 0.663258 0.732788
v 0.096342 0.777780 0.668379
v 0.111156 0.799990 0.682486
v 0.110958 0.873060 0.712177
v 0.109689 0.955245 0.752121
v 0.114137 0.721883 0.682432
v 0.150497 0.730458 0.677535
v 0.070583 0.753222 0.656602
v 0.082483 0.759455 0.659996
v 0.100042 0.929572 0.650759
v 0.101634 0.884104 0.566913
v 0.080333 0.835752 0.653496
v 0.112948 1.068580 0.807545
v 0.122771 -0.491149 0.852332
v 0.050667 0.863477 0.493163
v 0.025189 0.836492 0.539785
v 0.095863 0.871824 0.491555
v 0.157376 -0.352766 0.910876
v 0.041648 0.938491 0.322534
v 0.103413 -0.878825 0.552892
v 0.094453 -0.896501 0.611529
v 0.033899 -0.789354 0.606998
v 0.046105 -0.811813 0.590182
v 0.090839 -0.904590 0.686569
v 0.112960 -1.068639 0.807598
v 0.107968 -0.940689 0.742364
v 0.061917 -0.843082 0.560041
v 0.121674 -0.754626 0.676358
v 0.123184 -0.732623 0.678712
v 0.085437 -0.808258 0.662133
v 0.070684 -0.977163 0.171441
v 0.227934 0.244778 0.930292
v 0.333619 0.505482 0.785322
v 0.142892 -1.164360 0.879938
v 0.140610 -1.165907 0.865982
v 0.159140 -1.106884 0.813499
v 0.196231 -0.863253 0.628516
v 0.225383 -0.797036 0.567872
v 0.217410 -0.773595 0.621080
v 0.198899 -0.802519 0.650538
v 0.214133 0.549580 0.798643
v 0.260160 0.674422 0.683776
v 0.189948 0.800185 0.663030
v 0.187553 0.724254 0.665446
v 0.214111 0.815418 0.556575
v 0.183591 0.857810 0.563347
v 0.204377 0.830627 0.525292
v 0.262183 -0.463480 0.835282
v 0.124502 0.873550 0.476783
v 0.128114 0.894937 0.569370
v 0.457748 -0.273183 0.834146
v 0.031831 1.046426 0.037520
v 0.798291 0.162101 1.069842
v 0.683126 0.164473 0.998975
v 1.020078 0.181290 1.231121
v 1.049576 0.195090 1.255652
v 0.600294 0.121288 0.917268
v 0.094266 -0.962725 0.226849
v 0.106466 -0.976183 0.158978
v 0.388671 0.231728 0.888731
v 0.651792 0.260310 0.903990
v 0.750592 0.211370 1.045278
v 1.004861 0.208058 1.220356
v 0.638350 0.212388 0.972286
v 0.559923 0.247691 0.907588
v 0.483074 0.313932 0.830880
v 0.433522 0.570580 0.688285
v 0.655378 0.130160 0.744569
v 0.643135 0.096092 0.757336
v 0.616024 0.277032 0.753047
v 0.722096 0.213862 0.899129
v 0.679787 0.212769 0.837738
v 0.995752 0.208629 1.191610
v 0.679767 0.247886 0.884360
v 0.654027 0.255665 0.701161
v 0.410803 -0.764711 0.482773
v 0.531104 0.613051 0.570061
v 0.500778 -0.587237 0.623950
v 0.415272 0.769214 0.471094
v 0.641757 -0.236662 0.716009
v 0.052731 1.001736 0.077074
v 0.447276 0.819860 0.336464
v 0.597673 -0.535079 0.582569
v 0.704697 -0.529305 0.446361
v 0.728672 -0.382620 0.547973
v 0.172959 -0.973052 0.115678
v 0.693437 0.280630 0.648284
v 0.700983 0.468477 0.515842
v 0.429610 -0.800326 0.402294
v 0.613755 0.546485 0.552814
v 0.820028 0.325539 0.442694
v 0.351203 -0.920998 0.127470
v 0.423471 -0.862135 0.250208
v 0.656377 -0.659202 0.334297
v 0.694586 -0.605724 0.354620
v 0.540986 0.811131 0.184853
v 0.504431 0.802903 0.291505
v 0.785778 -0.507040 0.317793
v 0.918424 -0.019604 0.359631
v 0.193679 -0.972988 0.079729
v 0.481266 0.854316 0.155816
v 0.930607 -0.148092 0.297130
v 0.967520 0.002385 0.217652
v 0.940513 -0.086061 0.291756
v 0.209214 -0.972383 0.040364
v 0.281218 -0.951693 0.062261
v 0.721272 0.612880 0.284937
v 0.713333 -0.666108 0.172243
v 0.817681 -0.518850 0.202270
v 0.431165 -0.895721 -0.011898
v 0.600870 -0.790486 0.039605
v 1.022686 0.000986 0.020961
v 1.052801 0.074115 0.033174
v 1.006973 0.066702 0.054677
v 1.047642 0.109369 0.020109
v 0.998853 0.152939 0.011345
v 1.011854 0.121499 0.031271
v 0.997410 0.099093 0.058136
v 0.224427 -0.970024 0.000989
v 0.379864 -0.918486 0.022666
v 0.912453 -0.330404 -0.200357
v 0.954071 -0.216687 -0.168168
v 0.309445 0.942409 -0.068769
v 1.128174 0.005346 -0.067927
v 1.190408 0.019667 -0.004906
v 1.177761 0.006590 -0.023997
v 1.636133 0.048773 -0.028193
v 0.994070 0.013155 -0.128673
v 1.001270 0.035323 -0.131324
v 0.971996 0.166099 -0.126011
v 0.990020 0.119228 -0.126022
v 0.228482 -0.967991 -0.043492
v 0.949483 0.229103 -0.176720
v 0.800575 -0.894047 -0.108371
v 0.794574 -0.888725 -0.128863
v 0.666144 -0.787597 -0.085499
v 0.784295 0.628648 -0.095282
v 1.041930 1.110619 -0.112523
v 1.009576 1.052987 -0.130848
v 1.047589 1.120415 -0.127408
v 0.791597 -0.723055 -0.072556
v 0.766531 -0.681206 -0.054827
v 0.758927 -0.727415 -0.048662
v 0.803907 -0.809326 -0.066303
v 0.854627 -0.802983 -0.123402
v 0.822387 -0.749901 -0.098782
v 0.842959 -0.794410 -0.143776
v 1.041344 -1.128325 -0.112133
v 1.037801 -1.105999 -0.108432
v 1.046480 -1.136192 -0.126107
v 1.047589 -1.120415 -0.127408
v 0.969699 -1.041619 -0.095091
v 0.788958 -0.588259 -0.159345
v 0.788101 -0.648950 -0.117843
v 0.782787 -0.622221 -0.085565
v 0.718599 0.767719 -0.053930
v 0.705697 0.714005 -0.018782
v 0.693072 0.799297 -0.089005
v 0.794922 0.889102 -0.128936
v 0.810738 0.882103 -0.084155
v 0.612930 0.787584 -0.090491
v 0.886640 -0.423019 -0.131825
v 0.745519 0.616438 -0.230142
v 0.698722 0.677084 -0.233495
v 0.776714 -0.711558 -0.176584
v 0.719401 -0.669608 -0.219132
v 0.742010 -0.706119 -0.195496
v 0.801620 -0.827951 -0.171463
v 0.707801 -0.703689 -0.209826
v 0.650962 0.777353 -0.154978
v 0.626051 0.765018 -0.176257
v 0.784460 0.863322 -0.152126
v 0.674726 0.756173 -0.184845
v 0.667748 0.713512 -0.223474
v 0.616642 0.752402 -0.210034
v 0.457325 0.856083 -0.210772
v 0.217262 0.967773 -0.085839
v 0.119122 -1.000574 -0.032006
v 0.202593 -0.971552 -0.082305
v 0.311538 0.932898 -0.144984
v 0.816390 -0.170277 -0.528534
v 0.113115 -1.003496 -0.065971
v 0.105505 -1.011932 -0.051206
v 0.107715 1.009990 -0.057925
v 0.891328 0.036829 -0.431350
v 0.271146 -0.949655 -0.117697
v 0.854591 0.256504 -0.423853
v 0.799768 0.231818 -0.528283
v 0.840816 0.400658 -0.332408
v 0.708605 -0.515131 -0.456569
v 0.751939 -0.391737 -0.501021
v 0.838900 -0.227581 -0.468211
v 0.137441 -0.983343 -0.106556
v 0.094486 -1.021907 -0.071973
v 0.130506 0.984940 -0.106907
v 0.090088 1.027608 -0.074048
v 0.654824 0.413593 -0.609103
v 0.639428 -0.168075 -0.736881
v 0.570838 -0.152091 -0.797546
v 0.566817 -0.005905 -0.820579
v 0.078805 -1.022272 -0.105807
v 0.086898 -1.020130 -0.091416
v 0.073316 1.048040 -0.093041
v 0.023119 1.248631 -0.029039
v 0.571287 0.058284 -0.827638
v 0.574346 0.105015 -0.830112
v 0.598765 0.149271 -0.776509
v 0.559036 0.159840 -0.821953
v 0.109821 -0.982032 -0.145024
v 0.628119 0.252492 -0.719923
v 0.546930 0.503041 -0.650465
v 0.390080 -0.769007 -0.491105
v 0.402958 0.720214 -0.552931
v 0.515969 -0.634203 -0.559522
v 0.469177 0.695780 -0.529318
v 0.331495 0.807654 -0.473320
v 0.242404 0.923182 -0.277361
v 0.554323 -0.350404 -0.738942
v 0.262631 0.664410 -0.692818
v 0.387940 -0.683994 -0.606755
v 0.335437 -0.501949 -0.784396
v 0.233788 0.882830 -0.390417
v 0.388497 -0.237413 -0.879663
v 0.082283 -0.988225 -0.146912
v 0.078827 -0.982322 -0.164436
v 0.063606 1.018068 -0.128687
v 0.678007 0.070875 -1.240280
v 0.652890 0.071177 -1.255069
v 0.680435 0.071618 -1.280524
v 0.696533 0.085352 -1.315857
v 0.532759 0.016982 -0.896529
v 0.508693 0.014437 -0.921103
v 0.580893 0.056523 -0.945265
v 0.421665 0.066356 -0.935936
v 0.467137 0.066603 -0.973411
v 0.391578 0.065958 -0.925745
v 0.404276 0.103934 -0.928926
v 0.449544 0.012004 -0.913121
v 0.441427 0.167440 -0.908323
v 0.446954 0.116831 -0.950903
v 0.566742 0.112436 -1.105269
v 0.502578 0.118253 -1.009086
v 0.471530 0.139125 -0.951860
v 0.505742 0.212560 -0.835294
v 0.411210 0.228740 -0.874508
v 0.242915 -0.877291 -0.396789
v 0.184524 -0.902699 -0.373002
v 0.213379 -0.847489 -0.473476
v 0.228700 -0.804630 -0.537277
v 0.201857 0.040739 -0.967376
v 0.053829 -0.980780 -0.180781
v 0.347851 0.174588 -0.912654
v 0.168961 -0.801516 -0.565132
v 0.143659 -0.908879 -0.926840
v 0.151521 -0.960015 -1.044308
v 0.146235 -1.026703 -1.174504
v 0.164645 -0.805205 -0.720188
v 0.152863 0.846363 -0.957750
v 0.146235 1.026727 -1.174539
v 0.163045 0.731054 -0.843894
v 0.193554 0.696078 -0.778616
v 0.233082 -0.645487 -0.728097
v 0.222739 -0.697683 -0.714712
v 0.162899 -0.731481 -0.844314
v 0.168765 -0.842787 -0.922692
v 0.152848 -0.846241 -0.957606
v 0.176081 -0.833010 -0.879281
v 0.199217 -0.690908 -0.766101
v 0.169705 -0.600216 -0.781128
v 0.131342 0.829373 -0.745256
v 0.138704 1.050662 -1.192372
v 0.143666 0.908845 -0.926729
v 0.139366 0.814037 -0.556129
v 0.035779 -0.982736 -0.178510
v 0.053488 -0.986956 -0.166570
v 0.012085 -1.012297 -0.162391
v 0.015079 -0.988668 -0.178715
v 0.002141 -0.985060 -0.181793
v 0.024300 1.093381 -0.124674
v 0.004340 1.095742 -0.128843
v 0.022534 0.007001 -0.988347
v 0.051224 -0.961588 -0.251977
v 0.024636 -0.977340 -0.199181
v 0.029557 0.530564 -0.836666
v 0.018779 -0.725373 -0.696180
v 0.123061 0.615623 -0.787118
v 0.095064 0.608785 -0.788074
v 0.019177 0.679646 -0.737017
v 0.050641 0.634084 -0.773144
v 0.105603 -0.720632 -0.834840
v 0.085898 -0.690600 -0.799831
v 0.084238 -0.657295 -0.785636
v 0.091681 -0.799856 -0.872527
v 0.135114 -0.918973 -1.051628
v 0.121286 -0.999354 -1.137836
v 0.123324 -0.800760 -0.915644
v 0.013665 -0.668505 -0.742962
v 0.051974 -0.712986 -0.757985
v 0.096430 0.815254 -0.730647
v 0.104103 0.899217 -0.955481
v 0.078510 0.805129 -0.792024
v 0.127178 1.043579 -1.184312
v 0.111061 0.881541 -0.879978
v 0.045476 0.749172 -0.711065
v 0.025902 -0.290937 -0.944641
v 0.048430 0.765571 -0.672012
v 0.041789 0.709092 -0.742794
v 0.070421 0.150182 -0.974141
v 0.064078 0.943896 -0.307769
v 0.170030 0.787404 -0.675891
v 0.198320 -0.760163 -0.706572
v 0.046302 1.000823 -0.154875
v 0.502558 0.093170 -1.023028
v 0.074068 -1.016973 -0.114903
v 0.331852 -0.878438 -0.321571
v 0.211509 0.962881 -0.136653
v 0.622956 0.782336 -0.136310
v 0.772153 0.632866 -0.170786
v 0.674203 -0.708365 -0.225452
v 0.600127 -0.789814 -0.126473
v 0.968838 1.008200 -0.095448
v 0.969805 1.041750 -0.095112
v 0.781507 0.620357 -0.069677
v 0.779439 -0.852965 -0.083191
v 1.000355 0.079446 -0.134119
v 1.030288 0.074191 -0.121526
v 1.512910 0.075311 -0.016282
v 1.655369 0.060567 -0.024386
v 0.610265 0.093345 0.839794
v 0.191004 -0.894610 0.388023
v 0.507731 0.272784 0.870713
v 0.582024 0.164053 0.942860
v 0.264325 -0.017547 0.953620
v 0.077603 0.974068 0.184604
v 0.135044 0.814455 0.695405
v 0.140551 -1.113188 0.859385
v 0.186321 -0.847060 0.540692
v 0.014960 -0.329774 0.933299
v -0.173086 -0.871166 0.442761
v -0.236865 -0.655373 0.704336
v -0.654707 0.260098 0.906218
v -0.589858 0.271986 0.879571
v -0.659380 0.163738 0.811916
v -0.620505 -0.512809 0.569977
v -0.759107 0.134334 0.621969
v -0.522125 0.824070 0.172881
v -0.757573 0.618915 0.144556
v -1.014847 0.170187 -0.065537
v -1.240164 0.073287 -0.087645
v -1.590760 0.064829 -0.053686
v -1.295089 0.094752 -0.064911
v -1.003152 0.087168 -0.162143
v -0.097788 1.002123 -0.007362
v -0.521993 0.924722 -0.137453
v -0.763756 1.042936 -0.161244
v -0.638364 0.767672 -0.197050
v -0.617412 0.772764 -0.244499
v -0.662555 -0.866565 -0.172197
v -0.098200 -0.999864 -0.087702
v -0.496556 0.464570 -0.715881
v -0.581116 0.066720 -0.874413
v -0.586818 0.079036 -0.828184
v -0.080782 -1.004195 -0.122392
v -0.155475 0.912145 -0.366246
v -0.433218 -0.393458 -0.795425
v -0.522494 0.165045 -0.924024
v -0.655029 0.071230 -1.260450
v -0.680300 0.070166 -1.280724
v -0.696763 0.085256 -1.316440
v -0.392890 0.066316 -0.929281
v -0.424934 0.068904 -0.943495
v -0.059212 -1.054840 -0.114636
v -0.478369 -0.025809 -0.885064
v -0.083918 0.065629 -0.983286
v -0.007913 -1.363716 -0.036462
v -0.026227 -1.205625 -0.038101
v -0.570570 0.159960 -0.816147
v -0.654128 0.942602 -0.223126
v -0.815585 1.129384 -0.194364
v -0.571448 0.828733 -0.089804
v -0.368461 0.907342 0.161228
v -0.031166 -1.027272 0.052841
v -0.960022 0.180346 1.197768
v -0.991990 0.195042 1.223895
v -0.004738 -1.028116 0.062045
v 0.024477 -1.028654 0.056517
v 0.115262 0.986644 0.694384
v 0.403164 0.174341 0.898475
v 0.803324 0.162238 1.008559
v 0.810142 0.179370 0.533360
v 0.715976 -0.707682 -0.021130
v 0.920786 0.956098 -0.154048
v 0.013865 -1.350119 -0.032324
v 0.543797 0.169411 -0.838463
v 0.119647 0.846991 -0.961918
v 0.121258 0.999924 -1.138616
v -0.001520 1.131300 0.008018
vn -0.8477 -0.5300 0.0220
vn -0.1403 0.2424 -0.9600
vn 0.4140 -0.7870 -0.4574
vn 0.0410 0.9470 -0.3186
vn 0.1721 0.8614 -0.4780
vn 0.1087 0.9430 -0.3146
vn -0.1252 -0.3877 0.9132
vn 0.0772 -0.4989 0.8632
vn 0.6360 -0.1981 0.7459
vn 0.5639 0.5597 -0.6072
vn 0.6103 0.5744 -0.5456
vn 0.6245 0.4938 -0.6051
vn 0.6647 -0.1664 0.7284
vn 0.6389 0.6844 -0.3513
vn 0.5687 0.7366 -0.3659
vn 0.6216 0.6791 -0.3904
vn 0.6073 -0.3092 0.7318
vn 0.8160 -0.5109 -0.2703
vn 0.8421 -0.5046 -0.1902
vn 0.8829 -0.4261 -0.1975
vn -0.1791 0.2950 -0.9385
vn -0.5857 0.6208 -0.5212
vn 0.5768 0.8003 -0.1635
vn -0.4934 -0.5651 -0.6613
vn -0.1757 -0.3004 -0.9375
vn -0.5689 -0.6479 -0.5064
vn 0.4710 -0.7642 0.4407
vn 0.7568 -0.6300 0.1744
vn 0.6752 -0.7280 0.1188
vn 0.2397 -0.8989 0.3667
vn 0.2334 -0.6445 0.7281
vn 0.5741 -0.7730 0.2700
vn 0.6672 -0.5252 0.5282
vn 0.7734 0.5593 0.2985
vn 0.7323 0.5808 0.3556
vn 0.7898 0.5108 0.3395
vn 0.5439 -0.5226 0.6566
vn 0.3969 0.9090 0.1268
vn 0.3350 0.9349 0.1174
vn 0.3724 0.9087 0.1885
vn 0.7122 -0.5729 0.4056
vn 0.7201 -0.5333 0.4438
vn 0.6752 -0.5990 0.4304
vn 0.6328 0.5530 0.5420
vn 0.5711 0.5702 0.5905
vn 0.5993 0.5053 0.6209
vn 0.1417 -0.9372 0.3188
vn 0.1879 -0.9172 0.3513
vn 0.1166 -0.9230 0.3666
vn 0.1688 -0.5688 0.8050
vn 0.2995 -0.2610 0.9177
vn 0.1137 -0.6362 0.7631
vn 0.0212 -0.6094 0.7926
vn 0.0540 -0.5783 0.8141
vn 0.0013 -0.5146 0.8574
vn -0.0164 -0.5939 0.8044
vn -0.4046 -0.4700 0.7844
vn -0.0432 -0.9373 0.3458
vn -0.2511 0.3220 0.9128
vn -0.8649 0.1727 -0.4713
vn -0.5307 -0.7208 -0.4458
vn -0.7035 -0.5021 0.5030
vn -0.7895 -0.4858 0.3752
vn -0.8301 -0.5481 -0.1024
vn -0.8320 -0.5142 -0.2083
vn -0.7883 -0.5849 -0.1911
vn -0.7795 -0.2688 0.5658
vn 0.4681 -0.6229 -0.6268
vn 0.1700 -0.3530 -0.9201
vn 0.1460 -0.3710 -0.9171
vn -0.8339 -0.1440 0.5327
vn -0.6273 0.5323 -0.5684
vn -0.5895 0.5872 -0.5546
vn -0.5689 0.5191 -0.6379
vn -0.7387 0.3736 -0.5610
vn -0.6375 0.4536 -0.6228
vn -0.6363 0.6278 -0.4482
vn -0.7429 -0.2044 -0.6374
vn -0.7759 -0.4669 -0.4243
vn -0.6063 -0.3231 -0.7267
vn -0.7700 -0.2661 0.5800
vn -0.0050 0.9363 -0.3512
vn 0.0376 0.9248 -0.3786
vn 0.0014 0.9006 -0.4347
vn -0.0616 -0.3693 -0.9273
vn 0.0065 -0.3435 -0.9391
vn 0.0358 -0.4017 -0.9151
vn -0.0386 0.9384 -0.3434
vn 0.0741 0.7947 -0.6025
vn -0.0353 -0.2421 -0.9696
vn -0.0405 -0.1546 -0.9871
vn 0.0386 -0.2008 -0.9789
vn -0.0821 0.8871 -0.4543
vn 0.0548 0.6743 -0.7364
vn -0.1047 0.7978 -0.5937
vn -0.0457 0.8488 -0.5268
vn -0.0178 0.8293 -0.5586
vn -0.1154 0.9380 -0.3269
vn -0.1046 0.9598 -0.2606
vn -0.0594 0.9485 -0.3113
vn -0.3013 -0.3446 -0.8891
vn -0.8060 -0.2406 -0.5408
vn -0.5307 -0.3557 -0.7693
vn -0.1155 -0.8428 -0.5257
vn -0.2100 -0.8357 -0.5074
vn -0.1288 -0.8103 -0.5716
vn 0.5063 0.7357 -0.4498
vn 0.7523 0.4505 -0.4807
vn 0.7161 -0.0648 -0.6949
vn -0.2068 -0.9306 -0.3022
vn -0.2368 -0.9030 -0.3585
vn -0.1572 -0.9177 -0.3648
vn -0.6117 -0.3527 -0.7081
vn -0.6339 -0.2587 -0.7289
vn -0.5684 -0.3200 -0.7580
vn -0.6663 -0.1476 -0.7309
vn -0.6011 -0.2195 -0.7684
vn -0.6105 -0.1299 -0.7813
vn -0.5822 -0.1598 -0.7972
vn -0.5529 -0.1587 -0.8180
vn -0.6175 -0.5226 -0.5879
vn -0.6363 -0.4574 -0.6212
vn -0.5780 -0.4871 -0.6547
vn -0.6925 -0.4272 -0.5814
vn -0.7402 -0.3798 -0.5548
vn -0.6742 -0.3746 -0.6365
vn -0.7088 -0.5978 -0.3744
vn -0.7587 -0.5548 -0.3414
vn -0.7269 -0.5443 -0.4189
vn -0.0955 -0.9046 -0.4155
vn -0.1633 -0.8671 -0.4707
vn -0.2966 -0.9207 -0.2536
vn -0.9322 0.0849 -0.3518
vn -0.9347 0.1441 -0.3249
vn -0.9349 0.0816 -0.3453
vn -0.1604 -0.0262 0.9867
vn 0.2207 -0.6241 0.7495
vn 0.2409 -0.4278 0.8712
vn -0.7803 0.0858 -0.6194
vn -0.7656 -0.1803 -0.6175
vn -0.5702 -0.0050 -0.8215
vn -0.8606 0.0324 -0.5083
vn -0.5486 0.0893 -0.8313
vn -0.7667 0.2208 -0.6028
vn -0.2564 -0.0063 0.9666
vn 0.2655 0.5628 0.7828
vn -0.6986 0.7131 0.0580
vn -0.8521 -0.5027 -0.1458
vn -0.8870 -0.4353 -0.1541
vn -0.3979 -0.8559 -0.3303
vn -0.2487 -0.7871 -0.5645
vn -0.3358 -0.6550 -0.6769
vn -0.6345 0.6996 -0.3286
vn -0.8084 0.5795 -0.1030
vn -0.7930 0.5071 -0.3376
vn -0.7556 -0.6524 0.0585
vn -0.7910 -0.6100 0.0477
vn -0.7561 -0.6537 -0.0329
vn -0.8540 -0.5203 -0.0090
vn -0.8746 -0.4835 0.0372
vn -0.9003 -0.4331 -0.0437
vn -0.8874 -0.4461 0.1162
vn -0.9341 -0.3490 0.0748
vn -0.9060 -0.4203 0.0512
vn -0.9608 -0.2712 0.0572
vn -0.9646 -0.2632 -0.0181
vn -0.9338 -0.3576 -0.0133
vn -0.2859 0.9560 0.0658
vn -0.2769 0.9609 0.0028
vn -0.3223 0.9466 0.0118
vn -0.9660 -0.0984 0.2391
vn -0.9635 -0.0014 0.2677
vn -0.9061 -0.2503 0.3412
vn -0.9010 -0.0828 0.4259
vn -0.2071 0.3530 0.9124
vn -0.2647 0.5964 0.7578
vn -0.1999 0.7501 0.6304
vn -0.1248 0.7833 0.6090
vn -0.9480 -0.0394 0.3158
vn -0.9574 0.0313 0.2871
vn -0.9645 -0.0457 0.2601
vn -0.7918 0.5377 0.2896
vn -0.7595 0.5823 0.2898
vn -0.8099 0.5462 0.2137
vn -0.3626 0.9017 0.2354
vn -0.3292 0.9315 0.1550
vn -0.3801 0.9083 0.1747
vn -0.3635 -0.9052 0.2203
vn -0.3715 -0.9134 0.1662
vn -0.3050 -0.9410 0.1465
vn -0.7705 0.2645 0.5800
vn -0.7644 0.3436 0.5456
vn -0.8192 0.2593 0.5116
vn -0.7978 0.3419 0.4966
vn -0.4787 0.5995 0.6415
vn -0.4900 0.6546 0.5758
vn -0.5406 0.5852 0.6043
vn -0.7746 -0.2581 0.5774
vn -0.8463 -0.2276 0.4817
vn -0.7108 -0.0116 0.7033
vn -0.2803 -0.9001 0.3335
vn -0.2639 -0.8804 0.3939
vn -0.3325 -0.8739 0.3546
vn 0.2919 0.0602 0.9546
vn 0.3804 0.2983 0.8754
vn 0.4213 -0.1101 0.9002
vn -0.3341 0.6444 0.6879
vn -0.4036 0.6345 0.6592
vn -0.4096 0.5902 0.6956
vn -0.3603 -0.5572 0.7481
vn -0.4239 -0.5239 0.7388
vn -0.4072 -0.5870 0.6997
vn -0.2127 -0.2217 0.9516
vn -0.2833 -0.1676 0.9443
vn -0.3202 -0.2246 0.9203
vn -0.0473 0.0531 0.9975
vn -0.1489 0.0229 0.9886
vn -0.0852 -0.0416 0.9955
vn -0.0664 -0.5138 0.8554
vn -0.0792 -0.4453 0.8919
vn -0.1185 -0.4879 0.8648
vn -0.0373 0.9454 0.3237
vn -0.0503 0.9643 0.2601
vn -0.0910 0.9445 0.3156
vn -0.9153 -0.1511 0.3733
vn -0.6029 -0.2551 0.7559
vn -0.7011 -0.4155 0.5795
vn -0.0068 -0.7143 0.6998
vn 0.0159 -0.7124 0.7016
vn 0.6008 -0.4757 0.6424
vn 0.2874 -0.6844 0.6701
vn 0.3197 -0.5230 0.7901
vn 0.1431 0.9727 0.1829
vn 0.0943 0.9297 0.3560
vn -0.0127 0.9314 0.3638
vn 0.2256 -0.1516 0.9624
vn 0.2114 -0.0711 0.9748
vn 0.1589 -0.1236 0.9795
vn 0.3035 0.6761 0.6713
vn 0.2580 0.6464 0.7180
vn 0.2830 0.5964 0.7511
vn 0.4802 -0.8508 0.2132
vn 0.1969 -0.9080 0.3697
vn 0.3802 -0.7606 0.5262
vn 0.3073 0.9466 0.0973
vn 0.4776 0.8765 0.0601
vn 0.1832 0.9462 0.2668
vn 0.5476 0.4597 0.6991
vn 0.4465 0.4996 0.7423
vn 0.4845 0.4512 0.7494
vn 0.6520 -0.1878 0.7346
vn 0.6230 -0.1449 0.7687
vn 0.5853 -0.2364 0.7756
vn 0.6451 -0.0671 0.7611
vn 0.6959 -0.0113 0.7181
vn 0.7117 -0.0541 0.7004
vn 0.7825 -0.1553 0.6030
vn 0.7487 -0.2288 0.6222
vn 0.7850 -0.2226 0.5781
vn 0.8234 -0.0348 0.5663
vn 0.7942 0.0293 0.6069
vn 0.7697 -0.0602 0.6356
vn 0.2098 0.9697 0.1255
vn 0.3542 0.8898 0.2879
vn 0.2945 0.9023 0.3148
vn 0.7309 0.4312 0.5290
vn 0.7135 0.4808 0.5097
vn 0.6636 0.5024 0.5543
vn 0.6375 0.6265 0.4485
vn 0.5648 0.6552 0.5018
vn 0.6099 0.6036 0.5135
vn 0.6724 -0.6558 0.3431
vn 0.7102 -0.6041 0.3615
vn 0.6651 -0.6329 0.3962
vn 0.7577 -0.5313 0.3788
vn 0.7980 -0.4589 0.3907
vn 0.7556 -0.4713 0.4549
vn 0.7970 -0.3379 0.5006
vn 0.8428 -0.2603 0.4710
vn 0.7856 -0.2857 0.5488
vn 0.8469 0.4285 0.3150
vn 0.8006 0.4644 0.3788
vn 0.7833 -0.6170 0.0754
vn 0.7745 -0.6153 0.1468
vn 0.7317 -0.6714 0.1177
vn 0.3899 0.9187 0.0627
vn 0.5563 0.8092 0.1889
vn 0.4729 0.8342 0.2837
vn 0.9869 -0.1382 -0.0838
vn 0.9691 -0.2049 -0.1375
vn 0.9840 -0.1783 -0.0001
vn 0.5473 -0.8369 0.0084
vn 0.3924 -0.9197 -0.0158
vn 0.5438 -0.8198 0.1796
vn 0.1006 0.8110 0.5763
vn 0.1540 0.6574 0.7376
vn 0.1163 0.3191 0.9405
vn 0.2004 0.2423 -0.9493
vn 0.3407 0.4946 -0.7995
vn 0.1673 0.5771 -0.7994
vn 0.3126 -0.9475 -0.0667
vn 0.3182 -0.9480 -0.0015
vn 0.2555 -0.9658 -0.0448
vn 0.7048 0.2547 -0.6622
vn 0.9666 0.0587 -0.2497
vn 0.9383 0.3101 -0.1530
vn -0.2900 0.9531 -0.0865
vn 0.0485 0.9690 -0.2421
vn 0.0770 0.9964 -0.0349
vn 0.2460 0.9646 -0.0948
vn 0.3040 0.9469 -0.1049
vn 0.2423 0.9702 -0.0044
vn 0.8545 -0.1072 -0.5082
vn 0.8908 -0.0516 -0.4515
vn 0.8728 -0.1564 -0.4623
vn 0.6484 -0.6457 -0.4034
vn 0.7033 -0.5763 -0.4163
vn 0.6888 -0.6362 -0.3475
vn 0.7187 -0.5029 -0.4802
vn 0.7199 -0.4218 -0.5513
vn 0.7500 -0.4467 -0.4878
vn 0.7599 -0.0582 -0.6474
vn 0.7514 0.0458 -0.6583
vn 0.8008 -0.0163 -0.5987
vn 0.8870 -0.3481 -0.3035
vn 0.7686 -0.5314 -0.3562
vn 0.9242 -0.3513 -0.1496
vn 0.5819 0.3186 -0.7482
vn 0.6309 0.3397 -0.6976
vn 0.6440 0.2802 -0.7119
vn 0.5932 0.4450 -0.6708
vn 0.6732 0.4148 -0.6122
vn -0.8037 -0.2113 -0.5563
vn -0.8024 0.1647 -0.5735
vn -0.5660 0.6922 -0.4477
vn -0.6954 -0.0866 -0.7134
vn 0.3330 0.7797 -0.5303
vn 0.3078 -0.5341 -0.7874
vn 0.2224 -0.5012 -0.8362
vn 0.2960 -0.5353 -0.7911
vn 0.0499 0.0732 -0.9961
vn 0.0773 0.1543 -0.9850
vn 0.1155 0.0920 -0.9890
vn 0.1441 0.3050 -0.9414
vn 0.2481 0.3067 -0.9189
vn 0.1873 0.2579 -0.9478
vn -0.9404 0.2056 -0.2710
vn -0.9809 0.0709 -0.1814
vn -0.9094 -0.1707 -0.3793
vn 0.0986 -0.3425 -0.9343
vn 0.1512 -0.2913 -0.9446
vn 0.1643 -0.3881 -0.9068
vn 0.0422 0.8651 -0.4998
vn 0.0719 0.8995 -0.4310
vn 0.1115 0.8694 -0.4813
vn -0.8488 0.4747 -0.2329
vn -0.7687 0.6372 0.0552
vn -0.9369 0.3458 -0.0513
vn -0.8733 -0.1184 -0.4726
vn -0.7566 0.0976 -0.6465
vn -0.7964 0.2780 -0.5371
vn -0.3063 -0.5410 -0.7832
vn -0.0556 -0.5270 -0.8481
vn -0.3446 -0.3404 -0.8749
vn -0.5244 0.5227 -0.6721
vn -0.6046 0.5117 -0.6104
vn -0.7167 -0.0449 -0.6959
vn -0.8621 -0.1483 -0.4846
vn -0.6163 -0.3186 -0.7202
vn -0.4203 0.5000 -0.7572
vn -0.5861 0.2522 -0.7700
vn -0.5164 0.1679 -0.8397
vn -0.6551 0.6009 -0.4580
vn -0.8107 0.2813 -0.5135
vn -0.0406 0.5277 -0.8484
vn -0.0408 0.2948 -0.9547
vn 0.0775 0.4750 -0.8766
vn -0.1263 0.5883 -0.7987
vn -0.1686 0.4152 -0.8939
vn -0.0311 -0.8720 -0.4884
vn -0.0712 -0.9492 -0.3066
vn 0.1024 -0.8897 -0.4449
vn 0.0840 0.4320 -0.8980
vn 0.0980 0.4889 -0.8668
vn 0.1469 0.4229 -0.8942
vn 0.0460 -0.9487 -0.3128
vn -0.0001 -0.9594 -0.2821
vn 0.0591 -0.9577 -0.2815
vn 0.1115 0.0024 -0.9938
vn -0.7806 0.5319 -0.3282
vn -0.8145 0.2164 0.5383
vn 0.2220 0.9343 -0.2790
vn 0.0574 -0.1230 -0.9907
vn 0.0982 -0.1791 -0.9789
vn 0.4126 -0.5678 -0.7123
vn 0.5715 -0.4406 -0.6922
vn 0.5183 -0.3774 -0.7674
vn 0.4113 -0.6875 -0.5985
vn 0.3382 -0.7495 -0.5691
vn 0.2561 -0.2993 -0.9191
vn 0.2199 -0.2448 -0.9443
vn 0.3089 -0.2817 -0.9084
vn 0.2440 -0.3766 -0.8937
vn 0.2985 -0.3408 -0.8915
vn 0.4524 0.8569 -0.2470
vn 0.1767 0.8661 -0.4675
vn 0.3057 0.8274 -0.4712
vn 0.2829 -0.2957 -0.9124
vn 0.2986 -0.4685 -0.8314
vn 0.5650 -0.2248 -0.7939
vn 0.8614 0.1318 -0.4905
vn 0.8948 -0.2543 -0.3669
vn 0.9589 -0.0315 -0.2820
vn 0.5415 -0.5148 -0.6646
vn 0.8521 -0.3013 -0.4280
vn 0.6430 -0.2769 -0.7141
vn 0.8925 -0.2892 -0.3462
vn 0.9585 0.2725 0.0834
vn 0.9773 0.2098 -0.0298
vn 0.9696 -0.0474 -0.2402
vn 0.2817 -0.1479 -0.9480
vn 0.4756 0.0954 -0.8745
vn 0.6634 -0.7479 0.0242
vn 0.5747 -0.7830 0.2381
vn 0.8343 -0.5505 0.0299
vn 0.8777 -0.4554 0.1495
vn 0.9843 0.0784 -0.1579
vn 0.9840 -0.1496 -0.0970
vn 0.0984 -0.9464 -0.3076
vn 0.1114 -0.9580 -0.2641
vn 0.3053 0.2396 -0.9216
vn 0.6312 0.2542 -0.7328
vn 0.5851 0.2666 -0.7659
vn -0.0056 0.4760 0.8794
vn 0.9442 0.3287 0.0191
vn 0.1774 0.9341 -0.3098
vn -0.4352 0.6939 -0.5737
vn -0.2555 0.8644 -0.4331
vn -0.2625 0.9144 -0.3083
vn 0.8045 -0.5936 -0.0205
vn 0.9469 -0.2078 -0.2454
vn 0.8130 -0.4555 -0.3627
vn 0.1332 0.9423 -0.3070
vn 0.1105 0.9588 -0.2616
vn 0.1808 0.9496 -0.2562
vn 0.3704 -0.1955 -0.9081
vn 0.4236 -0.1554 -0.8924
vn 0.3820 -0.2572 -0.8876
vn 0.6114 -0.2479 -0.7515
vn 0.6609 -0.2602 -0.7039
vn 0.6306 -0.3283 -0.7032
vn 0.2839 0.8539 -0.4362
vn 0.3165 0.8708 -0.3761
vn 0.3670 0.8346 -0.4109
vn 0.4615 0.6382 -0.6162
vn 0.4830 0.6899 -0.5393
vn 0.5145 0.6190 -0.5934
vn 0.6373 0.3974 -0.6602
vn 0.9877 0.1557 -0.0125
vn 0.6690 0.1933 0.7177
vn 0.9746 0.2000 0.1005
vn 0.6232 -0.6718 -0.4004
vn 0.4588 -0.7432 -0.4870
vn 0.3638 -0.8615 -0.3541
vn 0.5275 -0.7904 -0.3114
vn 0.6900 0.4479 -0.5686
vn 0.2479 0.9265 -0.2830
vn 0.2754 0.9398 -0.2024
vn 0.2721 0.9279 -0.2548
vn 0.2110 0.9555 -0.2063
vn 0.2359 0.9601 -0.1500
vn 0.6555 -0.5356 -0.5324
vn 0.6786 -0.4828 -0.5535
vn 0.4443 0.7958 -0.4115
vn 0.4356 0.8340 -0.3388
vn 0.4038 0.8744 -0.2690
vn 0.4562 0.8618 -0.2217
vn 0.4798 0.8343 -0.2714
vn 0.8518 0.2293 -0.4710
vn 0.8125 0.2965 -0.5020
vn 0.8516 0.2752 -0.4461
vn 0.8870 0.0481 -0.4594
vn 0.9022 0.0930 -0.4213
vn 0.9273 0.0074 -0.3743
vn 0.4646 -0.8753 -0.1338
vn 0.2718 -0.9466 -0.1735
vn 0.2901 -0.9521 -0.0972
vn 0.8681 -0.0259 -0.4957
vn 0.3003 0.9348 -0.1894
vn 0.9210 0.1444 -0.3619
vn 0.9105 0.2186 -0.3511
vn 0.9341 0.1905 -0.3019
vn -0.4736 0.7489 -0.4635
vn -0.5994 0.8003 -0.0163
vn -0.6639 0.7167 -0.2135
vn 0.3207 0.1042 -0.9414
vn 0.6018 0.2970 -0.7414
vn 0.7960 0.4102 -0.4451
vn 0.7716 0.3969 -0.4971
vn 0.1149 -0.2977 -0.9477
vn 0.4204 -0.1282 -0.8982
vn 0.3616 0.0577 -0.9306
vn -0.3990 0.7986 0.4506
vn -0.6256 0.7116 0.3199
vn 0.9608 -0.2462 0.1274
vn 0.8903 -0.4527 -0.0486
vn 0.8440 -0.5315 0.0720
vn 0.9912 -0.1305 -0.0243
vn 0.9625 -0.2371 -0.1315
vn 0.7192 -0.3430 0.6043
vn 0.5100 -0.2143 0.8331
vn 0.6582 -0.1793 0.7312
vn 0.8594 -0.5084 -0.0541
vn 0.8319 -0.4694 0.2959
vn 0.8331 -0.4641 0.3011
vn 0.8671 0.4748 -0.1505
vn 0.9637 0.2590 -0.0647
vn 0.8589 0.5121 -0.0110
vn 0.9714 -0.2365 -0.0191
vn 0.9357 -0.3104 -0.1678
vn 0.9252 -0.2483 0.2870
vn 0.9325 0.3104 0.1849
vn 0.8220 0.3899 0.4151
vn -0.2755 -0.8494 0.4502
vn -0.4071 -0.6589 0.6325
vn -0.0949 -0.5764 0.8117
vn 0.0070 -0.8969 0.4421
vn 0.9466 0.3034 -0.1090
vn 0.9200 0.3755 -0.1121
vn 0.9423 0.3328 -0.0361
vn 0.2776 -0.3014 -0.9122
vn 0.1634 -0.0847 -0.9829
vn 0.1517 -0.5385 -0.8289
vn 0.1116 -0.5282 0.8417
vn 0.0917 0.2007 0.9753
vn 0.1695 -0.2222 0.9601
vn 0.0959 -0.7100 -0.6977
vn 0.2354 -0.1217 -0.9642
vn 0.1386 -0.9898 -0.0335
vn 0.9820 0.1516 -0.1127
vn 0.1260 0.6744 -0.7275
vn 0.1112 0.7911 -0.6014
vn 0.1509 0.9880 0.0333
vn 0.2203 0.9724 -0.0764
vn 0.7180 0.6703 0.1873
vn 0.6418 0.6783 0.3579
vn 0.8325 0.5138 0.2074
vn 0.8045 0.2720 0.5280
vn 0.6674 0.3763 0.6427
vn 0.9597 -0.2364 -0.1520
vn 0.9753 -0.1551 -0.1574
vn 0.9751 -0.2090 -0.0743
vn 0.7852 -0.4296 0.4460
vn 0.8778 -0.1322 0.4604
vn 0.9702 -0.1426 0.1957
vn 0.6811 0.7241 0.1086
vn 0.6416 0.7490 0.1657
vn 0.7022 0.6914 0.1696
vn 0.8050 0.5797 0.1262
vn 0.7570 0.6275 0.1821
vn 0.8130 0.5446 0.2059
vn 0.7798 0.5758 0.2457
vn 0.7291 0.6136 0.3032
vn 0.6391 -0.7511 0.1654
vn 0.6807 -0.7140 0.1637
vn 0.6473 -0.7211 0.2470
vn 0.8163 0.5000 0.2891
vn 0.4322 -0.8938 0.1193
vn 0.4842 -0.8606 0.1576
vn 0.4072 -0.8931 0.1910
vn 0.3311 -0.9415 0.0627
vn 0.3546 -0.9253 0.1347
vn 0.2867 -0.9555 0.0700
vn 0.7164 0.5221 0.4628
vn 0.5270 0.7307 0.4340
vn 0.9347 -0.1520 0.3213
vn 0.9421 -0.0883 0.3235
vn 0.9153 -0.1357 0.3793
vn 0.9187 -0.3243 0.2252
vn 0.8918 -0.3256 0.3141
vn 0.8793 -0.3786 0.2890
vn 0.8820 0.0806 0.4644
vn 0.8550 0.1213 0.5043
vn 0.8417 0.0515 0.5375
vn 0.8909 -0.1402 0.4321
vn 0.9084 -0.0681 0.4126
vn 0.8724 -0.1142 0.4753
vn 0.4363 0.8795 0.1901
vn 0.4507 0.8557 0.2542
vn 0.5103 0.8270 0.2361
vn 0.3611 0.8996 0.2457
vn 0.6215 0.7296 0.2854
vn 0.5763 0.7517 0.3207
vn 0.6078 0.7032 0.3689
vn 0.5184 -0.8090 0.2772
vn 0.5925 -0.7355 0.3287
vn 0.5253 -0.7789 0.3427
vn 0.5716 -0.7037 0.4219
vn 0.5816 -0.6564 0.4805
vn 0.5379 -0.6535 0.5326
vn 0.5981 0.6830 0.4192
vn 0.5446 0.6190 0.5659
vn 0.7246 0.5145 0.4586
vn 0.6798 0.5609 0.4726
vn 0.3700 -0.8813 0.2938
vn 0.4588 -0.8311 0.3143
vn 0.3935 -0.8572 0.3322
vn 0.7021 -0.2701 0.6589
vn 0.7361 -0.3186 0.5972
vn 0.3110 0.9330 0.1808
vn 0.2894 0.9269 0.2388
vn 0.5641 -0.0943 0.8203
vn 0.5647 -0.1812 0.8052
vn 0.1766 0.9429 0.2823
vn 0.2079 0.9557 0.2085
vn 0.1445 0.9631 0.2269
vn 0.5548 0.5150 0.6534
vn 0.7466 0.3075 0.5899
vn 0.6626 0.3575 0.6581
vn 0.6397 0.3979 0.6576
vn 0.5839 0.6091 -0.5366
vn 0.4755 0.8117 -0.3392
vn 0.1327 0.9907 0.0298
vn 0.7207 0.6904 -0.0633
vn 0.5085 0.7969 0.3262
vn 0.3537 0.5739 0.7386
vn 0.3725 0.6388 0.6732
vn 0.2164 0.7692 0.6012
vn 0.3358 0.6051 0.7219
vn 0.1744 0.6656 0.7256
vn -0.2733 0.6528 0.7065
vn -0.1579 0.4539 0.8770
vn -0.3235 0.3659 0.8726
vn -0.2501 0.8450 0.4727
vn -0.1157 0.9109 0.3961
vn -0.3455 0.6970 0.6283
vn 0.4413 -0.0996 0.8918
vn 0.3091 -0.2970 0.9035
vn 0.3416 -0.0892 0.9356
vn 0.4802 -0.1793 0.8586
vn 0.3985 -0.4457 0.8016
vn 0.1416 -0.5768 0.8045
vn -0.0467 -0.6772 0.7343
vn 0.9649 0.2535 -0.0682
vn 0.6893 0.5323 -0.4915
vn 0.9712 0.2348 0.0415
vn -0.4313 -0.6732 -0.6006
vn -0.7970 -0.5702 -0.1989
vn -0.8774 -0.3864 -0.2843
vn 0.3765 -0.8583 0.3486
vn 0.5207 -0.8465 0.1108
vn 0.2528 -0.9017 0.3509
vn 0.3018 0.0707 0.9508
vn 0.2655 0.1836 0.9465
vn 0.2308 0.1491 0.9615
vn 0.2658 0.0659 0.9618
vn 0.2211 0.0522 0.9739
vn -0.1400 -0.5057 0.8513
vn -0.2059 -0.6891 0.6948
vn 0.0041 -0.2593 0.9658
vn -0.3291 -0.2542 0.9095
vn -0.4273 -0.0497 0.9027
vn 0.1407 0.4285 0.8925
vn 0.0617 0.4114 0.9094
vn 0.1170 0.3737 0.9202
vn 0.0961 0.4666 0.8792
vn 0.0304 0.4939 0.8690
vn -0.2085 -0.9709 0.1179
vn -0.4575 -0.8789 0.1348
vn -0.2342 -0.9149 0.3287
vn 0.0971 0.0570 0.9936
vn 0.0679 0.1438 0.9873
vn 0.0024 0.1187 0.9929
vn -0.1072 0.8526 0.5114
vn -0.0418 0.8804 0.4724
vn -0.0545 0.8343 0.5486
vn -0.9090 0.3475 -0.2302
vn -0.9282 0.3620 -0.0864
vn -0.9840 0.1039 0.1450
vn -0.0164 0.6808 0.7323
vn -0.3217 0.4848 0.8133
vn -0.3636 0.5678 0.7385
vn 0.0742 0.5938 0.8012
vn 0.0983 0.6374 0.7642
vn 0.0145 0.6175 0.7865
vn -0.1093 -0.6547 0.7479
vn -0.1990 -0.6260 0.7540
vn -0.1844 -0.6891 0.7008
vn -0.0776 0.4055 0.9108
vn -0.1038 0.4608 0.8814
vn -0.1757 0.3994 0.8998
vn -0.3067 0.4794 0.8222
vn -0.3760 0.4431 0.8138
vn -0.3419 0.3918 0.8542
vn -0.1808 -0.2866 0.9408
vn -0.2674 -0.2851 0.9204
vn -0.2201 -0.3463 0.9119
vn -0.2844 -0.5205 0.8051
vn -0.3476 -0.5003 0.7930
vn -0.2155 -0.8322 0.5109
vn -0.2077 -0.7832 0.5861
vn -0.2617 -0.7774 0.5720
vn -0.1675 -0.8206 0.5464
vn -0.2941 -0.8000 0.5230
vn -0.5059 0.4860 0.7127
vn -0.4418 0.4667 0.7662
vn -0.5053 0.4852 0.7136
vn 0.2038 0.2968 0.9329
vn 0.1359 0.4450 0.8852
vn 0.2438 0.5847 0.7737
vn 0.4280 0.4983 0.7540
vn 0.2912 0.7338 0.6138
vn 0.3493 0.7213 0.5981
vn -0.3184 0.0759 0.9449
vn -0.1455 0.0660 0.9871
vn -0.1637 -0.1050 0.9809
vn -0.0541 0.2653 0.9626
vn 0.0689 0.0140 0.9975
vn -0.3867 -0.0701 0.9195
vn -0.6154 0.7295 0.2986
vn -0.5048 0.5960 0.6245
vn -0.6548 0.6031 0.4555
vn -0.7381 -0.1265 -0.6627
vn -0.7888 0.0866 -0.6085
vn -0.7721 -0.3221 -0.5478
vn -0.6899 -0.4738 0.5473
vn -0.6497 -0.7528 0.1059
vn -0.8107 -0.5104 0.2870
vn -0.5103 -0.4148 0.7534
vn -0.5527 -0.3714 0.7461
vn -0.5854 -0.4218 0.6924
vn -0.4990 -0.5297 0.6859
vn -0.5653 -0.5085 0.6495
vn -0.5369 -0.5607 0.6304
vn -0.5779 -0.5623 0.5915
vn -0.3834 -0.7590 0.5263
vn -0.4577 -0.6930 0.5571
vn -0.4506 -0.7456 0.4909
vn -0.5599 0.4737 0.6798
vn -0.5126 0.5366 0.6703
vn -0.5715 0.5376 0.6200
vn -0.5550 -0.6289 0.5445
vn -0.6128 -0.5816 0.5350
vn -0.5905 -0.6395 0.4922
vn -0.4511 -0.8338 0.3183
vn -0.4382 -0.8171 0.3746
vn -0.5342 -0.7803 0.3253
vn -0.6227 0.5379 0.5682
vn -0.6513 0.5654 0.5060
vn -0.6839 0.5167 0.5150
vn -0.7310 0.3102 0.6078
vn -0.2336 -0.9584 0.1642
vn -0.2523 -0.9616 0.1077
vn -0.1940 -0.9767 0.0921
vn -0.8302 -0.2776 0.4834
vn -0.8697 -0.2080 0.4476
vn -0.8716 -0.2617 0.4146
vn -0.8333 -0.3721 0.4088
vn -0.8508 -0.3144 0.4211
vn -0.8850 -0.3083 0.3490
vn -0.7567 -0.5035 0.4171
vn -0.7963 -0.4437 0.4112
vn -0.7889 -0.5189 0.3291
vn -0.4686 0.8118 0.3485
vn -0.4749 0.8455 0.2443
vn -0.5381 0.7914 0.2901
vn -0.6477 -0.6245 0.4365
vn -0.7008 -0.5666 0.4334
vn -0.6932 -0.6133 0.3787
vn -0.6108 0.6711 0.4201
vn -0.5987 0.7299 0.3298
vn -0.6591 0.6693 0.3430
vn -0.7117 0.6005 0.3645
vn -0.7155 0.6290 0.3042
vn -0.7241 0.6426 0.2505
vn -0.6878 0.6973 0.2017
vn -0.7355 0.6506 0.1892
vn -0.9025 -0.3342 0.2718
vn -0.9298 -0.3013 0.2115
vn -0.8950 -0.3995 0.1983
vn -0.8185 -0.5151 0.2544
vn -0.8481 -0.4980 0.1811
vn -0.8041 -0.5640 0.1879
vn -0.9592 0.1189 0.2567
vn -0.9500 0.2379 0.2023
vn -0.8602 0.2691 0.4331
vn -0.4312 0.2022 0.8793
vn -0.6260 0.3344 0.7045
vn -0.3857 0.4063 0.8284
vn -0.9787 -0.2007 0.0443
vn -0.9714 -0.2218 0.0844
vn -0.9750 -0.2202 -0.0316
vn -0.7033 -0.7108 0.0079
vn -0.7907 0.6113 0.0342
vn -0.7938 0.6075 -0.0277
vn -0.8338 0.5518 0.0166
vn -0.5110 -0.8520 0.1140
vn -0.5557 -0.8175 0.1515
vn -0.5603 -0.8239 0.0854
vn -0.2217 -0.9737 0.0530
vn -0.2803 -0.9599 0.0049
vn -0.2139 -0.9768 0.0068
vn -0.5820 -0.8120 0.0429
vn -0.5724 -0.8075 0.1425
vn -0.5162 -0.8544 0.0601
vn -0.2211 -0.9747 -0.0315
vn -0.7972 -0.1482 -0.5852
vn -0.7595 0.0738 -0.6464
vn -0.8718 0.0241 -0.4893
vn -0.4030 -0.3270 -0.8548
vn -0.4511 0.1113 -0.8855
vn -0.5839 -0.1206 -0.8028
vn -0.2433 -0.9686 -0.0505
vn -0.3547 -0.9346 -0.0273
vn -0.2103 -0.9770 0.0357
vn -0.9532 -0.2965 -0.0593
vn -0.9754 -0.2143 -0.0515
vn -0.9695 -0.2161 -0.1156
vn -0.3196 0.4904 0.8108
vn -0.1702 0.6744 0.7185
vn -0.0263 0.5199 0.8539
vn -0.8747 -0.4780 -0.0795
vn -0.6342 0.7726 0.0303
vn -0.5859 0.8099 0.0291
vn -0.6074 0.7908 0.0754
vn -0.5370 0.8423 0.0457
vn -0.5514 0.8244 0.1280
vn -0.2655 0.9604 -0.0840
vn -0.2366 0.9713 -0.0256
vn -0.4008 0.9162 -0.0035
vn -0.9227 -0.2907 -0.2531
vn -0.9437 -0.2371 -0.2309
vn -0.9149 -0.2309 -0.3310
vn 0.1771 0.3940 0.9019
vn 0.4721 0.8443 0.2536
vn 0.4789 0.6715 0.5655
vn -0.1502 0.2500 0.9565
vn 0.0108 0.3285 0.9445
vn 0.4668 0.6330 -0.6176
vn 0.4593 0.8471 -0.2674
vn 0.3858 0.5601 -0.7331
vn 0.3428 0.6749 -0.6534
vn -0.8936 -0.3986 -0.2063
vn -0.8483 -0.4649 -0.2533
vn -0.7961 -0.5384 -0.2764
vn -0.8187 -0.4784 -0.3175
vn -0.7093 -0.4395 0.5512
vn -0.6810 -0.4187 0.6008
vn -0.8644 -0.5021 -0.0251
vn -0.8628 0.1295 0.4886
vn -0.9747 0.0024 0.2235
vn -0.9157 0.3938 -0.0798
vn -0.9786 -0.1581 -0.1317
vn -0.9277 -0.3491 -0.1326
vn -0.7670 -0.1677 -0.6194
vn -0.7574 -0.6056 -0.2441
vn -0.7268 -0.6226 -0.2902
vn -0.7029 -0.6198 -0.3491
vn -0.7086 0.0543 0.7035
vn -0.9401 -0.2936 0.1733
vn -0.9563 0.0322 0.2905
vn -0.1466 -0.0238 -0.9889
vn -0.5186 0.1886 -0.8339
vn -0.3153 -0.0102 -0.9489
vn -0.8781 0.4176 -0.2334
vn -0.8596 0.4680 -0.2052
vn -0.6876 0.4178 -0.5938
vn -0.3313 -0.9426 -0.0410
vn -0.3726 -0.9279 -0.0090
vn -0.2743 -0.9583 -0.0802
vn -0.1534 -0.4604 -0.8743
vn -0.3360 -0.5080 -0.7931
vn -0.1895 -0.6592 -0.7277
vn -0.1004 -0.1742 -0.9796
vn 0.0299 -0.4495 -0.8928
vn -0.3797 -0.7260 -0.5734
vn -0.5531 -0.6455 -0.5268
vn -0.5289 -0.7360 -0.4226
vn -0.8254 0.4475 -0.3443
vn -0.7777 0.4806 -0.4052
vn -0.8116 0.4054 -0.4208
vn -0.7750 0.3942 -0.4940
vn -0.7434 0.4746 -0.4712
vn -0.7180 0.4685 -0.5148
vn 0.0792 -0.7890 -0.6093
vn -0.2162 -0.7931 -0.5694
vn 0.2289 -0.5810 -0.7811
vn -0.2546 -0.9473 -0.1942
vn -0.2032 0.9760 -0.0784
vn -0.2950 0.9455 -0.1381
vn -0.2100 0.9683 -0.1351
vn -0.8973 -0.0475 -0.4389
vn -0.8659 -0.0086 -0.5002
vn -0.8597 -0.1065 -0.4996
vn -0.6081 0.6853 -0.4008
vn -0.5522 0.7141 -0.4304
vn -0.5844 0.6586 -0.4739
vn -0.7736 0.1806 -0.6073
vn -0.7824 0.2361 -0.5763
vn -0.7164 0.2749 -0.6413
vn -0.8196 0.1595 -0.5503
vn -0.7987 0.0871 -0.5954
vn -0.5388 0.4232 -0.7284
vn -0.5017 0.4766 -0.7219
vn -0.4773 0.4141 -0.7751
vn -0.4994 -0.4003 -0.7683
vn -0.5116 -0.3203 -0.7973
vn -0.5927 -0.4172 -0.6889
vn -0.5511 0.6317 -0.5452
vn -0.4950 0.6557 -0.5702
vn -0.5278 0.5926 -0.6085
vn -0.3667 0.5637 -0.7401
vn -0.4987 0.3918 -0.7732
vn -0.3938 0.4126 -0.8214
vn -0.3610 0.3504 -0.8642
vn -0.1460 0.4567 -0.8776
vn -0.4353 0.3655 -0.8228
vn -0.3646 0.3400 -0.8669
vn -0.6915 0.6925 -0.2054
vn -0.4302 0.7641 -0.4806
vn -0.7083 -0.7044 0.0461
vn -0.6970 -0.7053 0.1295
vn -0.4083 -0.9000 -0.1525
vn -0.9516 -0.1652 0.2593
vn -0.8997 0.3605 0.2463
vn -0.8098 0.5538 0.1936
vn -0.9935 -0.1017 0.0506
vn -0.8072 0.3457 -0.4785
vn -0.9257 0.3266 -0.1905
vn -0.9282 0.2452 -0.2800
vn -0.5490 -0.5594 -0.6210
vn -0.6370 -0.7319 -0.2421
vn -0.3223 -0.8204 -0.4722
vn -0.4812 -0.1541 -0.8630
vn -0.3910 -0.1463 -0.9087
vn -0.3942 -0.1378 -0.9086
vn -0.1922 -0.8648 -0.4639
vn -0.1077 -0.8743 -0.4732
vn -0.2818 0.3388 -0.8977
vn -0.3033 0.2909 -0.9074
vn -0.1831 0.7490 -0.6367
vn -0.3445 0.7321 -0.5877
vn -0.5404 -0.4156 -0.7316
vn -0.4966 -0.5930 -0.6338
vn -0.3881 -0.5043 -0.7714
vn -0.2791 -0.4684 -0.8383
vn -0.1039 -0.4982 -0.8608
vn -0.1841 -0.4718 -0.8623
vn -0.1240 -0.4240 -0.8971
vn -0.1159 0.5907 -0.7986
vn -0.1046 0.6427 -0.7590
vn -0.1000 -0.7619 -0.6399
vn -0.0750 -0.8011 -0.5938
vn -0.0535 -0.8104 -0.5835
vn -0.1864 0.5493 -0.8145
vn -0.1070 0.5328 -0.8395
vn -0.2063 -0.6855 -0.6982
vn -0.1815 -0.6363 -0.7498
vn -0.2170 0.5506 -0.8061
vn -0.2534 0.4946 -0.8313
vn -0.2464 0.5459 -0.8008
vn -0.1838 0.4679 -0.8645
vn -0.0853 0.9006 -0.4261
vn -0.0661 0.9220 -0.3815
vn -0.2978 -0.2170 -0.9296
vn -0.2499 -0.1467 -0.9571
vn -0.2756 -0.2579 -0.9260
vn -0.9506 -0.1901 -0.2454
vn -0.4961 -0.2289 -0.8376
vn -0.3176 -0.4214 -0.8495
vn 0.1579 -0.5891 -0.7925
vn 0.0394 -0.4313 -0.9013
vn -0.0798 0.6444 -0.7605
vn 0.0857 0.5193 -0.8503
vn -0.4153 0.4856 -0.7692
vn -0.3678 0.5401 -0.7570
vn -0.3507 0.4702 -0.8099
vn -0.8579 0.2473 -0.4504
vn -0.7149 0.1053 -0.6912
vn -0.8162 0.3878 -0.4282
vn -0.5842 0.3723 -0.7212
vn -0.5301 0.3546 -0.7702
vn -0.9648 -0.1844 0.1873
vn -0.9018 -0.2993 0.3118
vn -0.9299 -0.3675 -0.0150
vn -0.7512 0.1303 -0.6471
vn -0.7087 0.2097 -0.6737
vn -0.6619 -0.6196 -0.4219
vn -0.9028 0.3125 -0.2955
vn -0.8630 0.3669 -0.3474
vn -0.8709 0.3156 -0.3768
vn -0.7711 -0.3499 -0.5319
vn -0.6963 -0.4241 -0.5791
vn 0.1115 0.9937 -0.0122
vn -0.2802 0.1298 -0.9511
vn 0.4418 0.7841 -0.4358
vn -0.8339 -0.4497 0.3201
vn -0.7132 -0.6890 0.1291
vn -0.7872 0.3729 -0.4912
vn -0.5899 0.5564 -0.5852
vn -0.5812 0.8090 0.0880
vn -0.9628 -0.1901 0.1919
vn -0.8471 -0.4031 0.3464
vn -0.7812 0.5027 0.3700
vn -0.8209 0.4806 0.3083
vn -0.7703 0.1326 0.6238
vn -0.8080 0.1790 0.5613
vn -0.8324 0.1124 0.5427
vn -0.7083 0.3743 0.5985
vn -0.6900 -0.4317 0.5810
vn -0.7166 -0.3668 0.5932
vn -0.7311 -0.4314 0.5286
vn -0.5460 -0.4685 0.6946
vn -0.6272 -0.4587 0.6294
vn -0.5915 -0.6944 0.4097
vn -0.2840 -0.8481 0.4473
vn -0.4103 -0.8444 0.3445
vn -0.9649 0.1338 0.2259
vn -0.8473 0.2127 0.4866
vn -0.8905 -0.0131 0.4548
vn -0.6787 0.3602 0.6401
vn -0.6554 0.3904 0.6466
vn -0.6935 0.3318 0.6395
vn -0.6010 0.4713 0.6456
vn -0.6180 0.4297 0.6584
vn -0.2366 -0.8662 0.4402
vn -0.2865 -0.8383 0.4638
vn -0.3219 -0.7458 0.5833
vn -0.3993 -0.7065 0.5844
vn -0.4696 -0.5767 0.6684
vn -0.3185 0.7805 0.5380
vn -0.3286 0.8227 0.4638
vn -0.3746 0.7914 0.4831
vn -0.4652 -0.2663 0.8442
vn -0.5123 -0.1566 0.8444
vn -0.5497 -0.2317 0.8026
vn -0.1211 0.9144 0.3863
vn -0.1858 0.9067 0.3786
vn -0.1882 0.8841 0.4277
vn -0.3145 0.3275 0.8910
vn -0.3596 0.3764 0.8538
vn -0.1191 0.3507 0.9289
vn -0.1305 0.6305 0.7652
vn -0.1474 0.6848 0.7137
vn -0.2030 0.6563 0.7266
vn -0.0644 0.6550 0.7529
vn 0.0961 0.2162 0.9716
vn 0.0110 0.2112 0.9774
vn 0.4013 -0.9044 -0.1453
vn 0.0543 -0.9824 -0.1789
vn 0.0580 -0.9908 0.1223
vn 0.6069 0.1512 0.7802
vn 0.3085 0.1275 0.9426
vn 0.1644 0.3783 0.9110
vn 0.7001 0.5377 -0.4698
vn 0.0265 0.7273 -0.6858
vn -0.0148 0.9968 -0.0784
vn 0.1943 -0.4558 0.8686
vn 0.2103 -0.3964 0.8937
vn 0.1317 -0.4088 0.9031
vn 0.2688 -0.4538 0.8496
vn 0.3660 -0.2971 0.8819
vn 0.3762 -0.1946 0.9059
vn 0.3360 -0.2342 0.9123
vn 0.2450 0.5202 0.8181
vn 0.3460 0.4140 0.8419
vn 0.2515 0.3666 0.8958
vn 0.3265 -0.8767 0.3534
vn 0.3381 -0.8511 0.4016
vn 0.2784 -0.8585 0.4307
vn 0.4599 0.6790 0.5723
vn 0.3779 0.7022 0.6034
vn 0.4349 0.6347 0.6388
vn 0.5003 0.6419 0.5811
vn 0.7142 -0.4453 0.5400
vn 0.6931 -0.3724 0.6172
vn 0.6673 -0.4713 0.5767
vn 0.5313 -0.7505 0.3930
vn 0.5272 -0.7070 0.4715
vn 0.4747 -0.7544 0.4533
vn 0.6356 -0.7000 0.3256
vn 0.6227 -0.6689 0.4061
vn 0.6750 0.6281 0.3872
vn 0.8266 -0.1822 0.5324
vn 0.7657 -0.5948 0.2447
vn 0.7508 -0.5793 0.3174
vn 0.7232 -0.6290 0.2852
vn 0.6644 -0.7417 0.0919
vn 0.7310 -0.4717 0.4930
vn 0.6738 -0.6765 0.2972
vn 0.8124 -0.5829 -0.0109
vn 0.8587 -0.4567 0.2324
vn 0.8582 -0.4764 -0.1908
vn 0.2499 -0.9028 -0.3500
vn 0.1355 -0.9733 -0.1854
vn 0.3541 -0.9352 -0.0084
vn 0.2945 0.9553 -0.0275
vn 0.2573 0.9662 0.0135
vn 0.2483 0.8852 -0.3934
vn 0.5051 0.8168 -0.2786
vn 0.3455 0.9384 0.0047
vn 0.7433 -0.0246 0.6686
vn 0.6563 0.3927 0.6443
vn -0.2011 -0.5484 -0.8117
vn -0.1778 -0.3686 -0.9124
vn 0.3687 0.1984 -0.9082
vn 0.3640 -0.0580 -0.9296
vn 0.6000 -0.1277 -0.7897
vn 0.9211 -0.2348 -0.3107
vn 0.9575 -0.1593 -0.2403
vn 0.9432 -0.2567 -0.2108
vn 0.8756 -0.1550 0.4574
vn 0.8523 -0.4972 -0.1623
vn 0.9287 -0.3640 0.0701
vn 0.8191 0.1202 -0.5609
vn 0.7958 0.1990 -0.5719
vn 0.8321 0.1773 -0.5256
vn 0.2475 -0.9521 -0.1795
vn 0.2478 -0.9391 -0.2382
vn 0.3001 -0.9342 -0.1931
vn 0.3814 -0.8768 -0.2930
vn 0.4493 -0.8365 -0.3136
vn 0.4116 -0.8761 -0.2512
vn 0.3149 -0.8682 -0.3834
vn 0.4021 -0.8378 -0.3693
vn 0.3401 -0.8808 -0.3294
vn 0.5565 0.6281 -0.5439
vn 0.4669 -0.4249 -0.7755
vn 0.5187 -0.3799 -0.7659
vn 0.5556 -0.4384 -0.7065
vn 0.9685 -0.2301 -0.0953
vn 0.9001 -0.4254 0.0938
vn 0.9012 -0.1871 -0.3908
vn 0.2524 -0.8790 -0.4046
vn 0.2751 -0.8393 -0.4689
vn 0.3368 -0.8430 -0.4194
vn 0.2689 0.3743 -0.8874
vn 0.3165 0.4149 -0.8531
vn 0.3278 0.3561 -0.8751
vn 0.3756 -0.2964 -0.8781
vn 0.8185 -0.2264 -0.5279
vn 0.1705 0.3627 -0.9162
vn 0.2121 0.3352 -0.9179
vn 0.0687 -0.8675 -0.4926
vn 0.2184 0.4292 -0.8764
vn -0.9328 -0.2159 -0.2885
vn 0.0968 -0.1131 -0.9889
vn 0.1043 -0.4188 -0.9021
vn -0.0149 -0.4183 -0.9082
vn 0.1588 -0.1926 -0.9683
vn 0.1044 -0.2571 -0.9607
vn -0.0827 0.9177 -0.3885
vn -0.0404 0.8572 -0.5134
vn 0.0613 0.8733 -0.4833
vn -0.1437 0.9795 0.1414
vn -0.3897 0.9208 0.0176
vn 0.0062 0.9938 -0.1108
vn 0.0853 0.9406 -0.3287
vn -0.4453 0.2090 -0.8706
vn -0.2239 -0.1094 -0.9685
vn 0.0174 0.2754 -0.9612
vn 0.3838 0.0849 -0.9195
vn -0.6484 -0.4116 -0.6404
vn 0.1910 0.4791 -0.8567
vn 0.0091 -0.9465 -0.3225
vn 0.0748 -0.9202 -0.3843
vn 0.0786 -0.9441 -0.3203
vn 0.1555 0.2029 -0.9668
vn 0.1610 0.1345 -0.9777
vn 0.1299 0.5587 -0.8191
vn 0.1249 0.4726 -0.8724
vn 0.2653 0.3789 -0.8866
vn 0.1010 -0.0671 -0.9926
vn 0.1838 -0.0663 -0.9807
vn 0.1519 -0.1248 -0.9805
vn 0.0757 0.8289 -0.5542
vn 0.2344 -0.1140 -0.9654
vn 0.2786 -0.0637 -0.9583
vn 0.3268 -0.1283 -0.9363
vn 0.1284 0.8977 -0.4216
vn 0.1686 0.9102 -0.3784
vn 0.2000 0.8735 -0.4439
vn 0.9115 0.1083 -0.3969
vn 0.8827 0.4141 -0.2219
vn 0.7283 0.5365 -0.4264
vn 0.5995 0.3987 -0.6940
vn 0.6755 0.4129 -0.6109
vn 0.4183 0.6027 -0.6796
vn 0.2272 0.0849 -0.9701
vn 0.2299 0.1776 -0.9569
vn 0.2242 0.1361 -0.9650
vn 0.4357 0.4430 -0.7836
vn 0.4553 0.5166 -0.7251
vn 0.5053 0.4674 -0.7254
vn 0.6727 0.7293 0.1254
vn 0.2021 0.9773 -0.0628
vn 0.7099 0.6901 0.1404
vn 0.1689 0.9399 -0.2969
vn 0.0501 0.9562 -0.2883
vn 0.3385 0.9354 -0.1021
vn 0.8028 -0.2811 -0.5258
vn 0.4822 -0.2107 -0.8504
vn 0.6289 -0.2410 -0.7391
vn 0.5166 -0.1186 -0.8479
vn 0.4571 -0.2385 -0.8568
vn 0.5409 -0.2232 -0.8109
vn 0.4873 -0.3019 -0.8194
vn 0.5022 -0.4912 -0.7116
vn 0.3984 -0.6328 -0.6639
vn 0.4138 -0.5791 -0.7024
vn 0.4728 -0.5945 -0.6504
vn 0.3459 0.6844 -0.6418
vn 0.3878 0.6910 -0.6101
vn 0.4034 0.6312 -0.6625
vn 0.6570 -0.1817 -0.7317
vn 0.7003 -0.3124 -0.6419
vn 0.3974 -0.7764 -0.4892
vn 0.4660 -0.7331 -0.4953
vn 0.4583 -0.7663 -0.4503
vn 0.5201 0.5475 -0.6555
vn 0.5672 0.4955 -0.6578
vn 0.5837 0.3843 -0.7152
vn 0.1992 -0.9381 -0.2832
vn 0.2033 -0.9587 -0.1991
vn 0.6722 0.1698 -0.7207
vn 0.6621 0.2132 -0.7185
vn 0.6849 0.1251 -0.7178
vn 0.3429 0.8339 -0.4325
vn 0.6012 0.5987 -0.5292
vn 0.6477 0.6335 -0.4233
vn 0.7214 0.4037 -0.5627
vn 0.8517 0.3557 -0.3847
vn 0.6453 -0.1180 -0.7548
vn 0.6611 -0.0440 -0.7490
vn 0.7006 -0.1218 -0.7031
vn 0.7159 0.3416 -0.6089
vn 0.7305 0.3730 -0.5720
vn 0.7539 0.2878 -0.5905
vn 0.7769 0.1588 -0.6092
vn 0.7564 -0.2814 -0.5904
vn 0.7894 -0.2405 -0.5648
vn 0.7813 -0.3232 -0.5339
vn 0.6107 -0.5885 -0.5298
vn 0.6654 -0.5804 -0.4694
vn 0.5794 0.6570 -0.4823
vn 0.5180 0.7310 -0.4442
vn 0.6050 0.6768 -0.4195
vn 0.6454 0.6004 -0.4722
vn 0.8360 -0.2435 -0.4917
vn 0.8894 -0.2118 -0.4052
vn 0.8522 -0.2839 -0.4394
vn 0.8826 -0.2884 -0.3712
vn 0.8095 0.4209 -0.4092
vn 0.7670 0.4840 -0.4212
vn 0.7814 0.5113 -0.3578
vn 0.8623 0.1462 -0.4849
vn 0.8865 0.1801 -0.4262
vn 0.5192 0.8094 -0.2744
vn 0.6974 0.6575 -0.2851
vn 0.6907 0.7150 -0.1084
vn 0.8866 -0.4513 0.1014
vn 0.7902 -0.3121 0.5274
vn 0.9081 0.3182 -0.2720
vn 0.8731 0.4046 -0.2719
vn 0.9060 0.3736 -0.1989
vn 0.9317 0.3067 -0.1945
vn 0.9863 -0.0664 -0.1512
vn 0.9210 -0.2845 -0.2660
vn 0.4720 0.8664 -0.1630
vn 0.4254 0.8989 -0.1047
vn 0.4677 0.8799 -0.0834
vn 0.4264 0.8968 -0.1181
vn 0.6847 -0.0591 -0.7264
vn 0.8397 -0.3051 -0.4493
vn 0.9028 -0.0748 -0.4236
vn 0.0545 0.3253 -0.9440
vn 0.0491 0.1070 -0.9930
vn 0.6962 -0.2639 -0.6676
vn 0.8017 -0.3971 -0.4467
vn 0.6146 -0.3041 -0.7279
vn 0.2548 -0.7315 -0.6324
vn 0.1752 -0.5762 -0.7983
vn -0.0025 -0.7995 -0.6007
vn 0.2597 -0.8906 -0.3732
vn 0.2672 -0.9415 -0.2056
vn -0.1956 -0.8332 -0.5172
vn -0.3531 -0.9086 -0.2231
vn 0.0878 -0.9940 -0.0651
vn 0.8959 -0.4247 -0.1306
vn 0.9249 -0.3629 -0.1131
vn 0.9017 -0.4294 -0.0505
vn 0.9336 -0.3575 -0.0228
vn 0.1680 0.1565 0.9733
vn 0.4075 0.1342 0.9033
vn 0.8853 0.4517 -0.1101
vn 0.8544 0.5067 -0.1151
vn 0.8520 0.5229 -0.0264
vn 0.7953 0.5825 -0.1680
vn 0.6746 0.7360 0.0565
vn 0.5978 0.6233 -0.5041
vn 0.8270 0.4871 -0.2806
vn 0.3169 0.7487 -0.5823
vn 0.2245 0.8878 0.4018
vn 0.4057 0.7692 0.4936
vn 0.5244 -0.7701 -0.3632
vn 0.3269 -0.6639 -0.6726
vn 0.1656 -0.8554 -0.4908
vn 0.3249 0.9396 0.1073
vn 0.8588 0.4977 0.1215
vn 0.8557 0.4816 0.1892
vn 0.8718 -0.4260 0.2416
vn 0.8468 -0.4209 0.3252
vn 0.2758 -0.9523 0.1308
vn 0.9388 0.0773 0.3357
vn 0.9362 0.1321 0.3256
vn 0.9072 0.1268 0.4010
vn 0.5282 -0.7621 0.3743
vn 0.4824 -0.8422 0.2409
vn 0.3523 -0.9090 0.2226
vn 0.9505 0.0011 0.3108
vn 0.9231 -0.0235 0.3838
vn 0.2393 0.9634 0.1204
vn 0.2294 0.9719 0.0532
vn 0.2008 0.9759 0.0850
vn 0.1865 0.9727 0.1382
vn 0.8038 -0.3976 0.4425
vn 0.5188 0.8015 0.2974
vn 0.5231 0.7707 0.3640
vn 0.8362 0.3234 0.4430
vn 0.7878 0.3823 0.4830
vn 0.8085 0.3187 0.4948
vn 0.7637 0.3315 0.5539
vn 0.6928 0.3899 0.6066
vn 0.7410 0.3043 0.5986
vn 0.7165 0.2810 0.6384
vn 0.7305 0.0614 0.6801
vn 0.7606 0.1250 0.6371
vn 0.7924 0.1310 0.5957
vn 0.2852 -0.8763 0.3882
vn 0.3608 -0.8769 0.3175
vn 0.1987 -0.9625 0.1848
vn 0.5972 -0.4784 0.6438
vn 0.6405 -0.4120 0.6480
vn 0.1600 0.9722 0.1711
vn 0.1519 0.9678 0.2008
vn 0.1173 0.9750 0.1889
vn 0.5726 -0.3129 0.7578
vn 0.5170 -0.2684 0.8128
vn 0.2917 0.8814 0.3715
vn 0.2944 0.9024 0.3147
vn 0.2295 0.8968 0.3782
vn 0.5221 -0.4444 0.7279
vn 0.5011 -0.4865 0.7157
vn 0.4038 0.8131 0.4194
vn 0.3353 0.8518 0.4025
vn 0.3596 0.7993 0.4815
vn 0.5187 -0.5927 0.6161
vn 0.4609 -0.5739 0.6769
vn 0.4577 -0.6446 0.6124
vn 0.4199 -0.7662 0.4865
vn 0.4265 -0.7027 0.5695
vn 0.3697 -0.7376 0.5651
vn 0.4801 -0.6989 0.5301
vn 0.4984 0.5016 0.7071
vn 0.6130 0.4286 0.6637
vn 0.5755 0.4881 0.6561
vn 0.7343 0.5111 0.4468
vn 0.6130 0.6516 0.4468
vn 0.7883 0.5941 0.1600
vn 0.7879 -0.4654 -0.4034
vn 0.8464 -0.1242 -0.5179
vn 0.6925 -0.5112 -0.5091
vn 0.9524 -0.1799 -0.2463
vn 0.6952 -0.6727 0.2533
vn 0.8525 -0.5227 0.0046
vn 0.6446 -0.7607 -0.0763
vn 0.3977 -0.9171 0.0287
vn 0.2750 -0.9584 0.0765
vn 0.3264 -0.7969 0.5083
vn 0.3214 -0.7412 0.5893
vn 0.3774 -0.8038 0.4599
vn -0.0767 -0.3809 0.9214
vn -0.2685 -0.1745 0.9474
vn -0.0745 -0.0426 0.9963
vn 0.4373 -0.1398 0.8884
vn 0.4896 -0.0766 0.8686
vn 0.4309 -0.0507 0.9010
vn 0.0851 0.9735 0.2122
vn 0.4278 -0.2298 0.8742
vn 0.4006 0.7781 0.4838
vn 0.7345 0.6097 0.2980
vn 0.4971 0.6928 0.5224
vn 0.4194 -0.5485 0.7233
vn 0.3670 -0.5124 0.7764
vn 0.3283 -0.5856 0.7412
vn 0.3159 -0.6529 0.6884
vn 0.3772 -0.6089 0.6979
vn 0.0525 0.9641 0.2604
vn 0.0393 0.9761 0.2137
vn 0.1902 -0.2981 0.9354
vn 0.2287 -0.2572 0.9389
vn 0.1452 -0.2521 0.9568
vn 0.3266 0.5908 0.7377
vn 0.7258 -0.2864 0.6254
vn 0.9213 -0.1285 0.3669
vn 0.0033 -0.4522 0.8919
vn -0.7095 -0.0021 0.7047
vn -0.8054 0.5384 -0.2481
vn 0.2362 -0.9563 0.1721
vn 0.0362 -0.9353 0.3519
vn 0.2770 0.3366 0.9000
vn 0.2011 0.3698 0.9071
vn 0.2257 0.3142 0.9221
vn 0.1009 0.5288 0.8427
vn -0.0623 -0.9156 0.3972
vn 0.0454 -0.7996 0.5988
vn 0.0842 -0.9143 0.3961
vn -0.0004 0.9727 0.2319
vn -0.0087 0.9102 0.4141
vn 0.0565 -0.4555 0.8884
vn 0.0530 -0.3769 0.9247
vn -0.0073 -0.4397 0.8981
vn 0.0587 -0.6245 0.7788
vn 0.0314 -0.6593 0.7512
vn -0.1224 0.8080 0.5763
vn -0.0664 0.7806 0.6215
vn -0.0764 -0.5912 0.8029
vn -0.1438 -0.5529 0.8207
vn -0.0200 -0.9474 0.3194
vn -0.0941 -0.9425 0.3207
vn -0.0504 -0.9630 0.2649
vn -0.0616 0.1719 0.9832
vn -0.1278 0.1565 0.9794
vn -0.1032 0.0923 0.9904
vn -0.2356 0.1760 0.9558
vn -0.2991 0.2251 0.9273
vn -0.3134 0.1410 0.9391
vn -0.1664 -0.8041 0.5707
vn -0.1904 -0.9364 0.2947
vn -0.2053 0.7168 0.6663
vn -0.2699 0.6476 0.7126
vn -0.2492 -0.7313 0.6349
vn -0.2087 0.9241 0.3200
vn -0.2429 0.9031 0.3541
vn -0.4046 -0.4604 0.7902
vn -0.4518 -0.4202 0.7869
vn -0.4715 -0.4782 0.7409
vn -0.3477 -0.6881 0.6368
vn -0.3688 0.5735 0.7315
vn -0.4396 0.5183 0.7336
vn 0.3505 -0.3691 0.8608
vn 0.3750 -0.5423 0.7518
vn 0.4558 -0.4516 0.7670
vn 0.4864 0.1271 0.8644
vn -0.0088 -0.2725 0.9621
vn 0.1517 -0.6073 0.7799
vn -0.0708 -0.5429 0.8368
vn 0.2322 -0.2618 0.9368
vn 0.1980 -0.7850 0.5871
vn -0.1274 -0.9639 0.2339
vn -0.0359 -0.8068 0.5898
vn 0.2009 -0.8664 0.4571
vn -0.3063 -0.9062 0.2914
vn -0.7052 0.4547 0.5441
vn -0.4442 0.7105 0.5458
vn -0.5242 0.6798 0.5129
vn -0.5125 -0.6845 0.5185
vn -0.6100 0.4827 0.6285
vn -0.6533 -0.4903 0.5770
vn -0.6777 -0.5097 0.5300
vn -0.6517 -0.5749 0.4948
vn -0.6169 0.6165 0.4892
vn -0.5698 0.6574 0.4931
vn -0.7983 0.0749 0.5975
vn -0.1522 0.9762 0.1545
vn -0.1813 0.9697 0.1639
vn -0.1678 0.9780 0.1239
vn -0.8772 0.1221 0.4643
vn -0.9079 0.1650 0.3854
vn -0.9114 0.0732 0.4050
vn -0.5130 -0.8267 0.2311
vn -0.8922 -0.0941 0.4417
vn -0.9285 -0.0053 0.3712
vn -0.9256 -0.0958 0.3663
vn -0.2163 0.9644 0.1521
vn -0.1977 0.9761 0.0907
vn -0.9120 -0.2098 0.3524
vn -0.5481 0.8042 0.2299
vn -0.6888 -0.6527 0.3156
vn -0.7382 -0.5931 0.3214
vn -0.7477 -0.6158 0.2486
vn -0.7009 0.5654 0.4349
vn -0.7531 0.5508 0.3599
vn -0.7378 0.5108 0.4414
vn -0.8348 0.4913 0.2485
vn -0.8319 0.5295 0.1661
vn -0.8593 0.4834 0.1673
vn -0.8939 0.3494 0.2809
vn -0.9115 0.3508 0.2149
vn -0.9311 0.2712 0.2442
vn -0.9069 0.2950 0.3009
vn -0.9635 0.1509 0.2209
vn -0.9406 0.1429 0.3079
vn -0.9485 0.2036 0.2428
vn -0.9662 0.0851 0.2432
vn -0.2181 0.9698 0.1089
vn -0.1951 0.9796 0.0474
vn -0.3375 -0.9211 0.1941
vn -0.3665 -0.9262 0.0883
vn -0.7226 0.4449 0.5290
vn -0.8918 0.3786 0.2477
vn -0.7691 0.5563 0.3147
vn -0.3425 0.8490 0.4023
vn -0.7361 -0.2639 0.6233
vn -0.8312 0.5493 0.0861
vn -0.8737 0.4859 0.0245
vn -0.6697 -0.7424 -0.0166
vn -0.7168 -0.6943 -0.0649
vn -0.6822 -0.7310 0.0145
vn -0.7351 -0.6485 0.1977
vn -0.8182 -0.5597 0.1312
vn -0.4155 -0.8412 0.3461
vn -0.4044 -0.6904 0.5998
vn -0.2062 -0.7685 0.6058
vn -0.3078 0.5377 -0.7849
vn -0.4115 0.7389 -0.5336
vn -0.4564 0.4789 -0.7499
vn -0.9134 0.1973 -0.3560
vn -0.8442 0.1757 -0.5064
vn -0.6781 0.2049 -0.7059
vn -0.6207 -0.7399 0.2594
vn -0.5014 -0.8610 0.0850
vn -0.7546 -0.5992 -0.2675
vn -0.5226 -0.7012 -0.4851
vn -0.7461 -0.4297 -0.5086
vn -0.5588 -0.4253 -0.7120
vn -0.9255 -0.3621 -0.1106
vn -0.6230 0.7074 0.3338
vn -0.6720 0.7405 0.0062
vn -0.7138 0.3483 0.6076
vn -0.8636 0.4359 0.2533
vn -0.9452 -0.0766 -0.3175
vn -0.9442 0.0042 -0.3293
vn -0.9229 -0.0046 -0.3850
vn -0.9212 -0.0932 -0.3779
vn -0.2281 0.9730 -0.0352
vn -0.2562 0.9617 -0.0975
vn -0.8920 -0.2969 -0.3409
vn -0.2288 0.0883 -0.9695
vn -0.4754 -0.1482 -0.8672
vn -0.7733 0.6055 -0.1881
vn -0.7247 0.6018 -0.3357
vn -0.7477 0.6303 -0.2089
vn -0.8433 0.4744 -0.2525
vn -0.8054 0.5049 -0.3103
vn 0.4815 -0.6612 0.5753
vn 0.6235 -0.7817 0.0117
vn 0.5711 -0.8195 -0.0483
vn 0.4330 -0.7678 0.4723
vn 0.4659 -0.8831 -0.0563
vn 0.1932 -0.9497 -0.2466
vn 0.4359 -0.8381 -0.3279
vn 0.2455 -0.8306 -0.4999
vn 0.3201 -0.9422 0.0988
vn 0.4900 -0.7455 -0.4518
vn -0.6247 -0.6614 -0.4151
vn -0.8138 -0.4087 -0.4131
vn -0.8081 -0.3631 -0.4639
vn -0.7693 -0.4117 -0.4885
vn -0.3473 0.7334 -0.5844
vn -0.4086 0.8120 -0.4168
vn -0.5143 0.7313 -0.4480
vn -0.7298 -0.1145 -0.6740
vn -0.7745 -0.0725 -0.6285
vn -0.7102 -0.0619 -0.7012
vn -0.7778 -0.2139 -0.5910
vn -0.7366 -0.1802 -0.6519
vn -0.7402 -0.2609 -0.6197
vn -0.6779 -0.4825 -0.5547
vn -0.4841 -0.7447 -0.4594
vn -0.5660 -0.6850 -0.4587
vn -0.5148 -0.7081 -0.4833
vn -0.4594 -0.7205 -0.5195
vn -0.4566 -0.6732 -0.5816
vn -0.4150 -0.7183 -0.5584
vn -0.6587 -0.0652 -0.7496
vn -0.6864 -0.0661 -0.7242
vn -0.2909 0.8797 -0.3762
vn -0.2997 0.8972 -0.3243
vn -0.2290 0.8916 -0.3906
vn -0.4187 0.7705 -0.4806
vn -0.3575 0.8292 -0.4296
vn -0.3406 0.7993 -0.4951
vn -0.5026 -0.6361 -0.5855
vn -0.4920 -0.5830 -0.6466
vn -0.4403 -0.6138 -0.6553
vn -0.4328 0.6906 -0.5795
vn -0.4397 0.6452 -0.6247
vn 0.1735 0.7590 -0.6275
vn -0.2229 0.7330 -0.6426
vn -0.8351 0.4441 -0.3247
vn -0.7935 0.4380 -0.4226
vn -0.2796 0.9154 -0.2897
vn -0.4410 0.8473 -0.2960
vn -0.5688 0.7282 -0.3823
vn -0.4588 -0.1977 -0.8663
vn -0.2450 -0.2641 -0.9329
vn -0.9436 -0.2418 -0.2263
vn -0.2662 -0.0470 -0.9628
vn -0.2013 -0.0843 -0.9759
vn -0.1777 -0.0062 -0.9841
vn -0.2630 -0.3354 -0.9046
vn -0.2039 -0.2907 -0.9348
vn -0.1892 -0.2155 -0.9580
vn -0.1818 0.7598 -0.6242
vn -0.1418 0.8184 -0.5569
vn -0.1838 -0.6347 -0.7506
vn -0.2317 -0.5777 -0.7827
vn -0.1571 -0.5942 -0.7888
vn -0.0040 0.8770 -0.4804
vn -0.1551 0.7526 -0.6399
vn -0.0755 0.7778 -0.6240
vn -0.1634 0.8132 -0.5586
vn -0.1273 -0.5455 -0.8284
vn -0.0353 -0.5410 -0.8403
vn -0.0869 -0.6066 -0.7902
vn -0.1214 0.6875 -0.7160
vn -0.1694 0.6729 -0.7201
vn -0.1854 -0.7516 -0.6330
vn -0.0585 -0.8895 -0.4533
vn -0.0413 -0.8589 -0.5105
vn 0.0074 -0.8926 -0.4508
vn -0.3961 0.4096 -0.8218
vn -0.2615 0.3593 -0.8958
vn -0.1495 0.4004 -0.9041
vn -0.2811 -0.9587 -0.0425
vn -0.1157 -0.2784 -0.9535
vn -0.0355 -0.2931 -0.9554
vn -0.1074 -0.1825 -0.9773
vn -0.0788 -0.0359 -0.9962
vn -0.0299 -0.0846 -0.9960
vn 0.0954 -0.5330 -0.8407
vn -0.1235 -0.4518 -0.8835
vn 0.1347 -0.7319 -0.6679
vn -0.0040 -0.3378 -0.9412
vn -0.5201 0.2149 -0.8266
vn -0.0832 0.2668 -0.9602
vn 0.0829 0.3226 -0.9429
vn -0.2208 0.0757 -0.9724
vn -0.2136 0.1261 -0.9688
vn -0.1296 0.0589 -0.9898
vn -0.1832 0.2073 -0.9610
vn -0.1103 0.1424 -0.9836
vn -0.1944 0.3531 -0.9152
vn -0.1335 0.4041 -0.9049
vn -0.0814 0.3400 -0.9369
vn -0.1210 0.7384 -0.6634
vn -0.1813 0.6962 -0.6946
vn -0.2128 -0.3924 -0.8948
vn -0.2739 -0.7965 -0.5390
vn -0.1952 -0.7999 -0.5676
vn -0.2620 -0.7614 -0.5929
vn -0.2111 -0.7326 -0.6471
vn -0.1671 -0.7678 -0.6186
vn -0.2967 0.6828 -0.6677
vn -0.2434 0.7269 -0.6421
vn -0.2508 0.6667 -0.7019
vn -0.2963 -0.6411 -0.7080
vn -0.2363 -0.6508 -0.7216
vn -0.2612 -0.7022 -0.6623
vn -0.3535 -0.5723 -0.7399
vn -0.3020 -0.5197 -0.7992
vn -0.2886 -0.5910 -0.7533
vn -0.2275 -0.5070 -0.8314
vn -0.3707 -0.4655 -0.8037
vn -0.3749 -0.4017 -0.8355
vn -0.2793 -0.4390 -0.8540
vn -0.1872 0.8426 -0.5050
vn -0.0885 0.8750 -0.4759
vn -0.1183 0.8511 -0.5115
vn -0.2307 -0.7874 -0.5716
vn -0.3694 0.5275 -0.7651
vn -0.9923 0.1077 0.0606
vn -0.8323 0.2338 -0.5025
vn -0.2243 0.2880 -0.9310
vn -0.2552 0.2013 -0.9457
vn -0.2557 0.3183 -0.9128
vn -0.3452 0.3893 -0.8539
vn -0.2291 0.9174 -0.3255
vn -0.1819 0.9406 -0.2867
vn -0.1589 0.9118 -0.3787
vn -0.5475 -0.2486 -0.7990
vn -0.4957 -0.2395 -0.8348
vn -0.4429 -0.2344 -0.8654
vn -0.9778 0.2083 0.0240
vn -0.8793 0.2107 0.4271
vn 0.2425 -0.8590 -0.4510
vn 0.5770 -0.6445 -0.5018
vn 0.5114 -0.5882 -0.6264
vn -0.7157 -0.6838 0.1422
vn -0.9935 0.0698 0.0896
vn -0.8678 -0.4964 -0.0216
vn -0.6302 0.7733 0.0694
vn -0.6322 0.7616 0.1424
vn -0.9131 0.4003 0.0775
vn -0.8474 0.5248 -0.0803
vn -0.6356 0.7680 -0.0789
vn 0.2757 0.9089 -0.3130
vn -0.3336 -0.9091 -0.2496
vn -0.1465 -0.9646 -0.2193
vn -0.2038 -0.9405 -0.2720
vn -0.5189 0.5541 -0.6509
vn -0.4675 0.6040 -0.6455
vn -0.3979 0.6231 -0.6733
vn -0.4351 0.5753 -0.6926
vn -0.3677 0.6749 -0.6397
vn -0.3779 -0.5218 -0.7648
vn -0.2852 0.8560 -0.4313
vn -0.2604 0.8374 -0.4805
vn -0.4371 -0.4031 -0.8041
vn -0.4081 -0.3273 -0.8523
vn -0.4619 -0.3375 -0.8202
vn -0.5214 0.6942 -0.4962
vn -0.3884 -0.6938 -0.6064
vn -0.5802 -0.6193 -0.5289
vn -0.5533 -0.5877 -0.5903
vn -0.4839 0.7419 -0.4642
vn -0.4713 0.7092 -0.5243
vn -0.5043 -0.5257 -0.6851
vn -0.4333 -0.5501 -0.7139
vn -0.6507 -0.3116 -0.6924
vn -0.6999 -0.2901 -0.6527
vn -0.2681 0.9281 -0.2582
vn -0.1784 0.9681 -0.1758
vn -0.1501 0.9651 -0.2146
vn -0.2208 0.9514 -0.2148
vn -0.5336 -0.7355 -0.4175
vn -0.7694 -0.5760 -0.2760
vn -0.7075 0.6322 -0.3158
vn -0.5280 0.8153 -0.2375
vn -0.8178 0.5315 -0.2206
vn -0.9421 -0.1674 -0.2905
vn -0.8478 0.0613 -0.5267
vn -0.8689 -0.1618 -0.4678
vn -0.7107 0.0042 -0.7035
vn -0.7056 0.0643 -0.7057
vn -0.7048 0.1228 -0.6987
vn -0.6732 0.1738 -0.7187
vn -0.1867 -0.9655 -0.1815
vn -0.1738 -0.9514 -0.2543
vn -0.2886 -0.9052 -0.3121
vn -0.3019 -0.8740 -0.3808
vn -0.5808 0.4421 -0.6835
vn -0.7076 0.6960 -0.1217
vn -0.9015 0.4329 0.0037
vn -0.9536 0.2632 0.1461
vn -0.8935 0.2683 0.3601
vn -0.7984 0.1364 0.5864
vn -0.8183 0.0117 -0.5747
vn -0.8413 0.0781 -0.5349
vn -0.6746 0.5349 -0.5087
vn -0.6751 0.4769 -0.5629
vn -0.4423 -0.7980 -0.4094
vn -0.4731 -0.7795 -0.4105
vn -0.5396 -0.7338 -0.4129
vn -0.6285 0.5928 -0.5036
vn -0.5244 -0.6697 -0.5257
vn -0.6120 -0.6785 -0.4063
vn -0.6153 -0.6341 -0.4683
vn -0.6602 -0.5791 -0.4784
vn -0.6742 -0.5243 -0.5202
vn -0.6178 -0.5663 -0.5455
vn -0.7126 -0.5207 -0.4701
vn -0.7256 -0.4605 -0.5114
vn -0.7444 -0.3130 -0.5898
vn -0.8236 -0.1614 -0.5437
vn -0.8039 -0.2407 -0.5439
vn -0.7816 -0.3216 -0.5345
vn -0.6801 -0.2129 -0.7015
vn -0.6776 -0.6434 -0.3561
vn -0.6245 0.6628 -0.4132
vn -0.5656 0.3280 -0.7566
vn -0.2702 0.1980 -0.9422
vn -0.3436 0.4717 -0.8121
vn -0.7851 -0.4865 -0.3833
vn -0.8370 -0.4190 -0.3519
vn 0.0064 0.9759 -0.2183
vn -0.0767 0.9296 -0.3604
vn 0.1098 0.8710 -0.4788
vn -0.8524 -0.3012 -0.4275
vn -0.8335 -0.2716 -0.4812
vn -0.8640 -0.1945 -0.4644
vn -0.8899 -0.1236 -0.4391
vn -0.2214 -0.9678 -0.1195
vn -0.2215 -0.9714 -0.0854
vn -0.8358 0.5415 0.0904
vn -0.8091 0.3610 0.4637
vn -0.7591 0.2456 0.6028
vn -0.2792 -0.9542 -0.1078
vn -0.3029 -0.9430 -0.1376
vn -0.2435 -0.9561 -0.1631
vn -0.8582 0.2635 -0.4406
vn -0.8243 0.3288 -0.4609
vn -0.8179 0.2530 -0.5168
vn -0.3269 -0.9069 -0.2659
vn -0.2985 -0.9327 -0.2024
vn -0.0520 -0.9598 -0.2757
vn -0.5178 -0.5196 -0.6796
vn -0.3853 -0.1560 -0.9095
vn -0.0037 -0.6649 -0.7470
vn -0.4250 -0.3797 -0.8217
vn -0.7054 -0.4957 -0.5067
vn -0.6878 0.5992 -0.4097
vn -0.6492 0.6084 -0.4564
vn -0.6944 0.5560 -0.4567
vn -0.9301 0.2661 -0.2534
vn -0.9004 0.3576 -0.2480
vn 0.1498 -0.9167 0.3705
vn 0.1191 -0.9929 0.0038
vn -0.1454 -0.5497 0.8226
vn -0.2594 -0.3662 0.8936
vn 0.0477 -0.4343 0.8995
vn -0.3016 -0.0924 0.9490
vn -0.0987 -0.1846 0.9779
vn 0.0463 -0.6596 0.7502
vn 0.2276 -0.6471 0.7276
vn -0.8649 0.4111 -0.2881
vn -0.8994 0.3063 -0.3119
vn -0.8303 0.5211 0.1978
vn -0.8857 0.4267 0.1829
vn -0.9799 0.1879 0.0668
vn -0.6173 -0.7867 0.0070
vn -0.2561 -0.1358 -0.9571
vn -0.5774 0.1282 0.8063
vn -0.4942 0.1558 0.8553
vn -0.3976 0.1652 0.9026
vn -0.4467 -0.1979 0.8725
vn -0.8358 -0.2468 0.4905
vn -0.8139 -0.5752 -0.0814
vn -0.9820 -0.1883 -0.0169
vn -0.8008 0.5369 -0.2654
vn -0.7542 0.5946 -0.2786
vn -0.7713 0.5338 -0.3467
vn -0.7398 -0.6400 -0.2077
vn -0.7598 -0.5952 -0.2616
vn -0.8805 0.3571 -0.3119
vn -0.9768 0.1217 -0.1762
vn -0.7355 0.6775 0.0035
vn -0.8506 0.5245 -0.0382
vn -0.7260 0.6813 -0.0935
vn -0.6865 -0.0500 0.7254
vn -0.6605 -0.1920 0.7258
vn -0.8748 -0.3910 -0.2860
vn 0.6320 0.7743 0.0315
vn 0.5548 0.8310 -0.0398
vn -0.0551 0.8000 0.5975
vn 0.2978 0.8068 0.5103
vn -0.3008 0.9516 -0.0624
vn -0.2806 0.9509 -0.1307
vn -0.2533 0.9614 -0.1077
vn -0.2843 0.9411 -0.1832
vn -0.3137 0.9495 -0.0111
vn -0.3399 0.9398 -0.0365
vn -0.9389 -0.1825 -0.2917
vn -0.9165 -0.1567 -0.3681
vn -0.6383 0.7654 0.0821
vn -0.7594 0.6210 0.1940
vn -0.5745 0.8164 -0.0586
vn -0.9660 -0.2076 -0.1541
vn -0.3411 0.9392 0.0386
vn -0.9231 -0.0354 -0.3828
vn -0.1491 -0.8414 -0.5195
vn -0.2559 -0.4073 -0.8767
vn -0.2383 0.8249 -0.5125
vn -0.3415 -0.9393 0.0338
vn -0.3917 -0.9200 0.0109
vn -0.4328 -0.9010 0.0312
vn -0.6472 -0.6801 0.3444
vn -0.6206 -0.7841 0.0066
vn -0.6358 -0.7677 0.0795
vn -0.8088 -0.5871 -0.0341
vn -0.9467 0.2930 0.1342
vn -0.9471 0.3035 0.1044
vn -0.9414 0.3333 0.0520
vn -0.4004 -0.9108 0.1001
vn -0.8959 0.4278 0.1197
vn -0.8951 0.4058 0.1849
vn -0.7963 0.5921 0.1241
vn -0.7536 0.6490 0.1041
vn -0.6759 0.7308 0.0950
vn -0.6289 0.7694 0.1123
vn -0.4846 0.8624 0.1462
vn -0.4964 0.8640 0.0847
vn -0.5579 0.8184 0.1381
vn -0.9540 -0.2696 0.1309
vn -0.9495 -0.2394 0.2027
vn -0.9747 -0.1882 0.1207
vn -0.3854 0.9123 0.1388
vn -0.5148 0.8508 0.1050
vn -0.6930 0.0660 0.7179
vn -0.8855 0.0827 0.4572
vn -0.8257 -0.4479 0.3428
vn -0.8656 -0.3812 0.3247
vn -0.8476 -0.4590 0.2660
vn -0.9445 -0.1175 0.3069
vn -0.9630 -0.1220 0.2401
vn -0.9412 -0.1938 0.2767
vn -0.3595 0.9097 0.2079
vn -0.5659 0.7853 0.2510
vn -0.9434 0.0782 0.3223
vn -0.9749 0.0174 0.2221
vn -0.9554 0.2363 0.1772
vn -0.8779 0.3097 0.3652
vn -0.8555 0.3958 0.3338
vn -0.8658 0.4305 0.2553
vn -0.6932 -0.6977 0.1809
vn -0.7161 -0.6586 0.2311
vn -0.7319 -0.6669 0.1402
vn -0.7291 0.4259 0.5358
vn -0.7890 0.4232 0.4454
vn -0.8345 0.3564 0.4203
vn -0.8442 0.2950 0.4475
vn -0.3785 -0.8772 0.2953
vn -0.4388 -0.8669 0.2367
vn -0.5069 -0.8186 0.2700
vn -0.5589 -0.7973 0.2280
vn -0.5528 -0.7349 0.3929
vn -0.6287 -0.6816 0.3743
vn -0.6009 -0.7340 0.3165
vn -0.6611 0.6222 0.4193
vn -0.6523 -0.6975 0.2965
vn -0.7129 -0.5154 0.4755
vn -0.7709 -0.4315 0.4685
vn -0.8318 -0.1033 0.5454
vn -0.8154 -0.0526 0.5766
vn -0.8602 -0.0464 0.5078
vn -0.8960 -0.0168 0.4437
vn -0.4929 0.7980 0.3466
vn -0.3374 0.8928 0.2984
vn -0.4104 0.8679 0.2798
vn -0.3690 0.8661 0.3371
vn -0.7487 -0.3255 0.5775
vn -0.7905 -0.3541 0.4997
vn -0.6933 -0.2619 0.6713
vn -0.7082 -0.1915 0.6796
vn -0.7395 -0.2622 0.6200
vn -0.6932 -0.3176 0.6470
vn -0.1821 0.9643 0.1924
vn -0.2273 0.9481 0.2224
vn -0.3036 0.9104 0.2809
vn -0.4179 0.7758 0.4727
vn -0.7574 0.1498 0.6355
vn -0.7419 0.1690 0.6489
vn -0.7275 0.0891 0.6803
vn -0.7378 0.2846 0.6121
vn -0.7375 0.2359 0.6328
vn -0.6675 0.4576 0.5874
vn -0.5005 -0.7748 0.3863
vn -0.4683 -0.7728 0.4284
vn -0.5960 0.5921 0.5423
vn -0.5474 0.6249 0.5565
vn -0.6105 -0.6693 0.4235
vn -0.5615 0.6974 0.4453
vn -0.5533 0.7295 0.4022
vn -0.4792 0.7588 0.4412
vn -0.4243 0.7992 0.4257
vn -0.5157 0.7740 0.3674
vn -0.6197 -0.5301 0.5787
vn -0.3264 0.8617 0.3884
vn -0.3837 0.8353 0.3938
vn -0.5115 -0.2867 0.8100
vn -0.5377 -0.3173 0.7812
vn -0.5992 -0.1564 0.7852
vn -0.6127 -0.0943 0.7847
vn -0.6604 -0.1421 0.7373
vn -0.6348 -0.2238 0.7396
vn -0.5465 -0.0805 0.8336
vn -0.6050 -0.0455 0.7949
vn -0.1089 0.9721 0.2078
vn -0.1981 0.9406 0.2756
vn -0.2236 0.8250 0.5191
vn -0.7507 0.0366 0.6597
vn -0.6836 0.0057 0.7298
vn -0.5352 -0.3575 0.7654
vn -0.4890 -0.6603 0.5699
vn -0.6773 -0.1677 0.7163
vn -0.5305 -0.0944 0.8424
vn -0.4311 -0.8289 -0.3564
vn -0.6402 -0.5356 -0.5508
vn -0.6407 -0.6552 -0.4003
vn -0.7960 -0.5837 -0.1602
vn -0.9213 -0.3850 0.0538
vn -0.8230 0.3548 0.4436
vn -0.4886 0.8724 0.0107
vn -0.6840 0.6981 -0.2117
vn -0.6331 0.7118 -0.3042
vn -0.6736 0.4741 -0.5670
vn -0.7040 0.5334 -0.4689
vn -0.8952 0.1935 -0.4015
vn -0.7666 0.5011 0.4016
vn -0.3373 -0.8392 0.4265
vn -0.1093 0.9588 0.2620
vn -0.1876 0.9433 0.2739
vn -0.1505 0.9337 0.3249
vn -0.3606 -0.0122 0.9327
vn -0.4167 0.0290 0.9086
vn -0.4020 -0.0666 0.9132
vn -0.3236 -0.2892 0.9009
vn -0.3632 -0.3367 0.8688
vn 0.5078 0.4517 0.7335
vn -0.0004 0.9400 0.3412
vn 0.1335 0.9162 0.3778
vn 0.0575 0.9707 0.2333
vn -0.4338 0.4500 0.7806
vn -0.3407 -0.6271 0.7005
vn -0.3093 0.7481 0.5872
vn -0.3764 0.7436 0.5526
vn -0.3662 0.6984 0.6149
vn -0.4179 0.6950 0.5851
vn -0.3540 -0.4292 0.8309
vn -0.3919 -0.3759 0.8397
vn -0.2669 0.8089 0.5239
vn -0.2173 0.8526 0.4753
vn -0.2890 0.8467 0.4468
vn -0.1071 -0.7311 0.6738
vn -0.1689 -0.7480 0.6419
vn -0.1438 -0.6037 0.7841
vn -0.2175 -0.5449 0.8098
vn -0.1297 0.7499 0.6487
vn -0.1887 0.7740 0.6044
vn -0.2890 -0.5855 0.7574
vn -0.1908 -0.4784 0.8572
vn -0.2130 -0.4207 0.8819
vn -0.2774 -0.4561 0.8456
vn -0.1238 0.8779 0.4627
vn -0.1248 0.8512 0.5097
vn -0.3268 -0.2956 0.8977
vn -0.2961 -0.3707 0.8803
vn -0.0420 0.9290 0.3677
vn -0.1806 -0.0467 0.9824
vn -0.2376 0.0411 0.9705
vn -0.2541 -0.0530 0.9657
vn -0.2311 -0.1329 0.9638
vn -0.3105 -0.1073 0.9445
vn -0.3218 0.0531 0.9453
vn -0.1824 0.1125 0.9768
vn -0.2666 0.1079 0.9578
vn -0.2670 0.1774 0.9472
vn -0.2398 0.2952 0.9249
vn -0.1447 0.2194 0.9648
vn -0.2331 0.2509 0.9395
vn -0.1234 -0.8554 0.5030
vn -0.1061 -0.8179 0.5655
vn -0.1785 0.5136 0.8393
vn -0.2480 0.5317 0.8098
vn -0.2414 0.4533 0.8580
vn -0.0310 -0.1105 0.9934
vn -0.1138 -0.0973 0.9887
vn -0.0389 -0.9769 0.2103
vn 0.0210 -0.9712 0.2372
vn -0.0016 -0.9710 0.2391
vn -0.0492 0.2546 0.9658
vn 0.0300 -0.9254 0.3778
vn -0.0139 -0.9052 0.4248
vn -0.0644 -0.9250 0.3744
vn -0.0542 -0.8960 0.4406
vn -0.0346 -0.8696 0.4926
vn -0.0958 -0.8775 0.4698
vn -0.0059 0.5518 0.8339
vn -0.0116 0.4555 0.8902
vn -0.0573 -0.7946 0.6044
vn -0.1247 -0.7835 0.6088
vn -0.0560 0.6152 0.7864
vn 0.0142 0.6644 0.7473
vn -0.0943 0.6974 0.7105
vn -0.0029 0.7266 0.6870
vn -0.0569 0.7225 0.6891
vn -0.0413 -0.6585 0.7514
vn 0.0151 -0.2331 0.9723
vn 0.0366 -0.1695 0.9849
vn -0.0550 -0.1711 0.9837
vn -0.0019 0.9572 0.2895
vn 0.0716 0.6474 0.7588
vn -0.0051 0.4940 0.8694
vn -0.7400 -0.3059 0.5990
vn -0.9261 0.0373 0.3755
vn -0.9231 0.3517 0.1557
vn 0.0760 -0.5269 0.8465
vn 0.1551 -0.5418 0.8261
vn 0.1244 -0.4755 0.8709
vn 0.1599 -0.3462 0.9244
vn -0.3298 0.8816 0.3377
vn -0.4034 0.7962 0.4508
vn -0.3140 0.9455 -0.0856
vn -0.3745 0.9093 0.1815
vn -0.7384 0.6719 -0.0578
vn -0.5085 0.8068 -0.3010
vn -0.7258 0.6549 0.2104
vn -0.1249 0.9055 0.4056
vn 0.0332 0.9244 0.3799
vn 0.0386 0.9448 0.3253
vn 0.0931 0.9265 0.3647
vn 0.1748 0.8113 0.5579
vn 0.1954 0.6184 0.7612
vn -0.1576 0.7238 0.6718
vn 0.0385 0.0239 0.9990
vn 0.1153 -0.0469 0.9922
vn 0.1367 0.2587 0.9562
vn 0.1530 0.3062 0.9396
vn 0.0637 0.3212 0.9449
vn -0.3915 -0.8740 -0.2878
vn -0.8023 -0.5454 -0.2424
vn -0.6315 -0.7709 -0.0827
vn -0.0570 -0.8888 0.4548
vn -0.2661 -0.7238 0.6366
vn -0.5952 -0.6400 0.4860
vn -0.6542 -0.7286 0.2031
vn -0.2257 -0.8126 0.5374
vn -0.0561 -0.8439 0.5335
vn -0.9547 -0.2911 -0.0623
vn -0.8781 -0.4748 -0.0598
vn -0.7650 0.2084 0.6094
vn -0.1253 0.0074 0.9921
vn -0.7749 0.0720 0.6280
vn 0.1743 -0.9281 0.3291
vn 0.1130 -0.9714 0.2089
vn 0.1125 0.9205 0.3741
vn -0.0167 0.8967 0.4423
vn 0.2617 -0.0161 0.9650
vn 0.2435 0.1119 0.9634
vn 0.1266 -0.9517 0.2797
vn 0.0730 -0.9441 0.3216
vn 0.0444 -0.9609 0.2733
vn 0.2735 0.2649 0.9247
vn 0.2228 0.2482 0.9427
vn 0.1536 -0.9211 0.3578
vn 0.7607 -0.4934 -0.4218
vn 0.9816 -0.1420 0.1273
vn 0.0771 -0.9921 -0.0989
vn 0.2708 -0.5055 0.8192
vn 0.8072 0.2217 0.5470
vn 0.6772 0.3045 0.6698
vn 0.6909 -0.5358 -0.4854
vn 0.1544 -0.7325 -0.6630
vn 0.4829 -0.7071 -0.5166
vn -0.5394 -0.6776 -0.4999
vn -0.0886 -0.7733 -0.6278
vn 0.0668 -0.7330 -0.6770
vn 0.7335 -0.6046 0.3106
vn 0.5845 -0.6496 0.4862
vn 0.8372 -0.2768 0.4716
vn 0.9245 -0.3351 0.1814
vn 0.6071 -0.7561 0.2444
vn 0.8118 -0.5838 0.0128
vn 0.6801 -0.7165 -0.1555
vn 0.4226 -0.8348 -0.3529
vn 0.7930 -0.5506 -0.2609
vn 0.8753 0.0161 0.4833
vn 0.6014 -0.1575 0.7833
vn 0.2273 0.5376 0.8120
vn 0.2109 0.6065 0.7666
vn 0.1539 0.5815 0.7989
vn 0.2876 0.5166 0.8065
vn 0.2552 -0.6516 0.7144
vn 0.7766 -0.1180 0.6189
vn 0.4119 -0.2454 0.8775
vn 0.4604 -0.3781 0.8032
vn 0.1898 0.5153 0.8358
vn 0.1949 0.2379 0.9515
vn 0.3035 0.7397 0.6007
vn 0.4341 0.5858 0.6844
vn 0.4264 0.3843 0.8188
vn 0.2587 0.6378 0.7254
vn 0.8352 0.5499 0.0083
vn 0.7321 0.6241 -0.2729
vn 0.8815 0.4504 -0.1418
vn 0.9818 0.0707 0.1760
vn 0.9450 0.1921 0.2648
vn 0.2364 -0.5022 0.8318
vn 0.2950 -0.5256 0.7980
vn 0.2257 -0.5673 0.7920
vn 0.6228 0.7632 -0.1721
vn 0.3269 0.9357 -0.1328
vn 0.4308 0.8195 -0.3781
vn 0.2919 -0.2794 0.9147
vn 0.2560 -0.3315 0.9081
vn 0.1103 0.9559 0.2720
vn 0.1144 0.9390 0.3243
vn 0.3237 -0.1400 0.9358
vn 0.2816 -0.0928 0.9550
vn 0.3834 -0.6610 0.6450
vn 0.2964 -0.7128 0.6357
vn 0.3461 0.7608 0.5490
vn 0.4264 -0.4898 0.7604
vn 0.3592 -0.4591 0.8125
vn 0.4418 -0.4188 0.7934
vn 0.0786 -0.9765 0.2008
vn 0.1171 -0.9759 0.1841
vn 0.5769 -0.1840 0.7958
vn 0.1387 -0.9894 0.0433
vn 0.1636 -0.9386 0.3039
vn -0.3424 -0.7416 0.5768
vn 0.2220 0.2165 0.9507
vn -0.5295 -0.0809 0.8444
vn -0.2125 -0.8313 0.5136
vn -0.2360 -0.5041 0.8308
vn 0.0965 -0.9656 0.2413
vn 0.1496 -0.9643 0.2185
vn 0.1800 -0.9490 0.2587
vn -0.0030 0.5825 0.8128
vn 0.0564 0.4112 0.9098
vn 0.2101 0.9684 0.1347
vn 0.4747 0.5254 0.7061
vn 0.4117 0.4706 0.7804
vn 0.8356 -0.1750 0.5207
vn 0.7297 -0.2411 0.6399
vn 0.6686 -0.1183 0.7341
vn 0.6008 -0.4496 0.6610
vn 0.8893 0.2391 0.3899
vn 0.9347 0.1493 0.3227
vn 0.8714 0.3732 0.3184
vn 0.9779 0.2040 -0.0450
vn 0.2134 -0.9245 0.3157
vn 0.2923 -0.9041 0.3116
vn 0.2594 -0.8919 0.3704
vn 0.3968 -0.8353 0.3805
vn 0.4482 -0.7983 0.4023
vn 0.3626 -0.8148 0.4523
vn 0.5755 -0.4086 0.7085
vn 0.5258 -0.3705 0.7657
vn 0.6211 -0.3571 0.6977
vn 0.2279 0.8853 0.4054
vn 0.6973 -0.5052 0.5084
vn 0.6158 -0.5372 0.5764
vn 0.6648 -0.5582 0.4964
vn 0.7485 -0.3822 0.5419
vn 0.7273 -0.1318 0.6735
vn 0.8122 -0.1022 0.5743
vn 0.8320 0.0077 0.5548
vn 0.2426 -0.9544 0.1738
vn 0.2175 -0.9504 0.2221
vn 0.1931 -0.9716 0.1368
vn 0.7529 0.2016 0.6265
vn 0.8112 0.2561 0.5256
vn 0.6661 0.4556 0.5906
vn 0.8503 0.2314 0.4726
vn 0.8294 0.1725 0.5313
vn 0.8783 0.1679 0.4477
vn 0.8840 0.2362 0.4033
vn 0.6912 -0.6691 0.2732
vn 0.7222 0.5618 0.4035
vn 0.2324 -0.9655 0.1173
vn 0.4633 0.8809 0.0969
vn 0.4857 0.8582 0.1663
vn 0.5255 0.8423 0.1202
vn 0.8522 -0.3608 0.3790
vn 0.9281 -0.2643 0.2623
vn 0.9570 -0.2005 0.2094
vn 0.9493 -0.1842 0.2549
vn 0.9123 -0.2338 0.3362
vn 0.2327 -0.9710 0.0551
vn 0.2168 -0.9714 0.0968
vn 0.9624 0.1901 0.1939
vn 0.9325 0.2403 0.2695
vn 0.9502 0.1594 0.2680
vn 0.9174 0.1873 0.3511
vn 0.8995 0.2825 0.3332
vn 0.3822 -0.9197 0.0895
vn 0.4853 -0.8694 0.0931
vn 0.7236 -0.6595 0.2038
vn 0.5893 0.7949 0.1445
vn 0.5495 0.8124 0.1950
vn 0.6011 0.7700 0.2140
vn 0.8247 -0.5191 0.2244
vn 0.7998 -0.5284 0.2848
vn 0.8072 0.5883 0.0482
vn 0.8587 0.5099 0.0523
vn 0.5672 -0.8231 0.0261
vn 0.6116 -0.7887 0.0618
vn 0.5435 -0.8331 0.1027
vn 0.6100 -0.7818 0.1290
vn 0.7431 0.6602 0.1091
vn 0.8195 -0.5720 0.0352
vn 0.5663 0.8112 0.1458
vn 0.6014 0.7975 0.0475
vn 0.6426 0.7610 0.0887
vn 0.3883 0.9215 -0.0093
vn 0.3223 0.9466 -0.0015
vn 0.3537 0.9334 0.0601
vn 0.9869 -0.1606 0.0140
vn 0.9790 0.0262 0.2023
vn 0.9861 0.0015 0.1660
vn 0.3027 0.1645 0.9388
vn 0.3063 0.5384 0.7850
vn 0.3415 -0.3021 0.8900
vn 0.4683 -0.5971 0.6513
vn 0.7177 0.6034 0.3474
vn 0.9241 0.3733 0.0814
vn 0.8280 0.3899 0.4030
vn 0.5778 0.4997 0.6454
vn 0.7486 0.2806 0.6007
vn 0.9688 0.1404 0.2041
vn 0.8929 0.1159 0.4351
vn 0.2474 -0.9678 0.0467
vn 0.2491 -0.9685 0.0037
vn 0.9180 0.3967 0.0016
vn 0.9361 0.3444 0.0714
vn 0.9512 0.3063 0.0380
vn 0.9424 -0.3108 -0.1234
vn 0.9493 -0.3119 -0.0403
vn 0.9196 -0.3339 -0.2070
vn 0.8930 -0.4068 -0.1926
vn 0.9587 -0.2712 -0.0853
vn 0.9538 -0.1411 -0.2653
vn 0.2701 -0.9624 -0.0280
vn 0.2048 -0.9140 0.3503
vn 0.9736 -0.0086 -0.2281
vn 0.9142 -0.0258 -0.4043
vn 0.9355 0.1380 -0.3253
vn 0.9617 0.1596 -0.2230
vn 0.9380 0.2713 -0.2157
vn 0.6879 0.3843 -0.6157
vn 0.9316 0.3533 -0.0847
vn 0.9517 0.2523 -0.1751
vn 0.8930 0.4493 -0.0249
vn -0.4339 -0.8580 0.2750
vn -0.1804 -0.9770 0.1139
vn -0.5750 -0.7881 -0.2197
vn -0.5827 -0.7448 0.3252
vn 0.9656 -0.0637 -0.2522
vn 0.9922 0.0045 0.1247
vn 0.8917 0.3139 -0.3262
vn -0.6142 0.7036 0.3574
vn 0.7627 -0.4089 -0.5010
vn 0.8831 -0.0209 0.4688
vn 0.4234 -0.0809 0.9023
vn 0.5619 -0.2497 0.7886
vn 0.2704 -0.4760 0.8369
vn 0.8091 -0.3334 0.4840
vn 0.5688 -0.5567 0.6054
vn 0.8655 0.4927 -0.0899
vn 0.8293 0.4137 0.3756
vn 0.8207 0.4702 0.3247
vn 0.9864 0.1404 -0.0854
vn 0.2690 0.8930 0.3607
vn 0.5067 0.8621 0.0034
vn -0.0628 0.9757 0.2098
vn -0.3837 0.5752 0.7225
vn -0.0544 0.4781 0.8766
vn -0.4012 0.4937 0.7715
vn 0.5228 0.8501 -0.0626
vn 0.5118 0.8482 -0.1364
vn 0.2738 0.9596 0.0655
vn 0.8709 -0.4755 -0.1241
vn 0.8709 -0.4910 -0.0225
vn 0.8516 -0.5157 -0.0941
vn 0.4966 0.8678 -0.0176
vn 0.5654 0.8248 0.0017
vn 0.4378 0.8988 -0.0234
vn 0.8716 0.4495 -0.1954
vn 0.8301 0.4801 -0.2838
vn 0.8254 0.4508 -0.3399
vn 0.5206 -0.8085 -0.2744
vn 0.5406 -0.8085 -0.2326
vn 0.5584 -0.7716 -0.3046
vn 0.6815 0.6371 -0.3600
vn 0.6203 0.5546 -0.5546
vn 0.7730 0.5209 -0.3621
vn 0.6043 -0.3712 -0.7050
vn 0.0554 -0.1045 -0.9930
vn 0.3431 -0.3646 -0.8656
vn 0.8811 0.0300 -0.4720
vn 0.5900 -0.7842 -0.1919
vn 0.4629 -0.6450 -0.6080
vn 0.6701 -0.6164 -0.4136
vn 0.2449 0.7593 -0.6030
vn 0.1637 0.8613 -0.4811
vn -0.1433 0.8595 -0.4906
vn -0.4798 0.5562 -0.6785
vn 0.5464 0.7939 -0.2669
vn 0.5119 0.8298 -0.2221
vn 0.4913 0.7993 -0.3460
vn 0.8287 -0.4294 -0.3590
vn 0.8570 -0.3761 -0.3524
vn 0.8588 -0.4309 -0.2772
vn 0.4096 0.8940 -0.1815
vn 0.5265 0.8224 -0.2157
vn 0.9459 -0.1379 -0.2937
vn 0.9268 -0.1797 -0.3298
vn 0.9106 -0.0939 -0.4024
vn 0.9432 -0.0610 -0.3267
vn 0.9360 0.0865 -0.3412
vn 0.9353 0.2420 -0.2581
vn 0.9053 0.2804 -0.3189
vn 0.8798 0.2777 -0.3858
vn 0.8785 0.3480 -0.3273
vn 0.9197 -0.1371 -0.3679
vn 0.7629 -0.5798 -0.2861
vn 0.6494 -0.7186 -0.2489
vn 0.8355 0.5491 -0.0218
vn 0.8887 0.2148 0.4052
vn 0.6823 0.1607 0.7132
vn 0.8528 0.0824 -0.5156
vn 0.8448 0.0095 -0.5351
vn 0.2251 -0.9637 -0.1432
vn 0.2365 -0.9673 -0.0915
vn 0.3286 -0.9105 -0.2509
vn 0.3426 -0.9260 -0.1584
vn 0.7435 0.4064 -0.5311
vn 0.7445 0.4679 -0.4762
vn 0.7832 0.4085 -0.4687
vn 0.7115 0.4838 -0.5096
vn 0.6797 0.5478 -0.4877
vn 0.7176 0.5508 -0.4263
vn 0.5437 -0.7514 -0.3738
vn 0.5862 -0.6891 -0.4261
vn 0.5940 -0.7278 -0.3428
vn 0.5240 -0.7866 -0.3267
vn 0.5666 -0.7725 -0.2868
vn 0.5917 0.7382 -0.3239
vn 0.7591 -0.5271 -0.3819
vn 0.8115 -0.4820 -0.3303
vn 0.7971 -0.5321 -0.2855
vn 0.7984 -0.4037 -0.4468
vn 0.7784 -0.4697 -0.4165
vn 0.8117 -0.3289 -0.4827
vn 0.8388 -0.3524 -0.4150
vn 0.7630 -0.3864 -0.5181
vn 0.8224 -0.1832 -0.5386
vn 0.5242 -0.6807 -0.5117
vn 0.5230 -0.7304 -0.4393
vn 0.5121 0.7011 -0.4962
vn 0.6685 -0.4311 -0.6060
vn 0.3674 0.8659 -0.3394
vn 0.7268 -0.3584 -0.5860
vn 0.6720 -0.3694 -0.6419
vn 0.7185 -0.0396 -0.6944
vn 0.8084 0.0587 -0.5857
vn 0.8022 0.2521 -0.5413
vn 0.6945 0.2780 -0.6636
vn 0.7471 0.2279 -0.6244
vn 0.7174 0.1968 -0.6683
vn 0.2718 -0.9156 -0.2962
vn 0.6567 0.5189 -0.5473
vn 0.7083 -0.1925 -0.6792
vn 0.9087 0.3390 -0.2437
vn 0.6816 0.0480 -0.7302
vn 0.2606 -0.9023 -0.3434
vn 0.5224 0.3353 -0.7840
vn 0.5289 0.4013 -0.7478
vn 0.4193 -0.8043 -0.4210
vn 0.3426 -0.8139 -0.4692
vn 0.4173 0.7244 -0.5488
vn 0.3279 0.7873 -0.5222
vn 0.3402 0.8131 -0.4724
vn 0.4034 0.7838 -0.4722
vn 0.2478 0.8848 -0.3946
vn 0.2907 0.8985 -0.3290
vn 0.5781 -0.3624 -0.7311
vn 0.6207 -0.4085 -0.6692
vn 0.5553 -0.3041 -0.7740
vn 0.3821 0.5087 -0.7715
vn 0.3194 0.5596 -0.7648
vn 0.3817 0.5781 -0.7212
vn 0.4519 0.7230 -0.5225
vn 0.4208 -0.6687 -0.6130
vn 0.3508 -0.6362 -0.6871
vn 0.3372 -0.7115 -0.6165
vn 0.3496 0.7494 -0.5623
vn 0.2993 0.7508 -0.5889
vn 0.2470 0.8053 -0.5389
vn 0.3467 -0.4905 -0.7995
vn 0.3070 -0.4175 -0.8552
vn 0.3869 -0.4390 -0.8109
vn 0.3562 -0.3846 -0.8516
vn 0.3669 -0.3358 -0.8675
vn 0.4369 -0.3697 -0.8200
vn 0.4209 -0.3065 -0.8538
vn 0.1896 0.9325 -0.3074
vn 0.1543 0.9608 -0.2302
vn 0.4032 -0.1479 -0.9031
vn 0.5904 -0.6128 -0.5252
vn 0.4742 -0.8705 -0.1319
vn 0.5763 -0.8149 0.0618
vn 0.8429 -0.5075 0.1788
vn -0.4072 -0.7712 -0.4894
vn -0.4669 -0.7787 -0.4190
vn 0.1926 -0.8344 -0.5164
vn -0.4633 -0.5288 -0.7111
vn -0.6386 0.6311 -0.4405
vn -0.6607 0.5045 -0.5559
vn 0.1645 -0.9572 -0.2381
vn 0.1789 -0.9326 -0.3134
vn 0.5236 0.5180 -0.6764
vn 0.4548 0.3618 -0.8138
vn 0.5587 0.3488 -0.7525
vn 0.2438 0.2963 -0.9235
vn 0.3245 0.3055 -0.8952
vn 0.3404 0.3697 -0.8646
vn 0.4018 0.3333 -0.8529
vn 0.3923 0.3751 -0.8399
vn 0.4685 0.3743 -0.8003
vn 0.3818 0.4282 -0.8191
vn 0.2407 0.0021 -0.9706
vn 0.2509 -0.0058 -0.9680
vn 0.1848 0.0488 -0.9816
vn 0.2973 0.1811 -0.9375
vn 0.2635 0.2498 -0.9318
vn 0.2185 0.4153 -0.8831
vn 0.9659 0.1296 -0.2243
vn 0.9010 -0.3971 0.1746
vn 0.5076 -0.8612 -0.0262
vn 0.4847 -0.8447 -0.2272
vn 0.1787 0.2171 -0.9597
vn 0.6055 -0.5737 -0.5516
vn 0.9498 -0.1544 -0.2722
vn 0.7672 0.0406 -0.6402
vn 0.8534 -0.2216 -0.4719
vn 0.7318 -0.4582 -0.5045
vn 0.5910 -0.4042 -0.6980
vn 0.5582 -0.5686 -0.6042
vn 0.3788 -0.5900 -0.7130
vn 0.6207 0.0674 -0.7812
vn 0.6829 0.7009 -0.2057
vn 0.3268 0.7642 -0.5561
vn 0.7843 0.6202 0.0149
vn 0.0263 0.9735 0.2271
vn 0.2842 0.9541 0.0948
vn 0.3320 0.9074 0.2576
vn 0.4734 0.8041 -0.3595
vn 0.3896 0.8217 0.4160
vn 0.8435 0.5034 0.1871
vn 0.5972 0.7578 0.2626
vn 0.8526 0.5150 0.0892
vn 0.2498 0.9330 -0.2590
vn 0.2154 -0.4470 -0.8682
vn 0.1841 0.8519 -0.4903
vn 0.2022 -0.3230 -0.9246
vn 0.2411 -0.1757 -0.9545
vn 0.0980 0.9286 -0.3579
vn 0.1857 -0.0089 -0.9826
vn 0.2275 -0.8401 -0.4923
vn 0.4467 -0.2391 -0.8621
vn 0.2840 -0.3250 -0.9021
vn 0.5818 -0.2745 -0.7656
vn 0.1425 -0.8803 -0.4525
vn 0.1263 -0.4526 -0.8827
vn 0.1079 -0.7490 -0.6537
vn 0.3738 0.3012 -0.8772
vn -0.0140 0.1066 -0.9942
vn -0.0097 0.2778 -0.9606
vn 0.0202 0.3670 -0.9300
vn 0.0603 0.3082 -0.9494
vn -0.0115 -0.9256 -0.3783
vn 0.0212 0.5200 -0.8539
vn 0.0208 0.4484 -0.8936
vn -0.0317 0.5018 -0.8644
vn -0.3365 -0.8935 -0.2973
vn -0.5997 -0.7969 -0.0734
vn -0.2872 -0.9569 -0.0419
vn 0.0743 -0.9826 -0.1701
vn -0.2148 -0.8364 -0.5043
vn -0.3787 -0.1244 -0.9171
vn -0.9175 0.1807 -0.3544
vn -0.9006 0.2875 -0.3260
vn -0.3143 0.6699 -0.6726
vn -0.8912 0.3038 -0.3368
vn -0.6315 -0.4057 -0.6607
vn -0.6038 -0.0723 -0.7939
vn -0.9673 0.2533 0.0154
vn -0.8749 0.4835 -0.0258
vn -0.1274 0.8930 0.4317
vn -0.6205 0.7241 0.3011
vn -0.0392 -0.4575 -0.8883
vn 0.0524 -0.4580 -0.8874
vn 0.0356 -0.5073 -0.8610
vn 0.1107 -0.4173 -0.9020
vn 0.0417 -0.2857 -0.9574
vn 0.0306 0.0042 -0.9995
vn -0.1458 -0.3028 -0.9418
vn -0.0880 -0.5018 -0.8605
vn -0.8194 -0.5707 -0.0531
vn -0.9264 -0.2942 -0.2352
vn -0.9326 -0.3601 -0.0250
vn -0.7669 -0.4926 -0.4114
vn 0.2797 0.6960 -0.6614
vn 0.0004 0.9573 -0.2890
vn 0.0656 0.9479 -0.3116
vn 0.9549 0.2860 -0.0793
vn 0.5280 0.2706 -0.8050
vn 0.6422 -0.7046 0.3018
vn 0.0197 0.1778 -0.9839
vn 0.1039 0.0047 -0.9946
vn -0.5587 -0.7082 -0.4316
vn -0.4657 -0.8145 -0.3459
vn 0.9602 -0.1380 0.2427
vn 0.9892 -0.1040 0.1035
vn 0.9908 -0.0698 0.1159
vn 0.9431 0.2592 0.2084
vn 0.4027 -0.1933 -0.8947
vn 0.3666 -0.5032 -0.7825
vn 0.1479 -0.3517 -0.9243
vn -0.0669 -0.6926 -0.7183
vn 0.2526 0.8321 -0.4937
vn 0.4511 0.7523 -0.4801
vn 0.7280 0.1356 -0.6721
vn 0.7774 0.3381 -0.5304
vn 0.9113 0.4015 -0.0911
vn 0.7824 -0.1614 -0.6015
vn 0.8299 -0.0891 -0.5508
vn 0.4991 0.7802 -0.3772
vn 0.5461 0.7721 -0.3251
vn 0.5601 0.7311 -0.3896
vn 0.6578 0.6274 -0.4166
vn 0.6881 0.6215 -0.3746
vn 0.9527 0.0476 -0.3002
vn 0.9526 0.1242 -0.2776
vn 0.3650 0.9215 -0.1324
vn 0.3691 0.9266 -0.0725
vn 0.7446 -0.5660 -0.3538
vn 0.8725 0.0886 -0.4806
vn 0.6410 0.0617 -0.7651
vn -0.0436 0.8406 0.5399
vn 0.8769 -0.3612 0.3170
vn 0.8140 0.5706 0.1089
vn 0.5173 0.1526 -0.8421
vn 0.3160 0.1349 -0.9391
vn 0.6706 0.1082 0.7339
vn 0.0959 0.6118 0.7852
vn 0.6743 -0.5408 -0.5029
vn 0.9136 0.3907 0.1124
vn 0.9532 0.2656 0.1446
vn 0.9749 0.1644 0.1501
vn 0.5978 0.7958 0.0966
vn 0.4399 -0.8965 0.0521
vn 0.6582 0.7162 0.2319
vn 0.7269 0.6445 0.2370
vn 0.6006 -0.7711 0.2115
vn 0.9186 0.0469 0.3924
vn 0.3106 0.9355 0.1682
vn 0.2880 0.9559 0.0584
vn 0.2807 0.9521 0.1212
vn 0.8785 -0.2879 0.3813
vn 0.8522 -0.0743 0.5179
vn 0.4214 0.8586 0.2921
vn 0.7588 0.5138 0.4004
vn 0.4705 -0.8562 0.2136
vn 0.4347 -0.8638 0.2547
vn 0.8386 0.3935 0.3766
vn 0.8054 0.4170 0.4212
vn 0.8064 0.1302 0.5768
vn 0.7118 -0.0700 0.6989
vn 0.6499 -0.3072 0.6951
vn 0.6468 -0.2441 0.7225
vn 0.4122 0.7352 0.5382
vn 0.5592 0.7526 -0.3478
vn 0.9275 -0.0595 0.3691
vn 0.9970 -0.0604 0.0482
vn -0.0373 0.8403 0.5408
vn -0.0984 0.6848 0.7220
vn 0.0714 0.9671 0.2441
vn 0.4080 0.9075 0.1000
vn 0.2103 0.9182 0.3357
vn 0.0367 0.9993 -0.0082
vn -0.0742 0.9834 0.1655
vn 0.5101 0.6812 -0.5251
vn -0.1972 -0.4480 0.8720
vn -0.0679 -0.3741 0.9249
vn 0.9545 -0.2891 -0.0735
vn -0.7213 0.0168 0.6925
vn 0.2420 0.4627 0.8528
vn 0.1746 0.4895 0.8543
vn 0.2251 0.4170 0.8806
vn 0.1720 0.0901 0.9810
vn -0.8865 -0.3900 0.2493
vn 0.1226 0.1300 0.9839
vn -0.0280 0.9667 0.2542
vn -0.0371 -0.3203 0.9466
vn -0.0647 -0.2661 0.9618
vn -0.1214 -0.3317 0.9355
vn -0.1520 0.5668 0.8097
vn -0.2126 0.6011 0.7704
vn -0.0931 0.5696 0.8166
vn -0.1020 0.9293 0.3548
vn -0.0295 -0.0287 0.9992
vn -0.0427 0.9765 0.2112
vn -0.3028 -0.0378 0.9523
vn -0.2576 -0.6508 0.7142
vn -0.3020 0.5719 0.7627
vn -0.4033 -0.2509 0.8800
vn -0.4387 -0.1604 0.8842
vn -0.2620 0.8764 0.4041
vn -0.4124 -0.6361 0.6522
vn -0.2042 -0.9045 0.3744
vn -0.1786 -0.8785 0.4431
vn -0.1227 -0.9730 0.1953
vn -0.1078 -0.9603 0.2574
vn -0.1641 -0.9528 0.2555
vn -0.0819 0.9746 0.2083
vn -0.1236 0.9740 0.1901
vn -0.4766 -0.0602 0.8771
vn -0.6521 0.7572 0.0374
vn -0.8024 0.5640 0.1953
vn -0.9139 0.3860 -0.1253
vn -0.8708 -0.3498 -0.3454
vn -0.8764 -0.0556 -0.4783
vn -0.6817 -0.0746 0.7278
vn -0.7261 -0.1250 0.6762
vn -0.6314 -0.2866 0.7206
vn -0.6048 -0.3435 0.7185
vn -0.6547 -0.3771 0.6551
vn -0.2545 0.9241 0.2849
vn -0.2972 0.8941 0.3350
vn -0.4286 0.7566 0.4939
vn -0.4973 0.7201 0.4839
vn -0.5152 -0.6182 0.5936
vn -0.3767 -0.8479 0.3730
vn -0.7761 -0.1341 0.6162
vn -0.8072 -0.1701 0.5652
vn -0.8212 -0.2284 0.5230
vn -0.8804 0.2489 0.4037
vn -0.9191 0.2288 0.3207
vn -0.6081 -0.7704 0.1916
vn -0.6052 -0.7871 0.1195
vn -0.2923 -0.9542 0.0632
vn -0.8776 -0.4094 0.2493
vn -0.1186 -0.0585 0.9912
vn -0.0831 0.3909 0.9167
vn -0.2751 -0.0736 0.9586
vn -0.9278 -0.3417 0.1498
vn -0.7059 0.6946 0.1388
vn -0.7179 0.6935 0.0609
vn -0.8734 0.4794 0.0857
vn -0.8761 0.4796 -0.0499
vn -0.9095 0.4151 -0.0210
vn -0.7591 -0.4692 0.4513
vn -0.4407 -0.8949 0.0700
vn -0.3453 -0.8986 0.2709
vn -0.9118 0.3514 -0.2123
vn -0.9318 0.3205 -0.1705
vn -0.9113 0.3020 -0.2799
vn -0.6972 0.6701 0.2548
vn -0.9651 -0.1858 -0.1848
vn -0.9600 -0.1553 -0.2330
vn -0.9551 -0.1375 -0.2626
vn -0.4589 0.8780 0.1364
vn -0.3837 0.9213 0.0632
vn -0.2352 0.9265 0.2938
vn -0.4134 0.7860 0.4598
vn -0.4001 -0.9119 -0.0917
vn 0.1305 0.8440 0.5202
vn 0.3398 0.8607 -0.3790
vn 0.3004 0.9515 0.0661
vn 0.2114 0.9513 -0.2244
vn -0.7172 0.6314 -0.2949
vn -0.7259 0.5899 -0.3537
vn -0.2674 -0.9597 0.0864
vn -0.0907 -0.9456 0.3126
vn -0.1275 -0.9918 0.0072
vn -0.9337 0.2028 -0.2951
vn -0.8880 0.0307 -0.4589
vn -0.3318 0.9079 -0.2563
vn -0.2624 0.9199 -0.2913
vn -0.7634 -0.4683 -0.4449
vn -0.6209 0.5468 -0.5617
vn -0.4824 0.6113 -0.6274
vn -0.5038 0.7561 -0.4178
vn -0.2314 0.9560 -0.1803
vn -0.7381 -0.5671 -0.3656
vn -0.9334 -0.3130 -0.1756
vn -0.1596 0.9541 -0.2532
vn -0.5309 -0.4662 -0.7077
vn -0.4794 -0.4802 -0.7345
vn -0.1085 -0.9609 -0.2547
vn -0.1121 0.8572 -0.5026
vn -0.2322 0.9349 -0.2685
vn -0.4190 -0.1334 -0.8981
vn -0.3866 -0.6136 -0.6885
vn -0.1763 0.9405 -0.2906
vn -0.1621 -0.1405 -0.9767
vn -0.1184 -0.6698 -0.7330
vn 0.0321 0.0054 -0.9995
vn -0.0572 -0.2677 -0.9618
vn -0.0260 0.0144 -0.9996
vn -0.3534 0.7813 -0.5146
vn -0.3399 0.8131 -0.4725
vn 0.1206 -0.2485 -0.9611
vn -0.8598 -0.3175 0.3999
vn -0.3704 -0.1863 -0.9100
vn -0.3691 -0.2613 -0.8919
vn -0.5111 0.5577 -0.6540
vn -0.4949 0.5223 -0.6945
vn -0.7884 0.3217 -0.5244
vn -0.7355 0.5365 -0.4138
vn 0.4208 -0.7918 -0.4428
vn -0.8365 -0.4806 -0.2631
vn 0.1812 0.3373 -0.9238
vn -0.9500 -0.2779 -0.1425
vn -0.7087 -0.7030 0.0588
vn -0.5787 -0.6656 0.4712
vn -0.5421 -0.4587 0.7041
vn -0.3738 -0.5310 0.7604
vn -0.6524 -0.7226 0.2287
vn -0.8964 -0.1558 0.4149
vn -0.7670 -0.2072 0.6073
vn -0.2957 0.9213 0.2525
vn -0.4342 -0.6364 0.6375
vn -0.1152 -0.9924 0.0438
vn -0.4422 0.6513 0.6167
vn -0.1809 -0.6525 0.7359
vn -0.1866 0.3132 0.9312
vn 0.0430 -0.0774 0.9961
vn -0.0009 0.3881 0.9216
vn -0.0224 0.3336 0.9424
vn 0.3602 -0.6509 0.6683
vn 0.1363 0.7299 -0.6698
vn -0.5480 0.6201 -0.5614
vn 0.1796 -0.2031 0.9626
vn 0.5621 0.7983 0.2161
vn 0.3939 0.4964 0.7736
vn 0.3442 0.4936 0.7987
vn 0.5021 -0.7374 -0.4518
vn 0.5211 -0.7471 -0.4128
vn 0.4926 -0.2051 0.8458
vn 0.4891 -0.7308 0.4761
vn 0.2758 -0.7986 0.5350
vn 0.7463 0.0080 0.6656
vn 0.5866 -0.6544 0.4773
vn 0.2764 -0.9359 0.2183
vn 0.3123 -0.9166 0.2494
vn 0.2455 -0.9286 0.2783
vn 0.6124 -0.5949 0.5206
vn 0.5641 -0.6020 0.5651
vn 0.7656 -0.4195 0.4877
vn 0.8786 -0.0297 0.4767
vn 0.6598 0.6800 0.3198
vn 0.6927 0.6649 0.2794
vn 0.7963 -0.5051 0.3328
vn 0.8191 -0.5629 0.1105
vn 0.7999 -0.5689 0.1910
vn 0.8867 0.4291 0.1722
vn 0.9224 0.3480 0.1675
vn 0.1310 -0.9464 0.2952
vn 0.8357 0.5476 0.0408
vn -0.6664 -0.7164 -0.2065
vn -0.4329 -0.7008 -0.5670
vn 0.3060 -0.1229 -0.9441
vn 0.8852 -0.0306 -0.4643
vn -0.1893 0.3743 -0.9078
vn 0.3654 0.9083 -0.2039
vn 0.4795 -0.5401 -0.6916
vn 0.5574 0.7286 -0.3980
vn 0.7118 0.6004 -0.3645
vn 0.1971 -0.9037 -0.3801
vn 0.3265 -0.7562 -0.5671
vn 0.3934 -0.7352 -0.5520
vn 0.3225 0.4864 -0.8121
vn 0.3128 -0.5903 -0.7441
vn 0.3552 -0.5659 -0.7440
vn 0.2979 -0.1265 -0.9462
vn -0.9901 -0.0868 -0.1106
vn -0.8924 -0.3005 -0.3367
vn -0.5746 -0.6064 -0.5496
vn -0.7185 -0.4446 -0.5348
vn -0.2150 -0.6233 -0.7519
vn 0.1164 -0.6804 -0.7236
vn -0.0026 -0.7543 -0.6565
vn -0.7792 -0.5811 0.2349
vn -0.7504 -0.6379 0.1733
vn -0.4642 -0.8130 0.3516
vn -0.2145 -0.8902 0.4020
vn 0.0601 0.9590 -0.2768
vn 0.3001 -0.2156 -0.9292
vn 0.7319 -0.6314 -0.2562
vn 0.5919 -0.7414 -0.3163
vn 0.3645 -0.7719 -0.5208
vn 0.1324 -0.8677 -0.4790
vn 0.1842 -0.8458 -0.5007
vn 0.2154 -0.8587 -0.4650
vn -0.1269 0.3500 -0.9281
vn 0.3784 0.8897 -0.2555
vn 0.6799 0.7332 -0.0107
vn 0.8605 0.4912 -0.1350
vn 0.2057 0.9485 -0.2409
vn 0.2954 0.9246 -0.2404
vn 0.7125 -0.2625 -0.6508
vn 0.6790 0.3447 -0.6482
vn 0.7971 -0.0968 -0.5960
vn 0.4971 0.8070 -0.3187
vn 0.5848 -0.6981 -0.4132
vn 0.4447 -0.8685 -0.2188
vn 0.4986 -0.8230 -0.2720
vn 0.5020 -0.8419 -0.1979
vn 0.4557 -0.8753 -0.1617
vn 0.2831 -0.9514 -0.1211
vn 0.8877 -0.3778 -0.2633
vn 0.9171 -0.3982 0.0199
vn 0.8386 -0.5443 -0.0236
vn 0.2616 0.4093 0.8741
vn 0.5599 0.6343 0.5331
vn 0.7368 0.6372 0.2262
vn 0.1323 -0.7654 0.6298
vn 0.3762 0.8759 0.3020
vn 0.8376 -0.4640 0.2884
vn 0.9668 -0.2555 0.0042
vn 0.3841 -0.9229 0.0247
vn 0.9551 -0.2548 0.1513
vn 0.9713 -0.1900 0.1431
vn 0.5331 0.8444 0.0519
vn 0.3283 -0.9269 0.1821
vn 0.8590 -0.1868 0.4767
vn 0.7114 -0.1903 0.6765
vn 0.2527 0.9299 0.2674
vn 0.2221 0.9214 0.3188
vn 0.2835 0.8512 0.4418
vn 0.4398 0.7030 0.5589
vn 0.7525 -0.1430 -0.6429
vn 0.5245 -0.8106 -0.2603
vn -0.0111 0.1988 0.9800
vn 0.1166 0.1195 0.9860
vn 0.0938 -0.1032 0.9902
vn 0.3648 0.0029 0.9311
vn 0.3910 -0.0941 0.9156
vn 0.2689 -0.2019 0.9418
vn -0.0373 0.7685 -0.6388
vn 0.1807 -0.6204 0.7632
vn -0.0449 0.2760 0.9601
vn -0.0117 -0.9016 -0.4323
vn 0.0253 -0.9453 0.3252
vn -0.2072 0.7879 0.5800
vn -0.1126 -0.2217 0.9686
vn -0.0845 0.5036 0.8598
vn -0.3696 0.5142 0.7740
vn -0.3710 0.4414 0.8171
vn -0.3690 0.5624 0.7399
vn -0.3842 0.7179 0.5805
vn 0.5592 -0.1013 0.8228
vn 0.3943 -0.6433 0.6563
vn 0.4979 0.0820 0.8633
vn -0.2204 -0.9441 0.2452
vn -0.2566 -0.9243 0.2824
vn -0.2845 -0.9336 0.2177
vn -0.5071 -0.7274 0.4623
vn -0.7842 -0.2814 0.5530
vn -0.2680 0.9558 0.1214
vn -0.5097 -0.8365 0.2014
vn -0.8166 0.4369 0.3771
vn -0.7693 -0.6217 0.1471
vn -0.6497 -0.7467 0.1428
vn -0.9779 -0.0571 0.2012
vn -0.9648 -0.1774 0.1941
vn -0.5061 0.6062 0.6134
vn -0.7062 0.6847 0.1802
vn -0.4304 0.7798 0.4546
vn -0.7645 -0.5866 0.2674
vn -0.2421 0.9686 0.0564
vn -0.2111 0.9774 0.0092
vn -0.7207 0.6931 -0.0176
vn -0.7578 0.6515 0.0359
vn -0.6512 -0.7564 0.0611
vn -0.7871 -0.6089 -0.0982
vn -0.8886 -0.3626 -0.2808
vn -0.9114 -0.2131 -0.3520
vn -0.3829 0.9238 0.0014
vn -0.5259 0.5485 0.6501
vn -0.4865 0.3148 0.8150
vn -0.8618 -0.3476 -0.3694
vn -0.8840 -0.4275 -0.1893
vn -0.1220 0.0955 -0.9879
vn -0.9235 -0.2873 -0.2543
vn -0.8561 -0.2860 -0.4305
vn -0.9133 0.2366 -0.3316
vn -0.9106 0.1599 -0.3811
vn -0.8578 0.1300 -0.4973
vn -0.8447 0.2066 -0.4938
vn -0.7693 -0.0189 -0.6386
vn -0.3942 -0.8508 -0.3475
vn -0.3578 -0.8422 -0.4034
vn -0.3463 -0.8719 -0.3462
vn -0.5460 -0.3877 -0.7427
vn -0.3203 -0.7297 -0.6041
vn -0.3377 -0.6755 -0.6555
vn -0.3121 0.5347 -0.7853
vn -0.1244 -0.9427 -0.3095
vn 0.3329 0.4555 -0.8256
vn -0.1263 0.2698 -0.9546
vn 0.0092 0.2201 -0.9754
vn -0.2894 -0.0770 -0.9541
vn -0.2552 0.0207 -0.9667
vn -0.0775 0.9436 -0.3219
vn -0.0403 0.4168 -0.9081
vn -0.0624 0.1900 -0.9798
vn 0.0174 0.1918 -0.9813
vn 0.0308 -0.0684 -0.9972
vn -0.1501 -0.3426 -0.9274
vn -0.1115 -0.0850 -0.9901
vn -0.0680 0.0651 -0.9956
vn -0.1371 0.4886 -0.8617
vn -0.0828 0.4662 -0.8808
vn -0.1393 -0.7228 -0.6769
vn -0.1842 -0.6696 -0.7195
vn -0.0516 0.5669 -0.8222
vn -0.1618 0.6295 -0.7599
vn -0.2258 0.6194 -0.7519
vn -0.1805 -0.6850 -0.7058
vn -0.3043 -0.1560 -0.9397
vn -0.3179 -0.0986 -0.9430
vn -0.7893 -0.3743 -0.4868
vn -0.5265 0.5837 -0.6182
vn -0.5621 0.4251 -0.7094
vn -0.6093 0.3157 -0.7274
vn -0.2452 0.0347 -0.9688
vn -0.2635 0.2343 -0.9358
vn -0.2149 0.1284 -0.9682
vn -0.1499 0.2840 -0.9471
vn -0.0820 -0.9131 -0.3995
vn -0.7281 -0.4755 -0.4937
vn -0.3587 0.8133 -0.4581
vn -0.5937 0.5558 -0.5819
vn 0.6932 -0.2984 -0.6560
vn 0.7295 0.0790 -0.6794
vn 0.5219 -0.1786 -0.8341
vn 0.5342 0.2241 -0.8151
vn 0.3705 -0.4040 -0.8364
vn 0.2262 -0.0995 -0.9690
vn -0.1648 -0.9356 -0.3122
vn -0.2143 -0.9730 -0.0858
vn 0.5505 -0.7239 -0.4158
vn 0.2793 -0.9093 -0.3085
vn -0.2729 0.9136 -0.3014
vn -0.2100 0.9705 -0.1186
vn 0.0827 0.9131 -0.3993
vn -0.2435 -0.8763 -0.4157
vn -0.1637 -0.8944 -0.4162
vn -0.4203 0.4290 -0.7996
vn -0.3211 -0.8054 -0.4981
vn -0.3541 -0.7544 -0.5527
vn -0.3624 -0.6134 -0.7017
vn -0.3232 0.7189 -0.6154
vn -0.2921 0.7646 -0.5746
vn -0.3698 0.7365 -0.5664
vn -0.2608 0.8045 -0.5337
vn -0.4384 -0.4682 -0.7672
vn -0.4430 0.7948 -0.4148
vn -0.4032 0.8347 -0.3751
vn -0.9717 -0.0309 -0.2341
vn -0.9263 -0.3341 -0.1744
vn -0.9713 -0.2377 -0.0067
vn -0.6734 0.2278 -0.7033
vn -0.2485 -0.9384 -0.2403
vn -0.6514 0.2569 -0.7139
vn -0.6015 0.3089 -0.7367
vn -0.5998 0.3219 -0.7326
vn -0.6351 0.4657 -0.6163
vn -0.5389 -0.8005 -0.2622
vn -0.5970 -0.7909 -0.1340
vn -0.2922 -0.9361 -0.1956
vn -0.4185 -0.9000 -0.1218
vn -0.7662 -0.6198 -0.1698
vn -0.7522 -0.6553 -0.0693
vn -0.7653 0.0484 -0.6419
vn -0.6076 0.4902 -0.6250
vn -0.7078 0.4194 -0.5684
vn -0.4255 -0.8181 -0.3868
vn -0.4112 -0.7943 -0.4473
vn -0.7790 -0.1395 -0.6113
vn -0.8193 -0.0978 -0.5650
vn -0.8277 -0.0474 -0.5591
vn 0.1326 0.4365 -0.8899
vn 0.0909 0.5663 -0.8191
vn -0.1013 0.4722 -0.8757
vn -0.1953 0.7043 -0.6825
vn 0.1645 0.7487 -0.6422
vn -0.1485 0.8030 -0.5772
vn -0.8825 -0.2355 -0.4072
vn -0.6240 -0.7795 -0.0543
vn 0.2982 -0.7196 -0.6270
vn -0.6733 0.6424 -0.3662
vn -0.2768 -0.9595 -0.0527
vn -0.8740 0.4406 -0.2047
vn -0.8428 0.5041 -0.1887
vn -0.7945 0.5651 -0.2226
vn -0.7906 0.2640 0.5525
vn -0.6926 0.3599 0.6251
vn -0.7395 0.4422 -0.5075
vn -0.2149 0.0817 0.9732
vn -0.4817 -0.1871 0.8561
vn -0.8170 -0.3442 0.4627
vn -0.2759 0.9542 0.1159
vn -0.1672 0.9852 0.0379
vn -0.5245 -0.8509 0.0301
vn -0.6784 0.7346 0.0081
vn -0.9283 -0.3245 -0.1817
vn -0.2354 -0.9693 -0.0706
vn -0.3778 -0.9255 -0.0271
vn -0.5990 -0.7895 -0.1337
vn -0.2292 0.9727 0.0364
vn -0.2227 0.9723 0.0704
vn -0.0929 0.8055 -0.5853
vn -0.1521 0.3385 -0.9286
vn -0.1329 0.9906 0.0317
vn -0.3166 -0.8170 -0.4819
vn -0.8514 0.4510 0.2678
vn -0.0987 -0.5201 -0.8484
vn -0.1129 -0.0503 -0.9923
vn -0.1653 0.3396 -0.9259
vn -0.5706 0.8182 0.0712
vn -0.5898 0.7817 -0.2026
vn -0.4055 0.9131 0.0413
vn -0.3253 0.9014 -0.2857
vn -0.9148 0.4023 -0.0376
vn -0.9325 0.3525 -0.0788
vn -0.9213 0.3670 -0.1281
vn -0.8781 0.4618 -0.1253
vn -0.9070 0.3857 -0.1691
vn -0.9058 0.4129 -0.0954
vn -0.6118 -0.2322 0.7561
vn -0.8036 0.5883 -0.0901
vn -0.7461 0.6524 -0.1330
vn -0.7946 0.5842 -0.1655
vn -0.7142 0.6958 -0.0756
vn -0.7606 0.6472 -0.0506
vn -0.9362 0.3054 0.1742
vn -0.9265 0.3608 0.1067
vn -0.4539 -0.8845 0.1080
vn -0.4718 -0.8810 0.0351
vn -0.5071 -0.8601 0.0549
vn -0.9114 0.4084 0.0503
vn -0.7667 0.6227 0.1564
vn -0.8139 -0.5685 0.1201
vn -0.8711 -0.4636 0.1618
vn -0.8454 -0.5252 0.0972
vn -0.3333 0.9387 0.0880
vn -0.3712 0.9270 0.0543
vn -0.9787 -0.1107 0.1730
vn -0.4910 -0.1458 0.8589
vn -0.9193 -0.2705 0.2859
vn -0.4290 -0.8866 0.1732
vn -0.7756 0.5934 0.2154
vn -0.6681 0.6926 0.2719
vn -0.6019 0.7736 0.1983
vn -0.6456 0.7454 0.1661
vn -0.6234 0.7412 0.2490
vn -0.5277 0.8290 0.1851
vn -0.8605 0.1994 0.4688
vn -0.5874 -0.7656 0.2623
vn -0.8541 -0.1461 0.4991
vn -0.8728 0.0368 0.4868
vn -0.8397 0.0437 0.5412
vn -0.7685 -0.0855 0.6341
vn -0.7432 -0.0257 0.6685
vn -0.7907 -0.0062 0.6121
vn -0.7656 0.0560 0.6408
vn -0.1554 -0.9743 0.1630
vn -0.1906 -0.9603 0.2037
vn -0.3214 -0.9055 0.2770
vn -0.5639 -0.6956 0.4451
vn -0.4339 0.8428 0.3186
vn -0.4555 -0.6401 0.6186
vn -0.6301 -0.7256 -0.2767
vn -0.9834 -0.0948 -0.1548
vn -0.2039 -0.9273 0.3139
vn -0.7848 0.4896 -0.3800
vn -0.1392 -0.9771 0.1608
vn -0.0721 -0.9703 0.2308
vn -0.3101 -0.5714 0.7598
vn -0.0826 -0.9739 0.2116
vn 0.0899 0.7663 0.6361
vn -0.1433 0.8388 0.5253
vn -0.0051 0.9101 0.4144
vn -0.1678 0.9784 0.1208
vn -0.3854 0.8956 -0.2221
vn -0.0596 0.4958 0.8664
vn -0.2557 0.3859 0.8864
vn 0.0994 0.6381 0.7635
vn -0.2547 0.5107 0.8212
vn -0.3543 -0.7984 0.4868
vn -0.2877 0.7062 0.6469
vn -0.4653 -0.3525 0.8120
vn -0.3896 -0.3216 0.8630
vn -0.2822 -0.6880 0.6686
vn -0.2030 0.8118 0.5475
vn -0.2795 0.2952 0.9136
vn -0.1522 -0.9205 0.3598
vn -0.1174 -0.9036 0.4120
vn -0.2647 0.3824 0.8853
vn -0.0182 -0.9515 0.3070
vn -0.0857 0.3051 0.9485
vn -0.1683 0.4505 0.8768
vn -0.0746 0.9023 0.4245
vn 0.1168 -0.6068 0.7862
vn -0.1722 0.7281 0.6635
vn -0.6029 -0.0723 0.7946
vn -0.7579 -0.1354 0.6381
vn -0.7659 0.2440 0.5949
vn -0.4784 0.1966 0.8558
vn -0.2502 0.0865 0.9643
vn -0.6607 0.5781 0.4789
vn 0.1095 -0.1928 0.9751
vn 0.0997 -0.1291 0.9866
vn 0.1689 0.1877 0.9676
vn 0.0448 -0.9741 0.2218
vn -0.9744 -0.0449 0.2204
vn 0.2542 0.2304 0.9393
vn 0.3072 0.3905 0.8678
vn 0.3083 0.4499 0.8382
vn 0.0207 0.4530 0.8913
vn 0.8195 -0.4678 -0.3310
vn 0.2595 -0.6057 0.7522
vn 0.0366 -0.1428 0.9891
vn 0.8134 0.3347 0.4757
vn 0.7050 0.1909 0.6830
vn 0.4914 0.0439 0.8698
vn 0.3421 -0.4183 0.8414
vn 0.2698 -0.3891 0.8808
vn 0.3294 -0.3625 0.8718
vn 0.3340 -0.0413 0.9417
vn 0.2985 0.8862 0.3544
vn 0.1686 0.9161 0.3638
vn 0.4841 -0.3408 0.8059
vn 0.4529 -0.2803 0.8463
vn 0.4118 -0.3522 0.8405
vn 0.2757 0.0115 0.9612
vn -0.4711 -0.4792 0.7406
vn -0.5376 -0.0519 0.8416
vn -0.4684 -0.0254 0.8831
vn -0.4108 -0.2652 0.8723
vn 0.1436 0.2868 0.9472
vn 0.1972 -0.9006 0.3873
vn 0.4009 0.4456 0.8005
vn 0.3602 0.4171 0.8344
vn 0.4284 0.5756 0.6965
vn 0.7322 -0.4689 0.4940
vn 0.7608 0.0206 0.6487
vn 0.1644 -0.9714 0.1713
vn 0.7014 0.5893 -0.4010
vn 0.8961 0.4411 -0.0490
vn 0.5042 0.5730 0.6461
vn 0.4860 0.7158 0.5014
vn 0.3472 0.8842 0.3125
vn 0.5112 -0.1376 0.8484
vn 0.5356 0.7106 0.4562
vn 0.5360 0.7406 0.4052
vn 0.4672 0.7824 0.4118
vn 0.4626 0.8208 0.3352
vn 0.3913 0.8474 0.3588
vn 0.7782 0.0776 0.6232
vn 0.7802 0.2243 0.5839
vn 0.6344 -0.6148 0.4686
vn 0.8603 0.3265 0.3914
vn 0.5277 -0.8248 0.2030
vn 0.5766 0.7747 0.2597
vn 0.8272 -0.4178 0.3756
vn 0.8394 -0.3252 0.4355
vn 0.8885 -0.2123 0.4068
vn 0.9639 -0.0847 0.2524
vn 0.2297 0.9718 0.0524
vn 0.9651 0.0947 0.2442
vn 0.8855 0.3962 0.2426
vn 0.8798 0.3581 0.3125
vn 0.9136 0.3215 0.2492
vn 0.8467 0.4693 0.2508
vn 0.5643 -0.8102 0.1584
vn 0.8394 -0.4731 0.2677
vn 0.9074 -0.3676 0.2037
vn 0.8567 -0.5119 0.0640
vn 0.8919 -0.4509 0.0344
vn 0.8929 -0.4414 0.0886
vn 0.8502 -0.5068 0.1426
vn 0.9269 -0.3643 0.0908
vn 0.4755 0.8792 0.0306
vn 0.6308 0.0026 0.7759
vn 0.5130 0.2933 0.8067
vn 0.6039 -0.2779 0.7471
vn 0.9559 0.2689 0.1181
vn 0.2698 0.9618 -0.0458
vn 0.3138 0.9470 -0.0691
vn 0.3605 -0.9243 0.1253
vn 0.5917 -0.1841 -0.7849
vn 0.7672 0.0849 -0.6357
vn 0.3675 -0.9293 -0.0358
vn 0.5072 -0.8615 0.0230
vn 0.5738 -0.8106 0.1172
vn 0.4449 -0.8916 -0.0844
vn 0.3037 -0.9406 0.1516
vn -0.6696 -0.6921 0.2696
vn -0.5906 -0.7164 0.3714
vn -0.4199 -0.5276 0.7385
vn -0.0923 -0.2343 0.9678
vn 0.7455 -0.2704 0.6092
vn 0.3255 0.5875 0.7409
vn -0.1113 0.2466 0.9627
vn 0.4595 -0.2351 0.8565
vn 0.5625 0.2918 0.7736
vn 0.5489 0.2153 0.8076
vn 0.7017 0.2215 0.6771
vn 0.9278 0.2604 0.2673
vn -0.2330 0.6201 0.7491
vn 0.8476 0.3988 -0.3501
vn 0.7802 0.5505 -0.2969
vn 0.8317 0.5102 -0.2191
vn 0.4774 -0.8523 -0.2136
vn 0.3153 -0.7771 -0.5446
vn 0.8192 0.2667 -0.5077
vn 0.7280 0.5916 -0.3464
vn 0.4510 0.6721 -0.5873
vn 0.4844 0.4375 -0.7576
vn 0.6070 0.1374 -0.7827
vn 0.7389 -0.5852 -0.3340
vn 0.2523 0.9187 -0.3039
vn -0.2306 0.5557 -0.7987
vn 0.8514 -0.4713 -0.2301
vn 0.5088 -0.8594 -0.0507
vn 0.3641 -0.9259 -0.1010
vn 0.5125 -0.8515 -0.1113
vn 0.2922 0.9484 -0.1228
vn 0.3161 0.9359 -0.1553
vn 0.5878 -0.8006 -0.1161
vn 0.7216 -0.6914 -0.0351
vn 0.8147 0.3479 -0.4639
vn 0.3868 -0.9012 -0.1954
vn 0.4830 -0.7880 -0.3817
vn 0.5879 -0.5600 -0.5838
vn 0.7479 -0.2018 -0.6324
vn 0.7553 -0.1217 -0.6440
vn 0.4172 -0.8699 -0.2630
vn 0.4277 0.8897 -0.1596
vn 0.5971 -0.1538 -0.7873
vn 0.7449 -0.4852 -0.4580
vn 0.6408 -0.5070 -0.5765
vn 0.8830 0.2593 -0.3913
vn 0.8233 0.0066 -0.5675
vn 0.7982 0.1711 -0.5775
vn 0.6794 0.0818 -0.7292
vn 0.7659 -0.1285 -0.6300
vn 0.7304 0.3000 -0.6136
vn 0.6096 0.2689 -0.7457
vn 0.4615 -0.6887 -0.5593
vn 0.4599 -0.6392 -0.6164
vn 0.5349 -0.6241 -0.5695
vn 0.2269 0.9057 -0.3580
vn 0.3997 -0.6781 -0.6168
vn 0.5356 -0.6333 -0.5586
vn 0.6456 -0.4526 -0.6151
vn 0.4693 0.7258 -0.5031
vn 0.6492 0.4532 -0.6108
vn 0.8699 0.2151 -0.4439
vn 0.6638 -0.7354 0.1363
vn -0.6790 -0.3313 -0.6551
vn -0.6424 0.0634 -0.7637
vn -0.4106 0.4824 -0.7738
vn -0.0899 0.6746 -0.7327
vn 0.1330 0.8513 -0.5075
vn 0.1303 -0.9466 -0.2951
vn 0.2473 -0.8066 -0.5369
vn 0.3222 -0.7876 -0.5252
vn 0.2732 0.4563 -0.8468
vn 0.2562 0.5113 -0.8203
vn 0.2422 -0.8495 -0.4688
vn 0.2770 -0.9342 -0.2250
vn 0.3107 0.4849 -0.8175
vn 0.7852 -0.1139 -0.6086
vn 0.6396 0.2983 -0.7085
vn 0.8270 0.3353 -0.4513
vn 0.6092 0.7719 0.1820
vn 0.5884 0.8086 -0.0007
vn 0.2879 -0.4719 -0.8333
vn 0.3668 0.4177 -0.8312
vn 0.0994 0.3616 -0.9270
vn -0.4759 -0.6694 -0.5704
vn -0.6584 -0.7165 -0.2305
vn -0.2716 0.4739 -0.8377
vn 0.0507 0.5478 -0.8351
vn 0.1187 0.6753 -0.7279
vn -0.8105 0.5609 0.1691
vn -0.4804 0.8387 0.2564
vn 0.0935 0.9197 0.3813
vn -0.4003 0.7643 -0.5056
vn -0.3643 0.8656 -0.3435
vn -0.6618 0.7204 -0.2075
vn 0.1354 -0.4767 -0.8686
vn 0.1687 -0.4907 -0.8548
vn -0.2538 0.9398 -0.2287
vn -0.5113 0.8524 -0.1092
vn -0.3790 0.6628 -0.6458
vn 0.0488 -0.1868 -0.9812
vn -0.1065 -0.5952 -0.7965
vn -0.9557 -0.0429 -0.2913
vn 0.0468 0.7588 -0.6496
vn -0.5976 0.3811 -0.7054
vn -0.4302 -0.7923 -0.4327
vn 0.0076 -0.8498 -0.5271
vn 0.0912 -0.8966 -0.4333
vn 0.0934 0.2481 -0.9642
vn 0.0819 -0.7918 -0.6053
vn 0.0225 -0.9218 -0.3870
vn 0.4118 0.5446 -0.7306
vn 0.2684 -0.6242 -0.7337
vn 0.3498 0.4719 -0.8093
vn 0.9284 0.1953 -0.3162
vn 0.9494 -0.2929 -0.1136
vn 0.6763 0.5406 -0.5004
vn 0.4864 0.5491 -0.6796
vn 0.3092 -0.4847 -0.8182
vn 0.3290 0.5554 -0.7637
vn 0.3944 -0.9114 0.1175
vn 0.1128 -0.9410 0.3189
vn 0.4274 -0.8221 0.3760
vn -0.0419 -0.9892 0.1403
vn 0.1537 -0.8906 -0.4280
vn 0.1550 -0.9244 -0.3485
vn -0.1165 0.3909 0.9130
vn 0.2681 0.8407 -0.4704
vn 0.4167 0.5520 -0.7222
vn 0.4529 0.5449 -0.7056
vn 0.4368 0.3535 -0.8272
vn 0.2003 0.5472 -0.8127
vn 0.3883 0.4875 -0.7821
vn 0.3004 0.6732 -0.6757
vn 0.0880 0.4285 -0.8993
vn 0.8003 0.4125 -0.4353
vn 0.2118 -0.9464 -0.2440
vn -0.5669 0.3710 -0.7355
vn -0.3479 0.1319 -0.9282
vn -0.1947 -0.4071 -0.8924
vn -0.1121 -0.0473 -0.9926
vn -0.4606 -0.2031 -0.8641
vn 0.2042 -0.9537 -0.2209
vn 0.3016 -0.9502 -0.0782
vn 0.1227 -0.9427 -0.3102
vn 0.7496 0.2977 -0.5911
vn 0.3102 -0.8615 -0.4020
vn 0.5104 -0.1623 -0.8445
vn 0.4287 -0.4764 -0.7676
vn 0.4082 -0.5201 -0.7502
vn 0.3428 0.6247 -0.7016
vn 0.4508 0.5777 -0.6804
vn 0.5357 -0.5567 -0.6349
vn 0.5748 -0.4970 -0.6500
vn 0.2761 -0.9345 -0.2246
vn 0.9701 0.1331 -0.2032
vn 0.9243 0.3780 0.0529
vn 0.6157 -0.0537 -0.7862
vn 0.9075 0.1175 0.4032
vn 0.7798 0.5344 -0.3263
vn 0.3643 0.8517 -0.3767
vn 0.5034 0.8039 -0.3168
vn 0.7727 0.1015 -0.6266
vn 0.9164 0.3622 0.1704
vn 0.7096 0.5203 -0.4751
vn 0.3365 0.9132 -0.2299
vn 0.3358 0.9001 -0.2777
vn 0.6221 -0.4837 -0.6157
vn 0.6017 -0.6370 -0.4819
vn 0.6370 -0.6879 -0.3479
vn 0.8469 0.3455 -0.4043
vn 0.5845 0.8106 -0.0348
vn 0.4135 -0.9008 -0.1324
vn 0.5418 0.8386 0.0575
vn 0.7199 -0.6764 0.1557
vn 0.8932 -0.3249 -0.3109
vn 0.2193 0.5806 -0.7841
vn -0.0501 0.6512 -0.7573
vn 0.7388 -0.3464 -0.5781
vn 0.6451 0.3672 -0.6701
vn 0.8207 0.5009 -0.2750
vn -0.1535 0.2576 0.9540
vn 0.1814 0.7330 0.6556
vn 0.4876 0.7930 0.3653
vn 0.6463 0.7487 0.1474
vn 0.9047 0.0415 0.4241
vn 0.8318 0.4752 0.2870
vn 0.6787 0.1953 0.7080
vn 0.2301 -0.6333 0.7389
vn 0.2035 -0.0405 0.9782
vn -0.1774 -0.2832 0.9425
vn 0.0442 -0.2878 0.9567
vn 0.7313 0.0021 0.6821
vn 0.5231 -0.8517 -0.0317
vn 0.3828 -0.8791 0.2840
vn 0.4244 -0.9031 -0.0659
vn 0.4426 -0.8966 -0.0137
vn 0.7319 -0.2836 -0.6196
vn 0.1105 -0.7155 0.6898
vn 0.4166 0.9004 0.1255
vn 0.9414 0.2822 0.1845
vn 0.9803 0.0679 0.1855
vn 0.9685 0.0032 0.2492
vn 0.9844 -0.1540 0.0849
vn 0.9833 -0.0742 0.1661
vn 0.9666 -0.2430 0.0808
vn 0.9782 -0.1280 0.1633
vn 0.2506 0.9681 0.0009
vn 0.9481 -0.3129 0.0557
vn 0.9367 -0.3199 0.1424
vn 0.9024 -0.4015 0.1567
vn 0.4218 0.9052 0.0527
vn 0.8942 0.4415 0.0734
vn 0.5004 -0.8654 0.0265
vn 0.8691 -0.4631 0.1738
vn 0.5742 -0.7781 0.2547
vn 0.5150 0.5263 0.6766
vn 0.8916 0.0215 0.4523
vn 0.3857 0.7238 0.5722
vn 0.2516 0.9508 0.1806
vn 0.7650 0.4544 0.4563
vn 0.3685 -0.8969 0.2444
vn 0.7409 0.3818 0.5526
vn 0.6712 -0.1265 0.7304
vn 0.5525 -0.5272 0.6456
vn 0.4310 0.7676 0.4744
vn 0.7509 0.3333 -0.5702
vn 0.5354 0.7424 -0.4026
vn 0.8546 0.1586 -0.4945
vn 0.9303 0.1507 -0.3344
vn 0.8128 0.4564 -0.3620
vn 0.8404 0.2728 -0.4682
vn 0.8518 -0.4338 0.2938
vn 0.2990 0.8619 0.4096
vn -0.4556 0.3857 0.8023
vn -0.4752 0.4626 0.7485
vn -0.3848 0.0940 0.9182
vn -0.0307 0.9229 0.3837
vn -0.2050 0.1840 0.9613
vn -0.1267 -0.8309 0.5418
vn 0.1552 -0.3002 0.9412
vn 0.3494 0.8360 0.4232
vn 0.3108 0.7980 0.5164
vn -0.0299 0.8600 -0.5094
vn -0.4421 0.7495 -0.4929
vn 0.0063 0.9522 -0.3053
vn 0.9718 -0.0821 0.2213
vn 0.1640 0.0004 0.9865
vn -0.4099 0.4071 0.8162
vn -0.7857 0.2632 0.5598
vn -0.9819 -0.0093 0.1894
vn 0.0398 0.2705 0.9619
vn -0.0912 0.5915 0.8011
vn 0.1116 -0.3119 0.9435
vn 0.0753 -0.2608 0.9625
vn 0.0221 -0.3202 0.9471
vn -0.9857 0.0254 0.1663
vn -0.4952 -0.3938 0.7744
vn -0.7838 0.4937 -0.3767
vn -0.4567 -0.2327 0.8587
vn -0.4962 0.5513 0.6707
vn -0.0543 -0.3906 0.9189
vn -0.1456 -0.4063 0.9021
vn -0.0405 -0.7276 0.6848
vn -0.4426 0.4659 0.7662
vn -0.1543 -0.1391 0.9782
vn -0.5159 0.6272 0.5834
vn -0.3668 -0.1607 0.9163
vn -0.2529 0.7577 0.6016
vn -0.4908 0.7703 -0.4072
vn -0.1299 0.6798 0.7218
vn -0.1434 -0.9438 0.2979
vn -0.2809 0.9320 0.2291
vn -0.3832 0.8549 0.3499
vn -0.4582 0.8703 -0.1807
vn -0.9245 0.3571 0.1334
vn -0.4055 -0.9019 -0.1485
vn -0.2499 -0.9081 0.3361
vn -0.4799 -0.8677 0.1297
vn -0.4601 0.5542 0.6936
vn -0.4061 -0.7994 0.4427
vn -0.7098 0.5916 0.3823
vn -0.2847 0.9387 0.1946
vn -0.4344 0.8741 0.2174
vn -0.7442 -0.5542 0.3729
vn -0.7443 0.4667 0.4777
vn -0.7815 -0.5699 0.2539
vn -0.4816 -0.8602 0.1677
vn -0.3414 -0.9344 0.1017
vn -0.7904 0.4647 0.3991
vn -0.2021 -0.9722 0.1182
vn -0.3941 0.9120 0.1138
vn -0.4390 0.8863 0.1472
vn -0.3127 -0.3669 0.8761
vn -0.2241 -0.7137 0.6636
vn -0.3604 -0.7638 0.5354
vn -0.1712 -0.5169 0.8388
vn -0.4360 0.8965 0.0783
vn -0.4800 0.8767 0.0310
vn -0.8254 -0.5634 0.0354
vn -0.6978 -0.7078 0.1096
vn -0.8752 0.4763 0.0851
vn -0.7130 -0.6970 -0.0763
vn -0.7480 -0.6493 -0.1374
vn -0.8388 0.5278 -0.1337
vn -0.5212 -0.4701 0.7122
vn -0.8395 0.5415 -0.0443
vn -0.9374 0.3481 0.0132
vn -0.2464 0.9591 -0.1391
vn -0.1892 0.5862 -0.7878
vn -0.1641 0.9344 0.3162
vn -0.1367 -0.9898 0.0413
vn -0.1031 -0.5752 0.8115
vn -0.0964 -0.8751 0.4743
vn -0.2051 -0.8734 0.4418
vn -0.1258 0.2873 0.9495
vn -0.1967 -0.6797 0.7066
vn -0.1612 -0.4272 -0.8897
vn -0.2495 -0.0434 -0.9674
vn -0.2643 0.2978 -0.9173
vn -0.8046 -0.5936 0.0177
vn -0.9172 -0.3869 -0.0955
vn -0.5966 -0.7823 0.1792
vn -0.9262 -0.3704 0.0710
vn -0.3267 -0.8942 0.3061
vn -0.4306 0.9024 0.0175
vn -0.4250 0.1175 0.8975
vn -0.9054 -0.3396 -0.2546
vn 0.0412 0.9865 0.1585
vn 0.1777 0.3246 -0.9290
vn -0.9388 -0.2177 0.2668
vn 0.2271 -0.9651 0.1306
vn -0.8898 0.2356 -0.3908
vn -0.3735 -0.8434 -0.3863
vn -0.3338 -0.8863 -0.3210
vn -0.8807 0.1700 -0.4422
vn -0.8857 0.0849 -0.4565
vn -0.5167 0.8543 -0.0563
vn -0.1888 -0.9742 -0.1237
vn -0.2772 0.9422 -0.1883
vn -0.1776 0.8637 -0.4717
vn -0.3321 0.8712 -0.3617
vn -0.0558 0.6774 -0.7335
vn -0.3686 0.8745 -0.3153
vn -0.3533 0.8603 -0.3676
vn -0.6326 0.6495 -0.4219
vn -0.7374 0.3700 -0.5650
vn -0.6414 0.4068 -0.6505
vn -0.6990 0.3497 -0.6238
vn -0.3647 -0.8817 -0.2993
vn -0.7593 0.3064 -0.5741
vn -0.4018 -0.7666 -0.5008
vn -0.3532 -0.8202 -0.4501
vn -0.6403 0.3416 -0.6880
vn -0.5533 -0.5437 -0.6311
vn -0.4137 0.7418 -0.5278
vn -0.4018 -0.6444 -0.6507
vn -0.3324 0.6389 -0.6937
vn -0.3605 0.5876 -0.7244
vn -0.4285 0.5271 -0.7339
vn -0.2920 0.6015 -0.7436
vn -0.2852 -0.8449 -0.4526
vn -0.2654 -0.8694 -0.4168
vn -0.0591 -0.9574 -0.2826
vn -0.0884 -0.7121 -0.6965
vn -0.9173 -0.3597 0.1707
vn -0.1341 -0.0930 -0.9866
vn 0.3299 -0.7101 -0.6220
vn 0.8200 -0.1400 -0.5550
vn -0.3775 -0.7720 -0.5113
vn -0.0776 -0.9526 -0.2942
vn -0.0567 -0.9564 -0.2865
vn -0.1746 -0.8767 -0.4483
vn 0.2544 0.1201 -0.9596
vn -0.0615 0.0407 -0.9973
vn -0.6511 -0.3264 -0.6852
vn -0.3357 -0.3345 -0.8806
vn -0.3046 -0.3913 -0.8684
vn -0.1835 0.8748 -0.4484
vn -0.2078 0.7887 -0.5785
vn -0.2943 0.4460 -0.8453
vn -0.2400 0.4138 -0.8782
vn -0.0989 0.2481 -0.9637
vn -0.0707 -0.9404 -0.3325
vn -0.0498 -0.9389 -0.3406
vn 0.6506 0.4384 -0.6201
vn 0.5890 0.6544 -0.4742
vn 0.4094 0.7401 -0.5335
vn -0.9629 0.1982 -0.1834
vn -0.8492 -0.5063 0.1504
vn -0.9537 0.0281 -0.2994
vn -0.7315 0.6441 0.2238
vn -0.1564 0.9585 0.2385
vn -0.9850 -0.0756 0.1554
vn 0.4432 0.3909 0.8067
vn -0.0327 0.4676 0.8833
vn 0.7708 -0.5797 -0.2642
vn 0.4722 -0.8766 -0.0931
vn 0.5075 0.8550 -0.1066
vn -0.3138 -0.9093 0.2735
vn -0.5698 -0.8108 0.1337
vn -0.9127 0.0838 -0.4000
vn -0.1781 -0.9757 0.1274
vt 0.720713 0.246094
vt 0.719462 0.250000
vt 0.718766 0.246094
vt 0.735577 0.933233
vt 0.716113 0.942183
vt 0.704334 0.936450
vt 0.703125 0.000000
vt 0.705102 0.011618
vt 0.699983 0.012197
vt 0.633701 0.692804
vt 0.616197 0.699814
vt 0.624067 0.667481
vt 0.640625 0.000000
vt 0.641601 0.003906
vt 0.639648 0.003906
vt 0.574998 0.743347
vt 0.556713 0.755127
vt 0.556784 0.740393
vt 0.546875 0.000000
vt 0.548099 0.004898
vt 0.545614 0.005728
vt 0.538798 0.300161
vt 0.534081 0.321191
vt 0.531671 0.299609
vt 0.533617 0.743997
vt 0.529667 0.750409
vt 0.527583 0.746094
vt 0.535499 0.243141
vt 0.533628 0.256038
vt 0.529667 0.249586
vt 0.504781 0.238073
vt 0.500409 0.263384
vt 0.498995 0.243343
vt 0.502771 0.497243
vt 0.499055 0.503202
vt 0.501599 0.492727
vt 0.484375 0.000000
vt 0.485606 0.004925
vt 0.483112 0.014306
vt 0.443622 0.690304
vt 0.428517 0.698131
vt 0.436893 0.670361
vt 0.453125 0.000000
vt 0.453067 0.009245
vt 0.452148 0.003906
vt 0.453498 0.865817
vt 0.448721 0.884582
vt 0.425345 0.864407
vt 0.415575 0.307049
vt 0.409095 0.323614
vt 0.407102 0.294330
vt 0.383359 0.686451
vt 0.369489 0.691828
vt 0.371482 0.670776
vt 0.315894 0.114656
vt 0.330905 0.132185
vt 0.297992 0.129719
vt 0.328125 0.000000
vt 0.329101 0.003906
vt 0.327148 0.003906
vt 0.287426 0.243608
vt 0.279798 0.253422
vt 0.275217 0.246466
vt 0.259496 0.304005
vt 0.249965 0.322344
vt 0.248732 0.299003
vt 0.234375 0.000000
vt 0.235352 0.003906
vt 0.233398 0.003906
vt 0.158203 0.558392
vt 0.158203 0.562500
vt 0.156166 0.562500
vt 0.156069 0.558291
vt 0.109375 0.000000
vt 0.110352 0.003906
vt 0.109064 0.005662
vt 0.046875 0.000000
vt 0.047706 0.007221
vt 0.045899 0.003906
vt 0.980627 0.314360
vt 0.961925 0.326714
vt 0.961905 0.298673
vt 0.953125 0.000000
vt 0.954918 0.010089
vt 0.951981 0.007053
vt 0.937686 0.181273
vt 0.940954 0.191642
vt 0.933856 0.189220
vt 0.921875 0.000000
vt 0.922925 0.008181
vt 0.920899 0.003906
vt 0.883520 0.675615
vt 0.881364 0.701285
vt 0.865733 0.673558
vt 0.848721 0.556940
vt 0.844831 0.567090
vt 0.840993 0.560401
vt 0.848756 0.500059
vt 0.843829 0.502360
vt 0.841227 0.490961
vt 0.796875 0.000000
vt 0.798763 0.007589
vt 0.794545 0.012180
vt 0.753455 0.885492
vt 0.736282 0.876339
vt 0.749923 0.860696
vt 0.760693 0.379257
vt 0.750442 0.386868
vt 0.743940 0.368470
vt 0.765625 0.000000
vt 0.765843 0.011909
vt 0.763698 0.007708
vt 0.764600 0.932918
vt 0.751489 0.942349
vt 0.756849 0.424032
vt 0.758267 0.448140
vt 0.745082 0.435376
vt 0.780254 0.938095
vt 0.760133 0.940092
vt 0.776053 0.797223
vt 0.760565 0.822410
vt 0.751204 0.808706
vt 0.804438 0.887151
vt 0.812075 0.919785
vt 0.779696 0.895177
vt 0.789063 0.031250
vt 0.795793 0.026041
vt 0.794479 0.037703
vt 0.782182 0.179586
vt 0.810711 0.182951
vt 0.783202 0.194806
vt 0.830078 0.531523
vt 0.826006 0.531834
vt 0.829839 0.527344
vt 0.844391 0.118826
vt 0.842164 0.136239
vt 0.813284 0.129012
vt 0.863520 0.386765
vt 0.864030 0.421150
vt 0.852120 0.401451
vt 0.867314 0.453907
vt 0.852991 0.433233
vt 0.851902 0.461417
vt 0.843587 0.483508
vt 0.844372 0.451184
vt 0.879100 0.327149
vt 0.877634 0.353099
vt 0.865212 0.341370
vt 0.888969 0.363007
vt 0.897412 0.377318
vt 0.879581 0.380800
vt 0.926160 0.295238
vt 0.935235 0.312851
vt 0.918638 0.317265
vt 0.926956 0.156151
vt 0.919321 0.165447
vt 0.922520 0.141668
vt 0.962459 0.523915
vt 0.950021 0.546762
vt 0.945573 0.525970
vt 0.955198 0.193456
vt 0.951818 0.187895
vt 0.955807 0.178118
vt 0.942361 0.218773
vt 0.938897 0.223657
vt 0.936508 0.213151
vt 0.942339 0.777075
vt 0.935854 0.785412
vt 0.938852 0.773622
vt 0.955220 0.806505
vt 0.951689 0.812345
vt 0.948503 0.808594
vt 0.973801 0.330449
vt 0.972304 0.357860
vt 0.988392 0.490947
vt 0.987139 0.500090
vt 0.983808 0.499772
vt 0.985265 0.554841
vt 0.989900 0.564781
vt 0.980591 0.557199
vt 0.008874 0.271334
vt 0.007104 0.291233
vt 0.000000 0.271340
vt 0.000984 0.323584
vt 0.006700 0.339232
vt 0.000205 0.354198
vt 0.019246 0.355352
vt 0.011409 0.386075
vt 0.007850 0.363563
vt 0.008115 0.415682
vt 0.000000 0.421492
vt 0.001056 0.380468
vt 0.032935 0.908522
vt 0.003303 0.915734
vt 0.005597 0.894250
vt 0.019003 0.491819
vt 0.020968 0.506564
vt 0.011648 0.491330
vt 0.015915 0.505151
vt 0.003129 0.525326
vt 0.002772 0.532702
vt 0.000000 0.533263
vt 0.000000 0.527344
vt 0.051171 0.487043
vt 0.044490 0.510046
vt 0.040405 0.487172
vt 0.055377 0.675677
vt 0.057020 0.693390
vt 0.039303 0.680819
vt 0.091473 0.860630
vt 0.066373 0.884203
vt 0.065504 0.865503
vt 0.086840 0.136787
vt 0.064102 0.130546
vt 0.067674 0.106059
vt 0.101517 0.581115
vt 0.097520 0.609650
vt 0.090430 0.580712
vt 0.089290 0.608894
vt 0.150724 0.705852
vt 0.139374 0.730622
vt 0.134778 0.697190
vt 0.143456 0.524050
vt 0.140318 0.535311
vt 0.137907 0.525371
vt 0.140334 0.142037
vt 0.157429 0.155269
vt 0.129723 0.161736
vt 0.174895 0.561437
vt 0.171112 0.568368
vt 0.171110 0.556519
vt 0.182062 0.725974
vt 0.165443 0.720405
vt 0.168832 0.702042
vt 0.181333 0.311683
vt 0.170447 0.326486
vt 0.169319 0.299008
vt 0.215104 0.429401
vt 0.202152 0.445511
vt 0.194617 0.431513
vt 0.241908 0.515568
vt 0.223792 0.507359
vt 0.234096 0.486960
vt 0.239291 0.324642
vt 0.236625 0.355370
vt 0.229668 0.333552
vt 0.231088 0.893268
vt 0.217915 0.917351
vt 0.206735 0.894256
vt 0.268934 0.211615
vt 0.267600 0.224214
vt 0.264500 0.213025
vt 0.265154 0.238239
vt 0.253207 0.243594
vt 0.303743 0.233912
vt 0.303208 0.244131
vt 0.294623 0.244888
vt 0.291084 0.836197
vt 0.288475 0.847512
vt 0.273837 0.842665
vt 0.286225 0.452375
vt 0.284459 0.478520
vt 0.276557 0.461693
vt 0.315597 0.744684
vt 0.305872 0.736685
vt 0.308222 0.703220
vt 0.347930 0.529858
vt 0.341426 0.533322
vt 0.342833 0.525053
vt 0.346696 0.588234
vt 0.348415 0.591762
vt 0.342318 0.591375
vt 0.354627 0.649912
vt 0.336892 0.671435
vt 0.341969 0.643497
vt 0.364868 0.438039
vt 0.357419 0.451134
vt 0.352260 0.426344
vt 0.359640 0.483250
vt 0.370545 0.499817
vt 0.360454 0.517219
vt 0.393028 0.446771
vt 0.385728 0.424736
vt 0.394463 0.427755
vt 0.401412 0.487760
vt 0.391769 0.509201
vt 0.385804 0.481384
vt 0.397902 0.963295
vt 0.395050 0.975628
vt 0.386792 0.975807
vt 0.397057 0.640270
vt 0.399289 0.656671
vt 0.385214 0.667803
vt 0.399460 0.716487
vt 0.381302 0.729019
vt 0.384261 0.706652
vt 0.424445 0.269909
vt 0.425257 0.290974
vt 0.413364 0.277321
vt 0.426234 0.321837
vt 0.427473 0.349093
vt 0.411311 0.345996
vt 0.408987 0.388310
vt 0.418900 0.416296
vt 0.399996 0.405111
vt 0.445726 0.639020
vt 0.429375 0.652671
vt 0.489989 0.284627
vt 0.473607 0.288586
vt 0.479654 0.264427
vt 0.492053 0.966278
vt 0.489468 0.974669
vt 0.481971 0.973354
vt 0.510284 0.454067
vt 0.514748 0.482596
vt 0.502560 0.478703
vt 0.522526 0.031250
vt 0.521814 0.038940
vt 0.514398 0.031482
vt 0.502295 0.531070
vt 0.499500 0.533094
vt 0.498517 0.525599
vt 0.516798 0.524738
vt 0.517801 0.533565
vt 0.514231 0.532722
vt 0.531253 0.103934
vt 0.503500 0.103782
vt 0.529492 0.075086
vt 0.534111 0.274056
vt 0.529112 0.287753
vt 0.528430 0.279747
vt 0.530426 0.775629
vt 0.534674 0.781681
vt 0.529136 0.783834
vt 0.560301 0.923185
vt 0.556468 0.950898
vt 0.530787 0.932290
vt 0.584800 0.471921
vt 0.569968 0.485475
vt 0.574261 0.453489
vt 0.586822 0.271263
vt 0.581487 0.300761
vt 0.569613 0.275159
vt 0.590574 0.326796
vt 0.603794 0.358704
vt 0.588476 0.347498
vt 0.616655 0.485556
vt 0.617791 0.510931
vt 0.602521 0.496336
vt 0.616697 0.031250
vt 0.617407 0.036910
vt 0.610652 0.032989
vt 0.648539 0.595094
vt 0.636426 0.606487
vt 0.635523 0.582991
vt 0.637363 0.647947
vt 0.619027 0.637104
vt 0.675472 0.524758
vt 0.676802 0.530219
vt 0.670130 0.531514
vt 0.670059 0.527344
vt 0.696002 0.945190
vt 0.702697 0.294447
vt 0.709730 0.322809
vt 0.694232 0.313813
vt 0.742358 0.523982
vt 0.739006 0.548922
vt 0.731335 0.530451
vt 0.726942 0.600123
vt 0.706319 0.595154
vt 0.718667 0.580102
vt 0.737648 0.751767
vt 0.731780 0.752269
vt 0.730703 0.743631
vt 0.734952 0.385465
vt 0.725453 0.405218
vt 0.720966 0.370277
vt 0.734792 0.828462
vt 0.723968 0.860087
vt 0.714985 0.830619
vt 0.739335 0.760655
vt 0.732940 0.768659
vt 0.732037 0.759652
vt 0.738691 0.257118
vt 0.736447 0.267913
vt 0.731642 0.263744
vt 0.746179 0.267155
vt 0.742185 0.290916
vt 0.740219 0.277111
vt 0.727371 0.271254
vt 0.725598 0.259613
vt 0.737122 0.730952
vt 0.733842 0.738397
vt 0.732869 0.728411
vt 0.745771 0.737413
vt 0.741706 0.737403
vt 0.739199 0.726618
vt 0.743058 0.757671
vt 0.740368 0.743824
vt 0.742603 0.706956
vt 0.731608 0.707901
vt 0.729478 0.696488
vt 0.750921 0.722984
vt 0.738463 0.717020
vt 0.732533 0.200590
vt 0.726014 0.204997
vt 0.717979 0.195496
vt 0.736039 0.645917
vt 0.732003 0.671746
vt 0.725141 0.641105
vt 0.731364 0.066976
vt 0.754069 0.081831
vt 0.719274 0.084441
vt 0.731666 0.500440
vt 0.738294 0.984742
vt 0.737305 0.988281
vt 0.733564 0.984408
vt 0.741715 0.461453
vt 0.735240 0.440660
vt 0.706142 0.053552
vt 0.693668 0.044337
vt 0.709204 0.044843
vt 0.691406 0.046875
vt 0.694833 0.052679
vt 0.706445 0.404317
vt 0.712154 0.423941
vt 0.695749 0.412642
vt 0.707796 0.376036
vt 0.697537 0.390787
vt 0.702648 0.782693
vt 0.709533 0.804624
vt 0.698542 0.787376
vt 0.715968 0.295496
vt 0.709414 0.298260
vt 0.706763 0.285206
vt 0.706469 0.269213
vt 0.700559 0.260525
vt 0.704045 0.259864
vt 0.715281 0.728352
vt 0.712010 0.736674
vt 0.711391 0.721239
vt 0.713977 0.744095
vt 0.715433 0.756847
vt 0.710357 0.751112
vt 0.709067 0.743440
vt 0.717367 0.713881
vt 0.711960 0.711882
vt 0.704303 0.228480
vt 0.710226 0.228579
vt 0.703067 0.240592
vt 0.710852 0.245144
vt 0.713062 0.247032
vt 0.709596 0.250544
vt 0.704581 0.063722
vt 0.686087 0.082238
vt 0.708965 0.976525
vt 0.705292 0.980317
vt 0.701081 0.962719
vt 0.707031 0.984375
vt 0.705109 0.988381
vt 0.702843 0.984375
vt 0.682591 0.939232
vt 0.676257 0.545612
vt 0.672856 0.549211
vt 0.670939 0.541730
vt 0.659215 0.510994
vt 0.653774 0.518279
vt 0.657277 0.507702
vt 0.686971 0.892490
vt 0.687298 0.917781
vt 0.655515 0.902420
vt 0.685941 0.439819
vt 0.678968 0.452307
vt 0.683694 0.423671
vt 0.645092 0.427822
vt 0.633555 0.424649
vt 0.637065 0.399181
vt 0.660910 0.825075
vt 0.638654 0.835510
vt 0.637527 0.813375
vt 0.650876 0.725756
vt 0.635342 0.747006
vt 0.638362 0.719614
vt 0.630891 0.629039
vt 0.644531 0.984375
vt 0.643554 0.988281
vt 0.639579 0.981005
vt 0.639607 0.045236
vt 0.650894 0.044045
vt 0.641906 0.052643
vt 0.632139 0.045497
vt 0.609568 0.652821
vt 0.639111 0.880107
vt 0.599791 0.890369
vt 0.621919 0.878420
vt 0.624693 0.912093
vt 0.593624 0.918135
vt 0.607355 0.314877
vt 0.608790 0.335286
vt 0.619894 0.792403
vt 0.602608 0.813608
vt 0.592007 0.839742
vt 0.568931 0.830234
vt 0.578656 0.813887
vt 0.577186 0.566231
vt 0.585817 0.591046
vt 0.573336 0.583106
vt 0.572047 0.511882
vt 0.565911 0.525161
vt 0.558861 0.503769
vt 0.583149 0.045708
vt 0.604750 0.055433
vt 0.576749 0.053230
vt 0.577981 0.492960
vt 0.609271 0.944029
vt 0.569951 0.949095
vt 0.559551 0.544359
vt 0.556530 0.565320
vt 0.546681 0.558299
vt 0.534676 0.766015
vt 0.528419 0.767976
vt 0.530267 0.760602
vt 0.533989 0.259127
vt 0.534019 0.267184
vt 0.530438 0.271629
vt 0.527031 0.261974
vt 0.543215 0.255701
vt 0.543023 0.266627
vt 0.538259 0.263798
vt 0.522135 0.770216
vt 0.525272 0.760843
vt 0.517611 0.288850
vt 0.519792 0.299570
vt 0.508102 0.287383
vt 0.523515 0.291459
vt 0.530154 0.294872
vt 0.518767 0.730417
vt 0.515748 0.736216
vt 0.514134 0.730802
vt 0.526313 0.728119
vt 0.525195 0.737995
vt 0.522250 0.728716
vt 0.528430 0.697147
vt 0.524158 0.705521
vt 0.514193 0.704598
vt 0.524329 0.714844
vt 0.528443 0.720232
vt 0.520142 0.721233
vt 0.514647 0.712241
vt 0.506565 0.727952
vt 0.521604 0.226235
vt 0.517345 0.236547
vt 0.513167 0.238174
vt 0.518869 0.223048
vt 0.517429 0.592090
vt 0.519257 0.621599
vt 0.505118 0.605554
vt 0.518734 0.511795
vt 0.516742 0.517037
vt 0.514566 0.508124
vt 0.503693 0.515208
vt 0.498218 0.516838
vt 0.496727 0.515744
vt 0.510434 0.511229
vt 0.509891 0.520306
vt 0.509219 0.511552
vt 0.507812 0.518887
vt 0.509978 0.523699
vt 0.513677 0.526120
vt 0.506762 0.537146
vt 0.507987 0.523686
vt 0.512723 0.969653
vt 0.520869 0.975356
vt 0.513089 0.974215
vt 0.519531 0.984375
vt 0.518554 0.988281
vt 0.515843 0.989247
vt 0.527949 0.429734
vt 0.528121 0.449148
vt 0.510273 0.437970
vt 0.495064 0.496836
vt 0.490331 0.507884
vt 0.490468 0.495279
vt 0.480248 0.755666
vt 0.462555 0.770520
vt 0.467067 0.744459
vt 0.478142 0.697205
vt 0.465580 0.719363
vt 0.465169 0.683682
vt 0.455682 0.695347
vt 0.439681 0.711448
vt 0.463646 0.228873
vt 0.467057 0.246051
vt 0.444064 0.241108
vt 0.449360 0.667200
vt 0.459541 0.145463
vt 0.451509 0.168596
vt 0.430016 0.148078
vt 0.472334 0.109717
vt 0.443318 0.123066
vt 0.466216 0.093407
vt 0.457031 0.984375
vt 0.454091 0.991284
vt 0.451694 0.983097
vt 0.450844 0.452278
vt 0.452418 0.472971
vt 0.440404 0.455951
vt 0.463702 0.397254
vt 0.448341 0.396036
vt 0.452020 0.377098
vt 0.423836 0.528118
vt 0.414393 0.540847
vt 0.407776 0.520099
vt 0.429558 0.453810
vt 0.434571 0.476390
vt 0.421207 0.461720
vt 0.437233 0.844068
vt 0.417641 0.827303
vt 0.431011 0.811230
vt 0.405036 0.857776
vt 0.431948 0.762930
vt 0.419688 0.773635
vt 0.412590 0.750760
vt 0.421304 0.198076
vt 0.418818 0.233259
vt 0.405649 0.211658
vt 0.394956 0.248512
vt 0.386749 0.272421
vt 0.373498 0.270079
vt 0.400176 0.742571
vt 0.369167 0.710956
vt 0.408254 0.670459
vt 0.400592 0.689136
vt 0.392470 0.155428
vt 0.403104 0.187762
vt 0.386439 0.171929
vt 0.377859 0.412953
vt 0.388294 0.393271
vt 0.417883 0.883675
vt 0.388258 0.876972
vt 0.345932 0.473516
vt 0.346707 0.441468
vt 0.340030 0.891082
vt 0.375617 0.905814
vt 0.340612 0.914729
vt 0.361141 0.675316
vt 0.369312 0.584017
vt 0.373308 0.618205
vt 0.360896 0.608211
vt 0.344662 0.574365
vt 0.348591 0.574380
vt 0.343075 0.576480
vt 0.355262 0.586031
vt 0.349150 0.598717
vt 0.320114 0.694690
vt 0.330486 0.728048
vt 0.337377 0.601741
vt 0.335321 0.611130
vt 0.332685 0.602260
vt 0.331894 0.579734
vt 0.325418 0.579095
vt 0.327939 0.571279
vt 0.338556 0.573030
vt 0.338919 0.580442
vt 0.334972 0.574377
vt 0.330684 0.507966
vt 0.331910 0.519179
vt 0.324223 0.520030
vt 0.339110 0.506385
vt 0.338885 0.517579
vt 0.334686 0.527132
vt 0.335014 0.534706
vt 0.302895 0.790950
vt 0.298662 0.795327
vt 0.292494 0.788296
vt 0.284116 0.195481
vt 0.284730 0.206922
vt 0.277427 0.203470
vt 0.312326 0.180302
vt 0.306175 0.183247
vt 0.308826 0.166736
vt 0.303941 0.524086
vt 0.296299 0.560817
vt 0.287670 0.548300
vt 0.295906 0.518603
vt 0.285594 0.514325
vt 0.271766 0.238937
vt 0.260484 0.221003
vt 0.279232 0.240713
vt 0.272400 0.234484
vt 0.273014 0.228099
vt 0.274151 0.644231
vt 0.259271 0.637447
vt 0.269023 0.625207
vt 0.266188 0.660883
vt 0.254919 0.671087
vt 0.279333 0.168733
vt 0.273364 0.175955
vt 0.269964 0.171792
vt 0.265917 0.517768
vt 0.259366 0.546772
vt 0.249536 0.538546
vt 0.256906 0.816718
vt 0.240641 0.838038
vt 0.240644 0.811727
vt 0.277605 0.796875
vt 0.273676 0.801803
vt 0.272825 0.790943
vt 0.265238 0.761089
vt 0.267770 0.770093
vt 0.262664 0.774027
vt 0.264299 0.702313
vt 0.273135 0.729051
vt 0.251763 0.711099
vt 0.228119 0.270250
vt 0.211802 0.282070
vt 0.212196 0.256241
vt 0.235659 0.633220
vt 0.231392 0.653084
vt 0.219684 0.628815
vt 0.194256 0.657053
vt 0.183431 0.640951
vt 0.189892 0.623546
vt 0.219486 0.407743
vt 0.204294 0.409684
vt 0.213640 0.386301
vt 0.198475 0.325466
vt 0.187014 0.336650
vt 0.188784 0.188341
vt 0.198485 0.212484
vt 0.185118 0.215295
vt 0.205903 0.195227
vt 0.171373 0.202906
vt 0.154453 0.624216
vt 0.167619 0.650166
vt 0.153000 0.653151
vt 0.175731 0.570959
vt 0.175128 0.580124
vt 0.169870 0.580360
vt 0.167111 0.572269
vt 0.164822 0.579670
vt 0.163236 0.572417
vt 0.184005 0.543400
vt 0.180630 0.550960
vt 0.179353 0.536333
vt 0.179796 0.570870
vt 0.177487 0.555280
vt 0.173570 0.522169
vt 0.148014 0.598873
vt 0.152799 0.613839
vt 0.145587 0.603778
vt 0.150525 0.560058
vt 0.147350 0.564718
vt 0.147268 0.556592
vt 0.149302 0.524915
vt 0.149277 0.534911
vt 0.146090 0.531704
vt 0.155685 0.368040
vt 0.148942 0.383688
vt 0.138867 0.367999
vt 0.150976 0.323793
vt 0.137675 0.334837
vt 0.137467 0.313634
vt 0.126311 0.312992
vt 0.152618 0.221952
vt 0.142389 0.252098
vt 0.131951 0.227616
vt 0.141440 0.648379
vt 0.147420 0.678560
vt 0.131700 0.675456
vt 0.123576 0.281542
vt 0.113243 0.304580
vt 0.109432 0.278024
vt 0.097129 0.184218
vt 0.114726 0.193423
vt 0.086631 0.212819
vt 0.116207 0.676387
vt 0.105306 0.685958
vt 0.100587 0.668123
vt 0.109437 0.597064
vt 0.093978 0.089004
vt 0.059762 0.085129
vt 0.063009 0.063163
vt 0.085241 0.412945
vt 0.076088 0.432507
vt 0.070707 0.415090
vt 0.071674 0.379642
vt 0.071858 0.396679
vt 0.060656 0.397416
vt 0.079576 0.338719
vt 0.074534 0.359636
vt 0.061336 0.331317
vt 0.101433 0.802148
vt 0.073011 0.822903
vt 0.078225 0.794129
vt 0.093506 0.285717
vt 0.087005 0.312911
vt 0.078552 0.292482
vt 0.095461 0.735340
vt 0.078735 0.762557
vt 0.074696 0.733919
vt 0.074218 0.701314
vt 0.062222 0.714084
vt 0.051339 0.720799
vt 0.041626 0.746808
vt 0.038068 0.726277
vt 0.047564 0.390883
vt 0.035823 0.400335
vt 0.034971 0.371846
vt 0.047582 0.331752
vt 0.033739 0.336641
vt 0.035551 0.312383
vt 0.021907 0.531659
vt 0.017464 0.557549
vt 0.015118 0.539970
vt 0.008192 0.525423
vt 0.010054 0.534513
vt 0.005967 0.533298
vt 0.005030 0.439199
vt 0.004902 0.465257
vt 0.000000 0.458811
vt 0.001580 0.250545
vt 0.004918 0.709905
vt 0.000000 0.703125
vt 0.002074 0.687611
vt 0.030306 0.174087
vt 0.038206 0.193216
vt 0.018546 0.191332
vt 0.030226 0.067193
vt 0.003932 0.085887
vt 0.003217 0.064180
vt 0.997958 0.189205
vt 0.983379 0.188327
vt 0.987125 0.177049
vt 0.997241 0.063487
vt 0.995005 0.083695
vt 0.967311 0.067200
vt 0.972256 0.505304
vt 0.971764 0.521216
vt 0.967992 0.513313
vt 0.979860 0.507370
vt 0.977425 0.521415
vt 0.975653 0.511453
vt 0.974951 0.040356
vt 0.976418 0.036479
vt 0.991614 0.043548
vt 0.989907 0.402986
vt 0.991596 0.437195
vt 0.980078 0.435375
vt 0.972008 0.819711
vt 0.969264 0.832546
vt 0.965281 0.829048
vt 0.997086 0.324070
vt 0.992254 0.358667
vt 0.984876 0.340382
vt 0.997520 0.785167
vt 0.996993 0.802411
vt 0.986003 0.802062
vt 0.997721 0.818718
vt 0.984123 0.817961
vt 0.944434 0.953679
vt 0.958757 0.957019
vt 0.955351 0.964733
vt 0.958988 0.404201
vt 0.962923 0.424706
vt 0.945801 0.428011
vt 0.955662 0.822623
vt 0.949754 0.832676
vt 0.952086 0.822690
vt 0.964411 0.820072
vt 0.960069 0.823028
vt 0.940551 0.821527
vt 0.942570 0.832970
vt 0.937553 0.822305
vt 0.934903 0.826698
vt 0.964467 0.371545
vt 0.955341 0.346208
vt 0.948405 0.316953
vt 0.941881 0.341905
vt 0.956869 0.798535
vt 0.954134 0.803080
vt 0.951336 0.795012
vt 0.965738 0.784708
vt 0.957795 0.777733
vt 0.956168 0.766300
vt 0.951303 0.778800
vt 0.949855 0.784536
vt 0.942229 0.784493
vt 0.946496 0.247038
vt 0.941541 0.280425
vt 0.935775 0.245706
vt 0.964804 0.207828
vt 0.962457 0.225817
vt 0.958083 0.220161
vt 0.938545 0.196658
vt 0.940723 0.205514
vt 0.935416 0.203269
vt 0.949086 0.195357
vt 0.948160 0.207507
vt 0.944310 0.204633
vt 0.977365 0.111100
vt 0.970332 0.134639
vt 0.948329 0.132122
vt 0.925593 0.198822
vt 0.925302 0.209310
vt 0.920858 0.195301
vt 0.932463 0.197231
vt 0.928584 0.193577
vt 0.916949 0.202506
vt 0.921424 0.225855
vt 0.912987 0.220901
vt 0.938585 0.646606
vt 0.924794 0.659467
vt 0.924984 0.631686
vt 0.910173 0.626522
vt 0.911784 0.655927
vt 0.902735 0.653972
vt 0.926513 0.169222
vt 0.917133 0.180718
vt 0.930126 0.180254
vt 0.937405 0.134590
vt 0.935988 0.934533
vt 0.913616 0.956189
vt 0.906040 0.928087
vt 0.929516 0.485503
vt 0.917163 0.497082
vt 0.915899 0.463114
vt 0.912554 0.745912
vt 0.899544 0.758018
vt 0.894267 0.733551
vt 0.893142 0.559349
vt 0.898679 0.574913
vt 0.882516 0.584212
vt 0.905674 0.553994
vt 0.896692 0.527469
vt 0.851498 0.635596
vt 0.846479 0.655187
vt 0.837733 0.632297
vt 0.841112 0.373013
vt 0.841629 0.403416
vt 0.862607 0.366735
vt 0.875303 0.718599
vt 0.864327 0.729880
vt 0.863231 0.702079
vt 0.828952 0.571959
vt 0.837168 0.581359
vt 0.826328 0.582035
vt 0.818582 0.581280
vt 0.818910 0.562572
vt 0.828113 0.612745
vt 0.812382 0.606059
vt 0.840243 0.553222
vt 0.835034 0.562786
vt 0.839063 0.511853
vt 0.837311 0.517250
vt 0.835008 0.505885
vt 0.839389 0.524766
vt 0.839171 0.533074
vt 0.834124 0.531250
vt 0.834122 0.527344
vt 0.824843 0.964164
vt 0.835628 0.968026
vt 0.825535 0.979282
vt 0.836994 0.493104
vt 0.839010 0.503641
vt 0.833119 0.497672
vt 0.832491 0.453190
vt 0.817858 0.483766
vt 0.815140 0.460763
vt 0.810919 0.165939
vt 0.783022 0.159533
vt 0.797008 0.604941
vt 0.802836 0.588612
vt 0.792526 0.939303
vt 0.784554 0.944555
vt 0.797302 0.045166
vt 0.806507 0.050872
vt 0.794652 0.053500
vt 0.787718 0.047991
vt 0.767713 0.331187
vt 0.780947 0.345386
vt 0.771935 0.363272
vt 0.770006 0.701634
vt 0.767788 0.726345
vt 0.770917 0.221870
vt 0.748765 0.215077
vt 0.760622 0.197971
vt 0.783364 0.685694
vt 0.768085 0.679290
vt 0.776336 0.046807
vt 0.778758 0.054651
vt 0.769544 0.059191
vt 0.776709 0.941888
vt 0.773458 0.945700
vt 0.796177 0.662007
vt 0.796728 0.684235
vt 0.781983 0.652132
vt 0.780995 0.859997
vt 0.777082 0.873968
vt 0.799418 0.431978
vt 0.789716 0.454758
vt 0.794335 0.419951
vt 0.793416 0.015625
vt 0.792201 0.021647
vt 0.826978 0.488717
vt 0.821141 0.504212
vt 0.818499 0.503785
vt 0.823167 0.562553
vt 0.818520 0.553721
vt 0.827147 0.660445
vt 0.821272 0.681245
vt 0.814145 0.652587
vt 0.850539 0.542897
vt 0.858585 0.534370
vt 0.847505 0.550834
vt 0.858455 0.616691
vt 0.846175 0.608799
vt 0.886719 0.015625
vt 0.893812 0.015840
vt 0.887514 0.027157
vt 0.884414 0.543710
vt 0.876796 0.565118
vt 0.911001 0.284608
vt 0.950687 0.602164
vt 0.940455 0.617040
vt 0.936209 0.600598
vt 0.946124 0.790717
vt 0.944255 0.797494
vt 0.948229 0.812500
vt 0.944752 0.808100
vt 0.944803 0.812286
vt 0.981630 0.015625
vt 0.985244 0.014218
vt 0.979630 0.021559
vt 0.974658 0.545541
vt 0.980158 0.545390
vt 0.003900 0.783201
vt 0.019087 0.802332
vt 0.004048 0.802994
vt 0.013071 0.477663
vt 0.006492 0.484283
vt 0.068197 0.660598
vt 0.057390 0.653344
vt 0.109671 0.540612
vt 0.096616 0.558220
vt 0.093502 0.539761
vt 0.109573 0.616296
vt 0.108597 0.364080
vt 0.109010 0.384210
vt 0.097059 0.363441
vt 0.143896 0.351174
vt 0.124284 0.355276
vt 0.137086 0.014158
vt 0.143153 0.017570
vt 0.136681 0.019531
vt 0.135675 0.563876
vt 0.132397 0.566384
vt 0.135189 0.548206
vt 0.131635 0.599830
vt 0.124637 0.621623
vt 0.119714 0.603409
vt 0.143449 0.617140
vt 0.129768 0.635415
vt 0.173794 0.168422
vt 0.164373 0.183455
vt 0.173057 0.228853
vt 0.156096 0.247037
vt 0.155272 0.303591
vt 0.167460 0.787887
vt 0.153131 0.806635
vt 0.147074 0.792973
vt 0.170827 0.419131
vt 0.162237 0.449066
vt 0.155544 0.431023
vt 0.202142 0.866886
vt 0.180894 0.862140
vt 0.186768 0.844643
vt 0.195883 0.603005
vt 0.180503 0.604650
vt 0.227265 0.614235
vt 0.223941 0.719909
vt 0.219272 0.743281
vt 0.210174 0.730446
vt 0.238741 0.731662
vt 0.264865 0.567914
vt 0.250221 0.567329
vt 0.295734 0.176320
vt 0.287994 0.173692
vt 0.286384 0.166362
vt 0.294102 0.232892
vt 0.287866 0.237001
vt 0.286150 0.230469
vt 0.291833 0.793641
vt 0.286985 0.796869
vt 0.287219 0.792969
vt 0.284678 0.343860
vt 0.286535 0.367747
vt 0.273252 0.363022
vt 0.298110 0.345977
vt 0.314139 0.403177
vt 0.313693 0.439917
vt 0.307769 0.426224
vt 0.326890 0.605398
vt 0.322645 0.614528
vt 0.316583 0.594409
vt 0.367956 0.161924
vt 0.357207 0.179822
vt 0.339700 0.175159
vt 0.353346 0.742124
vt 0.338111 0.749998
vt 0.344577 0.721722
vt 0.359278 0.724195
vt 0.393393 0.354462
vt 0.382003 0.377691
vt 0.383299 0.345021
vt 0.394902 0.226266
vt 0.378390 0.246425
vt 0.375412 0.225914
vt 0.424951 0.250255
vt 0.404871 0.264026
vt 0.415524 0.718675
vt 0.406768 0.438847
vt 0.454563 0.295894
vt 0.438799 0.301532
vt 0.441273 0.281157
vt 0.483257 0.237043
vt 0.487277 0.013930
vt 0.489229 0.020591
vt 0.504569 0.486693
vt 0.498699 0.487906
vt 0.511383 0.486955
vt 0.510863 0.496094
vt 0.508405 0.500410
vt 0.506684 0.493260
vt 0.526780 0.950535
vt 0.513725 0.951301
vt 0.510480 0.540209
vt 0.510697 0.549238
vt 0.506855 0.545277
vt 0.511436 0.728526
vt 0.506120 0.739233
vt 0.541546 0.242804
vt 0.539887 0.250982
vt 0.544678 0.737052
vt 0.538260 0.736217
vt 0.538434 0.727515
vt 0.549591 0.428258
vt 0.535345 0.449026
vt 0.534504 0.421790
vt 0.611999 0.013373
vt 0.613922 0.019564
vt 0.604216 0.025479
vt 0.595376 0.532305
vt 0.598201 0.557975
vt 0.588475 0.551318
vt 0.602321 0.094368
vt 0.621468 0.110116
vt 0.589840 0.113506
vt 0.603580 0.157002
vt 0.596028 0.183726
vt 0.585974 0.158895
vt 0.642997 0.165067
vt 0.619400 0.185684
vt 0.622213 0.154640
vt 0.623842 0.722547
vt 0.664855 0.362041
vt 0.656184 0.378183
vt 0.646555 0.354307
vt 0.667717 0.016633
vt 0.675082 0.015625
vt 0.670519 0.022518
vt 0.663345 0.155482
vt 0.668073 0.183880
vt 0.645378 0.182596
vt 0.702726 0.622572
vt 0.692442 0.635453
vt 0.690922 0.615913
vt 0.702834 0.015625
vt 0.705853 0.019531
vt 0.698294 0.020694
vt 0.721063 0.620324
vt 0.712488 0.609737
vt 0.727016 0.171973
vt 0.716563 0.698112
vt 0.725842 0.748451
vt 0.723731 0.290786
vt 0.725463 0.301570
vt 0.732961 0.295439
vt 0.723417 0.439049
vt 0.733902 0.418570
vt 0.729162 0.797171
vt 0.737564 0.797625
vt 0.724492 0.807107
vt 0.722687 0.783529
vt 0.727805 0.783303
vt 0.720426 0.791435
vt 0.719242 0.798650
vt 0.731932 0.278324
vt 0.732574 0.285656
vt 0.723897 0.285156
vt 0.715824 0.287036
vt 0.729655 0.729618
vt 0.715433 0.667752
vt 0.745147 0.104846
vt 0.722768 0.126495
vt 0.712892 0.106372
vt 0.724172 0.564639
vt 0.723459 0.542218
vt 0.737363 0.942591
vt 0.745897 0.950939
vt 0.735836 0.953213
vt 0.733195 0.479591
vt 0.718663 0.480402
vt 0.724274 0.462246
vt 0.735667 0.937500
vt 0.710175 0.465659
vt 0.701456 0.486435
vt 0.693424 0.462000
vt 0.704587 0.857188
vt 0.685434 0.866316
vt 0.684157 0.836239
vt 0.703155 0.735112
vt 0.699941 0.747698
vt 0.696470 0.744101
vt 0.700674 0.722080
vt 0.698215 0.732632
vt 0.692649 0.732360
vt 0.710583 0.525741
vt 0.709416 0.554865
vt 0.694512 0.536249
vt 0.670903 0.648244
vt 0.662003 0.678537
vt 0.655057 0.657831
vt 0.665829 0.531526
vt 0.666658 0.542306
vt 0.662342 0.540617
vt 0.667969 0.531494
vt 0.669292 0.549882
vt 0.665768 0.546357
vt 0.669528 0.035724
vt 0.666128 0.488090
vt 0.658974 0.497341
vt 0.659782 0.464377
vt 0.671273 0.428665
vt 0.656724 0.435461
vt 0.664353 0.411203
vt 0.654143 0.332465
vt 0.665504 0.276791
vt 0.666291 0.299969
vt 0.652320 0.293374
vt 0.676509 0.743191
vt 0.661424 0.745489
vt 0.663064 0.722699
vt 0.636329 0.445745
vt 0.620728 0.404932
vt 0.642941 0.219247
vt 0.630447 0.239762
vt 0.625926 0.223787
vt 0.645507 0.689832
vt 0.637950 0.668773
vt 0.643693 0.622181
vt 0.653410 0.110271
vt 0.624739 0.083208
vt 0.644791 0.548494
vt 0.635443 0.562849
vt 0.630382 0.534246
vt 0.650810 0.950148
vt 0.650424 0.958830
vt 0.640264 0.955323
vt 0.648846 0.964844
vt 0.642305 0.962449
vt 0.639770 0.464359
vt 0.636919 0.492256
vt 0.627470 0.465496
vt 0.613448 0.608238
vt 0.605372 0.621519
vt 0.606758 0.587600
vt 0.607204 0.545291
vt 0.606288 0.415115
vt 0.599382 0.428346
vt 0.593996 0.396889
vt 0.613556 0.295104
vt 0.595805 0.297843
vt 0.611054 0.733675
vt 0.613971 0.760644
vt 0.595479 0.740722
vt 0.599277 0.710112
vt 0.580919 0.426248
vt 0.565201 0.436509
vt 0.572024 0.411769
vt 0.561300 0.410746
vt 0.570619 0.641952
vt 0.575759 0.666408
vt 0.564263 0.676242
vt 0.578668 0.544156
vt 0.568126 0.554127
vt 0.587890 0.960938
vt 0.585839 0.964844
vt 0.578239 0.962193
vt 0.577683 0.029221
vt 0.574527 0.016823
vt 0.583351 0.026452
vt 0.543928 0.600708
vt 0.545680 0.632525
vt 0.533028 0.621943
vt 0.532127 0.594374
vt 0.529751 0.494835
vt 0.542413 0.950315
vt 0.541785 0.412333
vt 0.550547 0.831891
vt 0.536384 0.857520
vt 0.527370 0.841325
vt 0.531301 0.793386
vt 0.540092 0.277798
vt 0.539528 0.289331
vt 0.534080 0.287337
vt 0.543233 0.744356
vt 0.538434 0.743577
vt 0.534079 0.725887
vt 0.530432 0.728374
vt 0.533858 0.732610
vt 0.547378 0.239566
vt 0.547131 0.249346
vt 0.542425 0.230775
vt 0.541678 0.220551
vt 0.533646 0.210595
vt 0.538129 0.227713
vt 0.531752 0.227129
vt 0.531782 0.216994
vt 0.523502 0.360311
vt 0.519904 0.381708
vt 0.507558 0.356825
vt 0.504183 0.384078
vt 0.513110 0.746496
vt 0.510401 0.740220
vt 0.520582 0.653151
vt 0.522610 0.678978
vt 0.505487 0.680356
vt 0.509982 0.556230
vt 0.504828 0.552775
vt 0.515532 0.546989
vt 0.514730 0.556493
vt 0.513757 0.540876
vt 0.502809 0.538275
vt 0.499431 0.543085
vt 0.512139 0.492727
vt 0.515973 0.501870
vt 0.511515 0.501475
vt 0.494140 0.960938
vt 0.481812 0.962900
vt 0.479603 0.667947
vt 0.467895 0.661041
vt 0.459466 0.360452
vt 0.443700 0.363443
vt 0.430518 0.096673
vt 0.449079 0.523387
vt 0.450410 0.544086
vt 0.436197 0.542705
vt 0.454034 0.019358
vt 0.457453 0.025654
vt 0.448433 0.028894
vt 0.455343 0.499458
vt 0.440448 0.492032
vt 0.432229 0.917305
vt 0.469530 0.930372
vt 0.437451 0.936281
vt 0.405066 0.933515
vt 0.418367 0.370269
vt 0.416032 0.797465
vt 0.399401 0.785496
vt 0.422281 0.606621
vt 0.410907 0.623490
vt 0.411864 0.605008
vt 0.396693 0.608428
vt 0.382229 0.629254
vt 0.387895 0.598358
vt 0.380011 0.590476
vt 0.376765 0.519859
vt 0.384959 0.543843
vt 0.371846 0.553413
vt 0.385692 0.021739
vt 0.393608 0.022007
vt 0.390610 0.037507
vt 0.368585 0.340882
vt 0.373246 0.366123
vt 0.375943 0.931799
vt 0.358825 0.963638
vt 0.343981 0.935907
vt 0.352485 0.396931
vt 0.340627 0.414047
vt 0.354232 0.839975
vt 0.369803 0.856170
vt 0.335007 0.850946
vt 0.348199 0.355268
vt 0.346155 0.333888
vt 0.368409 0.803331
vt 0.356560 0.822579
vt 0.349512 0.796845
vt 0.358470 0.299165
vt 0.345496 0.304336
vt 0.349391 0.270891
vt 0.360371 0.219059
vt 0.347269 0.250395
vt 0.340277 0.237876
vt 0.364525 0.252405
vt 0.345762 0.673216
vt 0.367164 0.638431
vt 0.351005 0.615966
vt 0.359850 0.595594
vt 0.351683 0.604746
vt 0.358326 0.589869
vt 0.353645 0.548722
vt 0.354694 0.558352
vt 0.350712 0.552690
vt 0.358557 0.552271
vt 0.351341 0.528745
vt 0.356712 0.539874
vt 0.350634 0.536890
vt 0.346691 0.536729
vt 0.343229 0.541318
vt 0.338959 0.204279
vt 0.313727 0.227367
vt 0.316806 0.197737
vt 0.327933 0.537089
vt 0.326188 0.551500
vt 0.321809 0.550904
vt 0.322675 0.455866
vt 0.331914 0.479240
vt 0.321696 0.490560
vt 0.313854 0.935421
vt 0.323287 0.427413
vt 0.316092 0.796335
vt 0.311027 0.790794
vt 0.311869 0.778121
vt 0.336271 0.311751
vt 0.319685 0.326104
vt 0.315522 0.298671
vt 0.317005 0.262358
vt 0.326132 0.293202
vt 0.280888 0.916241
vt 0.311573 0.934232
vt 0.283026 0.938068
vt 0.281861 0.401822
vt 0.288497 0.418655
vt 0.273836 0.418961
vt 0.287352 0.789062
vt 0.289844 0.784774
vt 0.296091 0.779731
vt 0.287264 0.784724
vt 0.284707 0.788984
vt 0.284730 0.793077
vt 0.295983 0.167039
vt 0.281506 0.155047
vt 0.300410 0.610007
vt 0.285082 0.623075
vt 0.288247 0.604282
vt 0.269142 0.682463
vt 0.260942 0.023437
vt 0.264611 0.016334
vt 0.270039 0.024040
vt 0.250750 0.932331
vt 0.249790 0.861673
vt 0.258752 0.344538
vt 0.257852 0.374100
vt 0.249200 0.351681
vt 0.261401 0.284635
vt 0.256211 0.262687
vt 0.220302 0.800488
vt 0.236581 0.785887
vt 0.237260 0.299490
vt 0.223457 0.311714
vt 0.240832 0.103395
vt 0.205419 0.107863
vt 0.218501 0.083595
vt 0.237859 0.556244
vt 0.227077 0.553947
vt 0.229192 0.525918
vt 0.211909 0.558321
vt 0.196634 0.569765
vt 0.195704 0.549250
vt 0.205376 0.017181
vt 0.206719 0.025476
vt 0.197786 0.025693
vt 0.207043 0.755343
vt 0.194461 0.726969
vt 0.193828 0.237732
vt 0.158229 0.877598
vt 0.155493 0.860385
vt 0.178582 0.351813
vt 0.168610 0.365910
vt 0.163074 0.346072
vt 0.174324 0.255690
vt 0.178958 0.694457
vt 0.166805 0.670499
vt 0.169927 0.548587
vt 0.166833 0.549066
vt 0.165534 0.553619
vt 0.167684 0.562646
vt 0.172986 0.539596
vt 0.167037 0.538822
vt 0.166980 0.530713
vt 0.172253 0.546285
vt 0.163030 0.542345
vt 0.158264 0.540507
vt 0.161861 0.533691
vt 0.161175 0.548182
vt 0.166016 0.023437
vt 0.171336 0.018148
vt 0.172065 0.027530
vt 0.137596 0.598648
vt 0.143072 0.756125
vt 0.123679 0.742231
vt 0.126677 0.254872
vt 0.127181 0.653692
vt 0.113079 0.342706
vt 0.103501 0.337079
vt 0.101635 0.307746
vt 0.106845 0.711964
vt 0.113666 0.731488
vt 0.101460 0.521359
vt 0.124796 0.938014
vt 0.109706 0.964421
vt 0.096295 0.945355
vt 0.077471 0.542376
vt 0.064595 0.557223
vt 0.067719 0.523651
vt 0.074924 0.017589
vt 0.080179 0.013952
vt 0.080862 0.020859
vt 0.073772 0.466836
vt 0.060803 0.499739
vt 0.060625 0.467658
vt 0.093756 0.918958
vt 0.092187 0.941105
vt 0.063550 0.937236
vt 0.060319 0.430651
vt 0.063371 0.801033
vt 0.066753 0.273884
vt 0.064308 0.301094
vt 0.049543 0.289689
vt 0.086396 0.686785
vt 0.068925 0.679729
vt 0.085285 0.664989
vt 0.046874 0.658217
vt 0.031233 0.672851
vt 0.030364 0.656652
vt 0.048685 0.614609
vt 0.037463 0.614477
vt 0.039831 0.587644
vt 0.052618 0.598204
vt 0.033077 0.546778
vt 0.049971 0.548419
vt 0.038304 0.564343
vt 0.036546 0.525160
vt 0.061121 0.942721
vt 0.053715 0.963969
vt 0.033369 0.940450
vt 0.047752 0.018827
vt 0.051188 0.027386
vt 0.041058 0.029363
vt 0.010505 0.543341
vt 0.009102 0.559104
vt 0.004759 0.555990
vt 0.000000 0.541248
vt 0.011399 0.503337
vt 0.007442 0.818501
vt 0.014510 0.685507
vt 0.004343 0.662213
vt 0.991543 0.231913
vt 0.970373 0.236056
vt 0.979786 0.218485
vt 0.975729 0.213284
vt 0.970267 0.225537
vt 0.975207 0.167233
vt 0.975435 0.179988
vt 0.968175 0.162848
vt 0.982446 0.533471
vt 0.984870 0.543703
vt 0.979492 0.537133
vt 0.966937 0.543003
vt 0.969038 0.531079
vt 0.974229 0.528211
vt 0.988470 0.021854
vt 0.984862 0.030022
vt 0.985843 0.480550
vt 0.984109 0.490502
vt 0.977592 0.492055
vt 0.977921 0.501593
vt 0.980021 0.383131
vt 0.977767 0.802348
vt 0.981233 0.783898
vt 0.970402 0.792885
vt 0.967952 0.778145
vt 0.950709 0.477554
vt 0.949710 0.501199
vt 0.939527 0.498635
vt 0.938606 0.466717
vt 0.968139 0.932193
vt 0.940858 0.918780
vt 0.942800 0.404972
vt 0.937082 0.794313
vt 0.940761 0.794558
vt 0.953665 0.753290
vt 0.940253 0.753824
vt 0.958265 0.722957
vt 0.955529 0.657107
vt 0.942111 0.672327
vt 0.952086 0.177263
vt 0.946803 0.179687
vt 0.946230 0.173581
vt 0.952156 0.169561
vt 0.946287 0.165751
vt 0.939682 0.154770
vt 0.939668 0.166603
vt 0.933684 0.160790
vt 0.947765 0.158839
vt 0.938572 0.175006
vt 0.925879 0.242370
vt 0.926958 0.367812
vt 0.917552 0.381084
vt 0.910554 0.365769
vt 0.915614 0.800503
vt 0.908511 0.809751
vt 0.913447 0.780016
vt 0.878581 0.463940
vt 0.888216 0.475885
vt 0.872898 0.483118
vt 0.896058 0.431746
vt 0.882663 0.441851
vt 0.886858 0.417156
vt 0.892301 0.343822
vt 0.880893 0.228706
vt 0.894106 0.255782
vt 0.881146 0.247254
vt 0.865074 0.240976
vt 0.855520 0.260835
vt 0.850753 0.241897
vt 0.862471 0.486683
vt 0.853203 0.496887
vt 0.854924 0.847680
vt 0.869572 0.859572
vt 0.833223 0.855748
vt 0.863970 0.783828
vt 0.860067 0.815645
vt 0.844229 0.799614
vt 0.862714 0.277188
vt 0.853083 0.302332
vt 0.843769 0.288789
vt 0.852322 0.745172
vt 0.846265 0.726298
vt 0.824110 0.553711
vt 0.828990 0.564466
vt 0.837891 0.960938
vt 0.831760 0.955757
vt 0.836926 0.942731
vt 0.839488 0.951703
vt 0.833231 0.947126
vt 0.830090 0.479338
vt 0.817047 0.495068
vt 0.800484 0.018139
vt 0.794725 0.488557
vt 0.781831 0.473687
vt 0.780056 0.499845
vt 0.793907 0.394650
vt 0.783369 0.409196
vt 0.780658 0.432479
vt 0.793980 0.778161
vt 0.787615 0.810029
vt 0.786488 0.277639
vt 0.794811 0.302710
vt 0.779043 0.294929
vt 0.751044 0.839151
vt 0.753368 0.767915
vt 0.764476 0.783872
vt 0.744784 0.780468
vt 0.770966 0.314834
vt 0.753068 0.315640
vt 0.763547 0.289256
vt 0.772777 0.744674
vt 0.753582 0.742044
vt 0.751532 0.235546
vt 0.770464 0.148227
vt 0.761289 0.171735
vt 0.747777 0.146296
vt 0.775551 0.956587
vt 0.768301 0.960930
vt 0.764951 0.953321
vt 0.762743 0.015263
vt 0.767924 0.015625
vt 0.767305 0.024662
vt 0.771323 0.411654
vt 0.756082 0.408533
vt 0.770390 0.440579
vt 0.764646 0.489414
vt 0.755164 0.474184
vt 0.754750 0.050928
vt 0.765217 0.052900
vt 0.757246 0.060022
vt 0.759585 0.038841
vt 0.770946 0.038371
vt 0.754960 0.949856
vt 0.766976 0.974044
vt 0.759778 0.974841
vt 0.757034 0.962601
vt 0.785852 0.520817
vt 0.785398 0.539731
vt 0.772292 0.517671
vt 0.781005 0.566445
vt 0.769262 0.544888
vt 0.782789 0.615065
vt 0.772023 0.629869
vt 0.764835 0.610131
vt 0.775159 0.766926
vt 0.787364 0.749489
vt 0.784905 0.375427
vt 0.823002 0.202812
vt 0.800645 0.202351
vt 0.813954 0.219994
vt 0.799234 0.235094
vt 0.790068 0.218581
vt 0.815606 0.742445
vt 0.806141 0.762313
vt 0.803844 0.736254
vt 0.812649 0.276028
vt 0.798801 0.271079
vt 0.808080 0.250034
vt 0.820238 0.305018
vt 0.806459 0.325398
vt 0.806410 0.298099
vt 0.791529 0.332195
vt 0.819649 0.348606
vt 0.816048 0.371526
vt 0.798981 0.357798
vt 0.804789 0.820594
vt 0.777683 0.839337
vt 0.784244 0.824279
vt 0.785738 0.055437
vt 0.794949 0.061832
vt 0.792791 0.946617
vt 0.784760 0.949941
vt 0.799662 0.985045
vt 0.794603 0.987756
vt 0.793234 0.984375
vt 0.795806 0.975793
vt 0.801784 0.980989
vt 0.785705 0.591087
vt 0.791357 0.560775
vt 0.814326 0.567166
vt 0.810516 0.625104
vt 0.845970 0.873146
vt 0.839762 0.888536
vt 0.813482 0.868978
vt 0.844580 0.426926
vt 0.836164 0.429210
vt 0.825475 0.429750
vt 0.828151 0.982660
vt 0.829881 0.989830
vt 0.824670 0.985197
vt 0.827176 0.507311
vt 0.825057 0.517348
vt 0.822232 0.513404
vt 0.834089 0.523261
vt 0.844100 0.529481
vt 0.842595 0.513706
vt 0.837875 0.541264
vt 0.835938 0.537461
vt 0.843006 0.537093
vt 0.843743 0.544058
vt 0.838351 0.548153
vt 0.828854 0.542255
vt 0.845324 0.054845
vt 0.843746 0.074639
vt 0.829974 0.062267
vt 0.837246 0.570914
vt 0.847528 0.707422
vt 0.834707 0.716662
vt 0.838190 0.695456
vt 0.831032 0.738061
vt 0.821937 0.325570
vt 0.841600 0.830514
vt 0.827437 0.817271
vt 0.828933 0.370952
vt 0.819350 0.398179
vt 0.832105 0.394546
vt 0.879885 0.749143
vt 0.839122 0.252564
vt 0.883255 0.285959
vt 0.869197 0.301367
vt 0.880147 0.769409
vt 0.866375 0.753396
vt 0.850781 0.324982
vt 0.836506 0.314671
vt 0.870621 0.403797
vt 0.879012 0.409479
vt 0.881227 0.879386
vt 0.875554 0.927399
vt 0.845346 0.924317
vt 0.877480 0.900213
vt 0.848660 0.046875
vt 0.857521 0.044184
vt 0.851505 0.955125
vt 0.866208 0.953921
vt 0.864161 0.960507
vt 0.855259 0.516455
vt 0.853052 0.529969
vt 0.849835 0.513063
vt 0.872904 0.501267
vt 0.872685 0.518473
vt 0.873212 0.538627
vt 0.867774 0.553855
vt 0.875487 0.075844
vt 0.844018 0.101273
vt 0.867381 0.135327
vt 0.857840 0.157032
vt 0.862201 0.641060
vt 0.891888 0.960775
vt 0.889483 0.967879
vt 0.882854 0.966481
vt 0.889722 0.979489
vt 0.893745 0.985513
vt 0.889062 0.991295
vt 0.890320 0.996094
vt 0.901420 0.504352
vt 0.909003 0.527104
vt 0.898617 0.679085
vt 0.891451 0.653377
vt 0.907865 0.199159
vt 0.889864 0.209993
vt 0.900906 0.231744
vt 0.894898 0.702753
vt 0.874967 0.262929
vt 0.910744 0.257613
vt 0.899471 0.279425
vt 0.901482 0.304059
vt 0.897367 0.325391
vt 0.886100 0.308777
vt 0.908363 0.325994
vt 0.902308 0.349195
vt 0.894444 0.399078
vt 0.906026 0.446537
vt 0.904650 0.423343
vt 0.903812 0.396714
vt 0.871253 0.433843
vt 0.927594 0.271120
vt 0.924350 0.760921
vt 0.931309 0.780392
vt 0.931397 0.793759
vt 0.925794 0.790813
vt 0.930074 0.339053
vt 0.937540 0.365829
vt 0.940200 0.853329
vt 0.930283 0.849380
vt 0.931217 0.841699
vt 0.926381 0.403825
vt 0.916854 0.412773
vt 0.923063 0.437296
vt 0.929037 0.459424
vt 0.912568 0.046810
vt 0.930256 0.042431
vt 0.938292 0.069128
vt 0.921411 0.971498
vt 0.925468 0.985343
vt 0.922949 0.992241
vt 0.939207 0.093933
vt 0.933846 0.112569
vt 0.905801 0.090416
vt 0.925959 0.585289
vt 0.917960 0.605931
vt 0.910656 0.581716
vt 0.896017 0.134817
vt 0.906988 0.119879
vt 0.936676 0.146391
vt 0.925596 0.220928
vt 0.932635 0.211833
vt 0.924790 0.183892
vt 0.929445 0.212771
vt 0.933970 0.232433
vt 0.916655 0.704875
vt 0.905281 0.708996
vt 0.909440 0.689245
vt 0.959501 0.583709
vt 0.958133 0.616405
vt 0.954177 0.156084
vt 0.947421 0.150440
vt 0.968413 0.172745
vt 0.968897 0.181506
vt 0.962034 0.174425
vt 0.965248 0.189397
vt 0.962045 0.182977
vt 0.961697 0.164990
vt 0.957207 0.168565
vt 0.949322 0.633371
vt 0.946681 0.215587
vt 0.952173 0.204786
vt 0.954220 0.211269
vt 0.953525 0.219314
vt 0.948305 0.191406
vt 0.944752 0.191900
vt 0.951716 0.191855
vt 0.962724 0.198591
vt 0.959780 0.193353
vt 0.968748 0.192756
vt 0.966874 0.215138
vt 0.959753 0.238828
vt 0.956439 0.228421
vt 0.951147 0.682729
vt 0.945088 0.705176
vt 0.934413 0.680235
vt 0.957406 0.271776
vt 0.948959 0.294487
vt 0.946399 0.766111
vt 0.951587 0.771835
vt 0.973148 0.771858
vt 0.960947 0.765305
vt 0.967662 0.760153
vt 0.964501 0.792907
vt 0.961676 0.795018
vt 0.951368 0.373086
vt 0.946815 0.820312
vt 0.946217 0.826455
vt 0.963235 0.841076
vt 0.953998 0.836082
vt 0.966274 0.898067
vt 0.930367 0.896727
vt 0.945901 0.867531
vt 0.935161 0.866798
vt 0.958853 0.867592
vt 0.978013 0.885225
vt 0.953192 0.440564
vt 0.941092 0.448234
vt 0.949464 0.043199
vt 0.955250 0.971630
vt 0.952958 0.976686
vt 0.947196 0.966992
vt 0.994861 0.459970
vt 0.980699 0.465438
vt 0.988365 0.966222
vt 0.977755 0.966963
vt 0.976269 0.957347
vt 0.965285 0.504253
vt 0.989545 0.504901
vt 0.982193 0.509845
vt 0.987278 0.537366
vt 0.998931 0.103823
vt 0.994878 0.125249
vt 0.997899 0.139512
vt 0.977842 0.198448
vt 0.997342 0.206542
vt 0.983947 0.202679
vt 0.991020 0.269086
vt 0.999640 0.287436
vt 0.991787 0.300905
vt 0.012593 0.573496
vt 0.016702 0.596411
vt 0.003765 0.579844
vt 0.036026 0.133699
vt 0.006868 0.140236
vt 0.005869 0.123686
vt 0.020979 0.637388
vt 0.032254 0.630588
vt 0.022430 0.701170
vt 0.018997 0.726487
vt 0.018195 0.760897
vt 0.023395 0.781026
vt 0.043199 0.833337
vt 0.021344 0.833817
vt 0.035167 0.807315
vt 0.021774 0.414540
vt 0.033129 0.424232
vt 0.018145 0.443198
vt 0.010139 0.967814
vt 0.019702 0.972450
vt 0.009787 0.972656
vt 0.012699 0.521413
vt 0.017305 0.522148
vt 0.062589 0.359243
vt 0.058379 0.376549
vt 0.048960 0.354017
vt 0.050038 0.462356
vt 0.036993 0.458738
vt 0.045115 0.437730
vt 0.050255 0.975554
vt 0.046623 0.981343
vt 0.041930 0.973781
vt 0.051030 0.525490
vt 0.032599 0.504383
vt 0.029000 0.573321
vt 0.063431 0.602426
vt 0.060185 0.627913
vt 0.045549 0.637773
vt 0.038434 0.251940
vt 0.047630 0.272060
vt 0.027409 0.265741
vt 0.100091 0.633353
vt 0.080871 0.631997
vt 0.073644 0.616063
vt 0.077305 0.595221
vt 0.105463 0.155233
vt 0.077521 0.163225
vt 0.077350 0.192421
vt 0.059634 0.203333
vt 0.098781 0.233035
vt 0.083447 0.259410
vt 0.075865 0.234586
vt 0.087855 0.712214
vt 0.067820 0.253028
vt 0.091817 0.334037
vt 0.087027 0.364149
vt 0.093340 0.466776
vt 0.098773 0.485752
vt 0.087427 0.486878
vt 0.074245 0.495357
vt 0.080957 0.980883
vt 0.074656 0.982166
vt 0.076179 0.974442
vt 0.115396 0.854060
vt 0.097918 0.837472
vt 0.118022 0.834936
vt 0.103064 0.398292
vt 0.089130 0.386985
vt 0.122723 0.423770
vt 0.122639 0.440253
vt 0.111331 0.422400
vt 0.118669 0.401758
vt 0.125831 0.918759
vt 0.123553 0.899968
vt 0.111656 0.975909
vt 0.112708 0.982567
vt 0.105841 0.981783
vt 0.128579 0.555283
vt 0.118304 0.556125
vt 0.121628 0.528275
vt 0.128630 0.578150
vt 0.114762 0.572235
vt 0.113080 0.644454
vt 0.105222 0.215770
vt 0.119348 0.214881
vt 0.115374 0.699668
vt 0.127142 0.714898
vt 0.094607 0.264969
vt 0.105400 0.749044
vt 0.099814 0.765281
vt 0.120988 0.777360
vt 0.127035 0.797544
vt 0.098167 0.784057
vt 0.117514 0.327935
vt 0.140351 0.832775
vt 0.128665 0.818272
vt 0.158080 0.415467
vt 0.154279 0.401151
vt 0.147321 0.447880
vt 0.145606 0.474576
vt 0.132926 0.452363
vt 0.135517 0.430708
vt 0.157416 0.485383
vt 0.149844 0.490862
vt 0.133839 0.966133
vt 0.147780 0.960884
vt 0.145590 0.971549
vt 0.139170 0.975397
vt 0.144535 0.980469
vt 0.139076 0.982567
vt 0.133288 0.536747
vt 0.130656 0.506478
vt 0.156612 0.518152
vt 0.155265 0.525088
vt 0.147471 0.517107
vt 0.158408 0.509914
vt 0.153801 0.548908
vt 0.151193 0.554688
vt 0.149398 0.546712
vt 0.145699 0.542452
vt 0.141723 0.543956
vt 0.133668 0.579171
vt 0.151435 0.590250
vt 0.146297 0.583757
vt 0.149331 0.580222
vt 0.151029 0.568384
vt 0.148444 0.572568
vt 0.142696 0.569386
vt 0.138997 0.592623
vt 0.145520 0.182605
vt 0.186940 0.911096
vt 0.153699 0.894009
vt 0.180449 0.882815
vt 0.190176 0.496894
vt 0.182970 0.507353
vt 0.183713 0.482656
vt 0.171357 0.530030
vt 0.163685 0.517638
vt 0.163399 0.566406
vt 0.158148 0.566662
vt 0.161063 0.580399
vt 0.158496 0.576118
vt 0.166029 0.629696
vt 0.180311 0.284138
vt 0.176532 0.770832
vt 0.158265 0.772619
vt 0.167713 0.749929
vt 0.153126 0.747709
vt 0.187659 0.363562
vt 0.181483 0.381300
vt 0.177417 0.801572
vt 0.184327 0.823144
vt 0.160252 0.817584
vt 0.225574 0.237763
vt 0.212807 0.231384
vt 0.222377 0.294346
vt 0.211525 0.316210
vt 0.221673 0.767921
vt 0.205248 0.783219
vt 0.194593 0.301481
vt 0.216890 0.341725
vt 0.215015 0.364237
vt 0.200725 0.351939
vt 0.212280 0.838210
vt 0.215855 0.819237
vt 0.194028 0.408565
vt 0.198621 0.379976
vt 0.233657 0.877095
vt 0.220940 0.489356
vt 0.212664 0.510278
vt 0.209706 0.487398
vt 0.213785 0.454678
vt 0.198025 0.465248
vt 0.195562 0.514006
vt 0.219866 0.535990
vt 0.206505 0.535314
vt 0.185168 0.561309
vt 0.183621 0.577458
vt 0.224413 0.569331
vt 0.211558 0.576803
vt 0.216360 0.175173
vt 0.223713 0.195568
vt 0.217679 0.672241
vt 0.205620 0.678347
vt 0.209312 0.648433
vt 0.244284 0.465897
vt 0.228860 0.470716
vt 0.216675 0.060201
vt 0.240823 0.040881
vt 0.249034 0.069647
vt 0.241243 0.581184
vt 0.265675 0.128192
vt 0.249200 0.143768
vt 0.222939 0.126128
vt 0.233242 0.148552
vt 0.244713 0.169174
vt 0.221165 0.160533
vt 0.250054 0.688648
vt 0.248501 0.652836
vt 0.241373 0.203107
vt 0.220262 0.210491
vt 0.241072 0.711592
vt 0.254179 0.737879
vt 0.232115 0.748505
vt 0.252929 0.757668
vt 0.242739 0.756960
vt 0.245654 0.262574
vt 0.251987 0.425879
vt 0.254769 0.446193
vt 0.239936 0.445226
vt 0.247468 0.907182
vt 0.275411 0.750573
vt 0.276390 0.756538
vt 0.277833 0.784376
vt 0.270583 0.786286
vt 0.269371 0.798976
vt 0.263985 0.318992
vt 0.279253 0.314118
vt 0.272090 0.337109
vt 0.277264 0.384582
vt 0.268371 0.822366
vt 0.262692 0.811248
vt 0.278807 0.824541
vt 0.273758 0.826312
vt 0.274569 0.814894
vt 0.281009 0.816930
vt 0.267738 0.809976
vt 0.265614 0.832005
vt 0.267918 0.870764
vt 0.270416 0.891961
vt 0.290903 0.871860
vt 0.268055 0.984375
vt 0.266883 0.990380
vt 0.262633 0.986070
vt 0.254217 0.506599
vt 0.268315 0.485369
vt 0.272965 0.584437
vt 0.276445 0.601292
vt 0.259243 0.608799
vt 0.281461 0.180182
vt 0.276744 0.191358
vt 0.276601 0.181150
vt 0.263166 0.168606
vt 0.259008 0.209429
vt 0.262695 0.201320
vt 0.268070 0.187562
vt 0.258966 0.192008
vt 0.238750 0.184474
vt 0.273980 0.199621
vt 0.272161 0.192363
vt 0.274605 0.219785
vt 0.279571 0.236153
vt 0.271366 0.220981
vt 0.293226 0.023681
vt 0.302145 0.026476
vt 0.303864 0.036237
vt 0.296347 0.975217
vt 0.298041 0.982639
vt 0.292893 0.980469
vt 0.292664 0.494435
vt 0.312820 0.548953
vt 0.317376 0.098807
vt 0.287774 0.108574
vt 0.279869 0.086847
vt 0.298957 0.582428
vt 0.288093 0.579614
vt 0.297386 0.153798
vt 0.292417 0.206799
vt 0.292351 0.210694
vt 0.287219 0.207031
vt 0.287352 0.210938
vt 0.295726 0.223180
vt 0.289843 0.215226
vt 0.298700 0.204728
vt 0.290474 0.195664
vt 0.294710 0.190003
vt 0.281616 0.189797
vt 0.288074 0.189112
vt 0.286990 0.203139
vt 0.310610 0.208665
vt 0.310860 0.220961
vt 0.304690 0.225066
vt 0.307315 0.212647
vt 0.311639 0.196612
vt 0.307304 0.198722
vt 0.303488 0.188573
vt 0.295370 0.183285
vt 0.302027 0.196436
vt 0.299995 0.225497
vt 0.296841 0.236940
vt 0.292196 0.685652
vt 0.289113 0.704933
vt 0.279597 0.698534
vt 0.305163 0.677332
vt 0.306407 0.261063
vt 0.296881 0.771259
vt 0.290106 0.766845
vt 0.290510 0.774484
vt 0.284360 0.751735
vt 0.285128 0.757812
vt 0.317125 0.760364
vt 0.304116 0.762818
vt 0.294047 0.756336
vt 0.292417 0.749792
vt 0.308872 0.797735
vt 0.302836 0.806877
vt 0.304135 0.797699
vt 0.300071 0.783202
vt 0.303739 0.781309
vt 0.293855 0.326353
vt 0.306902 0.317011
vt 0.293754 0.307922
vt 0.301524 0.814852
vt 0.294854 0.825683
vt 0.295438 0.816499
vt 0.299907 0.412009
vt 0.294393 0.389707
vt 0.313464 0.904183
vt 0.302939 0.885695
vt 0.304257 0.458219
vt 0.296934 0.474034
vt 0.335304 0.263758
vt 0.315901 0.246568
vt 0.341071 0.770823
vt 0.332498 0.331141
vt 0.316585 0.345371
vt 0.332963 0.362388
vt 0.314280 0.059005
vt 0.328595 0.036721
vt 0.343342 0.062021
vt 0.345271 0.507424
vt 0.343042 0.547986
vt 0.341797 0.558371
vt 0.338378 0.552318
vt 0.341797 0.562500
vt 0.339644 0.562669
vt 0.338836 0.544599
vt 0.330830 0.542127
vt 0.312074 0.081014
vt 0.344593 0.081618
vt 0.349348 0.101417
vt 0.327707 0.592100
vt 0.321119 0.582995
vt 0.342876 0.584158
vt 0.342640 0.618266
vt 0.334504 0.621129
vt 0.361824 0.530359
vt 0.354489 0.516639
vt 0.352738 0.509030
vt 0.346591 0.517804
vt 0.368813 0.566318
vt 0.365953 0.559936
vt 0.364402 0.576816
vt 0.362030 0.565128
vt 0.345278 0.125909
vt 0.367907 0.140567
vt 0.346529 0.150410
vt 0.376344 0.184666
vt 0.380566 0.201724
vt 0.353609 0.193501
vt 0.357020 0.368946
vt 0.345827 0.377669
vt 0.365819 0.380056
vt 0.363730 0.975833
vt 0.355710 0.977443
vt 0.397119 0.332109
vt 0.377472 0.319149
vt 0.393964 0.311445
vt 0.397325 0.374072
vt 0.377440 0.454829
vt 0.399193 0.465625
vt 0.403152 0.506159
vt 0.402069 0.097328
vt 0.373556 0.101557
vt 0.405646 0.067908
vt 0.385001 0.564809
vt 0.406666 0.584881
vt 0.381658 0.649634
vt 0.418284 0.575887
vt 0.407490 0.557548
vt 0.425595 0.558289
vt 0.434216 0.576649
vt 0.442096 0.263184
vt 0.418164 0.689334
vt 0.415007 0.038496
vt 0.425754 0.027623
vt 0.429965 0.038226
vt 0.469893 0.843663
vt 0.451366 0.828493
vt 0.467550 0.819210
vt 0.433723 0.382858
vt 0.459217 0.418369
vt 0.466416 0.439389
vt 0.460223 0.443752
vt 0.446521 0.425175
vt 0.448036 0.039715
vt 0.470190 0.070733
vt 0.436927 0.068554
vt 0.471058 0.559610
vt 0.458887 0.574906
vt 0.461142 0.549964
vt 0.445095 0.559296
vt 0.445239 0.590399
vt 0.464172 0.126942
vt 0.471501 0.165744
vt 0.462014 0.266321
vt 0.463753 0.794566
vt 0.447802 0.802836
vt 0.449038 0.785046
vt 0.461421 0.325004
vt 0.447910 0.324207
vt 0.494196 0.701793
vt 0.492494 0.673944
vt 0.495044 0.193125
vt 0.489657 0.210353
vt 0.474152 0.186470
vt 0.468937 0.211928
vt 0.480334 0.735459
vt 0.496770 0.303854
vt 0.506857 0.776180
vt 0.490456 0.794734
vt 0.483157 0.771539
vt 0.504508 0.874051
vt 0.500937 0.894478
vt 0.476370 0.883336
vt 0.498581 0.447646
vt 0.486075 0.509519
vt 0.475449 0.501813
vt 0.494797 0.522913
vt 0.497275 0.535930
vt 0.495034 0.511643
vt 0.497090 0.499608
vt 0.498175 0.548732
vt 0.498280 0.562597
vt 0.493254 0.544569
vt 0.495251 0.539224
vt 0.490874 0.531297
vt 0.486033 0.538050
vt 0.487522 0.528709
vt 0.485852 0.044836
vt 0.499879 0.074107
vt 0.499902 0.628601
vt 0.489213 0.612795
vt 0.494708 0.593531
vt 0.520547 0.400688
vt 0.506239 0.402815
vt 0.534388 0.391860
vt 0.532881 0.366855
vt 0.512570 0.420550
vt 0.521403 0.497820
vt 0.508182 0.047201
vt 0.524111 0.048040
vt 0.505859 0.515625
vt 0.534741 0.500518
vt 0.524304 0.511765
vt 0.525466 0.532081
vt 0.533820 0.549990
vt 0.521329 0.555332
vt 0.520021 0.538803
vt 0.509704 0.567081
vt 0.529129 0.573563
vt 0.503526 0.648910
vt 0.524745 0.229655
vt 0.528811 0.221130
vt 0.531411 0.233537
vt 0.524590 0.236055
vt 0.529586 0.712684
vt 0.519704 0.712318
vt 0.534573 0.706511
vt 0.527481 0.750277
vt 0.527030 0.738026
vt 0.514478 0.720859
vt 0.511368 0.260299
vt 0.507621 0.261822
vt 0.508650 0.246963
vt 0.506879 0.270116
vt 0.504832 0.252882
vt 0.526320 0.271884
vt 0.520533 0.272454
vt 0.522012 0.268931
vt 0.524282 0.285156
vt 0.515518 0.778813
vt 0.518159 0.792223
vt 0.524089 0.779360
vt 0.518360 0.761948
vt 0.513130 0.759383
vt 0.519605 0.756262
vt 0.521148 0.818312
vt 0.536507 0.819707
vt 0.523141 0.787240
vt 0.522159 0.334929
vt 0.505185 0.329908
vt 0.519499 0.318311
vt 0.505772 0.831546
vt 0.501431 0.805285
vt 0.507635 0.856527
vt 0.534747 0.651811
vt 0.551108 0.664312
vt 0.559791 0.652742
vt 0.550295 0.219540
vt 0.559200 0.201320
vt 0.556303 0.232621
vt 0.559024 0.728194
vt 0.551619 0.735338
vt 0.548143 0.712206
vt 0.547654 0.270498
vt 0.538438 0.256428
vt 0.547203 0.259871
vt 0.527337 0.257813
vt 0.527583 0.253906
vt 0.551652 0.251688
vt 0.555540 0.266239
vt 0.547280 0.764033
vt 0.543992 0.775023
vt 0.538761 0.771452
vt 0.535508 0.756875
vt 0.568807 0.790812
vt 0.545104 0.790054
vt 0.552408 0.771775
vt 0.561868 0.355957
vt 0.559063 0.377073
vt 0.546952 0.356579
vt 0.564530 0.853286
vt 0.558297 0.806236
vt 0.544079 0.455150
vt 0.553361 0.443961
vt 0.563898 0.474347
vt 0.553119 0.487310
vt 0.556079 0.520540
vt 0.539592 0.572481
vt 0.551957 0.585784
vt 0.563190 0.585478
vt 0.554338 0.613678
vt 0.559683 0.457819
vt 0.585184 0.031250
vt 0.585584 0.035156
vt 0.579895 0.966852
vt 0.580801 0.987569
vt 0.579405 0.991675
vt 0.573846 0.982392
vt 0.586053 0.521659
vt 0.589196 0.502576
vt 0.593076 0.076164
vt 0.563709 0.072360
vt 0.603215 0.132949
vt 0.568976 0.121832
vt 0.597292 0.636927
vt 0.587833 0.660013
vt 0.581215 0.637846
vt 0.598151 0.665611
vt 0.597984 0.690916
vt 0.581589 0.690856
vt 0.594379 0.229075
vt 0.598812 0.255683
vt 0.579813 0.240642
vt 0.587415 0.212398
vt 0.569938 0.221594
vt 0.574393 0.760914
vt 0.569813 0.318958
vt 0.559727 0.334382
vt 0.552129 0.315396
vt 0.577357 0.364630
vt 0.573593 0.339879
vt 0.581818 0.394937
vt 0.569406 0.387125
vt 0.592744 0.371010
vt 0.592082 0.443631
vt 0.626017 0.257337
vt 0.610912 0.238391
vt 0.623316 0.749499
vt 0.618738 0.352920
vt 0.619040 0.835149
vt 0.608826 0.386335
vt 0.624615 0.384551
vt 0.624880 0.491816
vt 0.599644 0.514176
vt 0.592965 0.575005
vt 0.624759 0.582958
vt 0.613204 0.567083
vt 0.621569 0.558881
vt 0.632620 0.128799
vt 0.610383 0.680527
vt 0.625236 0.443441
vt 0.634160 0.967286
vt 0.632477 0.508245
vt 0.648371 0.140680
vt 0.657754 0.600762
vt 0.652695 0.627142
vt 0.626397 0.203882
vt 0.653444 0.196538
vt 0.649027 0.758024
vt 0.662499 0.788179
vt 0.652735 0.801246
vt 0.637981 0.785673
vt 0.664633 0.844214
vt 0.635014 0.858512
vt 0.647407 0.385257
vt 0.633963 0.367004
vt 0.653158 0.409250
vt 0.679491 0.675497
vt 0.688582 0.695308
vt 0.674131 0.700608
vt 0.693049 0.756116
vt 0.690548 0.254101
vt 0.679163 0.272586
vt 0.673568 0.246947
vt 0.663782 0.766543
vt 0.679673 0.765916
vt 0.685332 0.798608
vt 0.686020 0.331625
vt 0.694672 0.361844
vt 0.679075 0.352746
vt 0.685908 0.374770
vt 0.684857 0.393324
vt 0.672371 0.380526
vt 0.677954 0.407458
vt 0.664123 0.883045
vt 0.657876 0.919579
vt 0.675169 0.984375
vt 0.672920 0.987812
vt 0.668987 0.982897
vt 0.667969 0.527344
vt 0.663473 0.499747
vt 0.664032 0.505635
vt 0.662821 0.513003
vt 0.659895 0.517962
vt 0.675783 0.510374
vt 0.674590 0.514719
vt 0.671261 0.500614
vt 0.679757 0.514540
vt 0.673123 0.535156
vt 0.675754 0.537550
vt 0.654612 0.084391
vt 0.677146 0.059926
vt 0.663213 0.568090
vt 0.668614 0.581902
vt 0.657660 0.574850
vt 0.686779 0.562750
vt 0.691459 0.591659
vt 0.679560 0.573344
vt 0.678938 0.601746
vt 0.679614 0.622108
vt 0.666072 0.617592
vt 0.680210 0.641226
vt 0.692439 0.512072
vt 0.705935 0.498582
vt 0.717342 0.512997
vt 0.692362 0.557272
vt 0.702794 0.574911
vt 0.712545 0.640013
vt 0.716797 0.250000
vt 0.714844 0.245445
vt 0.708372 0.216890
vt 0.702021 0.218655
vt 0.720056 0.705635
vt 0.716260 0.738640
vt 0.716797 0.750000
vt 0.705982 0.724747
vt 0.708088 0.729161
vt 0.697234 0.260860
vt 0.700181 0.277381
vt 0.694015 0.258809
vt 0.693116 0.275743
vt 0.709926 0.281185
vt 0.697686 0.762319
vt 0.690929 0.763122
vt 0.702477 0.763334
vt 0.719208 0.779301
vt 0.713675 0.782822
vt 0.713124 0.774663
vt 0.718766 0.753906
vt 0.715604 0.762719
vt 0.711594 0.758764
vt 0.708450 0.766713
vt 0.704578 0.759541
vt 0.712190 0.794207
vt 0.711538 0.347897
vt 0.694392 0.821609
vt 0.715482 0.395079
vt 0.708824 0.444920
vt 0.709756 0.881018
vt 0.718695 0.496416
vt 0.701033 0.058594
vt 0.678812 0.060110
vt 0.707105 0.025961
vt 0.711545 0.037070
vt 0.699731 0.037339
vt 0.717760 0.058473
vt 0.738784 0.053236
vt 0.744500 0.050623
vt 0.734775 0.060799
vt 0.741311 0.962319
vt 0.731750 0.972570
vt 0.726499 0.964036
vt 0.737569 0.974369
vt 0.753893 0.534607
vt 0.752530 0.588930
vt 0.747099 0.621522
vt 0.740974 0.602203
vt 0.756268 0.121853
vt 0.744578 0.679399
vt 0.746804 0.648939
vt 0.753632 0.670052
vt 0.734414 0.214147
vt 0.733766 0.222330
vt 0.727173 0.214126
vt 0.717612 0.207197
vt 0.742180 0.217594
vt 0.731818 0.719285
vt 0.729591 0.255648
vt 0.725847 0.251551
vt 0.723254 0.264905
vt 0.722656 0.249967
vt 0.743179 0.260158
vt 0.737862 0.272208
vt 0.726146 0.754794
vt 0.720712 0.753906
vt 0.720210 0.764855
vt 0.723429 0.765297
vt 0.756509 0.348570
vt 0.739967 0.346263
vt 0.741931 0.324664
vt 0.730924 0.361497
vt 0.745078 0.405998
vt 0.725172 0.709627
vt 0.726497 0.716595
vt 0.724310 0.719747
vt 0.735273 0.233762
vt 0.737697 0.246053
vt 0.732038 0.240343
vt 0.741624 0.246004
vt 0.726245 0.943772
vt 0.748692 0.913918
vt 0.716063 0.896527
vt 0.703315 0.749466
vt 0.706749 0.713793
vt 0.710238 0.236282
vt 0.688940 0.536816
vt 0.689164 0.520321
vt 0.670081 0.523034
vt 0.673490 0.520340
vt 0.658965 0.524740
vt 0.656465 0.525970
vt 0.665768 0.527344
vt 0.659292 0.534046
vt 0.678473 0.489472
vt 0.671346 0.494542
vt 0.681033 0.502362
vt 0.676850 0.503685
vt 0.678488 0.812512
vt 0.631836 0.770262
vt 0.621018 0.537834
vt 0.634354 0.038213
vt 0.593771 0.608253
vt 0.616185 0.970713
vt 0.612671 0.977603
vt 0.605336 0.969804
vt 0.606226 0.036140
vt 0.606288 0.455168
vt 0.592886 0.475836
vt 0.601832 0.785273
vt 0.583440 0.777672
vt 0.596124 0.760653
vt 0.588033 0.722415
vt 0.574356 0.716531
vt 0.546843 0.511325
vt 0.540978 0.537136
vt 0.552340 0.875253
vt 0.529724 0.877633
vt 0.551744 0.285662
vt 0.535070 0.712836
vt 0.540334 0.723106
vt 0.517551 0.774434
vt 0.509589 0.280159
vt 0.502799 0.722382
vt 0.521484 0.525436
vt 0.519531 0.523798
vt 0.505743 0.519531
vt 0.503692 0.523668
vt 0.513230 0.981186
vt 0.516523 0.495947
vt 0.480965 0.626870
vt 0.491941 0.556329
vt 0.477977 0.552464
vt 0.477268 0.792549
vt 0.483279 0.144553
vt 0.449660 0.756485
vt 0.453513 0.725300
vt 0.448416 0.216145
vt 0.439870 0.514546
vt 0.460662 0.966737
vt 0.455050 0.977583
vt 0.450739 0.967190
vt 0.470759 0.908258
vt 0.435904 0.901840
vt 0.436492 0.407710
vt 0.412443 0.475468
vt 0.401811 0.827727
vt 0.421206 0.670886
vt 0.433748 0.172254
vt 0.415391 0.165176
vt 0.434036 0.629526
vt 0.422262 0.638753
vt 0.397687 0.543417
vt 0.375156 0.475974
vt 0.370053 0.397745
vt 0.354146 0.026656
vt 0.366240 0.039328
vt 0.353067 0.038024
vt 0.366582 0.422497
vt 0.349832 0.758627
vt 0.348685 0.580220
vt 0.364208 0.542087
vt 0.362388 0.551477
vt 0.335796 0.588516
vt 0.330349 0.588567
vt 0.334378 0.964818
vt 0.331550 0.977027
vt 0.323596 0.973999
vt 0.321391 0.964999
vt 0.302370 0.824264
vt 0.302226 0.839747
vt 0.288070 0.830002
vt 0.280978 0.833624
vt 0.296287 0.808159
vt 0.282965 0.775999
vt 0.283205 0.769926
vt 0.302901 0.209063
vt 0.284707 0.211016
vt 0.293016 0.657011
vt 0.282306 0.669192
vt 0.288812 0.639791
vt 0.278372 0.526469
vt 0.267311 0.201642
vt 0.269115 0.540920
vt 0.272339 0.965062
vt 0.259797 0.965842
vt 0.243074 0.393307
vt 0.238772 0.412983
vt 0.228096 0.389641
vt 0.222434 0.691135
vt 0.211138 0.705653
vt 0.233412 0.692586
vt 0.234925 0.964203
vt 0.236808 0.977046
vt 0.230197 0.972782
vt 0.244490 0.492438
vt 0.219175 0.939613
vt 0.210375 0.961735
vt 0.197401 0.964203
vt 0.197728 0.490882
vt 0.198677 0.271016
vt 0.193760 0.694062
vt 0.183451 0.424332
vt 0.178438 0.447326
vt 0.159194 0.840083
vt 0.162336 0.278653
vt 0.172205 0.138519
vt 0.190882 0.158245
vt 0.155268 0.066786
vt 0.188436 0.087783
vt 0.158260 0.096023
vt 0.172950 0.963153
vt 0.176989 0.974853
vt 0.167144 0.972521
vt 0.186054 0.935563
vt 0.155821 0.934595
vt 0.167653 0.487295
vt 0.147055 0.590915
vt 0.140729 0.587860
vt 0.140632 0.575425
vt 0.143386 0.552651
vt 0.143304 0.560650
vt 0.128186 0.488711
vt 0.120574 0.458905
vt 0.135168 0.412334
vt 0.138769 0.393290
vt 0.123523 0.380636
vt 0.133974 0.876813
vt 0.135316 0.854739
vt 0.137682 0.777570
vt 0.124267 0.761002
vt 0.137275 0.286519
vt 0.125383 0.176074
vt 0.106670 0.453767
vt 0.096891 0.443375
vt 0.091488 0.426949
vt 0.068603 0.580045
vt 0.054132 0.573619
vt 0.045911 0.217341
vt 0.027616 0.208468
vt 0.030122 0.094064
vt 0.043978 0.368020
vt 0.001108 0.517086
vt 0.000000 0.523438
vt 0.005002 0.517423
vt 0.026214 0.389613
vt 0.028249 0.746659
vt 0.008817 0.744792
vt 0.014602 0.656160
vt 0.000000 0.653861
vt 0.001015 0.634243
vt 0.972000 0.211013
vt 0.981655 0.154543
vt 0.972486 0.156204
vt 0.977744 0.570463
vt 0.972763 0.602692
vt 0.972245 0.561050
vt 0.990235 0.976562
vt 0.986110 0.980630
vt 0.986335 0.972273
vt 0.971139 0.441887
vt 0.969884 0.478913
vt 0.959767 0.457971
vt 0.980750 0.833515
vt 0.977210 0.855432
vt 0.964935 0.847442
vt 0.975416 0.826320
vt 0.945154 0.035156
vt 0.955500 0.038889
vt 0.956653 0.840835
vt 0.937552 0.837338
vt 0.947369 0.841857
vt 0.940252 0.845920
vt 0.939729 0.723689
vt 0.930648 0.702619
vt 0.960821 0.140491
vt 0.958720 0.151632
vt 0.950835 0.142966
vt 0.953896 0.564101
vt 0.925049 0.964837
vt 0.928031 0.973074
vt 0.925066 0.509036
vt 0.899366 0.864388
vt 0.924336 0.854833
vt 0.916595 0.346778
vt 0.928240 0.771001
vt 0.921918 0.783709
vt 0.893488 0.776621
vt 0.880499 0.949579
vt 0.894726 0.953629
vt 0.849777 0.041383
vt 0.856945 0.031557
vt 0.864363 0.945492
vt 0.839077 0.902905
vt 0.852709 0.347619
vt 0.841711 0.342970
vt 0.810473 0.079173
vt 0.829905 0.557989
vt 0.831934 0.531902
vt 0.832031 0.527344
vt 0.829017 0.492188
vt 0.810345 0.936261
vt 0.777701 0.453019
vt 0.771597 0.261023
vt 0.746036 0.502424
vt 0.759734 0.028646
vt 0.755408 0.504031
vt 0.799805 0.011719
vt 0.808203 0.944238
vt 0.802082 0.938831
vt 0.814979 0.510896
vt 0.828406 0.004794
vt 0.829775 0.009967
vt 0.828110 0.014692
vt 0.811514 0.442669
vt 0.812897 0.422066
vt 0.858761 0.003913
vt 0.862305 0.011719
vt 0.856986 0.009967
vt 0.855851 0.688603
vt 0.847796 0.674420
vt 0.906962 0.603578
vt 0.920716 0.680367
vt 0.944800 0.187720
vt 0.946569 0.238799
vt 0.940946 0.808341
vt 0.976257 0.410888
vt 0.010144 0.249067
vt 0.000000 0.236579
vt 0.002868 0.489955
vt 0.007920 0.501781
vt 0.004691 0.502113
vt 0.017578 0.007812
vt 0.013846 0.018722
vt 0.014981 0.009631
vt 0.048983 0.011719
vt 0.043362 0.014054
vt 0.050818 0.239446
vt 0.069906 0.445132
vt 0.105644 0.435906
vt 0.112062 0.874283
vt 0.139457 0.007812
vt 0.142089 0.010518
vt 0.157341 0.547368
vt 0.153407 0.729762
vt 0.200495 0.010518
vt 0.204261 0.007812
vt 0.218321 0.603793
vt 0.255753 0.476258
vt 0.266823 0.007006
vt 0.263685 0.010167
vt 0.248991 0.629246
vt 0.245505 0.612354
vt 0.295914 0.007006
vt 0.298820 0.010266
vt 0.293914 0.015013
vt 0.290485 0.804330
vt 0.282292 0.803313
vt 0.279534 0.435320
vt 0.309372 0.810196
vt 0.324978 0.668571
vt 0.313989 0.669726
vt 0.347196 0.552532
vt 0.343870 0.558292
vt 0.334985 0.434454
vt 0.357422 0.007812
vt 0.361710 0.014138
vt 0.355978 0.016738
vt 0.360139 0.006733
vt 0.381065 0.503658
vt 0.389944 0.007812
vt 0.391782 0.011719
vt 0.390221 0.014764
vt 0.394210 0.116420
vt 0.394447 0.129838
vt 0.362739 0.122231
vt 0.383681 0.298400
vt 0.373739 0.294535
vt 0.407842 0.362356
vt 0.421501 0.489712
vt 0.420502 0.006733
vt 0.422612 0.007812
vt 0.421414 0.011719
vt 0.429725 0.742046
vt 0.442088 0.733460
vt 0.438307 0.329520
vt 0.482313 0.310043
vt 0.466580 0.306964
vt 0.471386 0.640791
vt 0.472762 0.613375
vt 0.505318 0.501647
vt 0.503342 0.560311
vt 0.530279 0.239396
vt 0.536253 0.234043
vt 0.533982 0.740863
vt 0.527337 0.742188
vt 0.539887 0.749018
vt 0.579584 0.007812
vt 0.581039 0.014581
vt 0.577674 0.864344
vt 0.656128 0.311949
vt 0.663051 0.557855
vt 0.658069 0.554147
vt 0.677340 0.138488
vt 0.667879 0.232138
vt 0.653458 0.240549
vt 0.690196 0.666210
vt 0.691160 0.293633
vt 0.680957 0.305042
vt 0.685722 0.495114
vt 0.728535 0.247130
vt 0.722656 0.750019
vt 0.723620 0.740240
vt 0.727292 0.737008
vt 0.723628 0.727801
vt 0.719957 0.732209
vt 0.719867 0.743281
vt 0.724777 0.240233
vt 0.728188 0.231616
vt 0.723730 0.232568
vt 0.720406 0.235082
vt 0.733178 0.011621
vt 0.737305 0.011719
vt 0.734833 0.015528
vt 0.719931 0.915837
vt 0.707031 0.015625
vt 0.697087 0.433893
vt 0.697162 0.243736
vt 0.697387 0.233833
vt 0.692394 0.232225
vt 0.710823 0.170348
vt 0.696905 0.182879
vt 0.682947 0.176422
vt 0.684861 0.545896
vt 0.665004 0.553225
vt 0.661010 0.546910
vt 0.656258 0.545282
vt 0.672859 0.012197
vt 0.645128 0.939545
vt 0.629856 0.947567
vt 0.620736 0.422162
vt 0.624340 0.609031
vt 0.639151 0.010412
vt 0.641575 0.023403
vt 0.638716 0.016884
vt 0.643554 0.011719
vt 0.602366 0.474809
vt 0.589052 0.799460
vt 0.556522 0.250275
vt 0.568726 0.164408
vt 0.575948 0.193319
vt 0.557522 0.182218
vt 0.552268 0.162489
vt 0.566225 0.096134
vt 0.547233 0.015567
vt 0.543356 0.375640
vt 0.498768 0.369226
vt 0.505209 0.309528
vt 0.508756 0.751530
vt 0.504519 0.751436
vt 0.499022 0.740622
vt 0.511257 0.232113
vt 0.502934 0.545404
vt 0.515733 0.006849
vt 0.518554 0.011719
vt 0.515027 0.017569
vt 0.519531 0.015625
vt 0.499560 0.424843
vt 0.491058 0.125281
vt 0.477016 0.421922
vt 0.475631 0.439446
vt 0.488480 0.818405
vt 0.451844 0.014621
vt 0.420572 0.122587
vt 0.425966 0.017820
vt 0.419896 0.015625
vt 0.418460 0.437073
vt 0.376501 0.436631
vt 0.370360 0.877519
vt 0.348588 0.873173
vt 0.338865 0.819448
vt 0.343780 0.606956
vt 0.350287 0.560237
vt 0.348707 0.544713
vt 0.319403 0.564350
vt 0.316525 0.556284
vt 0.322086 0.540522
vt 0.312406 0.503119
vt 0.315249 0.472498
vt 0.295265 0.436297
vt 0.288102 0.810860
vt 0.285875 0.282708
vt 0.281416 0.232925
vt 0.287871 0.181288
vt 0.300058 0.017499
vt 0.266462 0.107320
vt 0.256709 0.799978
vt 0.229844 0.429745
vt 0.234077 0.672238
vt 0.234873 0.010167
vt 0.237919 0.017851
vt 0.231733 0.016741
vt 0.182183 0.670153
vt 0.199541 0.018056
vt 0.169213 0.616283
vt 0.163000 0.613975
vt 0.156436 0.607289
vt 0.165418 0.559667
vt 0.160403 0.558189
vt 0.160327 0.562500
vt 0.132728 0.104537
vt 0.132419 0.122505
vt 0.103297 0.114759
vt 0.119491 0.236196
vt 0.096510 0.410954
vt 0.064957 0.907991
vt 0.057899 0.182459
vt 0.068001 0.638723
vt 0.028099 0.287098
vt 0.031829 0.229650
vt 0.030312 0.486507
vt 0.031585 0.441746
vt 0.005365 0.542163
vt 0.001017 0.554860
vt 0.001022 0.547013
vt 0.002003 0.480621
vt 0.029544 0.925005
vt 0.001651 0.936964
vt 0.000000 0.740645
vt 0.005699 0.729283
vt 0.010501 0.225813
vt 0.980299 0.288496
vt 0.981378 0.478607
vt 0.972117 0.487345
vt 0.993209 0.876180
vt 0.974598 0.806012
vt 0.971029 0.806131
vt 0.952470 0.019002
vt 0.936927 0.386753
vt 0.949076 0.804640
vt 0.936655 0.802576
vt 0.947801 0.232433
vt 0.940808 0.231164
vt 0.945059 0.575011
vt 0.938914 0.553345
vt 0.916083 0.543754
vt 0.915300 0.569678
vt 0.886799 0.494634
vt 0.889834 0.172309
vt 0.865434 0.176847
vt 0.874935 0.159239
vt 0.890380 0.003913
vt 0.892578 0.007812
vt 0.854900 0.017027
vt 0.850630 0.377384
vt 0.826974 0.236242
vt 0.825435 0.261093
vt 0.809310 0.678441
vt 0.810502 0.109377
vt 0.817933 0.544982
vt 0.810832 0.551553
vt 0.811190 0.541218
vt 0.810031 0.495261
vt 0.792232 0.503964
vt 0.789814 0.932919
vt 0.756828 0.637628
vt 0.762131 0.560755
vt 0.749009 0.561415
vt 0.746294 0.477355
vt 0.776002 0.389408
vt 0.771496 0.474925
vt 0.763325 0.520531
vt 0.773449 0.662475
vt 0.763585 0.653488
vt 0.781246 0.240379
vt 0.754083 0.254479
vt 0.756592 0.694097
vt 0.780486 0.718986
vt 0.794700 0.714202
vt 0.787103 0.255914
vt 0.800291 0.449167
vt 0.804282 0.473978
vt 0.787703 0.039062
vt 0.806862 0.042073
vt 0.804768 0.948447
vt 0.802585 0.956739
vt 0.791494 0.955864
vt 0.798259 0.964855
vt 0.804265 0.514327
vt 0.807118 0.560260
vt 0.804496 0.536366
vt 0.775753 0.587566
vt 0.783134 0.130610
vt 0.826837 0.040099
vt 0.828218 0.046954
vt 0.816810 0.049717
vt 0.837866 0.043372
vt 0.834869 0.051612
vt 0.822952 0.940076
vt 0.824588 0.949926
vt 0.816341 0.946997
vt 0.821035 0.521387
vt 0.821111 0.529500
vt 0.817271 0.521820
vt 0.817297 0.533941
vt 0.818412 0.513194
vt 0.813535 0.521389
vt 0.832031 0.523169
vt 0.833272 0.512692
vt 0.829954 0.523260
vt 0.829121 0.513095
vt 0.833095 0.552930
vt 0.833156 0.543872
vt 0.829228 0.551457
vt 0.832533 0.156544
vt 0.809732 0.143921
vt 0.826621 0.639628
vt 0.839309 0.196681
vt 0.839908 0.225261
vt 0.824349 0.286909
vt 0.826191 0.758389
vt 0.822502 0.781478
vt 0.839722 0.767125
vt 0.820064 0.802056
vt 0.832755 0.347484
vt 0.882663 0.796808
vt 0.883813 0.815254
vt 0.851670 0.949296
vt 0.848701 0.525317
vt 0.845722 0.513365
vt 0.844947 0.521458
vt 0.854967 0.556969
vt 0.878949 0.112958
vt 0.866680 0.576555
vt 0.858146 0.591102
vt 0.849006 0.576859
vt 0.877113 0.646992
vt 0.881466 0.040537
vt 0.887755 0.041229
vt 0.879857 0.049203
vt 0.894302 0.044283
vt 0.884067 0.035156
vt 0.895579 0.035474
vt 0.896485 0.976562
vt 0.885188 0.514361
vt 0.873824 0.662979
vt 0.893129 0.633432
vt 0.886519 0.191219
vt 0.867655 0.201206
vt 0.892853 0.451626
vt 0.903749 0.467001
vt 0.904661 0.485323
vt 0.931292 0.811622
vt 0.926664 0.814159
vt 0.925795 0.802491
vt 0.919442 0.806259
vt 0.928076 0.829867
vt 0.918392 0.822089
vt 0.932839 0.423684
vt 0.912957 0.040386
vt 0.925547 0.040153
vt 0.924045 0.034012
vt 0.933116 0.169928
vt 0.924383 0.728145
vt 0.967965 0.087041
vt 0.964747 0.644133
vt 0.966516 0.668057
vt 0.958169 0.691772
vt 0.960085 0.209231
vt 0.957268 0.201301
vt 0.937203 0.767180
vt 0.962751 0.810727
vt 0.961687 0.803204
vt 0.957323 0.791309
vt 0.966054 0.857725
vt 0.952012 0.857170
vt 0.955987 0.031143
vt 0.996294 0.762548
vt 0.970086 0.395563
vt 0.996229 0.893424
vt 0.992127 0.497714
vt 0.993158 0.489985
vt 0.991152 0.482265
vt 0.990327 0.034970
vt 0.991221 0.958613
vt 0.992005 0.523718
vt 0.988642 0.529825
vt 0.990075 0.519368
vt 0.993496 0.534022
vt 0.992188 0.515303
vt 0.992725 0.519531
vt 0.989997 0.515233
vt 0.985178 0.517082
vt 0.985154 0.523438
vt 0.995113 0.554817
vt 0.989264 0.555098
vt 0.993794 0.548136
vt 0.989226 0.545333
vt 0.992648 0.577402
vt 0.987322 0.612402
vt 0.984484 0.579381
vt 0.976740 0.651942
vt 0.970280 0.625433
vt 0.995944 0.633022
vt 0.990716 0.656080
vt 0.982424 0.633210
vt 0.970106 0.200135
vt 0.981189 0.699655
vt 0.970145 0.732816
vt 0.968192 0.698390
vt 0.993658 0.746303
vt 0.979532 0.748403
vt 0.987865 0.729976
vt 0.029063 0.598112
vt 0.017880 0.617798
vt 0.033774 0.152177
vt 0.008456 0.155255
vt 0.014872 0.170236
vt 0.008004 0.630814
vt 0.030100 0.714490
vt 0.021747 0.308762
vt 0.028042 0.349696
vt 0.017302 0.323856
vt 0.037620 0.889973
vt 0.019540 0.880375
vt 0.026529 0.464696
vt 0.008895 0.513456
vt 0.048457 0.412459
vt 0.039619 0.962582
vt 0.058895 0.149848
vt 0.041551 0.699423
vt 0.059494 0.744977
vt 0.048913 0.782534
vt 0.037470 0.770289
vt 0.058589 0.766036
vt 0.050913 0.811189
vt 0.079835 0.563464
vt 0.064719 0.218272
vt 0.086433 0.450302
vt 0.083092 0.509119
vt 0.072100 0.965438
vt 0.084790 0.960408
vt 0.083985 0.976562
vt 0.093516 0.513634
vt 0.110967 0.475812
vt 0.119287 0.494317
vt 0.105865 0.499066
vt 0.104127 0.970265
vt 0.112759 0.514491
vt 0.125087 0.065643
vt 0.127480 0.087980
vt 0.111309 0.135450
vt 0.105605 0.251217
vt 0.101672 0.820819
vt 0.150987 0.275235
vt 0.127485 0.938625
vt 0.147805 0.545330
vt 0.140150 0.556567
vt 0.158683 0.121030
vt 0.145267 0.576242
vt 0.164590 0.036931
vt 0.177881 0.036540
vt 0.172876 0.982738
vt 0.162290 0.524812
vt 0.185761 0.065975
vt 0.165068 0.590877
vt 0.161231 0.598375
vt 0.161086 0.588299
vt 0.157128 0.584091
vt 0.155344 0.576545
vt 0.174476 0.590203
vt 0.179785 0.593100
vt 0.170442 0.587533
vt 0.172756 0.604460
vt 0.152082 0.203965
vt 0.186222 0.752666
vt 0.168571 0.387388
vt 0.184584 0.398721
vt 0.189684 0.256941
vt 0.196549 0.802059
vt 0.203423 0.974275
vt 0.208008 0.980469
vt 0.201445 0.982383
vt 0.201484 0.591651
vt 0.186406 0.126795
vt 0.210227 0.141826
vt 0.204445 0.623077
vt 0.227304 0.033736
vt 0.233096 0.024496
vt 0.238919 0.032276
vt 0.234642 0.600886
vt 0.219469 0.646399
vt 0.224559 0.857634
vt 0.275661 0.292037
vt 0.257882 0.786195
vt 0.273139 0.771723
vt 0.272170 0.779594
vt 0.266960 0.782266
vt 0.270364 0.769765
vt 0.276522 0.763462
vt 0.263516 0.796883
vt 0.267599 0.438268
vt 0.265328 0.459502
vt 0.263724 0.979009
vt 0.270184 0.975195
vt 0.277060 0.558811
vt 0.281161 0.065577
vt 0.274083 0.208967
vt 0.289462 0.037988
vt 0.310339 0.569486
vt 0.307152 0.628918
vt 0.307725 0.652697
vt 0.287263 0.215277
vt 0.300743 0.200754
vt 0.305505 0.293553
vt 0.283036 0.763257
vt 0.305933 0.775827
vt 0.299663 0.766864
vt 0.292778 0.762563
vt 0.312318 0.359710
vt 0.297365 0.372929
vt 0.309164 0.377791
vt 0.306286 0.487223
vt 0.311547 0.825829
vt 0.316813 0.864336
vt 0.338097 0.384336
vt 0.330353 0.410966
vt 0.323440 0.384238
vt 0.316817 0.532439
vt 0.334911 0.552647
vt 0.334746 0.559820
vt 0.330932 0.560260
vt 0.330911 0.552788
vt 0.315550 0.575547
vt 0.320225 0.143987
vt 0.324886 0.643905
vt 0.316139 0.634982
vt 0.339576 0.694663
vt 0.352486 0.522883
vt 0.367792 0.529839
vt 0.373313 0.068652
vt 0.352454 0.575577
vt 0.360204 0.576082
vt 0.353134 0.692236
vt 0.368328 0.756713
vt 0.382396 0.843768
vt 0.337474 0.454461
vt 0.383206 0.752670
vt 0.393488 0.769534
vt 0.381819 0.789687
vt 0.397057 0.807202
vt 0.378786 0.820217
vt 0.387821 0.525679
vt 0.394438 0.573243
vt 0.393723 0.288946
vt 0.432881 0.606964
vt 0.443069 0.189214
vt 0.433609 0.786585
vt 0.434161 0.364355
vt 0.422836 0.393660
vt 0.434119 0.430324
vt 0.426690 0.978607
vt 0.422791 0.984485
vt 0.418393 0.975653
vt 0.427334 0.971060
vt 0.464290 0.477365
vt 0.445801 0.956976
vt 0.460647 0.953982
vt 0.465062 0.526790
vt 0.459950 0.628513
vt 0.447548 0.615622
vt 0.461151 0.600882
vt 0.457852 0.655383
vt 0.460401 0.197029
vt 0.453868 0.341382
vt 0.466196 0.380195
vt 0.490642 0.324499
vt 0.495128 0.350961
vt 0.485934 0.354849
vt 0.475935 0.327819
vt 0.485131 0.383966
vt 0.491836 0.841102
vt 0.491141 0.521457
vt 0.492901 0.529308
vt 0.492815 0.509942
vt 0.482404 0.580748
vt 0.528335 0.916879
vt 0.536120 0.896761
vt 0.509006 0.038286
vt 0.520983 0.511876
vt 0.523437 0.525137
vt 0.515519 0.119544
vt 0.517536 0.208472
vt 0.504958 0.222101
vt 0.527259 0.205106
vt 0.520441 0.216088
vt 0.525938 0.239340
vt 0.527480 0.249723
vt 0.519080 0.241358
vt 0.521105 0.254615
vt 0.525263 0.742188
vt 0.525296 0.746094
vt 0.521105 0.745370
vt 0.520942 0.741993
vt 0.519418 0.264374
vt 0.515636 0.264118
vt 0.515323 0.270511
vt 0.520102 0.278771
vt 0.516504 0.765949
vt 0.559960 0.632126
vt 0.555887 0.690379
vt 0.538650 0.676821
vt 0.541698 0.209284
vt 0.548820 0.231829
vt 0.541738 0.714710
vt 0.566200 0.705530
vt 0.551911 0.751650
vt 0.548356 0.737057
vt 0.538407 0.272577
vt 0.563532 0.297706
vt 0.538437 0.784072
vt 0.540396 0.758702
vt 0.540838 0.339177
vt 0.554850 0.038231
vt 0.557286 0.048203
vt 0.543874 0.042996
vt 0.541893 0.124249
vt 0.530721 0.178683
vt 0.562035 0.897322
vt 0.572342 0.885790
vt 0.570001 0.038901
vt 0.581696 0.040904
vt 0.574746 0.035408
vt 0.578249 0.611197
vt 0.572244 0.139440
vt 0.606123 0.212258
vt 0.625951 0.304141
vt 0.615095 0.441455
vt 0.614516 0.468427
vt 0.604605 0.040365
vt 0.611044 0.048692
vt 0.600411 0.044876
vt 0.599732 0.951396
vt 0.604784 0.956040
vt 0.650204 0.452052
vt 0.643272 0.041788
vt 0.649274 0.038393
vt 0.647633 0.971141
vt 0.649419 0.526350
vt 0.648425 0.538881
vt 0.644808 0.526818
vt 0.653811 0.507738
vt 0.652216 0.554893
vt 0.650449 0.566855
vt 0.642882 0.255254
vt 0.651932 0.272440
vt 0.631455 0.279009
vt 0.662785 0.862514
vt 0.659832 0.258823
vt 0.663894 0.041347
vt 0.668803 0.048950
vt 0.662261 0.047251
vt 0.674014 0.026452
vt 0.681502 0.041866
vt 0.680842 0.049750
vt 0.676259 0.045924
vt 0.671354 0.948380
vt 0.661760 0.949889
vt 0.675057 0.953819
vt 0.664037 0.955536
vt 0.676758 0.980469
vt 0.673553 0.973244
vt 0.665787 0.523010
vt 0.678679 0.521353
vt 0.680811 0.529418
vt 0.680567 0.542953
vt 0.677766 0.553905
vt 0.670923 0.556823
vt 0.685712 0.104412
vt 0.686008 0.201370
vt 0.663960 0.212665
vt 0.700447 0.655366
vt 0.705751 0.681584
vt 0.703084 0.204223
vt 0.710743 0.207045
vt 0.706541 0.703103
vt 0.704376 0.274246
vt 0.712812 0.279215
vt 0.712007 0.263336
vt 0.707868 0.773667
vt 0.705624 0.777032
vt 0.698315 0.340010
vt 0.731400 0.026295
vt 0.739207 0.027336
vt 0.731088 0.040527
vt 0.725598 0.955134
vt 0.735065 0.619700
vt 0.744756 0.242906
vt 0.738389 0.228425
vt 0.727181 0.280879
vt 0.721867 0.280104
vt 0.719699 0.267764
vt 0.726667 0.764007
vt 0.725929 0.773725
vt 0.717051 0.773313
vt 0.744701 0.766940
vt 0.737180 0.783068
vt 0.738133 0.772422
vt 0.726880 0.336094
vt 0.718871 0.310018
vt 0.730433 0.789136
vt 0.732796 0.780359
vt 0.748199 0.754000
vt 0.719457 0.750000
vt 0.750925 0.276789
vt 0.733511 0.251764
vt 0.719850 0.256672
vt 0.731425 0.272912
vt 0.742610 0.228689
vt 0.745571 0.180523
vt 0.717055 0.143879
vt 0.735072 0.581443
vt 0.749482 0.057444
vt 0.752255 0.064255
vt 0.729492 0.980469
vt 0.722503 0.950405
vt 0.746591 0.058394
vt 0.741109 0.039592
vt 0.724934 0.044801
vt 0.724898 0.053623
vt 0.714955 0.049867
vt 0.717293 0.280670
vt 0.711972 0.255548
vt 0.702626 0.251068
vt 0.716262 0.261363
vt 0.715351 0.271649
vt 0.717545 0.719276
vt 0.699246 0.710890
vt 0.712191 0.218945
vt 0.717419 0.224328
vt 0.715615 0.237283
vt 0.720482 0.216763
vt 0.697973 0.149734
vt 0.686149 0.121023
vt 0.696515 0.973559
vt 0.703125 1.000000
vt 0.699993 0.987812
vt 0.709310 0.963941
vt 0.690673 0.947560
vt 0.704890 0.946749
vt 0.692772 0.954298
vt 0.704543 0.954279
vt 0.677859 0.562665
vt 0.670971 0.571828
vt 0.671001 0.564283
vt 0.682924 0.555865
vt 0.654483 0.551034
vt 0.645912 0.060097
vt 0.680029 0.536893
vt 0.684591 0.533179
vt 0.682350 0.511241
vt 0.686429 0.520910
vt 0.682770 0.521379
vt 0.669210 0.504556
vt 0.666775 0.509499
vt 0.667969 0.523178
vt 0.666198 0.969130
vt 0.675674 0.962799
vt 0.665395 0.958775
vt 0.679687 0.968750
vt 0.669282 0.054007
vt 0.679642 0.032211
vt 0.660167 0.447864
vt 0.671367 0.336270
vt 0.672343 0.319358
vt 0.681494 0.722438
vt 0.658890 0.700509
vt 0.640463 0.306835
vt 0.636448 0.329093
vt 0.628213 0.054926
vt 0.653093 0.533344
vt 0.657262 0.538987
vt 0.652489 0.496785
vt 0.640794 0.991598
vt 0.639648 0.996094
vt 0.638403 0.991113
vt 0.641601 0.996094
vt 0.640625 1.000000
vt 0.639311 0.979934
vt 0.632938 0.961799
vt 0.643145 0.948404
vt 0.631567 0.956176
vt 0.652087 0.050781
vt 0.634695 0.034097
vt 0.648195 0.030790
vt 0.611478 0.526561
vt 0.610148 0.988017
vt 0.604375 0.980000
vt 0.607168 0.959750
vt 0.601562 0.968750
vt 0.609469 0.963063
vt 0.617857 0.962764
vt 0.619275 0.044477
vt 0.621161 0.054224
vt 0.595056 0.869248
vt 0.611792 0.858793
vt 0.626066 0.334795
vt 0.606749 0.275370
vt 0.573969 0.253340
vt 0.567201 0.612066
vt 0.578942 0.973996
vt 0.572781 0.970887
vt 0.570977 0.961886
vt 0.570312 0.968750
vt 0.546669 0.140681
vt 0.540471 0.050840
vt 0.546440 0.974773
vt 0.541992 0.980469
vt 0.545392 0.969177
vt 0.548129 0.994982
vt 0.546875 1.000000
vt 0.545443 0.993278
vt 0.547313 0.983880
vt 0.544338 0.962425
vt 0.554946 0.962271
vt 0.545351 0.030991
vt 0.553987 0.029785
vt 0.543964 0.036876
vt 0.551530 0.394630
vt 0.547966 0.751875
vt 0.543673 0.760186
vt 0.544455 0.281481
vt 0.545692 0.724152
vt 0.537502 0.698527
vt 0.516057 0.748355
vt 0.509599 0.764183
vt 0.504154 0.765873
vt 0.498444 0.756826
vt 0.514465 0.279116
vt 0.525195 0.262004
vt 0.525030 0.257813
vt 0.525296 0.253906
vt 0.514735 0.256276
vt 0.516335 0.247817
vt 0.512370 0.248037
vt 0.511455 0.271489
vt 0.510497 0.180633
vt 0.512256 0.223240
vt 0.522536 0.139473
vt 0.504258 0.144292
vt 0.520600 0.504319
vt 0.502155 0.504526
vt 0.524093 0.961727
vt 0.522958 0.968750
vt 0.513053 0.961094
vt 0.471033 0.587611
vt 0.472168 0.515559
vt 0.464601 0.500754
vt 0.489495 0.449579
vt 0.474811 0.483681
vt 0.490661 0.426588
vt 0.474605 0.457453
vt 0.499668 0.924974
vt 0.492077 0.400814
vt 0.476658 0.398592
vt 0.474371 0.368657
vt 0.482207 0.861155
vt 0.488574 0.647159
vt 0.490292 0.169104
vt 0.471474 0.344472
vt 0.434531 0.210769
vt 0.454101 0.996094
vt 0.452148 0.996094
vt 0.453124 1.000000
vt 0.461492 0.039549
vt 0.459442 0.032296
vt 0.427612 0.508079
vt 0.420992 0.991327
vt 0.418945 0.988281
vt 0.422391 0.959730
vt 0.403600 0.899552
vt 0.411804 0.650152
vt 0.404616 0.143838
vt 0.394998 0.625121
vt 0.392990 0.984375
vt 0.388411 0.986207
vt 0.383339 0.962738
vt 0.358902 0.986180
vt 0.366586 0.457342
vt 0.361556 0.322643
vt 0.364415 0.781969
vt 0.351942 0.568050
vt 0.343824 0.566819
vt 0.343839 0.562500
vt 0.358658 0.564364
vt 0.355659 0.576118
vt 0.355054 0.568532
vt 0.357852 0.533951
vt 0.340970 0.598162
vt 0.332834 0.568230
vt 0.336025 0.568119
vt 0.327500 0.561607
vt 0.341840 0.566700
vt 0.323189 0.564651
vt 0.336956 0.538689
vt 0.327581 0.529298
vt 0.330305 0.986155
vt 0.325301 0.981872
vt 0.329310 0.992929
vt 0.328125 1.000000
vt 0.325720 0.990380
vt 0.316905 0.811883
vt 0.335596 0.798524
vt 0.288066 0.816406
vt 0.282233 0.810980
vt 0.288006 0.822425
vt 0.301788 0.217149
vt 0.276638 0.498993
vt 0.297065 0.965273
vt 0.280595 0.224450
vt 0.276515 0.214421
vt 0.279265 0.207729
vt 0.254865 0.587982
vt 0.264438 0.992188
vt 0.268629 0.398027
vt 0.260934 0.415026
vt 0.252061 0.393354
vt 0.279262 0.792263
vt 0.277999 0.777674
vt 0.278161 0.804734
vt 0.277200 0.771510
vt 0.263118 0.783666
vt 0.239573 0.371265
vt 0.223436 0.368044
vt 0.241325 0.237940
vt 0.233691 0.987281
vt 0.231380 0.984375
vt 0.234350 0.992188
vt 0.235352 0.996094
vt 0.233398 0.996094
vt 0.234375 1.000000
vt 0.246645 0.939730
vt 0.223165 0.454770
vt 0.204270 0.992188
vt 0.203144 0.996094
vt 0.201172 0.992188
vt 0.203505 0.987057
vt 0.188938 0.446384
vt 0.189378 0.773794
vt 0.156135 0.566794
vt 0.166811 0.599801
vt 0.179316 0.105258
vt 0.171178 0.989798
vt 0.167969 0.984375
vt 0.155975 0.592034
vt 0.154963 0.600016
vt 0.153116 0.582451
vt 0.137539 0.576398
vt 0.153417 0.542331
vt 0.157080 0.532718
vt 0.153330 0.533216
vt 0.140382 0.037682
vt 0.158927 0.687047
vt 0.133300 0.202589
vt 0.109944 0.992188
vt 0.110352 0.996094
vt 0.108399 0.996094
vt 0.109375 1.000000
vt 0.092941 0.891275
vt 0.072730 0.840978
vt 0.072698 0.317743
vt 0.088194 0.647480
vt 0.048582 0.308948
vt 0.049400 0.169022
vt 0.044309 0.114800
vt 0.047774 0.992871
vt 0.046875 1.000000
vt 0.045899 0.996094
vt 0.040284 0.039413
vt 0.053558 0.037427
vt 0.040303 0.867497
vt 0.047491 0.850472
vt 0.005095 0.509787
vt 0.000152 0.501967
vt 0.001123 0.496149
vt 0.001122 0.509690
vt 0.016885 0.978848
vt 0.013116 0.984437
vt 0.018074 0.986960
vt 0.014808 0.992816
vt 0.015749 0.961225
vt 0.016133 0.040141
vt 0.024170 0.857454
vt 0.005905 0.839720
vt 0.005170 0.307911
vt 0.004972 0.760346
vt 0.000640 0.751641
vt 0.021493 0.247968
vt 0.006635 0.196965
vt 0.001178 0.568902
vt 0.010991 0.109881
vt 0.999125 0.302950
vt 0.996367 0.250493
vt 0.980066 0.249716
vt 0.970478 0.269092
vt 0.992449 0.707727
vt 0.999141 0.729010
vt 0.999271 0.716767
vt 0.974032 0.678409
vt 1.000000 0.227716
vt 0.973781 0.193771
vt 0.999277 0.687395
vt 0.991769 0.684424
vt 0.997997 0.666351
vt 0.998238 0.160203
vt 0.998737 0.582183
vt 0.998212 0.611700
vt 0.999409 0.570138
vt 1.000000 0.562500
vt 0.998484 0.558857
vt 1.000000 0.117187
vt 0.992711 0.540653
vt 0.985262 0.529442
vt 0.999347 0.534632
vt 0.999062 0.543177
vt 0.996094 0.537540
vt 0.998079 0.528421
vt 1.000000 0.549115
vt 0.993552 0.503906
vt 1.000000 0.509690
vt 0.996337 0.514867
vt 0.997701 0.507269
vt 1.000000 0.516914
vt 1.000000 0.501803
vt 0.997168 0.500915
vt 0.999876 0.523438
vt 0.996242 0.518669
vt 0.994141 0.515414
vt 0.985240 0.511719
vt 0.981345 0.517374
vt 0.981230 0.525375
vt 0.979493 0.980469
vt 0.978516 0.976562
vt 0.983785 0.986792
vt 0.984375 1.000000
vt 0.982893 0.994073
vt 0.995275 0.476562
vt 0.991345 0.469471
vt 1.000000 0.478348
vt 0.997064 0.483742
vt 1.000000 0.485928
vt 0.998826 0.470267
vt 1.000000 0.493778
vt 0.997068 0.493695
vt 0.996453 0.419795
vt 1.000000 0.437500
vt 0.996997 0.382384
vt 0.997667 0.837377
vt 0.996384 0.858656
vt 0.967444 0.806393
vt 0.956666 0.984703
vt 0.952471 0.986528
vt 0.953125 1.000000
vt 0.951672 0.994188
vt 0.960938 0.031250
vt 0.958131 0.389318
vt 0.952157 0.849516
vt 0.936252 0.810920
vt 0.958073 0.784770
vt 0.948232 0.187500
vt 0.935936 0.575305
vt 0.909470 0.178206
vt 0.912367 0.158813
vt 0.927140 0.557348
vt 0.926219 0.527307
vt 0.919070 0.984968
vt 0.920899 0.996094
vt 0.921875 1.000000
vt 0.914420 0.963039
vt 0.914705 0.969825
vt 0.926261 0.955547
vt 0.904994 0.066095
vt 0.905608 0.889490
vt 0.919507 0.834444
vt 0.912071 0.833913
vt 0.922241 0.814401
vt 0.889408 0.840943
vt 0.874036 0.831211
vt 0.908876 0.730608
vt 0.895528 0.618944
vt 0.873446 0.629703
vt 0.883635 0.609084
vt 0.894286 0.152911
vt 0.897660 0.599031
vt 0.896865 0.050402
vt 0.884766 0.976562
vt 0.897781 0.961360
vt 0.880884 0.958398
vt 0.856707 0.217514
vt 0.854796 0.188487
vt 0.869400 0.607405
vt 0.867000 0.051390
vt 0.863251 0.984326
vt 0.856967 0.989835
vt 0.855489 0.982202
vt 0.854160 0.958302
vt 0.857195 0.969646
vt 0.862756 0.047404
vt 0.865609 0.040455
vt 0.865755 0.027997
vt 0.864540 0.318291
vt 0.854484 0.768628
vt 0.836168 0.274662
vt 0.820466 0.723654
vt 0.821694 0.702213
vt 0.833932 0.675487
vt 0.808649 0.708150
vt 0.838425 0.176928
vt 0.814596 0.058096
vt 0.830985 0.505498
vt 0.826233 0.497854
vt 0.841391 0.521281
vt 0.811497 0.508470
vt 0.824056 0.506049
vt 0.824933 0.525097
vt 0.828349 0.995118
vt 0.816929 0.951199
vt 0.818707 0.960938
vt 0.823995 0.056587
vt 0.835964 0.032363
vt 0.793723 0.067485
vt 0.781413 0.088395
vt 0.781461 0.061289
vt 0.813620 0.532679
vt 0.809209 0.524015
vt 0.790675 0.974345
vt 0.788925 0.966116
vt 0.798788 0.992341
vt 0.796875 1.000000
vt 0.803841 0.963980
vt 0.810838 0.059113
vt 0.804311 0.034227
vt 0.807892 0.393830
vt 0.803494 0.373670
vt 0.811663 0.842610
vt 0.803180 0.794568
vt 0.802146 0.645158
vt 0.790190 0.634112
vt 0.767670 0.578512
vt 0.783719 0.111734
vt 0.770125 0.067069
vt 0.764159 0.984643
vt 0.765904 0.988061
vt 0.765625 1.000000
vt 0.763698 0.992291
vt 0.772461 0.027344
vt 0.825500 0.020653
vt 0.822310 0.031906
vt 0.837551 0.954469
vt 0.822119 0.537173
vt 0.825261 0.536177
vt 0.824169 0.545284
vt 0.847934 0.537168
vt 0.896485 0.023437
vt 0.921298 0.027801
vt 0.918864 0.015945
vt 0.926178 0.018866
vt 0.930875 0.962074
vt 0.948075 0.224982
vt 0.946835 0.027123
vt 0.955561 0.025467
vt 0.975874 0.787884
vt 0.994429 0.914324
vt 0.998479 0.937167
vt 0.978321 0.027344
vt 0.002970 0.611088
vt 0.003759 0.859257
vt 0.000938 0.469672
vt 0.009980 0.027344
vt 0.016209 0.031589
vt 0.020305 0.022473
vt 0.104844 0.024823
vt 0.112206 0.024468
vt 0.103777 0.035110
vt 0.115683 0.030415
vt 0.155299 0.910281
vt 0.137497 0.552192
vt 0.202107 0.035843
vt 0.260473 0.030931
vt 0.267273 0.037302
vt 0.290514 0.225527
vt 0.284135 0.225478
vt 0.354510 0.544841
vt 0.361234 0.022389
vt 0.417992 0.023602
vt 0.483254 0.952646
vt 0.480938 0.020929
vt 0.481826 0.027506
vt 0.490342 0.027344
vt 0.485937 0.033921
vt 0.513442 0.025237
vt 0.521232 0.025596
vt 0.532630 0.161624
vt 0.548104 0.024874
vt 0.572919 0.026053
vt 0.587813 0.953287
vt 0.578006 0.953957
vt 0.618424 0.954988
vt 0.620847 0.948301
vt 0.633789 0.027344
vt 0.682573 0.947560
vt 0.682616 0.954578
vt 0.714205 0.949606
vt 0.712388 0.958976
vt 0.733935 0.019531
vt 0.748373 0.941871
vt 0.723579 0.224170
vt 0.728553 0.224614
vt 0.615234 0.023437
vt 0.591029 0.943235
vt 0.541992 0.019531
vt 0.138831 0.025099
vt 0.108410 0.019531
vt 0.076646 0.026021
vt 0.002006 0.877608
vt 0.000416 0.174525
vt 0.936801 0.527450
vt 0.807617 0.957031
vt 0.000000 0.443060
vt 0.078658 0.035267
vt 0.092936 0.055333
vt 0.077168 0.989529
vt 0.080737 0.989552
vt 0.096796 0.064010
vt 0.115242 0.038837
vt 0.110417 0.988281
vt 0.174805 0.988281
vt 0.283393 0.056066
vt 0.422538 0.992188
vt 0.485874 0.980677
vt 0.504938 0.954213
vt 0.539286 0.958887
vt 0.601239 0.054937
vt 0.684570 0.050781
vt 0.695794 0.962042
vt 0.733179 0.988379
vt 0.584961 0.972656
vt 0.000796 0.208586
vt 0.959961 0.972656
vt 0.914595 0.030882
vt 0.866211 0.972656
vt 0.140682 0.003906
vt 0.203118 0.003906
vt 0.327263 0.010266
s 1
usemtl Mesh_None
f 4/1/1 5/2/2 6/3/3
f 768/4/4 11/5/5 852/6/6
f 8/7/7 9/8/8 3684/9/9
f 929/10/10 992/11/11 2794/12/12
f 8/13/7 3684/14/9 30/15/13
f 1011/16/14 1087/17/15 1086/18/16
f 8/19/7 30/20/13 36/21/17
f 2746/22/18 1071/23/19 3444/24/20
f 37/25/21 38/26/22 39/27/23
f 2737/28/24 40/29/25 41/30/26
f 2718/31/27 1124/32/28 43/33/29
f 45/34/30 46/35/31 47/36/32
f 8/37/7 36/38/17 2694/39/33
f 2676/40/34 1298/41/35 542/42/36
f 8/43/7 2694/44/33 55/45/37
f 1268/46/38 1261/47/39 1284/48/40
f 2663/49/41 3375/50/42 524/51/43
f 3381/52/44 58/53/45 2654/54/46
f 2949/55/47 1396/56/48 1504/57/49
f 8/58/7 55/59/37 68/60/50
f 2589/61/51 1563/62/52 75/63/53
f 1562/64/54 1552/65/55 2567/66/56
f 8/67/7 68/68/50 86/69/57
f 96/70/58 97/71/59 98/72/60
f 96/70/58 98/72/60 99/73/61
f 8/74/7 86/75/57 108/76/62
f 8/77/7 108/78/62 2444/79/63
f 312/80/64 122/81/65 2006/82/66
f 8/83/7 2444/84/63 131/85/67
f 138/86/68 139/87/69 140/88/70
f 8/89/7 131/90/67 149/91/71
f 3054/92/72 2116/93/73 3137/94/74
f 3059/95/75 160/96/76 161/97/77
f 3136/98/78 162/99/79 163/100/80
f 8/101/7 149/102/71 3666/103/81
f 2344/104/82 2855/105/83 2343/106/84
f 2330/107/85 2332/108/86 709/109/87
f 8/110/7 3666/111/81 9/112/8
f 2326/113/88 7/114/89 768/4/4
f 2328/115/90 2334/116/91 700/117/92
f 2327/118/93 2321/119/94 2326/113/88
f 2299/120/95 191/121/96 175/122/97
f 195/123/98 2244/124/99 2271/125/100
f 3086/126/101 2352/127/102 182/128/103
f 2245/129/104 168/130/105 2289/131/106
f 208/132/107 209/133/108 207/134/109
f 2386/135/110 3127/136/111 2367/137/112
f 2168/138/113 2167/139/114 2170/140/115
f 2167/139/114 2162/141/116 228/142/117
f 2163/143/118 2381/144/119 3133/145/120
f 2109/146/121 2110/147/122 225/148/123
f 2106/149/124 2107/150/125 2397/151/126
f 251/152/127 135/153/128 2088/154/129
f 2058/155/130 262/156/131 2057/157/132
f 2045/158/133 2043/159/134 2412/160/135
f 274/161/136 275/162/137 273/163/138
f 2024/164/139 3036/165/140 277/166/141
f 2005/167/142 283/168/143 3648/169/144
f 285/170/145 286/171/146 287/172/147
f 1967/173/148 2439/174/149 122/81/65
f 298/175/150 299/176/151 300/177/152
f 304/178/153 1939/179/154 305/180/155
f 317/181/156 3013/182/157 1893/183/158
f 1965/184/159 1888/185/160 2466/186/161
f 318/187/162 319/188/163 2467/189/164
f 1883/190/165 3188/191/166 1882/192/167
f 1879/193/168 1876/194/169 1878/195/170
f 1873/196/171 1862/197/172 324/198/173
f 1862/197/172 323/199/174 324/198/173
f 325/200/175 326/201/176 327/202/177
f 325/200/175 327/202/177 328/203/178
f 1850/204/179 1846/205/180 2483/206/181
f 1835/207/182 113/208/183 1834/209/184
f 2503/210/185 351/211/186 3672/212/187
f 1817/213/188 1818/214/189 3000/215/190
f 1770/216/191 2509/217/192 1822/218/193
f 2509/217/192 2508/219/194 1822/218/193
f 1739/220/195 378/221/196 106/222/197
f 387/223/198 388/224/199 1718/225/200
f 1695/226/201 404/227/202 394/228/203
f 399/229/204 3269/230/205 400/231/206
f 1652/232/207 1653/233/208 1650/234/209
f 1648/235/210 410/236/211 2981/237/212
f 81/238/213 2545/239/214 421/240/215
f 1600/241/216 2553/242/217 1601/243/218
f 1575/244/219 1573/245/220 1577/246/221
f 1568/247/222 1569/248/223 1622/249/224
f 448/250/225 449/251/226 450/252/227
f 1515/253/228 75/63/53 77/254/229
f 1479/255/230 1480/256/231 2958/257/232
f 3340/258/233 1455/259/234 468/260/235
f 1443/261/236 473/262/237 474/263/238
f 2948/264/239 3333/265/240 1476/266/241
f 3620/267/242 490/268/243 489/269/244
f 494/270/245 1373/271/246 495/272/247
f 1359/273/248 1393/274/249 1358/275/250
f 1343/276/251 1340/277/252 501/278/253
f 1339/279/254 60/280/255 1379/281/256
f 1323/282/257 1326/283/258 1327/284/259
f 1321/285/260 508/286/261 509/287/262
f 1273/288/263 1272/289/264 510/290/265
f 1300/291/266 3379/292/267 1311/293/268
f 522/294/269 2657/295/270 1308/296/271
f 3385/297/272 3386/298/273 525/299/274
f 1293/300/275 1288/301/276 527/302/277
f 1283/303/278 1280/304/279 1329/305/280
f 1242/306/281 542/42/36 543/307/282
f 1217/308/283 2930/309/284 1218/310/285
f 1173/311/286 1197/312/287 1256/313/288
f 1177/314/289 1175/315/290 2698/316/291
f 3469/317/292 1056/318/293 565/319/294
f 566/320/295 567/321/296 568/322/297
f 569/323/298 570/324/299 571/325/300
f 2758/326/301 2712/327/302 3423/328/303
f 589/329/304 2905/330/305 590/331/306
f 591/332/307 3608/333/308 592/334/309
f 3468/335/310 1031/336/311 2754/337/312
f 1036/338/313 603/339/314 1037/340/315
f 1009/341/316 1008/342/317 1010/343/318
f 3481/344/319 2775/345/320 999/346/321
f 971/347/322 943/348/323 2894/349/324
f 619/350/325 3493/351/326 970/352/327
f 934/353/328 2792/354/329 3501/355/330
f 634/356/331 2794/12/12 3488/357/332
f 652/358/333 3604/359/334 653/360/335
f 652/358/333 653/360/335 654/361/336
f 852/6/6 11/5/5 853/362/337
f 801/363/338 804/364/339 667/365/340
f 757/366/341 3599/367/342 756/368/343
f 752/369/344 677/370/345 755/371/346
f 688/372/347 689/373/348 690/374/349
f 701/375/350 703/376/351 2854/377/352
f 704/378/353 706/379/354 705/380/355
f 3595/381/356 712/382/357 3592/383/358
f 3589/384/359 721/385/360 722/386/361
f 3588/387/362 719/388/363 725/389/364
f 722/386/361 3581/390/365 727/391/366
f 729/392/367 2860/393/368 730/394/369
f 3579/395/370 732/396/371 731/397/372
f 3579/395/370 733/398/373 3598/399/374
f 734/400/375 3578/401/376 736/402/377
f 734/400/375 190/403/378 3580/404/379
f 742/405/380 746/406/381 744/407/382
f 681/408/383 748/409/384 750/410/385
f 3574/411/386 2316/412/387 3573/413/388
f 757/366/341 756/368/343 675/414/389
f 2317/415/390 2318/416/391 759/417/392
f 700/117/92 766/418/393 699/419/394
f 770/420/395 774/421/396 771/422/397
f 772/423/398 774/421/396 773/424/399
f 671/425/400 780/426/401 2876/427/402
f 788/428/403 671/425/400 783/429/404
f 669/430/405 3564/431/406 800/432/407
f 3560/433/408 802/434/409 803/435/410
f 3559/436/411 3554/437/412 805/438/413
f 3551/439/414 814/440/415 822/441/416
f 815/442/417 816/443/418 817/444/419
f 815/442/417 817/444/419 818/445/420
f 686/446/421 822/441/416 823/447/422
f 825/448/423 3548/449/424 3602/450/425
f 827/451/426 828/452/427 3558/453/428
f 3542/454/429 3573/413/388 842/455/430
f 658/456/431 848/457/432 649/458/433
f 759/459/392 849/460/434 850/461/435
f 852/6/6 853/362/337 13/462/436
f 3534/463/437 867/464/438 868/465/439
f 878/466/440 3496/467/441 879/468/442
f 778/469/443 779/470/444 644/471/445
f 14/472/446 892/473/447 3514/474/448
f 915/475/449 914/476/450 641/477/451
f 897/478/452 919/479/453 2797/480/454
f 2798/481/455 3506/482/456 636/483/457
f 2793/484/458 634/356/331 3488/357/332
f 947/485/459 948/486/460 946/487/461
f 952/488/462 951/489/463 950/490/464
f 953/491/465 952/488/462 950/490/464
f 3488/357/332 2794/12/12 956/492/466
f 3508/493/467 976/494/468 975/495/469
f 976/494/468 977/496/470 3607/497/471
f 616/498/472 985/499/473 3481/344/319
f 637/500/474 2797/480/454 2895/501/475
f 982/502/476 3467/503/477 1005/504/478
f 607/505/479 1025/506/480 3478/507/481
f 3476/508/482 606/509/483 1058/510/484
f 1032/511/485 3484/512/486 1034/513/487
f 1036/338/313 1035/514/488 603/339/314
f 3486/515/489 1031/516/311 3607/497/471
f 1045/517/490 1046/518/491 599/519/492
f 1073/520/493 1074/521/494 3450/522/495
f 1079/523/496 1080/524/497 3438/525/498
f 1079/523/496 3438/525/498 1081/526/499
f 2911/527/500 3458/528/501 1082/529/502
f 1074/521/494 3449/530/503 1111/531/504
f 3446/532/505 1118/533/506 2726/534/507
f 1117/535/508 2744/536/509 1118/533/506
f 1127/537/510 1128/538/511 1129/539/512
f 1130/540/513 1131/541/514 1132/542/515
f 1088/543/516 1135/544/517 1136/545/518
f 1137/546/519 587/547/520 1138/548/521
f 1136/545/518 3614/549/522 2723/550/523
f 3427/551/524 1140/552/525 1141/553/526
f 3427/551/524 1141/553/526 1142/554/527
f 1153/555/528 1152/556/529 1151/557/530
f 1155/558/531 1156/559/532 1157/560/533
f 1161/561/534 1162/562/535 1163/563/536
f 1164/564/537 1165/565/538 1167/566/539
f 1165/565/538 1166/567/540 1167/566/539
f 1168/568/541 1169/569/542 2923/570/543
f 1168/568/541 2923/570/543 1170/571/544
f 1197/572/287 598/573/545 1257/574/546
f 1050/575/547 1051/576/548 1171/577/549
f 3413/578/550 1061/579/551 2697/580/552
f 1201/581/553 1202/582/554 1200/583/555
f 1214/584/556 1232/585/557 2685/586/558
f 1219/587/559 551/588/560 2682/589/561
f 1237/590/562 3398/591/563 2676/40/34
f 2683/592/564 2684/593/565 545/594/566
f 544/595/567 542/42/36 1242/306/281
f 1243/596/568 1244/597/569 519/598/570
f 1188/599/571 3383/600/572 3397/601/573
f 1257/602/546 1198/603/574 1258/604/575
f 3393/605/576 3395/606/577 535/607/578
f 1265/608/579 1266/609/580 548/610/581
f 1271/611/582 2668/612/583 1318/613/584
f 1277/614/585 536/615/586 1278/616/587
f 533/617/588 1285/618/589 2678/619/590
f 533/617/588 2665/620/591 1285/618/589
f 1290/621/592 1291/622/593 2662/623/594
f 520/624/595 1295/625/596 1309/626/597
f 57/627/598 1307/628/599 1353/629/600
f 522/294/269 56/630/601 2657/295/270
f 1308/296/271 3368/631/602 58/53/45
f 2933/632/603 1312/633/604 3379/292/267
f 516/634/605 2661/635/606 2653/636/607
f 1329/305/280 1327/284/259 1326/283/258
f 1326/283/258 1331/637/608 1328/638/609
f 529/639/610 1332/640/611 2665/620/591
f 1340/277/252 2640/641/612 62/642/613
f 1340/277/252 1339/279/254 2640/641/612
f 502/643/614 1342/644/615 2639/645/616
f 2654/54/46 58/53/45 1356/646/617
f 3366/647/618 2651/648/619 1363/649/620
f 1366/650/621 1367/651/622 1368/652/623
f 1371/653/624 1372/654/625 1373/271/246
f 2616/655/626 1387/656/627 2948/264/239
f 1398/657/628 1399/658/629 3357/659/630
f 3356/660/631 1402/661/632 1401/662/633
f 1403/663/634 1404/664/635 1405/665/636
f 1424/666/637 1415/667/638 1420/668/639
f 1416/669/640 1417/670/641 1415/667/638
f 1418/671/642 490/268/243 1419/672/643
f 1460/673/644 1457/674/645 1458/675/646
f 1487/676/647 1488/677/648 1489/678/649
f 67/679/650 1499/680/651 2615/681/652
f 452/682/653 1507/683/654 1508/684/655
f 1509/685/656 1508/684/655 1510/686/657
f 1514/687/658 1515/253/228 2965/688/659
f 3320/689/660 1517/690/661 1516/691/662
f 1522/692/663 2576/693/664 445/694/665
f 2576/693/664 447/695/666 2578/696/667
f 2581/697/668 1524/698/669 1525/699/670
f 1536/700/671 2968/701/672 1598/702/673
f 3307/703/674 2969/704/675 1578/705/676
f 2591/706/677 1556/707/678 1555/708/679
f 1558/709/680 3299/710/681 1559/711/682
f 1566/712/683 3292/713/684 1567/714/685
f 3288/715/686 1635/716/687 1636/717/688
f 1590/718/689 1593/719/690 1592/720/691
f 1606/721/692 3273/722/693 2551/723/694
f 433/724/695 1623/725/696 1629/726/697
f 1630/727/698 418/728/699 1648/235/210
f 88/729/700 1638/730/701 1654/731/702
f 1608/732/703 1638/730/701 88/729/700
f 88/729/700 1654/731/702 3274/733/704
f 95/734/705 1657/735/706 1745/736/707
f 1663/737/708 1664/738/709 1665/739/710
f 1663/737/708 1665/739/710 3269/230/205
f 1670/740/711 1671/741/712 1672/742/713
f 2978/743/714 1677/744/715 1678/745/716
f 1677/744/715 1666/746/717 1679/747/718
f 2978/743/714 1678/745/716 1680/748/719
f 1696/749/720 1697/750/721 1698/751/722
f 1711/752/723 1712/753/724 1713/754/725
f 1715/755/726 1716/756/727 1717/757/728
f 91/758/729 1731/759/730 1734/760/731
f 1738/761/732 382/762/733 380/763/734
f 380/763/734 382/762/733 104/764/735
f 406/765/736 1740/766/737 1741/767/738
f 1744/768/739 1743/769/740 2513/770/741
f 379/771/742 372/772/743 1753/773/744
f 1765/774/745 1759/775/746 1761/776/747
f 1762/777/748 366/778/749 1764/779/750
f 1770/216/191 361/780/751 2509/217/192
f 1773/781/752 1792/782/753 3236/783/754
f 1801/784/755 353/785/756 1805/786/757
f 349/787/758 1804/788/759 352/789/760
f 348/790/761 2498/791/762 1807/792/763
f 1751/793/764 347/794/765 1808/795/766
f 371/796/767 3242/797/768 346/798/769
f 369/799/770 345/800/771 344/801/772
f 1811/802/773 344/801/772 343/803/774
f 1830/804/775 339/805/776 1828/806/777
f 1854/807/778 1855/808/779 3010/809/780
f 1858/810/781 1859/811/782 3007/812/783
f 1863/813/784 329/814/785 1860/815/786
f 1867/816/787 1868/817/788 1869/818/789
f 1874/819/790 1875/820/791 3190/821/792
f 317/181/156 1893/183/158 1918/822/793
f 315/823/794 1916/824/795 121/825/796
f 2488/826/797 2489/827/798 3225/828/799
f 1910/829/800 1911/830/801 3222/831/802
f 1900/832/803 3017/833/804 1926/834/805
f 3222/835/802 1911/836/801 1933/837/806
f 3203/838/807 1946/839/808 1947/840/809
f 3201/841/810 1948/842/811 1949/843/812
f 2072/844/813 295/845/814 3196/846/815
f 1958/847/816 3189/848/817 1959/849/818
f 3187/850/819 1963/851/820 1989/852/821
f 1965/853/159 2466/854/161 1966/855/822
f 1966/855/822 2439/174/149 1967/173/148
f 1889/856/823 2465/857/824 1968/858/825
f 1885/859/826 3025/860/827 1968/858/825
f 2071/861/828 1951/862/829 1972/863/830
f 1984/864/831 1982/865/832 1981/866/833
f 1987/867/834 3180/868/835 3183/869/836
f 1988/870/837 1989/852/821 1990/871/838
f 3184/872/839 3181/873/840 3152/874/841
f 3181/873/840 2082/875/842 3152/874/841
f 2439/174/149 128/876/843 289/877/844
f 3179/878/845 288/879/846 135/153/128
f 1995/880/847 3646/881/848 1996/882/849
f 2001/883/850 2002/884/851 1999/885/852
f 284/886/853 3032/887/854 3033/888/855
f 284/886/853 3033/888/855 2005/167/142
f 279/889/856 2008/890/857 136/891/858
f 3169/892/859 2015/893/860 2016/894/861
f 2017/895/862 2018/896/863 2019/897/864
f 2020/898/865 2021/899/866 2022/900/867
f 2449/901/868 1927/902/869 2042/903/870
f 2051/904/871 2048/905/872 2049/906/873
f 2050/907/874 2019/897/864 2052/908/875
f 2019/897/864 2051/904/871 2052/908/875
f 3159/909/876 3045/910/877 2411/911/878
f 2055/912/879 265/913/880 261/914/881
f 147/915/882 3158/916/883 264/917/884
f 2056/918/885 2410/919/886 262/156/131
f 3156/920/887 140/88/70 2052/908/875
f 142/921/888 2058/155/130 2057/157/132
f 2435/922/889 2135/923/890 3046/924/891
f 2075/925/892 2074/926/893 2406/927/894
f 144/928/895 2114/929/896 3052/930/897
f 242/931/898 2129/932/899 2126/933/900
f 148/934/901 242/931/898 2130/935/902
f 2142/936/903 3651/937/904 159/938/905
f 2187/939/906 2170/140/115 3132/940/907
f 2110/147/122 2173/941/908 225/148/123
f 243/942/909 220/943/910 2179/944/911
f 2205/945/912 3125/946/913 2206/947/914
f 2206/947/914 2209/948/915 2365/949/916
f 2204/950/917 2368/951/918 2209/948/915
f 3120/952/919 161/97/77 2217/953/920
f 2219/954/921 2220/955/922 2221/956/923
f 2222/957/924 2223/958/925 2224/959/926
f 2222/957/924 2224/959/926 2225/960/927
f 2231/961/928 2153/962/929 200/963/930
f 2240/964/931 2241/965/932 2242/966/933
f 2243/967/934 2356/968/935 203/969/936
f 212/970/937 2245/129/104 2248/971/938
f 2368/951/918 3071/972/939 2249/973/940
f 2261/974/941 2262/975/942 2327/118/93
f 2263/976/943 2238/977/944 2264/978/945
f 2263/976/943 2264/978/945 2265/979/946
f 2297/980/947 194/981/948 2296/982/949
f 3095/983/950 2306/984/951 190/403/378
f 189/985/952 188/986/953 2307/987/954
f 2345/988/955 3095/983/950 2308/989/956
f 2265/990/946 2266/991/957 3085/992/958
f 2327/118/93 2262/993/942 3080/994/959
f 3076/995/960 192/996/961 2292/997/962
f 3077/998/963 195/123/98 2350/999/964
f 2272/1000/965 2269/1001/966 3099/1002/967
f 2337/1003/968 2352/127/102 3081/1004/969
f 2357/1005/970 2358/1006/971 2359/1007/972
f 2364/1008/973 2365/949/916 2366/1009/974
f 2198/1010/975 3063/1011/976 2201/1012/977
f 2384/1013/978 232/1014/979 3668/1015/980
f 235/1016/981 2142/936/903 2387/1017/982
f 2360/1018/983 2390/1019/984 2159/1020/985
f 3057/1021/986 242/931/898 158/1022/987
f 251/152/127 2088/154/129 2097/1023/988
f 2041/1024/989 141/1025/990 2059/1026/991
f 2426/1027/992 1996/882/849 2427/1028/993
f 287/172/147 2428/1029/994 3670/1030/995
f 2428/1029/994 2429/1031/996 3670/1030/995
f 2407/1032/997 2444/1033/63 3027/1034/998
f 305/180/155 2448/1035/999 2447/1036/1000
f 1889/1037/823 1890/1038/1001 2465/1039/824
f 1888/185/160 2467/189/164 2466/186/161
f 2470/1040/1002 324/198/173 2471/1041/1003
f 1816/1042/1004 1835/207/182 1836/1043/1005
f 3636/1044/1006 2507/1045/1007 2506/1046/1008
f 361/780/751 362/1047/1009 2509/217/192
f 1748/1048/1010 376/1049/1011 2512/1050/1012
f 1733/1051/1013 1734/760/731 2998/1052/1014
f 2500/1053/1015 2520/1054/1016 2501/1055/1017
f 2522/1056/1018 1706/1057/1019 2521/1058/1020
f 2523/1059/1021 2524/1060/1022 1769/1061/1023
f 2993/1062/1024 1746/1063/1025 2524/1060/1022
f 1660/1064/1026 405/1065/1027 404/227/202
f 407/1066/1028 3247/1067/1029 406/765/736
f 2981/237/212 410/236/211 1737/1068/1030
f 412/1069/1031 2535/1070/1032 3250/1071/1033
f 2538/1072/1034 2539/1073/1035 2540/1074/1036
f 1625/1075/1037 3276/1076/1038 420/1077/1039
f 2550/1078/1040 2551/723/694 3272/1079/1041
f 2558/1080/1042 1590/718/689 1592/720/691
f 2562/1081/1043 2563/1082/1044 2561/1083/1045
f 1583/1084/1046 2563/1082/1044 2562/1081/1043
f 2968/701/672 444/1085/1047 79/1086/1048
f 455/1087/1049 2582/1088/1050 2583/1089/1051
f 2961/1090/1052 2587/1091/1053 2588/1092/1054
f 2955/1093/1055 2592/1094/1056 2593/1095/1057
f 2595/1096/1058 2596/1097/1059 1551/1098/1060
f 3339/1099/1061 2596/1097/1059 2595/1096/1058
f 1430/1100/1062 70/1101/1063 1445/1102/1064
f 1397/1103/1065 2614/1104/1066 1409/1105/1067
f 1361/1106/1068 2940/1107/1069 2628/1108/1070
f 498/1109/1071 1388/1110/1072 497/1111/1073
f 1354/1112/1074 498/1109/1071 497/1111/1073
f 1334/1113/1075 1330/1114/1076 2937/1115/1077
f 1310/1116/1078 2656/1117/1079 2655/1118/1080
f 1295/625/596 1296/1119/1081 1294/1120/1082
f 2662/623/594 56/630/601 523/1121/1083
f 1280/304/279 2666/1122/1084 1329/305/280
f 1233/1123/1085 1292/1124/1086 1235/1125/1087
f 1220/1126/1088 1218/310/285 2684/593/565
f 2704/1127/1089 2926/1128/1090 2694/39/33
f 2698/316/291 2700/1129/1091 2699/1130/1092
f 2927/1131/1093 2700/1129/1091 2698/316/291
f 2701/1132/1094 2702/1133/1095 2703/1134/1096
f 2754/337/312 1053/1135/1097 1172/1136/1098
f 2707/1137/1099 2708/1138/1100 2709/1139/1101
f 2918/1140/1102 2722/1141/1103 2723/550/523
f 2910/1142/1104 2736/1143/1105 2737/28/24
f 2907/1144/1106 2741/1145/1107 2740/1146/1108
f 1062/1147/1109 2753/1148/1110 594/1149/1111
f 2762/1150/1112 2779/1151/1113 2899/1152/1114
f 621/1153/1115 2782/1154/1116 2781/1155/1117
f 623/1156/1118 2891/1157/1119 2783/1158/1120
f 624/1159/1121 2785/1160/1122 1021/1161/1123
f 933/1162/1124 28/1163/1125 3606/1164/1126
f 636/483/457 3506/482/456 635/1165/1127
f 898/1166/1128 921/1167/1129 920/1168/1130
f 2788/1169/1131 2805/1170/1132 2889/1171/1133
f 3537/1172/1134 657/1173/1135 633/1174/1136
f 659/1175/1137 836/1176/1138 2824/1177/1139
f 2805/1178/1132 2834/1179/1140 2806/1180/1141
f 752/369/344 2871/1181/1142 837/1182/1143
f 742/405/380 744/407/382 2839/1183/1144
f 748/409/384 736/402/377 821/1184/1145
f 690/374/349 689/373/348 2847/1185/1146
f 2849/1186/1147 2848/1187/1148 3560/433/408
f 718/1188/1149 2848/1187/1148 2849/1186/1147
f 703/376/351 2856/1189/1150 780/426/401
f 698/1190/1151 2856/1189/1150 703/376/351
f 698/1190/1151 699/419/394 2856/1189/1150
f 2857/1191/1152 710/1192/1153 2853/1193/1154
f 717/1194/1155 716/1195/1156 2850/1196/1157
f 2857/1191/1152 2851/1197/1158 2850/1196/1157
f 3583/1198/1159 693/1199/1160 2849/1186/1147
f 3583/1198/1159 2849/1186/1147 2858/1200/1161
f 2858/1200/1161 2849/1186/1147 2859/1201/1162
f 730/394/369 2860/393/368 2845/1202/1163
f 748/409/384 833/1203/1164 750/410/385
f 752/369/344 837/1182/1143 677/370/345
f 2315/1204/1165 841/1205/1166 840/1206/1167
f 3599/367/342 2837/1207/1168 2872/1208/1169
f 676/1209/1170 2836/1210/1171 760/1211/1172
f 764/1212/1173 675/414/389 2835/1213/1174
f 767/1214/1175 764/1212/1173 2835/1213/1174
f 768/4/4 674/1215/1176 11/5/5
f 775/1216/1177 2875/1217/1178 776/1218/1179
f 784/1219/1180 2832/1220/1181 786/1221/1182
f 813/1222/1183 2877/1223/1184 2829/1224/1185
f 2878/1225/1186 2828/1226/1187 3510/1227/1188
f 677/370/345 659/1175/1137 2824/1177/1139
f 844/1228/1189 843/1229/1190 847/1230/1191
f 857/1231/1192 2814/1232/1193 859/1233/1194
f 883/1234/1195 2810/1235/1196 2882/1236/1197
f 653/360/335 868/465/439 2810/1235/1196
f 653/360/335 2810/1235/1196 2883/1237/1198
f 868/465/439 2880/1238/1199 2811/1239/1200
f 868/465/439 2811/1239/1200 2810/1235/1196
f 2788/1169/1131 2889/1171/1133 889/1240/1201
f 2803/1241/1202 20/1242/1203 645/1243/1204
f 895/1244/1205 22/1245/1206 2802/1246/1207
f 643/1247/1208 898/1166/1128 920/1168/1130
f 907/1248/1209 905/1249/1210 2800/1250/1211
f 909/1251/1212 2799/1252/1213 913/1253/1214
f 915/475/449 3489/1254/1215 914/476/450
f 641/477/451 914/476/450 640/1255/1216
f 3503/1256/1217 2795/1257/1218 931/1258/1219
f 932/1259/1220 929/10/10 3502/1260/1221
f 3502/1260/1221 2794/12/12 634/356/331
f 935/1261/1222 2793/484/458 2792/354/329
f 2813/1262/1223 2891/1157/1119 937/1263/1224
f 3498/1264/1225 2790/1265/1226 945/1266/1227
f 2789/1267/1228 885/1268/1229 949/1269/1230
f 885/1268/1229 886/1270/1231 3494/1271/1232
f 627/1272/1233 955/1273/1234 626/1274/1235
f 624/1159/1121 28/1163/1125 2785/1160/1122
f 958/1275/1236 2784/1276/1237 959/1277/1238
f 962/1278/1239 2782/1154/1116 621/1153/1115
f 978/1279/1240 2777/1280/1241 617/1281/1242
f 989/1282/1243 616/498/472 2774/1283/1244
f 991/1284/1245 986/1285/1246 2773/1286/1247
f 991/1284/1245 2773/1286/1247 993/1287/1248
f 3483/1288/1249 32/1289/1250 2771/1290/1251
f 2771/1290/1251 32/1289/1250 612/1291/1252
f 2766/1292/1253 1018/1293/1254 2767/1294/1255
f 606/509/483 2898/1295/1256 2764/1296/1257
f 606/509/483 2764/1296/1257 1045/517/490
f 967/1297/1258 968/1298/1259 3475/1299/1260
f 1033/1300/1261 2757/1301/1262 2899/1302/1114
f 2901/1303/1263 2760/1304/1264 2761/1305/1265
f 2901/1303/1263 2761/1305/1265 1044/1306/1266
f 2753/1148/1110 2755/1307/1267 1061/579/551
f 2754/337/312 1031/336/311 1053/1308/1097
f 1065/1309/1268 1062/1147/1109 594/1149/1111
f 1067/1310/1269 1066/1311/1270 1068/1312/1271
f 3608/333/308 2747/1313/1272 592/334/309
f 1083/1314/1273 2745/1315/1274 2904/1316/1275
f 2906/1317/1276 2743/1318/1277 2741/1145/1107
f 2909/1319/1278 2739/1320/1279 587/547/520
f 2740/1146/1108 2741/1145/1107 2909/1319/1278
f 2741/1145/1107 2738/1321/1280 2909/1319/1278
f 1094/1322/1281 585/1323/1282 2734/1324/1283
f 585/1323/1282 2910/1142/1104 2734/1324/1283
f 585/1323/1282 2911/527/500 2910/1142/1104
f 1100/1325/1284 2734/1324/1283 3611/1326/1285
f 2734/1324/1283 2735/1327/1286 3611/1326/1285
f 2735/1327/1286 2732/1328/1287 584/1329/1288
f 3453/1330/1289 1180/1331/1290 2729/1332/1291
f 1180/1331/1290 2730/1333/1292 2729/1332/1291
f 1128/538/511 2917/1334/1293 2916/1335/1294
f 1148/1336/1295 1147/1337/1296 2716/1338/1297
f 2708/1138/1100 2710/1339/1298 2921/1340/1299
f 1154/1341/1300 2922/1342/1301 2710/1339/1298
f 1154/1341/1300 2710/1339/1298 2708/1138/1100
f 1169/569/542 2707/1137/1099 2923/570/543
f 571/325/300 2924/1343/1302 2707/1137/1099
f 2924/1343/1302 1154/1341/1300 2708/1138/1100
f 2925/1344/1303 2706/1345/1304 567/321/296
f 2923/570/543 2925/1344/1303 566/320/295
f 2927/1131/1093 2928/1346/1305 2700/1129/1091
f 2928/1346/1305 2703/1134/1096 2700/1129/1091
f 2928/1346/1305 564/1347/1306 2701/1132/1094
f 564/1347/1306 3415/1348/1307 2701/1132/1094
f 1172/1349/1098 1173/311/286 538/1350/1308
f 1221/1351/1309 2682/589/561 549/1352/1310
f 1227/1353/1311 548/610/581 2679/1354/1312
f 2682/589/561 1237/590/562 2676/40/34
f 3397/601/573 3383/600/572 540/1355/1313
f 1252/1356/1314 1249/1357/1315 539/1358/1316
f 2672/1359/1317 2932/1360/1318 532/1361/1319
f 537/1362/1320 3390/1363/1321 3395/606/577
f 3395/606/577 536/615/586 535/607/578
f 3395/606/577 3390/1363/1321 536/615/586
f 2670/1364/1322 2929/1365/1323 1279/1366/1324
f 2670/1364/1322 1279/1366/1324 1274/1367/1325
f 1288/301/276 528/1368/1326 527/302/277
f 1291/622/593 3388/1369/1327 526/1370/1328
f 3382/1371/1329 2660/1372/1330 2934/1373/1331
f 1315/1374/1332 2652/1375/1333 514/1376/1334
f 514/1376/1334 2651/648/619 3378/1377/1335
f 1319/1378/1336 2935/1379/1337 1376/1380/1338
f 2642/1381/1339 2647/1382/1340 503/1383/1341
f 504/1384/1342 2937/1115/1077 2645/1385/1343
f 1330/1114/1076 2645/1385/1343 2937/1115/1077
f 506/1386/1344 1422/1387/1345 479/1388/1346
f 1344/1389/1347 501/278/253 2638/1390/1348
f 500/1391/1349 2936/1392/1350 2939/1393/1351
f 504/1384/1342 2636/1394/1352 1351/1395/1353
f 2643/1396/1354 1347/1397/1355 1352/1398/1356
f 3369/1399/1357 2635/1400/1358 499/1401/1359
f 3367/1402/1360 2633/1403/1361 2632/1404/1362
f 1355/1405/1363 2633/1403/1361 3367/1402/1360
f 1359/273/248 1356/646/617 2630/1406/1364
f 1363/649/620 1357/1407/1365 2626/1408/1366
f 496/1409/1367 2627/1410/1368 3361/1411/1369
f 496/1409/1367 1363/649/620 2626/1408/1366
f 2621/1412/1370 2622/1413/1371 2942/1414/1372
f 2943/1415/1373 2622/1413/1371 2621/1412/1370
f 1386/1416/1374 1374/1417/1375 2944/1418/1376
f 2946/1419/1377 2618/1420/1378 490/268/243
f 1390/1421/1379 1389/1422/1380 1391/1423/1381
f 2951/1424/1382 2950/1425/1383 2611/1426/1384
f 481/1427/1385 1423/1428/1386 2607/1429/1387
f 2639/645/616 479/1388/1346 3625/1430/1388
f 1430/1100/1062 2606/1431/1389 70/1101/1063
f 2601/1432/1390 2600/1433/1391 477/1434/1392
f 1438/1435/1393 2599/1436/1394 476/1437/1395
f 1440/1438/1396 1437/1439/1397 476/1437/1395
f 2598/1440/1398 3625/1441/1388 1545/1442/1399
f 470/1443/1400 1448/1444/1401 2597/1445/1402
f 1458/675/646 2954/1446/1403 1470/1447/1404
f 464/1448/1405 1458/675/646 1470/1447/1404
f 2957/1449/1406 2954/1446/1403 2956/1450/1407
f 2593/1095/1057 2592/1094/1056 2590/1451/1408
f 1498/1452/1409 2583/1089/1051 1501/1453/1410
f 1501/1453/1410 2583/1089/1051 2581/697/668
f 1503/1454/1411 2580/1455/1412 1502/1456/1413
f 447/695/666 1521/1457/1414 2578/696/667
f 2976/1458/1415 2554/1459/1416 2575/1460/1417
f 2598/1440/1398 1545/1442/1399 2573/1461/1418
f 468/260/235 2570/1462/1419 2969/704/675
f 1553/1463/1420 2970/1464/1421 2569/1465/1422
f 435/1466/1423 2567/66/56 1565/1467/1424
f 435/1466/1423 1562/64/54 2567/66/56
f 1578/705/676 2565/1468/1425 1580/1469/1426
f 1581/1470/1427 1575/244/219 3289/1471/1428
f 1534/1472/1429 2556/1473/1430 1597/1474/1431
f 1599/1475/1432 2555/1476/1433 429/1477/1434
f 1615/1478/1435 1613/1479/1436 2977/1480/1437
f 2548/1481/1438 2976/1482/1415 359/1483/1439
f 2561/1083/1045 1632/1484/1440 415/1485/1441
f 1638/730/701 2980/1486/1442 1654/731/702
f 3276/1076/1038 3265/1487/1443 2536/1488/1444
f 1644/1489/1445 1643/1490/1446 413/1491/1447
f 413/1491/1447 1643/1490/1446 91/758/729
f 407/1066/1028 3275/1492/1448 3247/1067/1029
f 1651/1493/1449 1650/234/209 1659/1494/1450
f 2987/1495/1451 400/231/206 2529/1496/1452
f 400/231/206 2986/1497/1453 2529/1496/1452
f 400/231/206 3269/230/205 2988/1498/1454
f 2991/1499/1455 2989/1500/1456 1684/1501/1457
f 1676/1502/1458 2987/1495/1451 2989/1500/1456
f 2530/1503/1459 2527/1504/1460 2990/1505/1461
f 2530/1503/1459 2992/1506/1462 2527/1504/1460
f 2996/1507/1463 2520/1508/1016 359/1509/1439
f 2993/1062/1024 2524/1060/1022 2523/1059/1021
f 1707/1510/1464 2993/1062/1024 2523/1059/1021
f 1735/1511/1465 2515/1512/1466 378/221/196
f 1741/767/738 1740/766/737 105/1513/1467
f 1744/768/739 2513/770/741 1747/1514/1468
f 375/1515/1469 1748/1048/1010 1750/1516/1470
f 1753/773/744 372/772/743 2511/1517/1471
f 1757/1518/1472 1755/1519/1473 369/799/770
f 1778/1520/1474 3636/1044/1006 2506/1046/1008
f 1723/1521/1475 1797/1522/1476 1784/1523/1477
f 1793/1524/1478 110/1525/1479 1794/1526/1480
f 2473/1527/1481 2500/1528/1015 2501/1529/1017
f 354/1530/1482 3003/1531/1483 3002/1532/1484
f 1782/1533/1485 1784/1534/1477 1852/1535/1486
f 352/789/760 1805/786/757 111/1536/1487
f 1808/795/766 347/794/765 2497/1537/1488
f 1810/1538/1489 2495/1539/1490 1825/1540/1491
f 1813/1541/1492 1811/802/773 2493/1542/1493
f 1814/1543/1494 2493/1542/1493 1816/1042/1004
f 3238/1544/1495 3224/1545/1496 1901/1546/1497
f 2486/1547/1498 2487/1548/1499 1843/1549/1500
f 1840/1550/1501 2486/1547/1498 1843/1549/1500
f 2484/1551/1502 1844/1552/1503 1842/1553/1504
f 1848/1554/1505 1844/1552/1503 2484/1551/1502
f 1852/1555/1486 3009/1556/1506 333/1557/1507
f 2473/1558/1481 2999/1559/1508 301/1560/1509
f 2476/1561/1510 2478/1562/1511 2477/1563/1512
f 1860/815/786 2476/1561/1510 1868/817/788
f 326/201/176 2475/1564/1513 327/202/177
f 323/199/174 3230/1565/1514 324/198/173
f 1890/1038/1001 1885/1566/826 2465/1039/824
f 2461/1567/1515 121/825/796 2460/1568/1516
f 1917/1569/1517 2455/1570/1518 1922/1571/1519
f 1923/1572/1520 2455/1570/1518 3016/1573/1521
f 2452/1574/1522 2453/1575/1523 2450/1576/1524
f 3019/1577/1525 1935/1578/1526 1950/1579/1527
f 2448/1035/999 2446/1580/1528 302/1581/1529
f 3643/1582/1530 2447/1036/1000 302/1581/1529
f 3027/1034/998 2445/1583/1531 3020/1584/1532
f 3027/1034/998 2444/1033/63 2445/1583/1531
f 1952/1585/1533 3022/1586/1534 3021/1587/1535
f 3022/1586/1534 300/177/152 2443/1588/1536
f 2466/854/161 1960/1589/1537 2439/174/149
f 1966/855/822 2466/854/161 2439/174/149
f 1968/858/825 2438/1590/1538 3026/1591/1539
f 2436/1592/1540 2001/883/850 296/1593/1541
f 1974/1594/1542 294/1595/1543 132/1596/1544
f 1974/1594/1542 132/1596/1544 293/1597/1545
f 1977/1598/1546 2435/922/889 1978/1599/1547
f 1984/864/831 1981/866/833 2434/1600/1548
f 287/172/147 286/171/146 2428/1029/994
f 3032/887/854 2426/1027/992 3033/888/855
f 3033/888/855 3148/1601/1549 283/168/143
f 3033/888/855 2426/1027/992 2425/1602/1550
f 2426/1027/992 2427/1028/993 2425/1602/1550
f 281/1603/1551 2424/1604/1552 3173/1605/1553
f 276/1606/1554 2419/1607/1555 2055/912/879
f 3038/1608/1556 3037/1609/1557 2416/1610/1558
f 2029/1611/1559 2416/1610/1558 2415/1612/1560
f 271/1613/1561 2414/1614/1562 3040/1615/1563
f 3039/1616/1564 2415/1612/1560 2414/1614/1562
f 3039/1616/1564 2414/1614/1562 271/1613/1561
f 2415/1612/1560 2416/1610/1558 3041/1617/1565
f 2415/1612/1560 3041/1617/1565 2414/1614/1562
f 3045/910/877 3044/1618/1566 2411/911/878
f 2087/1619/1567 2403/1620/1568 151/1621/1569
f 2401/1622/1570 152/1623/1571 2096/1624/1572
f 249/1625/1573 2098/1626/1574 2161/1627/1575
f 2103/1628/1576 2400/1629/1577 2102/1630/1578
f 246/1631/1579 2106/149/124 2110/147/122
f 2117/1632/1580 2111/1633/1581 2394/1634/1582
f 2140/1635/1583 239/1636/1584 2389/1637/1585
f 3134/1638/1586 229/1639/1587 2163/143/118
f 226/1640/1588 2398/1641/1589 2379/1642/1590
f 2176/1643/1591 2171/1644/1592 2377/1645/1593
f 223/1646/1594 2376/1647/1595 222/1648/1596
f 220/943/910 221/1649/1597 2181/1650/1598
f 2364/1008/973 2366/1009/974 3064/1651/1599
f 3064/1651/1599 211/1652/1600 2364/1008/973
f 2155/1653/1601 2153/962/929 2234/1654/1602
f 202/1655/1603 3135/1656/1604 3069/1657/1605
f 2239/1658/1606 2357/1005/970 3070/1659/1607
f 2337/1003/968 2353/1660/1608 2352/127/102
f 2267/1661/1609 198/1662/1610 2269/1001/966
f 198/1662/1610 2267/1661/1609 172/1663/1611
f 197/1664/1612 3099/1002/967 196/1665/1613
f 3099/1002/967 173/1666/1614 196/1665/1613
f 2281/1667/1615 2348/1668/1616 2299/120/95
f 2283/1669/1617 193/1670/1618 2302/1671/1619
f 2350/999/964 2343/106/84 3077/998/963
f 2295/1672/1620 3077/998/963 2343/106/84
f 2301/1673/1621 3097/1674/1622 711/1675/1623
f 2303/1676/1624 2298/1677/1625 2341/1678/1626
f 2306/984/951 3096/1679/1627 2340/1680/1628
f 189/985/952 2339/1681/1629 188/986/953
f 2247/1682/1630 2311/1683/1631 680/1684/1632
f 2260/1685/1633 2320/1686/1634 2319/1687/1635
f 2336/1688/1636 2337/1689/968 3081/1690/969
f 2331/1691/1637 2328/115/90 2333/1692/1638
f 2330/107/85 2333/1692/1638 2332/108/86
f 2331/1691/1637 173/1666/1614 2329/1693/1639
f 196/1665/1613 173/1666/1614 2331/1691/1637
f 2334/116/91 2323/1694/1640 2325/1695/1641
f 762/1696/1642 2322/1697/1643 3084/1698/1644
f 2322/1697/1643 181/1699/1645 3086/1700/101
f 7/114/89 2321/119/94 2836/1701/1171
f 183/1702/1646 758/1703/1647 3571/1704/1648
f 2256/1705/1649 2257/1706/1650 3088/1707/1651
f 2257/1706/1650 171/1708/1652 3079/1709/1653
f 3092/1710/1654 2313/1711/1655 2312/1712/1656
f 2247/1682/1630 2248/971/938 2311/1683/1631
f 2248/971/938 2245/129/104 2311/1683/1631
f 2300/1713/1657 2301/1673/1621 2340/1680/1628
f 2347/1714/1658 2300/1713/1657 3096/1679/1627
f 194/981/948 2349/1715/1659 2296/982/949
f 168/130/105 213/1716/1660 2288/1717/1661
f 213/1716/1660 2197/1718/1662 2288/1717/1661
f 2197/1718/1662 2287/1719/1663 2290/1720/1664
f 2371/1721/1665 2285/1722/1666 2284/1723/1667
f 216/1724/1668 2282/1725/1669 166/1726/1670
f 2373/1727/1671 2278/1728/1672 2372/1729/1673
f 216/1724/1668 2372/1729/1673 2282/1725/1669
f 2285/1722/1666 2281/1667/1615 2347/1714/1658
f 193/1670/1618 2278/1728/1672 2279/1730/1674
f 2189/1731/1675 165/1732/1676 2277/1733/1677
f 2275/1734/1678 2294/1735/1679 2276/1736/1680
f 195/123/98 2271/125/100 2350/999/964
f 2266/1737/957 2265/979/946 2264/978/945
f 2264/978/945 2238/977/944 3101/1738/1681
f 2262/975/942 3104/1739/1682 3080/1740/959
f 2259/1741/1683 2318/1742/391 2317/1743/390
f 2258/1744/1684 200/1745/930 2259/1741/1683
f 2249/973/940 2250/1746/1685 2354/1747/1686
f 2208/1748/1687 2368/951/918 2249/973/940
f 2368/951/918 2369/1749/1688 3071/972/939
f 227/1750/1689 2165/1751/1690 3655/1752/1691
f 2239/1658/1606 2356/968/935 2243/967/934
f 164/1753/1692 3133/145/120 2183/1754/1693
f 2183/1754/1693 2243/967/934 2182/1755/1694
f 2234/1654/1602 2153/962/929 2231/961/928
f 2232/1756/1695 2154/1757/1696 2259/1758/1683
f 3115/1759/1697 3112/1760/1698 2228/1761/1699
f 2222/957/924 3116/1762/1700 2220/955/922
f 231/1763/1701 2223/958/925 2222/957/924
f 2241/965/932 2219/954/921 2221/956/923
f 162/99/79 2149/1764/1702 2241/965/932
f 2223/958/925 2215/1765/1703 3121/1766/1704
f 3061/1767/1705 2215/1765/1703 2223/958/925
f 2383/1768/1706 3120/952/919 2216/1769/1707
f 208/132/107 2213/1770/1708 209/133/108
f 2160/1771/1709 2211/1772/1710 3124/1773/1711
f 2364/1008/973 2206/947/914 2365/949/916
f 211/1652/1600 2205/945/912 2364/1008/973
f 161/97/77 2207/1774/1712 2217/953/920
f 160/96/76 3125/946/913 2207/1774/1712
f 2217/953/920 2207/1774/1712 2205/945/912
f 2217/953/920 2205/945/912 211/1652/1600
f 2207/1774/1712 3125/946/913 2205/945/912
f 2387/1017/982 159/938/905 2204/950/917
f 3125/946/913 2204/950/917 2206/947/914
f 2180/1775/1713 2193/1776/1714 2192/1777/1715
f 2180/1775/1713 2181/1650/1598 2193/1776/1714
f 221/1649/1597 2191/1778/1716 2181/1650/1598
f 2193/1776/1714 2181/1650/1598 2191/1778/1716
f 2373/1727/1671 3130/1779/1717 2278/1728/1672
f 226/1640/1588 2379/1642/1590 2172/1780/1718
f 2377/1645/1593 2172/1780/1718 218/1781/1719
f 3656/1782/1720 2184/1783/1721 165/1732/1676
f 2187/939/906 3132/940/907 219/1784/1722
f 219/1784/1722 2183/1754/1693 2182/1755/1694
f 2179/944/911 220/943/910 2181/1650/1598
f 243/942/909 3053/1785/1723 220/943/910
f 2389/1637/1585 239/1636/1584 2195/1786/1724
f 244/1787/1725 156/1788/1726 223/1646/1594
f 3053/1785/1723 3143/1789/1727 2178/1790/1728
f 3143/1789/1727 2176/1643/1591 2178/1790/1728
f 2376/1647/1595 2175/1791/1729 2188/1792/1730
f 2171/1644/1592 2172/1780/1718 2377/1645/1593
f 248/1793/1731 2399/1794/1732 2167/139/114
f 247/1795/1733 2165/1751/1690 227/1750/1689
f 2101/1796/1734 2380/1797/1735 3050/1798/1736
f 2237/1799/1737 2158/1800/1738 2160/1771/1709
f 2361/1801/1739 2382/1802/1740 2156/1803/1741
f 2150/1804/1742 2152/1805/1743 2151/1806/1744
f 3136/98/78 2151/1806/1744 162/99/79
f 154/1807/1745 2131/1808/1746 229/1639/1587
f 2131/1808/1746 232/1014/979 229/1639/1587
f 241/1809/1747 158/1022/987 2147/1810/1748
f 233/1811/1749 2210/1812/1750 2211/1772/1710
f 2124/1813/1751 2144/1814/1752 3127/136/111
f 235/1016/981 2141/1815/1753 2142/936/903
f 2136/1816/1754 2133/1817/1755 2156/1818/1741
f 3139/1819/1756 2134/1820/1757 2154/1821/1696
f 2134/1820/1757 3105/1822/1758 2154/1821/1696
f 2099/1823/1759 2068/1824/1760 2130/935/902
f 3158/916/883 145/1825/1761 264/917/884
f 264/917/884 145/1825/1761 2120/1826/1762
f 2054/1827/1763 2411/911/878 2118/1828/1764
f 2411/911/878 2119/1829/1765 2118/1828/1764
f 2115/1830/1766 3052/930/897 2116/93/73
f 2111/1633/1581 244/1787/1725 2113/1831/1767
f 2111/1633/1581 3146/1832/1768 2112/1833/1769
f 2097/1023/988 153/1834/1770 2112/1833/1769
f 2108/1835/1771 246/1631/1579 2109/146/121
f 246/1631/1579 2110/147/122 2109/146/121
f 245/1836/1772 2108/1835/1771 2109/146/121
f 3150/1837/1773 2402/1838/1774 2108/1835/1771
f 2402/1838/1774 2107/150/125 2106/149/124
f 2402/1838/1774 151/1621/1569 2107/150/125
f 3145/1839/1775 2399/1794/1732 2397/151/126
f 3145/1839/1775 2102/1630/1578 2399/1794/1732
f 2107/150/125 3145/1839/1775 2397/151/126
f 150/1840/1776 2103/1628/1576 3047/1841/1777
f 2104/1842/1778 3047/1841/1777 3145/1839/1775
f 3145/1839/1775 3047/1841/1777 2102/1630/1578
f 3047/1841/1777 2103/1628/1576 2102/1630/1578
f 2400/1629/1577 2098/1626/1574 249/1625/1573
f 2400/1629/1577 2162/141/116 155/1843/1779
f 3147/1844/1780 2097/1023/988 3146/1832/1768
f 3147/1844/1780 251/152/127 2097/1023/988
f 2008/890/857 135/153/128 251/152/127
f 2093/1845/1781 2114/929/896 144/928/895
f 2095/1846/1782 2091/1847/1783 2090/1848/1784
f 135/153/128 288/879/846 2089/1849/1785
f 288/879/846 2431/1850/1786 2089/1849/1785
f 2432/1851/1787 3154/1852/1788 2084/1853/1789
f 2403/1620/1568 2080/1854/1790 2078/1855/1791
f 2403/1620/1568 2104/1842/1778 2107/150/125
f 255/1856/1792 2406/927/894 150/1840/1776
f 293/1597/1545 2075/925/892 2076/1857/1793
f 2076/1857/1793 2075/925/892 2406/927/894
f 2137/1858/1794 2072/1859/813 3164/1860/1795
f 2069/1861/1796 3186/1862/1797 2070/1863/1798
f 270/1864/1799 3042/1865/1800 2063/1866/1801
f 2060/1867/1802 2409/1868/1803 2061/1869/1804
f 2059/1026/991 2409/1868/1803 2060/1867/1802
f 2057/157/132 3142/1870/1805 2128/1871/1806
f 142/921/888 2036/1872/1807 2058/155/130
f 271/1613/1561 3040/1615/1563 2036/1872/1807
f 142/921/888 2057/157/132 3042/1865/1800
f 3041/1617/1565 138/86/68 3156/920/887
f 3161/1873/1808 3045/910/877 3159/909/876
f 2019/897/864 277/166/141 3160/1874/1809
f 277/166/141 3036/165/140 3160/1874/1809
f 140/88/70 2050/907/874 2052/908/875
f 2017/895/862 2050/907/874 140/88/70
f 263/1875/1810 2051/904/871 2049/906/873
f 2052/908/875 2051/904/871 263/1875/1810
f 2053/1876/1811 2422/1877/1812 3161/1873/1808
f 3161/1873/1808 2422/1877/1812 3045/910/877
f 2422/1877/1812 3044/1618/1566 3045/910/877
f 3162/1878/1813 267/1879/1814 2047/1880/1815
f 1947/840/809 302/1581/1529 2045/158/133
f 2039/1881/1816 2038/1882/1817 2041/1024/989
f 272/1883/1818 3039/1616/1564 2037/1884/1819
f 2451/1885/1820 123/1886/1821 2031/1887/1822
f 123/1886/1821 3165/1888/1823 2032/1889/1824
f 2450/1576/1524 2451/1885/1820 2030/1890/1825
f 272/1883/1818 2028/1891/1826 3039/1616/1564
f 2030/1890/1825 2028/1891/1826 272/1883/1818
f 2026/1892/1827 2055/912/879 141/1025/990
f 2021/899/866 2023/1893/1828 2022/900/867
f 2013/1894/1829 3649/1895/1830 2021/899/866
f 3649/1895/1830 278/1896/1831 2023/1893/1828
f 3166/1897/1832 2020/898/865 3167/1898/1833
f 3171/1899/1834 2020/898/865 3166/1897/1832
f 2013/1894/1829 2021/899/866 2020/898/865
f 139/87/69 2017/895/862 140/88/70
f 3165/1888/1823 2014/1900/1835 3170/1901/1836
f 3165/1888/1823 124/1902/1837 2014/1900/1835
f 309/1903/1838 3016/1573/1521 2015/893/860
f 3016/1573/1521 2455/1570/1518 2011/1904/1839
f 2016/894/861 2010/1905/1840 278/1896/1831
f 2420/1906/1841 3172/1907/1842 137/1908/1843
f 2007/1909/1844 2008/890/857 279/889/856
f 2007/1909/1844 2006/82/66 282/1910/1845
f 2004/1911/1846 3647/1912/1847 2005/167/142
f 1970/1913/1848 2000/1914/1849 3174/1915/1850
f 3176/1916/1851 1997/1917/1852 2002/884/851
f 122/81/65 289/877/844 288/879/846
f 289/877/844 128/876/843 2430/1918/1853
f 286/171/146 3183/869/836 3182/1919/1854
f 3183/869/836 3180/868/835 1993/1920/1855
f 2429/1031/996 3182/1919/1854 3184/872/839
f 1963/851/820 1991/1921/1856 1989/852/821
f 1987/867/834 3183/869/836 286/171/146
f 1990/871/838 3645/1922/1857 1987/867/834
f 1979/1923/1858 1980/1924/1859 2433/1925/1860
f 2433/1925/1860 1980/1924/1859 2081/1926/1861
f 3029/1927/1862 1979/1923/1858 2433/1925/1860
f 1957/1928/1863 1979/1923/1858 3029/1927/1862
f 1977/1598/1546 1978/1599/1547 1979/1923/1858
f 1981/866/833 292/1929/1864 1976/1930/1865
f 3164/1860/1795 2072/1931/813 1933/837/806
f 1971/1932/1866 259/1933/1867 258/1934/1868
f 1889/856/823 1968/858/825 3026/1591/1539
f 312/80/64 1967/173/148 122/81/65
f 3189/848/817 3190/1935/792 1955/1936/1869
f 3228/1937/1870 1972/1938/830 1951/1939/829
f 2443/1588/1536 3201/841/810 1949/843/812
f 3203/838/807 1947/840/809 2044/1940/1871
f 1949/843/812 1946/839/808 3203/838/807
f 299/176/151 3210/1941/1872 3202/1942/1873
f 299/176/151 3202/1942/1873 300/177/152
f 3214/1943/1874 1935/1578/1526 3019/1577/1525
f 1911/836/801 3014/1944/1875 2449/901/868
f 2457/1945/1876 1903/1946/1877 1927/902/869
f 1921/1947/1878 1922/1571/1519 1923/1572/1520
f 1900/832/803 1899/1948/1879 1919/1949/1880
f 1893/1950/158 3013/1951/157 1912/1952/1881
f 1908/1953/1882 1905/1954/1883 1909/1955/1884
f 2478/1562/1511 1908/1953/1882 1909/1955/1884
f 329/814/785 1908/1953/1882 2478/1562/1511
f 2485/1956/1885 1903/1957/1877 2457/1958/1876
f 1901/1546/1497 1907/1959/1886 115/1960/1887
f 1896/1961/1888 1894/1962/1889 315/823/794
f 1891/1963/1890 1892/1964/1891 1889/1037/823
f 1892/1964/1891 1890/1038/1001 1889/1037/823
f 1856/1965/1892 331/1966/1893 3006/1967/1894
f 1880/1968/1895 2480/1969/1896 1881/1970/1897
f 1881/1970/1897 2470/1040/1002 1875/820/791
f 3228/1971/1870 1870/1972/1898 3644/1973/1899
f 3229/1974/1900 1860/815/786 1868/817/788
f 1862/197/172 1863/813/784 1861/1975/1901
f 3004/1976/1902 112/1977/1903 1857/1978/1904
f 335/1979/1905 1851/1980/1906 2481/1981/1907
f 1795/1982/1908 1849/1983/1909 1870/1984/1898
f 1847/1985/1910 1848/1554/1505 1846/205/180
f 1846/205/180 1848/1554/1505 116/1986/1911
f 1794/1526/1480 110/1525/1479 1844/1552/1503
f 1842/1553/1504 1843/1549/1500 1841/1987/1912
f 2491/1988/1913 114/1989/1914 2486/1547/1498
f 1837/1990/1915 1901/1546/1497 115/1960/1887
f 2490/1991/1916 1826/1992/1917 1827/1993/1918
f 1810/1538/1489 1825/1540/1491 1826/1992/1917
f 2509/217/192 1763/1994/1919 2508/219/194
f 1763/1994/1919 1820/1995/1920 2508/219/194
f 2508/219/194 1819/1996/1921 341/1997/1922
f 363/1998/1923 1765/774/745 3005/1999/1924
f 1820/1995/1920 1814/1543/1494 1816/1042/1004
f 342/2000/1925 1761/776/747 1833/2001/1926
f 2510/2002/1927 107/2003/1928 1812/2004/1929
f 1758/2005/1930 344/801/772 1811/802/773
f 1811/802/773 113/208/183 2493/1542/1493
f 1811/802/773 343/803/774 113/208/183
f 107/2003/1928 1810/1538/1489 2494/2006/1931
f 3242/797/768 1749/2007/1932 348/790/761
f 1749/2007/1932 1806/2008/1933 348/790/761
f 356/2009/1934 1781/2010/1935 1798/2011/1936
f 1798/2011/1936 3001/2012/1937 354/1530/1482
f 1796/2013/1938 1849/2014/1909 1795/2015/1908
f 1790/2016/1939 1791/2017/1940 1789/2018/1941
f 376/1049/1011 1788/2019/1942 2512/1050/1012
f 2512/1050/1012 1788/2019/1942 1803/2020/1943
f 2518/2021/1944 100/2022/1945 1786/2023/1946
f 1787/2024/1947 1786/2023/1946 1788/2019/1942
f 1783/2025/1948 1784/1523/1477 1782/1533/1485
f 1728/2026/1949 1783/2025/1948 1782/1533/1485
f 1720/2027/1950 1721/2028/1951 1796/2029/1938
f 2995/2030/1952 1774/2031/1953 1775/2032/1954
f 2995/2030/1952 1704/2033/1955 1768/2034/1956
f 1769/1061/1023 362/1047/1009 361/780/751
f 2524/1060/1022 1746/1063/1025 365/2035/1957
f 1746/1063/1025 1747/1514/1468 365/2035/1957
f 362/1047/1009 365/2035/1957 1763/1994/1919
f 1762/777/748 1764/779/750 365/2035/1957
f 367/2036/1958 1760/2037/1959 2510/2002/1927
f 366/778/749 1756/2038/1960 1757/1518/1472
f 1762/777/748 1756/2038/1960 366/778/749
f 377/2039/1961 2515/1512/1466 1755/1519/1473
f 1753/773/744 371/796/767 1754/2040/1962
f 370/2041/1963 1752/2042/1964 369/799/770
f 3246/2043/1965 2516/2044/1966 373/2045/1967
f 3635/2046/1968 2998/1052/1014 375/1515/1469
f 2998/1052/1014 1748/1048/1010 375/1515/1469
f 1744/768/739 1747/1514/1468 1746/1063/1025
f 2535/1070/1032 1732/2047/1969 103/2048/1970
f 2537/2049/1971 2540/1074/1036 1640/2050/1972
f 1730/2051/1973 2997/2052/1974 1726/2053/1975
f 1730/2051/1973 1726/2053/1975 2519/2054/1976
f 2539/1073/1035 2525/2055/1977 2997/2052/1974
f 2539/1073/1035 2997/2052/1974 1730/2051/1973
f 2525/2055/1977 1725/2056/1978 2997/2052/1974
f 1797/2057/1476 2526/2058/1979 1686/2059/1980
f 1720/2060/1950 1687/2061/1981 1721/2062/1951
f 1718/225/200 1719/2063/1982 386/2064/1983
f 1682/2065/1984 396/2066/1985 1714/2067/1986
f 1681/2068/1987 1714/2067/1986 1725/2056/1978
f 1714/2067/1986 1718/225/200 386/2064/1983
f 3253/2069/1988 3252/2070/1989 1713/754/725
f 3253/2069/1988 1713/754/725 1709/2071/1990
f 3253/2069/1988 99/73/61 3252/2070/1989
f 99/73/61 98/72/60 1711/752/723
f 1717/757/728 3255/2072/1991 1708/2073/1992
f 2522/1056/1018 1705/2074/1993 1706/1057/1019
f 1706/1057/1019 1704/2033/1955 2995/2030/1952
f 1702/2075/1994 3259/2076/1995 1701/2077/1996
f 3261/2078/1997 1700/2079/1998 1712/753/724
f 1712/753/724 1700/2079/1998 3263/2080/1999
f 1698/751/722 1707/1510/1464 393/2081/2000
f 404/227/202 405/1065/1027 1694/2082/2001
f 2546/2083/2002 1727/2084/2003 1641/2085/2004
f 3266/2086/2005 1690/2087/2006 2547/2088/2007
f 398/2089/2008 1684/1501/1457 1683/2090/2009
f 1690/2087/2006 1680/748/719 1681/2068/1987
f 1678/745/716 2991/1499/1455 1680/748/719
f 1677/744/715 1679/747/718 2991/1499/1455
f 2988/1498/1454 1670/740/711 1672/742/713
f 2988/1498/1454 1672/742/713 3268/2091/2010
f 3269/230/205 1670/740/711 2988/1498/1454
f 3269/230/205 1665/739/710 1671/741/712
f 3269/230/205 1671/741/712 1670/740/711
f 3268/2091/2010 1672/742/713 3270/2092/2011
f 1672/742/713 3271/2093/2012 1668/2094/2013
f 399/229/204 1663/737/708 3269/230/205
f 1666/746/717 1664/738/709 1663/737/708
f 1660/1064/1026 88/729/700 405/1065/1027
f 3273/722/693 1657/735/706 1658/2095/2014
f 2542/2096/2015 1648/235/210 2981/237/212
f 1647/2097/2016 412/1069/1031 411/2098/2017
f 408/2099/2018 1735/1511/1465 93/2100/2019
f 1644/1489/1445 2979/2101/2020 1645/2102/2021
f 1646/2103/2022 1642/2104/2023 92/2105/2024
f 2560/2106/2025 1636/717/688 1637/2107/2026
f 2563/1082/1044 1632/1484/1440 2561/1083/1045
f 2564/2108/2027 3289/1471/1428 1634/2109/2028
f 2564/2108/2027 1634/2109/2028 1635/716/687
f 1579/2110/2029 1631/2111/2030 1632/1484/1440
f 1633/2112/2031 1630/727/698 1648/235/210
f 1576/2113/2032 1628/2114/2033 1627/2115/2034
f 1626/2116/2035 1642/2104/2023 83/2117/2036
f 1625/1075/1037 420/1077/1039 1626/2116/2035
f 1623/725/696 2544/2118/2037 419/2119/2038
f 419/2119/2038 1645/2102/2021 2979/2101/2020
f 433/724/695 81/238/213 1623/725/696
f 80/2120/2039 1622/249/224 1625/1075/1037
f 2552/2121/2040 1619/2122/2041 1618/2123/2042
f 1620/2124/2043 1618/2123/2042 423/2125/2044
f 3266/2086/2005 3280/2126/2045 1690/2087/2006
f 3279/2127/2046 1614/2128/2047 1619/2122/2041
f 3279/2127/2046 1615/1478/1435 1614/2128/2047
f 89/2129/2048 1613/1479/1436 1612/2130/2049
f 3285/2131/2050 1610/2132/2051 1615/1478/1435
f 1615/1478/1435 1610/2132/2051 1613/1479/1436
f 1607/2133/2052 85/2134/2053 1608/732/703
f 84/2135/2054 425/2136/2055 1605/2137/2056
f 1603/2138/2057 1601/243/218 427/2139/2058
f 3283/2140/2059 442/2141/2060 1533/2142/2061
f 1600/241/216 1598/702/673 429/1477/1434
f 1533/2142/2061 1597/1474/1431 3283/2140/2059
f 1599/1475/1432 1596/2143/2062 3285/2131/2050
f 1532/2144/2063 1528/2145/2064 2557/2146/2065
f 1594/2147/2066 2966/2148/2067 1609/2149/2068
f 2578/696/667 3291/2150/2069 1523/2151/2070
f 3287/2152/2071 3277/2153/2072 85/2134/2053
f 3287/2152/2071 2560/2106/2025 3277/2153/2072
f 1586/2154/2073 1583/1084/1046 2562/1081/1043
f 1567/714/685 1586/2154/2073 3291/2150/2069
f 2566/2155/2074 1585/2156/2075 1583/1084/1046
f 2566/2155/2074 437/2157/2076 1584/2158/2077
f 1582/2159/2078 1581/1470/1427 3288/715/686
f 3289/1471/1428 1577/246/221 1576/2113/2032
f 2569/1465/1422 1573/245/220 1575/244/219
f 2571/2160/2079 1543/2161/2080 1571/2162/2081
f 1568/247/222 1546/2163/2082 1569/248/223
f 1566/712/683 1567/714/685 3291/2150/2069
f 434/2164/2083 3297/2165/2084 1558/709/680
f 3296/2166/2085 1555/708/679 3303/2167/2086
f 1555/708/679 1556/707/678 1554/2168/2087
f 436/2169/2088 1553/1463/1420 1552/65/55
f 73/2170/2089 3305/2171/2090 436/2169/2088
f 2596/1097/1059 3309/2172/2091 1551/1098/1060
f 2595/1096/1058 1551/1098/1060 3305/2171/2090
f 1549/2173/2092 3307/703/674 440/2174/2093
f 1452/2175/2094 1550/2176/2095 1557/2177/2096
f 3302/2178/2097 1452/2175/2094 1557/2177/2096
f 1550/2176/2095 1549/2173/2092 439/2179/2098
f 1550/2176/2095 3306/2180/2099 1549/2173/2092
f 1548/2181/2100 3310/2182/2101 80/2120/2039
f 1449/2183/2102 3310/2182/2101 1548/2181/2100
f 1512/2184/2103 1539/2185/2104 1616/2186/2105
f 2574/2187/2106 1536/700/671 1598/702/673
f 1540/2188/2107 1536/700/671 2574/2187/2106
f 1529/2189/2108 453/2190/2109 2967/2191/2110
f 3311/2192/2111 3312/2193/2112 1526/2194/2113
f 1501/1453/1410 1525/699/670 2577/2195/2114
f 450/252/227 3313/2196/2115 3314/2197/2116
f 450/252/227 449/251/226 3313/2196/2115
f 449/251/226 2965/688/659 3313/2196/2115
f 3318/2198/2117 3314/2197/2116 446/2199/2118
f 446/2199/2118 3287/2152/2071 431/2200/2119
f 3312/2193/2112 1519/2201/2120 1527/2202/2121
f 3320/689/660 1514/687/658 1517/690/661
f 1520/2203/2122 3319/2204/2123 3321/2205/2124
f 3319/2204/2123 1516/691/662 3321/2205/2124
f 3321/2205/2124 1516/691/662 449/251/226
f 1517/690/661 1514/687/658 449/251/226
f 2575/2206/1417 2952/2207/2125 451/2208/2126
f 1511/2209/2127 1512/2210/2103 3284/2211/2128
f 452/682/653 1508/684/655 1509/685/656
f 452/682/653 1509/685/656 3624/2212/2129
f 2609/2213/2130 1507/683/654 452/682/653
f 485/2214/2131 2579/2215/2132 1506/2216/2133
f 454/2217/2134 1502/1456/1413 3323/2218/2135
f 454/2217/2134 3323/2218/2135 1507/683/654
f 2615/681/652 1499/680/651 1500/2219/2136
f 3327/2220/2137 459/2221/2138 3326/2222/2139
f 459/2221/2138 3325/2223/2140 3326/2222/2139
f 459/2221/2138 2960/2224/2141 1492/2225/2142
f 1482/2226/2143 1490/2227/2144 2964/2228/2145
f 1482/2226/2143 3327/2220/2137 1490/2227/2144
f 76/2229/2146 1487/676/647 1489/678/649
f 2585/2230/2147 1490/2227/2144 1487/676/647
f 1491/2231/2148 1488/677/648 1487/676/647
f 3329/2232/2149 488/2233/2150 3330/2234/2151
f 3329/2232/2149 3330/2234/2151 1485/2235/2152
f 1392/2236/2153 1483/2237/2154 3628/2238/2155
f 1392/2236/2153 3329/2232/2149 1483/2237/2154
f 456/2239/2156 1484/2240/2157 2964/2228/2145
f 3331/2241/2158 2961/1090/1052 2960/2224/2141
f 3330/2234/2151 1479/255/230 1478/2242/2159
f 3332/2243/2160 1477/2244/2161 460/2245/2162
f 1493/2246/2163 1476/266/241 3332/2243/2160
f 1440/1438/1396 476/1437/1395 1473/2247/2164
f 3334/2248/2165 464/1448/1405 1468/2249/2166
f 464/1448/1405 1469/2250/2167 1468/2249/2166
f 464/1448/1405 1470/1447/1404 1469/2250/2167
f 74/2251/2168 3298/2252/2169 3297/2165/2084
f 1436/2253/2170 1464/2254/2171 2948/264/239
f 1464/2254/2171 3335/2255/2172 461/2256/2173
f 3336/2257/2174 3337/2258/2175 1459/2259/2176
f 463/2260/2177 1460/673/644 464/1448/1405
f 1460/673/644 1458/675/646 464/1448/1405
f 1466/2261/2178 1460/673/644 463/2260/2177
f 3339/1099/1061 2595/1096/1058 1456/2262/2179
f 1472/2263/2180 1456/2262/2179 1471/2264/2181
f 1461/2265/2182 1450/2266/2183 465/2267/2184
f 471/2268/2185 1448/1444/1401 1446/2269/2186
f 2596/1097/1059 1446/2269/2186 3309/2172/2091
f 1426/2270/2187 3310/2182/2101 1444/2271/2188
f 3310/2182/2101 1426/2270/2187 2598/1440/1398
f 1444/2271/2188 3310/2182/2101 1449/2183/2102
f 3625/1430/1388 2598/1440/1398 1426/2270/2187
f 1442/2272/2189 475/2273/2190 1443/261/236
f 1439/2274/2191 1437/1439/1397 1440/1438/1396
f 1439/2274/2191 1440/1438/1396 2617/2275/2192
f 1439/2274/2191 2635/1400/1358 1437/1439/1397
f 1436/2253/2170 1435/2276/2193 2601/1432/1390
f 478/2277/2194 2604/2278/2195 2599/1436/1394
f 476/1437/1395 2599/1436/1394 1472/2263/2180
f 1351/1395/1353 2636/1394/1352 1433/2279/2196
f 2640/641/612 1416/669/640 1424/666/637
f 2640/641/612 1424/666/637 1423/1428/1386
f 3322/2280/2197 451/2281/2126 3350/2282/2198
f 1381/2283/2199 1417/670/641 1416/669/640
f 2619/2284/2200 3346/2285/2201 3344/2286/2202
f 3346/2285/2201 3347/2287/2203 1413/2288/2204
f 2618/1420/1378 2619/2284/2200 1412/2289/2205
f 1419/672/643 1411/2290/2206 1418/671/642
f 3350/2282/2198 3349/2291/2207 3322/2280/2197
f 3350/2282/2198 1410/2292/2208 3349/2291/2207
f 1410/2292/2208 493/2293/2209 485/2214/2131
f 486/2294/2210 1408/2295/2211 1402/661/632
f 3352/2296/2212 495/272/247 1404/664/635
f 1368/652/623 1404/664/635 1403/663/634
f 1405/665/636 3356/660/631 1401/662/633
f 3357/659/630 1397/1103/1065 486/2294/2210
f 64/2297/2213 1358/275/250 1400/2298/2214
f 1379/281/256 3360/2299/2215 1384/2300/2216
f 1379/281/256 1384/2300/2216 1383/2301/2217
f 1383/2301/2217 1382/2302/2218 1381/2283/2199
f 1376/1380/1338 3366/647/618 1377/2303/2219
f 1378/2304/2220 1365/2305/2221 491/2306/2222
f 2624/2307/2223 1314/2308/2224 1362/2309/2225
f 2653/636/607 1360/2310/2226 1361/1106/1068
f 1360/2310/2226 3380/2311/2227 2629/2312/2228
f 2656/1117/1079 1353/629/600 1355/1405/1363
f 1348/2313/2229 1344/1389/1347 63/2314/2230
f 1349/2315/2231 1344/1389/1347 1348/2313/2229
f 1340/277/252 62/642/613 501/278/253
f 510/2316/265 3372/2317/2232 1422/1387/1345
f 1335/2318/2233 2937/1115/1077 3374/2319/2234
f 3375/50/42 1335/2318/2233 1306/2320/2235
f 3376/2321/2236 1329/305/280 1328/638/609
f 1323/282/257 509/287/262 1325/2322/2237
f 1323/282/257 1325/2322/2237 1326/283/258
f 1324/2323/2238 1321/285/260 509/287/262
f 1322/2324/2239 1318/613/584 508/286/261
f 513/2325/2240 512/2326/2241 3377/2327/2242
f 2648/2328/2243 514/1376/1334 3378/1377/1335
f 2934/1373/1331 1315/1374/1332 518/2329/2244
f 1300/291/266 1313/2330/2245 2652/1375/1333
f 3379/292/267 1312/633/604 1311/293/268
f 1310/1116/1078 2655/1118/1080 3380/2311/2227
f 2661/635/606 1309/626/597 3380/2311/2227
f 1304/2331/2246 518/2329/2244 3681/2332/2247
f 1270/2333/2248 1247/2334/2249 1304/2331/2246
f 545/594/566 1234/2335/2250 1296/1119/1081
f 521/2336/2251 523/1121/1083 1312/633/604
f 1234/2335/2250 1235/1125/1087 3385/297/272
f 1261/47/39 529/639/610 1284/48/40
f 1268/46/38 1284/48/40 533/617/588
f 503/2337/1341 532/2338/1319 1259/2339/2252
f 539/1358/1316 1270/2333/2248 1271/611/582
f 1267/2340/2253 3392/2341/2254 52/2342/2255
f 548/610/581 1266/609/580 2679/1354/1312
f 2679/1354/1312 1266/609/580 1287/2343/2256
f 1263/2344/2257 51/2345/2258 1264/2346/2259
f 3393/605/576 535/607/578 2669/2347/2260
f 1259/2348/2252 3396/2349/2261 3391/2350/2262
f 50/2351/2263 1251/2352/2264 1250/2353/2265
f 1248/2354/2266 2931/2355/2267 1247/2334/2249
f 3383/600/572 1243/596/568 519/598/570
f 49/2356/2268 1243/596/568 3383/600/572
f 1243/596/568 2680/2357/2269 1244/597/569
f 545/594/566 3399/2358/2270 1234/2335/2250
f 1231/2359/2271 3387/2360/2272 547/2361/2273
f 3400/2362/2274 1230/2363/2275 1233/1123/1085
f 2716/1338/1297 1139/2364/2276 2715/2365/2277
f 1224/2366/2278 3402/2367/2279 2681/2368/2280
f 2681/2368/2280 3402/2367/2279 550/2369/2281
f 1139/2364/2276 552/2370/2282 1219/587/559
f 1124/32/28 2725/2371/2283 1217/308/283
f 1116/2372/2284 1216/2373/2285 1215/2374/2286
f 583/2375/2287 1178/2376/2288 1205/2377/2289
f 48/2378/2290 2698/316/291 1200/583/555
f 2698/316/291 2699/1130/1092 1200/583/555
f 1200/583/555 1191/2379/2291 2693/2380/2292
f 1162/562/535 568/322/297 1163/563/536
f 568/322/297 3404/2381/2293 1163/563/536
f 568/322/297 567/321/296 3404/2381/2293
f 567/321/296 3406/2382/2294 3404/2381/2293
f 46/35/31 1192/2383/2295 3403/2384/2296
f 3407/2385/2297 1184/2386/2298 1189/2387/2299
f 3408/2388/2300 1189/2387/2299 3409/2389/2301
f 2706/1345/1304 3407/2385/2297 3408/2388/2300
f 1189/2387/2299 560/2390/2302 559/2391/2303
f 1199/2392/2304 3410/2393/2305 3396/2349/2261
f 1151/557/530 2713/2394/2306 1183/2395/2307
f 1185/2396/2308 1151/557/530 1183/2395/2307
f 1181/2397/2309 1182/2398/2310 1180/1331/1290
f 3412/2399/2311 594/1149/1111 1181/2397/2309
f 2750/2400/2312 3412/2399/2311 1180/1331/1290
f 1181/2397/2309 3413/578/550 1179/2401/2313
f 1177/314/289 1176/2402/2314 1175/315/290
f 1199/2403/2304 1056/318/293 1174/2404/2315
f 1165/565/538 1168/568/541 1170/571/544
f 1165/565/538 1170/571/544 1166/567/540
f 1156/559/532 569/323/298 1168/568/541
f 1156/559/532 1168/568/541 1165/565/538
f 3415/1348/1307 1167/566/539 2702/1133/1095
f 1157/560/533 1164/564/537 3415/1348/1307
f 1157/560/533 1156/559/532 1164/564/537
f 1156/559/532 1165/565/538 1164/564/537
f 1167/566/539 3418/2405/2316 1161/561/534
f 2756/2406/2317 1158/2407/2318 2755/1307/1267
f 2756/2406/2317 1159/2408/2319 1158/2407/2318
f 1155/558/531 1157/560/533 564/1347/1306
f 1048/2409/2320 3421/2410/2321 1159/2408/2319
f 570/324/299 3422/2411/2322 2924/1343/1302
f 2711/2412/2323 1153/555/528 1151/557/530
f 3424/2413/2324 1153/555/528 2711/2412/2323
f 1044/1306/1266 1152/556/529 1153/555/528
f 1152/556/529 1148/1336/1295 573/2414/2325
f 2732/1328/1287 1143/2415/2326 2912/2416/2327
f 2733/2417/2328 1144/2418/2329 1143/2415/2326
f 1143/2415/2326 1140/552/525 3427/551/524
f 2716/1338/1297 1136/545/518 1139/2364/2276
f 1135/544/517 586/2419/2330 3428/2420/2331
f 1089/2421/2332 586/2419/2330 1135/544/517
f 586/2419/2330 587/547/520 1137/546/519
f 1089/2421/2332 1135/544/517 1088/543/516
f 39/27/23 38/26/22 1134/2422/2333
f 587/547/520 1130/540/513 1132/542/515
f 587/547/520 1132/542/515 1138/548/521
f 2739/1320/1279 1130/540/513 587/547/520
f 2739/1320/1279 3430/2423/2334 1130/540/513
f 1138/548/521 1129/539/512 577/2424/2335
f 1138/548/521 1132/542/515 1127/537/510
f 3434/2425/2336 1125/2426/2337 2719/2427/2338
f 1125/2426/2337 1126/2428/2339 3682/2429/2340
f 3436/2430/2341 3437/2431/2342 1122/2432/2343
f 2905/330/305 1117/535/508 3445/2433/2344
f 1117/535/508 1118/533/506 3446/532/505
f 582/2434/2345 1108/2435/2346 1116/2372/2284
f 1074/521/494 591/332/307 3449/530/503
f 591/332/307 592/334/309 1112/2436/2347
f 38/26/22 3450/522/495 1111/531/504
f 38/26/22 1111/531/504 1134/2422/2333
f 3450/522/495 1074/521/494 1111/531/504
f 1109/2437/2348 3447/2438/2349 3451/2439/2350
f 1111/531/504 3449/530/503 1109/2437/2348
f 2747/1313/1272 1105/2440/2351 1108/2435/2346
f 2749/2441/2352 1105/2440/2351 2747/1313/1272
f 592/334/309 2747/1313/1272 3452/2442/2353
f 3452/2442/2353 1108/2435/2346 582/2434/2345
f 1106/2443/2354 2729/1332/1291 1107/2444/2355
f 1106/2443/2354 1107/2444/2355 580/2445/2356
f 1105/2440/2351 1104/2446/2357 2727/2447/2358
f 2749/2441/2352 1068/1312/1271 1105/2440/2351
f 1066/1311/1270 2914/2448/2359 1068/1312/1271
f 2760/1304/1264 1103/2449/2360 2761/1305/1265
f 2767/1294/1255 1101/2450/2361 1102/2451/2362
f 1097/2452/2363 1015/2453/2364 1095/2454/2365
f 2768/2455/2366 3455/2456/2367 3454/2457/2368
f 3457/2458/2369 1083/1314/1273 3458/528/501
f 2736/1143/1105 2911/527/500 3459/2459/2370
f 3460/2460/2371 3458/528/501 2911/527/500
f 40/29/25 1079/523/496 3442/2461/2372
f 40/29/25 3442/2461/2372 3441/2462/2373
f 3459/2459/2370 1079/523/496 40/29/25
f 1082/529/502 1080/524/497 1079/523/496
f 3610/2463/2374 1077/2464/2375 3457/2458/2369
f 1072/2465/2376 3462/2466/2377 3461/2467/2378
f 3463/2468/2379 3450/522/495 38/26/22
f 1003/2469/2380 2748/2470/2381 3466/2471/2382
f 2897/2472/2383 1069/2473/2384 2751/2474/2385
f 2896/2475/2386 1067/1310/1269 3467/503/477
f 3467/503/477 1067/1310/1269 34/2476/2387
f 2896/2475/2386 1066/1311/1270 1067/1310/1269
f 1062/1147/1109 1059/2477/2388 2753/1148/1110
f 1063/2478/2389 1059/2477/2388 1062/1147/1109
f 602/2479/2390 1058/510/484 1057/2480/2391
f 1058/510/484 606/509/483 1047/2481/2392
f 1042/2482/2393 2901/1303/1263 1044/1306/1266
f 1043/2483/2394 2901/1303/1263 1042/2482/2393
f 1046/518/491 1042/2482/2393 599/519/492
f 608/2484/2395 1041/2485/2396 1043/2483/2394
f 32/1289/1250 1037/340/315 1060/2486/2397
f 1033/1300/1261 3485/2487/2398 604/2488/2399
f 3475/1299/1260 968/1298/1259 605/2489/2400
f 966/2490/2401 1052/2491/2402 1051/2492/548
f 1027/2493/2403 3476/508/482 31/2494/2404
f 621/1153/1115 2781/1155/1117 2898/1295/1256
f 1034/513/487 961/2495/2405 3470/2496/2406
f 2783/1158/1120 960/2497/2407 1026/2498/2408
f 2764/1296/1257 3478/507/481 608/2484/2395
f 957/2499/2409 1020/2500/2410 1019/2501/2411
f 2786/2502/2412 2787/2503/2413 1012/2504/2414
f 613/2505/2415 615/2506/2416 1014/2507/2417
f 995/2508/2418 1014/2507/2417 1017/2509/2419
f 1011/16/14 1007/2510/2420 1087/17/15
f 1001/2511/2421 1000/2512/2422 1076/2513/2423
f 3481/344/319 1001/2511/2421 1008/342/317
f 999/346/321 998/2514/2424 1002/2515/2425
f 2895/501/475 982/502/476 1005/504/478
f 996/2516/2426 2771/1290/1251 997/2517/2427
f 3482/2518/2428 996/2516/2426 998/2514/2424
f 2777/1280/1241 3472/2519/2429 3483/1288/1249
f 617/1281/1242 2777/1280/1241 3483/1288/1249
f 617/1281/1242 3483/1288/1249 996/2516/2426
f 996/2516/2426 3483/1288/1249 2771/1290/1251
f 2795/1257/1218 928/2520/2430 994/2521/2431
f 992/11/11 991/1284/1245 993/1287/1248
f 992/11/11 993/1287/1248 2787/2503/2413
f 635/1165/1127 27/2522/2432 991/1284/1245
f 985/499/473 983/2523/2433 2775/345/320
f 2797/480/454 639/2524/2434 2895/501/475
f 981/2525/2435 617/1281/1242 3482/2518/2428
f 917/2526/2436 640/1255/1216 981/2525/2435
f 626/1274/1235 972/2527/2437 971/347/322
f 943/348/323 964/2528/2438 2894/349/324
f 959/1277/1238 3479/2529/2439 2782/1154/1116
f 632/2530/2440 622/2531/2441 29/2532/2442
f 631/2533/2443 3606/1164/1126 960/2497/2407
f 3606/1164/1126 28/1163/1125 624/1159/1121
f 3488/357/332 957/2499/2409 2784/1276/1237
f 2794/12/12 625/2534/2444 956/492/466
f 3489/1254/1215 626/1274/1235 25/2535/2445
f 3494/1271/1232 946/487/461 620/2536/2446
f 944/2537/2447 943/348/323 972/2527/2437
f 2813/1262/1223 19/2538/2448 631/2533/2443
f 656/2539/2449 936/2540/2450 934/353/328
f 934/353/328 935/1261/1222 2792/354/329
f 3537/1172/1134 633/1174/1136 933/1162/1124
f 936/2540/2450 634/356/331 935/1261/1222
f 633/1174/1136 930/2541/2451 28/1163/1125
f 633/1174/1136 855/2542/2452 930/2541/2451
f 2799/1252/1213 3504/2543/2453 2798/481/455
f 642/2544/2454 3507/2545/2455 923/2546/2456
f 3513/2547/2457 918/2548/2458 919/479/453
f 3509/2549/2459 641/477/451 638/2550/2460
f 916/2551/2461 915/475/449 641/477/451
f 856/2552/2462 824/2553/2463 910/2554/2464
f 799/2555/2465 909/1251/1212 3510/1227/1188
f 17/2556/2466 908/2557/2467 2817/2558/2468
f 908/2557/2467 905/1249/1210 907/1248/1209
f 909/1251/1212 904/2559/2469 2799/1252/1213
f 903/2560/2470 904/2559/2469 909/1251/1212
f 2831/2561/2471 642/2544/2454 903/2560/2470
f 3512/2562/2472 787/2563/2473 901/2564/2474
f 786/1221/1182 3513/2547/2457 897/478/452
f 15/2565/2475 782/2566/2476 899/2567/2477
f 896/2568/2478 3514/474/448 895/1244/1205
f 778/469/443 894/2569/2479 2832/1220/1181
f 779/470/444 2890/2570/2480 644/471/445
f 850/2571/435 948/2572/460 947/2573/459
f 654/361/336 653/360/335 2883/1237/1198
f 654/361/336 2883/1237/1198 3521/2574/2481
f 2804/2575/2482 3522/2576/2483 878/466/440
f 881/2577/2484 3524/2578/2485 878/466/440
f 872/2579/2486 873/2580/2487 647/2581/2488
f 876/2582/2489 873/2580/2487 872/2579/2486
f 3532/2583/2490 3533/2584/2491 868/465/439
f 842/455/430 866/2585/2492 3516/2586/2493
f 3535/2587/2494 862/2588/2495 864/2589/2496
f 18/2590/2497 839/2591/2498 3536/2592/2499
f 839/2591/2498 863/2593/2500 3536/2592/2499
f 863/2593/2500 2824/1177/1139 860/2594/2501
f 865/2595/2502 857/1231/1192 936/2540/2450
f 858/2596/2503 857/1231/1192 865/2595/2502
f 844/1228/1189 847/1230/1191 846/2597/2504
f 672/2598/2505 3541/2599/2506 844/1228/1189
f 3543/2600/2507 838/2601/2508 18/2590/2497
f 2871/1181/1142 749/2602/2509 837/1182/1143
f 6/3/3 3547/2603/2510 828/452/427
f 6/3/3 828/452/427 3546/2604/2511
f 831/2605/2512 825/448/423 662/2606/2513
f 735/2607/2514 686/446/421 823/447/422
f 814/440/415 815/442/417 818/445/420
f 3549/2608/2515 3550/2609/2516 816/443/418
f 3549/2608/2515 816/443/418 815/442/417
f 812/2610/2517 2828/1226/1187 2878/1225/1186
f 822/441/416 3552/2611/2518 812/2610/2517
f 809/2612/2519 3553/2613/2520 810/2614/2521
f 3553/2613/2520 811/2615/2522 810/2614/2521
f 2859/1201/1162 803/435/410 808/2616/2523
f 803/435/410 802/434/409 3553/2613/2520
f 798/2617/2524 669/430/405 799/2555/2465
f 669/430/405 797/2618/2525 799/2555/2465
f 792/2619/2526 798/2617/2524 2877/1223/1184
f 694/2620/2527 796/2621/2528 795/2622/2529
f 3562/2623/2530 3563/2624/2531 816/443/418
f 794/2625/2532 793/2626/2533 791/2627/2534
f 2853/1193/1154 705/380/355 3564/431/406
f 2850/1196/1157 790/2628/2535 796/2621/2528
f 2854/377/352 788/428/403 789/2629/2536
f 3564/431/406 705/380/355 785/2630/2537
f 787/2563/2473 783/429/404 15/2565/2475
f 783/429/404 782/2566/2476 15/2565/2475
f 2854/377/352 702/2631/2538 788/428/403
f 702/2631/2538 671/425/400 788/428/403
f 780/426/401 2856/1189/1150 781/2632/2539
f 702/2631/2538 780/426/401 671/425/400
f 777/2633/2540 778/469/443 2832/1220/1181
f 2856/1189/1150 775/1216/1177 781/2632/2539
f 10/2634/2541 672/2598/2505 2835/1213/1174
f 774/421/396 770/420/395 773/424/399
f 773/424/399 3566/2635/2542 3516/2636/2493
f 2874/2637/2543 673/2638/2544 648/2639/2545
f 770/420/395 3565/2640/2546 3566/2635/2542
f 699/419/394 766/418/393 767/1214/1175
f 699/419/394 767/1214/1175 2856/1189/1150
f 766/418/393 764/1212/1173 767/1214/1175
f 3567/2641/2547 762/2642/1642 3568/2643/2548
f 3571/2644/1648 658/2645/431 3570/2646/2549
f 758/2647/1647 2317/415/390 759/417/392
f 184/2648/2550 3599/367/342 757/366/341
f 185/2649/2551 3093/2650/2552 753/2651/2553
f 178/2652/2554 680/1684/1632 841/1205/1166
f 3575/2653/2555 748/409/384 186/2654/2556
f 2338/2655/2557 3575/2653/2555 186/2654/2556
f 186/2654/2556 748/409/384 681/408/383
f 683/2656/2558 2867/2657/2559 747/2658/2560
f 746/406/381 745/2659/2561 744/407/382
f 188/986/953 743/2660/2562 742/405/380
f 188/986/953 2339/1681/1629 743/2660/2562
f 3579/395/370 731/397/372 3580/404/379
f 731/397/372 729/392/367 2862/2661/2563
f 731/397/372 732/396/371 729/392/367
f 3584/2662/2564 727/391/366 2843/2663/2565
f 2843/2663/2565 727/391/366 3587/2664/2566
f 2843/2663/2565 3587/2664/2566 3586/2665/2567
f 723/2666/2568 724/2667/2569 721/385/360
f 723/2666/2568 721/385/360 3589/384/359
f 689/373/348 3592/383/358 3591/2668/2570
f 3593/2669/2571 714/2670/2572 3562/2623/2530
f 3591/2668/2570 3594/2671/2573 3593/2669/2571
f 688/372/347 3592/383/358 689/373/348
f 2342/2672/2574 708/2673/2575 720/2674/2576
f 708/2673/2575 709/109/87 707/2675/2577
f 3596/2676/2578 2328/115/90 700/117/92
f 700/117/92 699/419/394 698/1190/1151
f 701/375/350 3596/2676/2578 698/1190/1151
f 719/388/363 720/2674/2576 718/1188/1149
f 721/385/360 724/2667/2569 3583/1198/1159
f 735/2607/2514 3577/2677/2579 686/446/421
f 737/2678/2580 2861/2679/2581 686/446/421
f 739/2680/2582 684/2681/2583 2865/2682/2584
f 741/2683/2585 684/2681/2583 739/2680/2582
f 2315/1204/1165 178/2652/2554 841/1205/1166
f 761/2684/2586 676/1209/1170 760/1211/1172
f 11/5/5 676/1209/1170 761/2684/2586
f 7/114/89 674/1215/1176 768/4/4
f 2344/104/82 180/2685/2587 3600/2686/2588
f 648/2639/2545 673/2638/2544 771/422/397
f 813/1222/1183 818/445/420 665/2687/2589
f 823/447/422 812/2610/2517 664/2688/2590
f 826/2689/2591 827/451/426 3602/450/425
f 837/1182/1143 749/2602/2509 659/1175/1137
f 847/1230/1191 2820/2690/2592 845/2691/2593
f 3536/2592/2499 863/2593/2500 862/2588/2495
f 652/358/333 3519/2692/2594 874/2693/2595
f 3524/2578/2485 650/2694/2596 651/2695/2597
f 882/2696/2598 2884/2697/2599 650/2694/2596
f 890/2698/2600 646/2699/2601 2803/1241/1202
f 891/2700/2602 3529/2701/2603 646/2699/2601
f 778/469/443 644/471/445 894/2569/2479
f 3514/474/448 892/473/447 895/1244/1205
f 782/2566/2476 896/2568/2478 899/2567/2477
f 2831/2561/2471 16/2702/2604 642/2544/2454
f 904/2559/2469 642/2544/2454 3504/2543/2453
f 3509/2549/2459 916/2551/2461 641/477/451
f 641/477/451 640/1255/1216 917/2526/2436
f 3504/2543/2453 923/2546/2456 924/2703/2605
f 3504/2543/2453 3506/482/456 2798/481/455
f 2798/481/455 636/483/457 932/1259/1220
f 636/483/457 635/1165/1127 929/10/10
f 3501/355/330 2792/354/329 632/2530/2440
f 945/1266/1227 629/2704/2606 943/348/323
f 3493/2705/326 952/488/462 953/491/465
f 960/2497/2407 624/1159/1121 1021/1161/1123
f 959/1277/1238 1024/2706/2607 3479/2529/2439
f 620/2707/2446 946/2708/461 965/2709/2608
f 2899/1152/1114 970/352/327 3485/2710/2398
f 973/2711/2609 618/2712/2610 3472/2519/2429
f 988/2713/2611 1006/2714/2612 987/2715/2613
f 994/2521/2431 928/2520/2430 615/2506/2416
f 1012/2504/2414 2772/2716/2614 611/2717/2615
f 2781/1155/1117 607/505/479 2898/1295/1256
f 1041/2485/2396 2760/1304/1264 2901/1303/1263
f 1042/2482/2393 1044/1306/1266 3424/2413/2324
f 595/2718/2616 1049/2719/2617 2756/2406/2317
f 33/2720/2618 2752/2721/2619 1066/1311/1270
f 1073/520/493 591/332/307 1074/521/494
f 1078/2722/2620 1076/2513/2423 2746/22/18
f 1080/524/497 589/329/304 3438/525/498
f 3609/2723/2621 586/2419/2330 1089/2421/2332
f 1092/2724/2622 2740/1146/1108 3609/2723/2621
f 1112/2436/2347 3452/2442/2353 581/2725/2623
f 3444/24/20 580/2445/2356 1118/533/506
f 2915/2726/2624 1124/32/28 1126/2428/2339
f 1135/544/517 3428/2420/2331 3614/549/522
f 1137/546/519 1138/548/521 3428/2420/2331
f 1136/545/518 2720/2727/2625 1139/2364/2276
f 1184/2386/2298 1151/557/530 1185/2396/2308
f 3423/328/303 2712/327/302 3410/2393/2305
f 3616/2728/2626 570/324/299 3617/2729/2627
f 3619/2730/2628 3618/2731/2629 1162/562/535
f 3618/2731/2629 568/322/297 1162/562/535
f 1170/571/544 3618/2731/2629 3619/2730/2628
f 1170/571/544 2923/570/543 3618/2731/2629
f 2923/570/543 566/320/295 3618/2731/2629
f 598/573/545 1171/577/549 1198/2732/574
f 1176/2402/2314 563/2733/2630 1175/315/290
f 3413/578/550 2697/580/552 1179/2401/2313
f 1183/2395/2307 2713/2394/2306 561/2734/2631
f 1190/2735/2632 1196/2736/2633 560/2390/2302
f 1215/2374/2286 2686/2737/2634 1232/585/557
f 1219/587/559 552/2370/2282 551/588/560
f 1220/1126/1088 43/33/29 1218/310/285
f 1139/2364/2276 1219/587/559 2715/2365/2277
f 1226/2738/2635 2680/2357/2269 1243/596/568
f 2685/586/558 546/2739/2636 1236/2740/2637
f 1237/590/562 1236/2740/2637 3398/591/563
f 551/588/560 1236/2740/2637 1237/590/562
f 550/2369/2281 2683/592/564 1240/2741/2638
f 1252/1356/1314 539/1358/1316 1254/2742/2639
f 538/2743/1308 1256/2744/288 1255/2745/2640
f 556/2746/2641 1262/2747/2642 1261/47/39
f 1266/609/580 2669/2347/2260 534/2748/2643
f 2666/1122/1084 2667/2749/2644 1324/2323/2238
f 1285/618/589 2665/620/591 1333/2750/2645
f 1291/622/593 526/1370/1328 2662/623/594
f 542/42/36 521/2336/2251 1297/2751/2646
f 2675/2752/2647 520/624/595 3384/2753/2648
f 1303/2754/2649 1299/2755/2650 3382/1371/1329
f 1311/293/268 1312/633/604 3381/52/44
f 1314/2308/2224 516/634/605 1361/1106/1068
f 1317/2756/2651 2648/2328/2243 2935/1379/1337
f 1322/2324/2239 508/286/261 1321/285/260
f 1324/2323/2238 509/287/262 1323/282/257
f 509/287/262 507/2757/2652 1325/2322/2237
f 1330/1114/1076 1331/637/608 1345/2758/2653
f 3376/2321/2236 1330/1114/1076 1334/1113/1075
f 2952/2759/2125 503/2760/1341 451/2761/2126
f 3371/2762/2654 1343/276/251 501/278/253
f 2645/1385/1343 1349/2315/2231 1348/2313/2229
f 2634/2763/2655 1352/1398/1356 1435/2276/2193
f 3367/1402/1360 2632/1404/1362 1390/1421/1379
f 1367/651/622 494/270/245 3352/2296/2212
f 3365/2764/2656 1373/271/246 494/270/245
f 512/2326/2241 493/2293/2209 1410/2292/2208
f 3359/2765/2657 1378/2304/2220 1375/2766/2658
f 1378/2304/2220 491/2306/2222 1375/2766/2658
f 1388/1110/1072 2948/264/239 1387/656/627
f 1389/1422/1380 2632/1404/1362 2617/2275/2192
f 1406/2767/2659 1398/657/628 3622/2768/2660
f 1422/2769/1345 3372/2770/2232 1511/2771/2127
f 479/1388/1346 1422/2769/1345 1513/2772/2661
f 1446/2269/2186 1448/1444/1401 470/1443/1400
f 1451/2773/2662 469/2774/2663 3340/258/233
f 1454/2775/2664 3340/258/233 3308/2776/2665
f 1459/2259/2176 466/2777/2666 1457/674/645
f 1459/2259/2176 3337/2258/2175 466/2777/2666
f 1468/2249/2166 1469/2250/2167 462/2778/2667
f 1468/2249/2166 462/2778/2667 3626/2779/2668
f 1469/2250/2167 2957/1449/1406 462/2778/2667
f 3333/265/240 1464/2254/2171 461/2256/2173
f 1477/2244/2161 74/2251/2168 460/2245/2162
f 3328/2780/2669 459/2221/2138 3327/2220/2137
f 3326/2222/2139 3325/2223/2140 458/2781/2670
f 3326/2222/2139 458/2781/2670 1488/677/648
f 1497/2782/2671 457/2783/2672 1494/2784/2673
f 3349/2291/2207 485/2214/2131 1506/2216/2133
f 1510/686/657 1508/684/655 1537/2785/2674
f 448/250/225 450/252/227 1518/2786/2675
f 1520/2203/2122 3321/2205/2124 448/250/225
f 3313/2196/2115 2965/688/659 3287/2152/2071
f 1524/698/669 3318/2198/2117 1525/699/670
f 443/2787/2676 444/1085/1047 2968/701/672
f 1545/1442/1399 1513/2788/2661 1538/2789/2677
f 1545/1442/1399 1538/2789/2677 2573/1461/1418
f 1572/2790/2678 1570/2791/2679 3290/2792/2680
f 1587/2793/2681 2562/1081/1043 432/2794/2682
f 1589/2795/2683 2562/1081/1043 1587/2793/2681
f 1538/2796/2677 3284/2797/2128 395/2798/2684
f 1602/2799/2685 1600/241/216 1601/243/218
f 1571/2162/2081 1603/2138/2057 427/2139/2058
f 422/2800/2686 1538/2801/2677 2526/2802/1979
f 1618/2123/2042 1619/2122/2041 424/2803/2687
f 2545/239/214 1620/2124/2043 423/2125/2044
f 1622/249/224 2546/2083/2002 1641/2085/2004
f 1634/2109/2028 1627/2115/2034 1630/727/698
f 3631/2804/2688 1633/2112/2031 2542/2096/2015
f 415/1485/1441 1652/232/207 87/2805/2689
f 1637/2107/2026 1636/717/688 2980/1486/1442
f 2538/1072/1034 2543/2806/2690 1691/2807/2691
f 1640/2050/1972 2538/1072/1034 2537/2049/1971
f 420/1077/1039 414/2808/2692 1642/2104/2023
f 1644/1489/1445 1645/2102/2021 1643/1490/1446
f 410/236/211 413/1491/1447 1738/761/732
f 3275/1492/1448 2542/2096/2015 409/2809/2693
f 1661/2810/2694 3630/2811/2695 404/227/202
f 3257/2812/2696 1675/2813/2697 401/2814/2698
f 1676/1502/1458 399/229/204 2987/1495/1451
f 399/229/204 400/231/206 2987/1495/1451
f 2526/2815/1979 395/2816/2684 1686/2817/1980
f 1617/2818/2699 2526/2815/1979 1688/2819/2700
f 2547/2088/2007 1690/2087/2006 1692/2820/2701
f 1692/2820/2701 2525/2055/1977 2539/1073/1035
f 1703/2821/2702 392/2822/2703 1699/2823/2704
f 1696/749/720 392/2822/2703 1703/2821/2702
f 1709/2071/1990 1713/754/725 3634/2824/2705
f 1713/754/725 1712/753/724 389/2825/2706
f 1686/2059/1980 1687/2061/1981 1720/2060/1950
f 1726/2053/1975 385/2826/2707 3243/2827/2708
f 2540/1074/1036 2519/2054/1976 1729/2828/2709
f 2540/1074/1036 1730/2051/1973 2519/2054/1976
f 384/2829/2710 1729/2828/2709 102/2830/2711
f 2536/1488/1444 383/2831/2712 2517/2832/2713
f 414/2808/2692 2517/2832/2713 1732/2047/1969
f 1732/2047/1969 2517/2832/2713 1789/2018/1941
f 411/2098/2017 381/2833/2714 1735/1511/1465
f 411/2098/2017 3250/1071/1033 381/2833/2714
f 381/2833/2714 3246/2043/1965 1736/2834/2715
f 105/1513/1467 3249/2835/2716 379/771/742
f 1766/2836/2717 1759/775/746 1765/774/745
f 1780/2837/2718 356/2009/1934 109/2838/2719
f 1801/784/755 2504/2839/2720 353/785/756
f 1803/2020/1943 1801/784/755 1804/788/759
f 1806/2008/1933 1803/2020/1943 2498/791/762
f 107/2003/1928 371/796/767 346/798/769
f 1765/774/745 342/2000/1925 3005/1999/1924
f 1823/2840/2721 2491/1988/1913 1845/2841/2722
f 2489/827/798 338/2842/2723 1898/2843/2724
f 1792/782/753 3223/2844/2725 1910/829/800
f 3009/1556/1506 1795/1982/1908 1870/1984/1898
f 1857/1978/1904 112/1977/1903 330/2845/2726
f 1865/2846/2727 325/200/175 3206/2847/2728
f 3233/2848/2729 1867/816/787 325/200/175
f 1867/816/787 1869/818/789 326/201/176
f 1867/816/787 326/201/176 325/200/175
f 319/188/163 1883/190/165 1882/192/167
f 318/187/162 1886/2849/2730 319/188/163
f 1895/2850/2731 316/2851/2732 1894/1962/1889
f 1907/1959/1886 1901/1546/1497 313/2852/2733
f 2460/1568/1516 308/2853/2734 1929/2854/2735
f 1919/1949/1880 1899/1948/1879 1922/1571/1519
f 1923/1572/1520 3016/1573/1521 3219/2855/2736
f 1928/2856/2737 3018/2857/2738 1927/902/869
f 1932/2858/2739 306/2859/2740 126/2860/2741
f 1946/839/808 302/1581/1529 1947/840/809
f 1849/2861/1909 3198/2862/2742 3644/2863/1899
f 127/2864/2743 2441/2865/2744 1975/2866/2745
f 1962/2867/2746 3024/2868/2747 3185/2869/2748
f 1962/2867/2746 3185/2869/2748 1964/2870/2749
f 2072/1931/813 257/2871/2750 295/2872/814
f 1982/865/832 292/1929/1864 1981/866/833
f 1990/871/838 1992/2873/2751 3645/1922/1857
f 3181/873/840 290/2874/2752 2082/875/842
f 1994/2875/2753 291/2876/2754 290/2874/2752
f 2004/1911/1846 2005/167/142 3648/169/144
f 2006/82/66 122/81/65 3179/878/845
f 3172/1907/1842 280/2877/2755 3163/2878/2756
f 2018/896/863 2024/164/139 2019/897/864
f 2024/164/139 277/166/141 2019/897/864
f 2022/900/867 2023/1893/1828 2018/896/863
f 2032/1889/1824 274/161/136 273/163/138
f 2034/2879/2757 2035/2880/2758 2033/2881/2759
f 2037/1884/1819 3039/1616/1564 271/1613/1561
f 2449/901/868 2042/903/870 3042/1865/1800
f 2446/1580/1528 269/2882/2760 2043/159/134
f 3156/920/887 2052/908/875 263/1875/1810
f 2059/1026/991 261/914/881 2409/1868/1803
f 258/2883/1868 259/2884/1867 2069/1861/1796
f 259/2884/1867 3186/1862/1797 2069/1861/1796
f 2075/925/892 2067/2885/2761 2074/926/893
f 2081/1926/1861 2404/2886/2762 3048/2887/2763
f 2088/154/129 2089/1849/1785 254/2888/2764
f 2088/154/129 254/2888/2764 3150/1837/1773
f 2093/1845/1781 2094/2889/2765 2096/1624/1572
f 2094/2889/2765 2095/1846/1782 252/2890/2766
f 2096/1624/1572 3051/2891/2767 2114/929/896
f 3146/1832/1768 2097/1023/988 2112/1833/1769
f 2400/1629/1577 249/1625/1573 2162/141/116
f 2399/1794/1732 248/1793/1731 2397/151/126
f 153/1834/1770 2108/1835/1771 245/1836/1772
f 3046/924/891 2164/2892/2768 2101/1796/1734
f 3046/924/891 2135/2893/890 2164/2892/2768
f 2140/1635/1583 2113/1831/1767 239/1636/1584
f 3654/2894/2769 205/2895/2770 2158/1800/1738
f 2101/1796/1734 2164/2896/2768 2380/1797/1735
f 3050/1798/1736 2166/2897/2771 2165/1751/1690
f 155/1843/1779 2162/141/116 2167/139/114
f 2168/138/113 248/1793/1731 2167/139/114
f 2175/1791/1729 2378/2898/2772 3131/2899/2773
f 227/1750/1689 3655/1752/1691 2379/1642/1590
f 2211/1772/1710 2210/1812/1750 2212/2900/2774
f 2217/953/920 211/1652/1600 210/2901/2775
f 2225/960/927 2224/959/926 3122/2902/2776
f 2225/960/927 3122/2902/2776 3660/2903/2777
f 2240/964/931 3664/2904/2778 2357/1005/970
f 2380/1797/1735 3110/2905/2779 2244/124/99
f 182/128/103 2263/976/943 2265/979/946
f 2269/1001/966 198/1662/1610 3083/2906/2780
f 197/1664/1612 196/1665/1613 2349/1715/1659
f 2285/1722/1666 2347/1714/1658 2284/1723/1667
f 2298/1677/1625 2342/2672/2574 720/2674/2576
f 2304/2907/2781 2302/1671/1619 2341/1678/1626
f 184/2648/2550 757/366/341 3572/2908/2782
f 2321/119/94 2319/1687/1635 2836/1701/1171
f 2321/119/94 3080/994/959 2319/1687/1635
f 2873/2909/2783 3081/1690/969 181/1699/1645
f 2334/116/91 2325/1695/1641 766/418/393
f 2271/125/100 180/2685/2587 2344/104/82
f 2331/1691/1637 2329/1693/1639 2328/115/90
f 2326/113/88 2321/119/94 7/114/89
f 2325/1695/1641 2335/2910/2784 3572/2908/2782
f 2342/2672/2574 2330/107/85 709/109/87
f 3099/1002/967 2269/1001/966 173/1666/1614
f 149/102/71 2360/2911/983 3666/103/81
f 3110/2905/2779 3109/2912/2785 2270/2913/2786
f 3070/1659/1607 2359/1007/972 2226/2914/2787
f 149/2915/71 3667/2916/2788 2360/2917/983
f 2182/1755/1694 2273/2918/2789 2375/2919/2790
f 2380/1797/1735 2164/2896/2768 202/1655/1603
f 3136/98/78 163/100/80 2381/144/119
f 149/2920/71 2390/2921/984 3667/2922/2788
f 3668/1015/980 161/97/77 3120/952/919
f 237/2923/2791 2192/1777/1715 2388/2924/2792
f 3057/1021/986 158/1022/987 241/1809/1747
f 2102/1630/1578 2400/1629/1577 2399/1794/1732
f 2098/1626/1574 154/1807/1745 2161/1627/1575
f 2409/1868/1803 147/915/882 2408/2925/2793
f 266/2926/2794 2047/1880/1815 3158/916/883
f 3044/1618/1566 3146/1832/1768 2119/1829/1765
f 3042/1865/1800 2042/903/870 142/921/888
f 2416/1610/1558 3037/1609/1557 138/86/68
f 2416/1610/1558 138/86/68 3041/1617/1565
f 2417/2927/2795 139/87/69 138/86/68
f 3034/2928/2796 136/891/858 2422/1877/1812
f 2427/1028/993 3670/1030/995 2425/1602/1550
f 3670/1030/995 2429/1031/996 133/2929/2797
f 1961/2930/2798 127/2864/2743 1982/865/832
f 1959/849/818 127/2864/2743 1961/2930/2798
f 314/2931/2799 1918/822/793 1917/2932/1517
f 2466/186/161 2467/189/164 1882/192/167
f 2467/189/164 319/188/163 1882/192/167
f 1883/190/165 1874/819/790 3188/191/166
f 2469/2933/2800 2472/2934/2801 3231/2935/2802
f 108/2936/62 2445/2937/1531 2444/2938/63
f 108/78/62 2500/2939/1015 2445/2940/1531
f 1812/2004/1929 2494/2006/1931 1832/2941/2803
f 349/787/758 112/1977/1903 3004/1976/1902
f 353/785/756 2499/2942/2804 111/1536/1487
f 2505/2943/2805 109/2838/2719 2504/2839/2720
f 2517/2832/2713 101/2944/2806 1790/2016/1939
f 108/2945/62 3673/2946/2807 2500/1053/1015
f 1692/2820/2701 1681/2068/1987 2525/2055/1977
f 2528/2947/2808 96/70/58 99/73/61
f 408/2099/2018 93/2100/2019 3248/2948/2809
f 1627/2115/2034 419/2119/2038 2979/2101/2020
f 3673/2949/2807 3676/2950/2810 2548/1481/1438
f 2555/1476/1433 3285/2131/2050 3279/2127/2046
f 2556/1473/1430 1534/1472/1429 2557/2146/2065
f 2558/1080/1042 1592/720/691 430/2951/2811
f 431/2200/2119 85/2134/2053 1607/2133/2052
f 1548/2181/2100 80/2120/2039 2570/1462/1419
f 2574/2187/2106 1602/2799/2685 1544/2952/2812
f 68/2953/50 2554/1459/1416 3676/2954/2810
f 2967/2191/2110 78/2955/2813 3286/2956/2814
f 2967/2191/2110 2576/693/664 78/2955/2813
f 68/2957/50 3677/2958/2815 2554/2959/1416
f 2589/61/51 2958/257/232 1563/62/52
f 2592/1094/1056 2953/2960/2816 3678/2961/2817
f 1448/1444/1401 71/2962/2818 2597/1445/1402
f 2601/1432/1390 3338/2963/2819 2600/1433/1391
f 487/2964/2820 2616/655/626 3324/2965/2821
f 3680/2966/2822 65/2967/2823 2619/2284/2200
f 501/278/253 62/642/613 1427/2968/2824
f 501/278/253 1427/2968/2824 2638/1390/1348
f 3677/2969/2815 2641/2970/2825 2608/2971/2826
f 3677/2969/2815 55/2972/37 2641/2970/2825
f 2646/2973/2827 60/280/255 507/2757/2652
f 55/2974/37 2671/2975/2828 2641/2976/2825
f 2935/1379/1337 2648/2328/2243 1376/1380/1338
f 2649/2977/2829 2650/2978/2830 59/2979/2831
f 514/1376/1334 2652/1375/1333 2651/648/619
f 2659/2980/2832 3374/2319/2234 2658/2981/2833
f 528/1368/1326 1283/303/278 2664/2982/2834
f 2667/2749/2644 1275/2983/2835 1321/285/260
f 1275/2983/2835 1322/2324/2239 1321/285/260
f 55/2984/37 2694/2985/33 2671/2986/2828
f 546/2739/2636 54/2987/2836 2677/2988/2837
f 1292/1124/1086 1230/2363/2275 3389/2989/2838
f 2930/309/284 553/2990/2839 53/2991/2840
f 36/38/17 2704/1127/1089 2694/39/33
f 561/2734/2631 1223/2992/2841 2695/2993/2842
f 2700/1129/1091 47/36/32 2699/1130/1092
f 2700/1129/1091 2703/1134/1096 47/36/32
f 2703/1134/1096 3417/2994/2843 45/34/30
f 2921/1340/1299 44/2995/2844 3407/2385/2297
f 2733/2417/2328 2737/28/24 3426/2996/2845
f 2913/2997/2846 2737/28/24 2733/2417/2328
f 2736/1143/1105 40/29/25 2737/28/24
f 3683/2998/2847 3431/2999/2848 3430/2423/2334
f 2741/1145/1107 2743/1318/1277 3683/2998/2847
f 2743/1318/1277 2742/3000/2849 37/25/21
f 603/339/314 1058/510/484 602/2479/2390
f 30/3001/13 2762/3002/1112 2757/1301/1262
f 998/2514/2424 1069/2473/2384 2897/2472/2383
f 998/2514/2424 997/2517/2427 1069/2473/2384
f 2770/3003/2850 33/2720/2618 2896/2475/2386
f 914/476/450 3489/1254/1215 25/2535/2445
f 905/1249/1210 23/3004/2851 2800/1250/1211
f 2812/3005/2852 3535/2587/2494 3685/3006/2853
f 2813/1262/1223 3538/3007/2854 19/2538/2448
f 865/2595/2502 936/2540/2450 656/2539/2449
f 657/1173/1135 855/2542/2452 633/1174/1136
f 2816/3008/2855 2817/2558/2468 2815/3009/2856
f 661/3010/2857 824/2553/2463 856/2552/2462
f 2830/3011/2858 667/365/340 906/3012/2859
f 3564/431/406 785/2630/2537 2831/2561/2471
f 2875/1217/1178 846/2597/2504 12/3013/2860
f 675/414/389 10/2634/2541 2835/1213/1174
f 2842/3014/2861 2843/2663/2565 4/1/1
f 2843/2663/2565 3586/2665/2567 4/1/1
f 2853/1193/1154 3564/431/406 2851/1197/1158
f 2857/1191/1152 2853/1193/1154 2851/1197/1158
f 2855/105/83 777/2633/2540 706/379/354
f 707/2675/2577 701/375/350 2854/377/352
f 2847/1185/1146 3687/3015/2862 3686/3016/2863
f 690/374/349 2847/1185/1146 3686/3016/2863
f 2846/3017/2864 3686/3016/2863 2863/3018/2865
f 2846/3017/2864 690/374/349 3686/3016/2863
f 2863/3018/2865 3686/3016/2863 2844/3019/2866
f 3686/3016/2863 2/3020/2867 2844/3019/2866
f 2842/3014/2861 4/1/1 2864/3021/2868
f 2841/3022/2869 2864/3021/2868 2870/3023/2870
f 2870/3023/2870 2864/3021/2868 2840/3024/2871
f 9/3025/8 3666/3026/81 2336/3027/1636
f 769/3028/2872 768/4/4 852/6/6
f 9/8/8 2336/3029/1636 2805/1178/1132
f 3684/9/9 9/8/8 2805/1178/1132
f 672/2598/2505 846/2597/2504 2875/1217/1178
f 2875/1217/1178 12/3013/2860 776/1218/1179
f 2833/3030/2873 3514/474/448 2876/427/402
f 2829/1224/1185 799/2555/2465 3510/1227/1188
f 2828/1226/1187 2829/1224/1185 3510/1227/1188
f 2827/3031/2874 810/2614/2521 17/2556/2466
f 2826/3032/2875 2827/3031/2874 17/2556/2466
f 2826/3032/2875 17/2556/2466 832/3033/2876
f 2838/3034/2877 2825/3035/2878 3539/3036/2879
f 2820/2690/2592 18/2590/2497 2821/3037/2880
f 847/1230/1191 3543/2600/2507 18/2590/2497
f 847/1230/1191 18/2590/2497 2820/2690/2592
f 2811/1239/1200 2879/3038/2881 2885/3039/2882
f 2879/3038/2881 2812/3005/2852 2885/3039/2882
f 2885/3039/2882 2812/3005/2852 2809/3040/2883
f 2812/3005/2852 3685/3006/2853 2809/3040/2883
f 3684/3041/9 2805/1170/1132 2788/1169/1131
f 2803/1241/1202 2804/2575/2482 20/1242/1203
f 2802/1246/1207 22/1245/1206 916/2551/2461
f 913/1253/1214 2799/1252/1213 2798/481/455
f 21/3042/2884 24/3043/2885 977/496/470
f 914/476/450 25/2535/2445 979/3044/2886
f 3506/482/456 27/2522/2432 635/1165/1127
f 3502/1260/1221 929/10/10 2794/12/12
f 2792/354/329 2793/484/458 2791/3045/2887
f 945/1266/1227 2790/1265/1226 29/2532/2442
f 2762/3046/1112 2788/3047/1131 2779/3048/1113
f 2762/3046/1112 3684/3049/9 2788/3047/1131
f 955/1273/1234 944/2537/2447 972/2527/2437
f 625/2534/2444 2787/2503/2413 2786/2502/2412
f 2778/3050/2888 2894/349/324 618/2712/2610
f 2895/501/475 1004/3051/2889 988/2713/2611
f 994/2521/2431 615/2506/2416 613/2505/2415
f 1003/2469/2380 1005/504/478 34/2476/2387
f 2768/2455/2366 1011/16/14 1086/18/16
f 1017/2509/2419 1014/2507/2417 1096/3052/2890
f 609/3053/2891 1016/3054/2892 1039/3055/2893
f 609/3053/2891 1039/3055/2893 601/3056/2894
f 3477/3057/2895 2783/1158/1120 1026/2498/2408
f 1048/2409/2320 599/519/492 1042/2482/2393
f 36/21/17 30/20/13 2757/3058/1262
f 2751/2474/2385 593/3059/2896 2750/2400/2312
f 2748/2470/2381 2749/2441/2352 2747/1313/1272
f 2746/22/18 1076/2513/2423 1071/23/19
f 2743/1318/1277 37/25/21 3683/2998/2847
f 2741/1145/1107 3683/2998/2847 2738/1321/1280
f 2738/1321/1280 3683/2998/2847 2739/1320/1279
f 3683/2998/2847 3430/2423/2334 2739/1320/1279
f 2735/1327/1286 2910/1142/1104 2913/2997/2846
f 2910/1142/1104 2737/28/24 2913/2997/2846
f 2729/1332/1291 2730/1333/1292 2728/3060/2897
f 2726/534/507 42/3061/2898 2725/2371/2283
f 2722/1141/1103 2724/3062/2899 3448/3063/2900
f 2723/550/523 2722/1141/1103 2721/3064/2901
f 2719/2427/2338 3682/2429/2340 2718/31/27
f 2717/3065/2902 2719/2427/2338 2718/31/27
f 2921/1340/1299 2710/1339/1298 44/2995/2844
f 2710/1339/1298 2711/2412/2323 44/2995/2844
f 2709/1139/1101 2921/1340/1299 2705/3066/2903
f 2705/3066/2903 2921/1340/1299 2706/1345/1304
f 2921/1340/1299 3407/2385/2297 2706/1345/1304
f 36/3067/17 2757/3068/1262 2704/3069/1089
f 2757/3068/1262 2900/3070/2904 2704/3069/1089
f 2703/1134/1096 45/34/30 47/36/32
f 2703/1134/1096 2702/1133/1095 3417/2994/2843
f 1179/2401/2313 2697/580/552 2696/3071/2905
f 1188/599/571 3411/3072/2906 49/2356/2268
f 2690/3073/2907 2691/3074/2908 51/2345/2258
f 1213/3075/2909 52/2342/2255 2686/2737/2634
f 1214/584/556 2685/586/558 552/2370/2282
f 1220/1126/1088 2684/593/565 2683/592/564
f 1221/1351/1309 1219/587/559 2682/589/561
f 2676/40/34 542/42/36 544/595/567
f 2694/44/33 2672/1359/1317 2671/3076/2828
f 1269/3077/2910 2649/2977/2829 513/2325/2240
f 2671/2986/2828 2672/3078/1317 2641/3079/2825
f 1280/304/279 530/3080/2911 2666/1122/1084
f 528/1368/1326 2664/2982/2834 527/302/277
f 1311/293/268 3381/52/44 2654/54/46
f 509/287/262 2646/2973/2827 507/2757/2652
f 1326/283/258 61/3081/2912 1331/637/608
f 1332/640/611 1346/3082/2913 2936/1392/1350
f 1339/279/254 1381/2283/2199 2640/641/612
f 1339/279/254 1383/2301/2217 1381/2283/2199
f 2936/1392/1350 2637/3083/2914 2939/1393/1351
f 1348/2313/2229 63/2314/2230 2636/1394/1352
f 1352/1398/1356 1347/1397/1355 1431/3084/2915
f 2627/1410/1368 2626/1408/1366 2625/3085/2916
f 2626/1408/1366 64/2297/2213 2625/3085/2916
f 493/2293/2209 59/2979/2831 2624/2307/2223
f 2942/1414/1372 2623/3086/2917 3680/2966/2822
f 2942/1414/1372 3680/2966/2822 2947/3087/2918
f 2621/1412/1370 2942/1414/1372 2947/3087/2918
f 2618/1420/1378 3680/2966/2822 2619/2284/2200
f 2947/3087/2918 3680/2966/2822 2618/1420/1378
f 2611/1426/1384 2613/3088/2919 3679/3089/2920
f 2610/3090/2921 3679/3089/2920 2609/2213/2130
f 2610/3090/2921 2611/1426/1384 3679/3089/2920
f 2607/1429/1387 69/3091/2922 480/3092/2923
f 1448/1444/1401 472/3093/2924 71/2962/2818
f 2953/2960/2816 2594/3094/2925 3678/2961/2817
f 2592/1094/1056 3678/2961/2817 2590/1451/1408
f 2590/1451/1408 3678/2961/2817 2591/706/677
f 1471/2264/2181 73/2170/2089 1475/3095/2926
f 2587/1091/1053 3319/2204/2123 2586/3096/2927
f 2587/1091/1053 2589/61/51 3320/689/660
f 2587/1091/1053 3320/689/660 3319/2204/2123
f 2582/1088/1050 3311/2192/2111 2581/697/668
f 2582/1088/1050 2584/3097/2928 3311/2192/2111
f 3677/2958/2815 2608/3098/2826 2554/2959/1416
f 1531/3099/2929 1532/2144/2063 1534/1472/1429
f 2968/701/672 79/1086/1048 1598/702/673
f 440/2174/2093 3307/703/674 2971/3100/2930
f 2974/3101/2931 81/238/213 433/724/695
f 2559/3102/2932 1587/2793/2681 84/2135/2054
f 3676/3103/2810 2554/3104/1416 2548/3105/1438
f 1606/721/692 87/2805/2689 1656/3106/2933
f 3630/2811/2695 88/729/700 1660/1064/1026
f 3673/2949/2807 2548/1481/1438 2520/3107/1016
f 424/2803/2687 3266/2086/2005 2547/2088/2007
f 2544/2118/2037 421/240/215 2543/2806/2690
f 2538/1072/1034 2540/1074/1036 2537/2049/1971
f 2981/237/212 1737/1068/1030 409/2809/2693
f 1653/233/208 408/2099/2018 3248/2948/2809
f 2982/3108/2934 1658/2095/2014 2534/3109/2935
f 2533/3110/2936 2534/3109/2935 1697/750/721
f 2534/3109/2935 95/734/705 1697/750/721
f 2986/1497/1453 2531/3111/2937 3674/3112/2938
f 2531/3111/2937 3675/3113/2939 3674/3112/2938
f 2530/1503/1459 2986/1497/1453 2992/1506/1462
f 2986/1497/1453 3674/3112/2938 2992/1506/1462
f 2992/1506/1462 3674/3112/2938 2528/2947/2808
f 3674/3112/2938 96/70/58 2528/2947/2808
f 1772/3114/2940 391/3115/2941 1771/3116/2942
f 2521/1058/1020 1706/1057/1019 2995/2030/1952
f 2500/1053/1015 3673/2946/2807 2520/1054/1016
f 3249/2835/2716 380/763/734 104/764/735
f 1741/767/738 105/1513/1467 2514/3117/2943
f 2511/1517/1471 3242/797/768 371/796/767
f 366/778/749 1813/1541/1492 1764/779/750
f 355/3118/2944 2505/2943/2805 2504/2839/2720
f 1800/3119/2945 1782/1533/1485 1852/1535/1486
f 1805/786/757 353/785/756 111/1536/1487
f 2498/791/762 349/787/758 3004/1976/1902
f 1816/1042/1004 2493/1542/1493 1835/207/182
f 3005/1999/1924 342/2000/1925 2492/3120/2946
f 1819/1996/1921 1820/1995/1920 1815/3121/2947
f 1819/1996/1921 114/1989/1914 2491/1988/1913
f 1825/1540/1491 3007/812/783 340/3122/2948
f 339/805/776 1895/2850/2731 1828/806/777
f 1832/2941/2803 2490/1991/1916 3008/3123/2949
f 2445/2940/1531 2500/2939/1015 2473/1558/1481
f 2483/206/181 116/1986/1911 2482/3124/2950
f 2480/1969/1896 2481/1981/1907 3235/3125/2951
f 1857/1978/1904 330/2845/2726 3010/809/780
f 3011/3126/2952 3212/3127/2953 2474/3128/2954
f 3011/3126/2952 2477/1563/1512 3212/3127/2953
f 2471/1041/1003 3230/1565/1514 2469/2933/2800
f 3230/1565/1514 2472/2934/2801 2469/2933/2800
f 2471/1041/1003 2469/2933/2800 2468/3129/2955
f 1876/194/169 1877/3130/2956 119/3131/2957
f 316/2851/2732 1915/3132/2958 2463/3133/2959
f 2462/3134/2960 314/2931/2799 1917/2932/1517
f 311/3135/2961 312/80/64 2006/82/66
f 2453/1575/1523 123/1886/1821 2451/1885/1820
f 2457/1945/1876 1927/902/869 2449/901/868
f 2448/1035/999 1932/2858/2739 126/2860/2741
f 2448/1035/999 126/2860/2741 2446/1580/1528
f 3021/1587/1535 2443/1588/1536 3203/838/807
f 2442/3136/2962 3021/1587/1535 3023/3137/2963
f 3024/2868/2747 120/3138/2964 3029/1927/1862
f 2438/1590/1538 3671/3139/2965 2436/1592/1540
f 3671/3139/2965 129/3140/2966 2436/1592/1540
f 131/85/67 2444/84/63 2407/3141/997
f 2431/1850/1786 2430/1918/1853 1985/3142/2967
f 2427/1028/993 3031/3143/2968 3670/1030/995
f 2425/1602/1550 3669/3144/2969 3148/1601/1549
f 2425/1602/1550 3670/1030/995 3669/3144/2969
f 282/1910/1845 3179/878/845 135/153/128
f 282/1910/1845 135/153/128 2008/890/857
f 2423/3145/2970 3034/2928/2796 2421/3146/2971
f 2421/3146/2971 3034/2928/2796 2422/1877/1812
f 279/889/856 136/891/858 3034/2928/2796
f 2420/1906/1841 137/1908/1843 2419/1607/1555
f 3037/1609/1557 2417/2927/2795 138/86/68
f 2043/159/134 2413/3147/2972 143/3148/2973
f 2043/159/134 143/3148/2973 2412/160/135
f 2411/911/878 3044/1618/1566 2119/1829/1765
f 2047/1880/1815 145/1825/1761 3158/916/883
f 2065/3149/2974 2062/3150/2975 148/934/901
f 255/1856/1792 150/1840/1776 3047/1841/1777
f 2078/1855/1791 255/1856/1792 3047/1841/1777
f 2097/1023/988 2088/154/129 153/1834/1770
f 250/3151/2976 154/1807/1745 2098/1626/1574
f 2400/1629/1577 155/1843/1779 2399/1794/1732
f 2404/2886/2762 247/1795/1733 2398/1641/1589
f 2106/149/124 2397/151/126 2110/147/122
f 244/1787/1725 245/1836/1772 156/1788/1726
f 3056/3152/2977 2143/3153/2978 2393/3154/2979
f 149/3155/71 131/3156/67 2390/1019/984
f 2384/1013/978 3668/1015/980 3120/952/919
f 2384/1013/978 3120/952/919 2383/1768/1706
f 3667/2922/2788 2390/2921/984 2360/3157/983
f 229/1639/1587 3136/98/78 2381/144/119
f 2398/1641/1589 227/1750/1689 2379/1642/1590
f 2378/2898/2772 2169/3158/2980 2187/939/906
f 222/1648/1596 2376/1647/1595 2188/1792/1730
f 2194/3159/2981 2190/3160/2982 166/1726/1670
f 2197/1718/1662 2194/3159/2981 166/1726/1670
f 3063/1011/976 167/3161/2983 2201/1012/977
f 2204/950/917 2369/1749/1688 2368/951/918
f 2386/135/110 2367/137/112 2251/3162/2984
f 3064/1651/1599 2366/1009/974 2363/3163/2985
f 2366/1009/974 169/3164/2986 2362/3165/2987
f 2363/3163/2985 2366/1009/974 2362/3165/2987
f 2356/968/935 3070/1659/1607 170/3166/2988
f 2354/1747/1686 171/1708/1652 2257/1706/1650
f 3666/103/81 2353/1660/1608 2337/1003/968
f 3666/103/81 2360/2911/983 2353/1660/1608
f 2267/1661/1609 2253/3167/2989 172/1663/1611
f 2351/3168/2990 2261/974/941 2327/118/93
f 2312/1712/1656 2310/3169/2991 3093/2650/2552
f 3078/3170/2992 179/3171/2993 184/2648/2550
f 3666/111/81 2337/1689/968 2336/1688/1636
f 2323/1694/1640 2335/2910/2784 2325/1695/1641
f 2325/1695/1641 3572/2908/2782 765/3172/2994
f 3082/3173/2995 2331/1691/1637 2330/107/85
f 2351/3168/2990 2326/113/88 180/2685/2587
f 3083/2906/2780 2324/3174/2996 2329/1693/1639
f 2329/1693/1639 2324/3174/2996 2334/116/91
f 172/1663/1611 3088/1707/1651 2323/1694/1640
f 2324/3174/2996 172/1663/1611 2323/1694/1640
f 181/1699/1645 2322/1697/1643 762/1696/1642
f 3086/1700/101 2265/990/946 2322/1697/1643
f 3665/3175/2997 184/2648/2550 2335/2910/2784
f 2335/2910/2784 184/2648/2550 3572/2908/2782
f 3088/1707/1651 3079/1709/1653 3665/3175/2997
f 2292/997/962 2309/3176/2998 187/3177/2999
f 2292/997/962 187/3177/2999 2313/1711/1655
f 174/3178/3000 2304/2907/2781 177/3179/3001
f 189/985/952 174/3178/3000 177/3179/3001
f 3094/3180/3002 3095/983/950 190/403/378
f 3094/3180/3002 190/403/378 734/400/375
f 3075/3181/3003 2306/984/951 3095/983/950
f 2302/1671/1619 2303/1676/1624 2341/1678/1626
f 2299/120/95 3097/1674/1622 2300/1713/1657
f 2299/120/95 175/122/97 3097/1674/1622
f 2296/982/949 2330/107/85 2342/2672/2574
f 191/121/96 2294/1735/1679 2295/1672/1620
f 167/3161/2983 192/996/961 3076/995/960
f 2288/1717/1661 2197/1718/1662 2290/1720/1664
f 2286/3182/3004 3075/3181/3003 2345/988/955
f 2282/1725/1669 2283/1669/1617 2346/3183/3005
f 2372/1729/1673 2278/1728/1672 193/1670/1618
f 2281/1667/1615 2300/1713/1657 2347/1714/1658
f 2279/1730/1674 194/981/948 2303/1676/1624
f 2278/1728/1672 2277/1733/1677 2279/1730/1674
f 3655/1752/1691 195/123/98 3077/998/963
f 2349/1715/1659 196/1665/1613 3082/3173/2995
f 2244/124/99 3110/2905/2779 2351/3168/2990
f 3100/3184/3006 2268/3185/3007 2269/1001/966
f 2268/3185/3007 170/3166/2988 2267/1661/1609
f 3086/3186/101 182/128/103 2265/979/946
f 3663/3187/3008 2238/977/944 2263/976/943
f 3104/1739/1682 3074/3188/3009 3073/3189/3010
f 3104/1739/1682 3073/3189/3010 2260/3190/1633
f 3103/3191/3011 200/1745/930 2258/1744/1684
f 2254/3192/3012 2256/1705/1649 2253/3167/2989
f 2252/3193/3013 2354/1747/1686 2255/3194/3014
f 169/3164/2986 2252/3193/3013 2255/3194/3014
f 2250/1746/1685 3091/3195/3015 171/1708/1652
f 3072/3196/3016 2248/971/938 2247/1682/1630
f 212/970/937 168/130/105 2245/129/104
f 2380/1797/1735 202/1655/1603 3110/2905/2779
f 2240/964/931 2242/966/933 3664/2904/2778
f 2239/1658/1606 2240/964/931 2357/1005/970
f 3663/3197/3008 2236/3198/3017 2238/3199/944
f 3654/3200/2769 2237/3201/1737 2236/3198/3017
f 2235/3202/3018 2233/3203/3019 3109/3204/2785
f 2233/3203/3019 3069/1657/1605 2234/1654/1602
f 3111/3205/3020 2230/3206/3021 3662/3207/3022
f 2230/3206/3021 3067/3208/3023 3662/3207/3022
f 2228/1761/1699 3111/3205/3020 3662/3207/3022
f 2228/1761/1699 3662/3207/3022 2229/3209/3024
f 2229/3209/3024 3662/3207/3022 3661/3210/3025
f 2229/3209/3024 3661/3210/3025 2226/2914/2787
f 3116/1762/1700 2225/960/927 3659/3211/3026
f 2225/960/927 3660/2903/2777 3659/3211/3026
f 3116/1762/1700 3659/3211/3026 3119/3212/3027
f 2220/955/922 3116/1762/1700 3119/3212/3027
f 3119/3212/3027 3659/3211/3026 3658/3213/3028
f 3119/3212/3027 3658/3213/3028 2218/3214/3029
f 3657/3215/3030 2217/953/920 210/2901/2775
f 2216/1769/1707 2217/953/920 3657/3215/3030
f 2215/1765/1703 2216/1769/1707 3657/3215/3030
f 2215/1765/1703 3657/3215/3030 3123/3216/3031
f 3123/3216/3031 3657/3215/3030 2213/1770/1708
f 3657/3215/3030 2214/3217/3032 2213/1770/1708
f 2210/1812/1750 2386/135/110 2251/3162/2984
f 3127/136/111 3126/3218/3033 2246/3219/3034
f 159/938/905 3651/937/904 2198/1010/975
f 159/938/905 2198/1010/975 2200/3220/3035
f 2203/3221/3036 2196/3222/3037 213/1716/1660
f 2196/3222/3037 2195/1786/1724 2194/3159/2981
f 2190/3160/2982 3062/3223/3038 216/1724/1668
f 222/1648/1596 2188/1792/1730 3062/3223/3038
f 3062/3223/3038 2188/1792/1730 2373/1727/1671
f 215/3224/3039 3129/3225/3040 2285/1722/1666
f 224/3226/3041 3129/3225/3040 215/3224/3039
f 2377/1645/1593 218/1781/1719 2374/3227/3042
f 3130/1779/1717 2189/1731/1675 2278/1728/1672
f 2188/1792/1730 3131/2899/2773 2186/3228/3043
f 2186/3228/3043 2187/939/906 3656/1782/1720
f 223/1646/1594 222/1648/1596 239/1636/1584
f 2395/3229/3044 2396/3230/3045 2171/1644/1592
f 2395/3229/3044 2171/1644/1592 2176/1643/1591
f 2398/1641/1589 247/1795/1733 227/1750/1689
f 154/1807/1745 229/1639/1587 3134/1638/1586
f 3654/2894/2769 2158/1800/1738 2237/1799/1737
f 2164/2896/2768 3135/3231/1604 202/1655/1603
f 3135/3231/1604 2382/1802/1740 2361/1801/1739
f 3135/3231/1604 2164/2896/2768 2382/1802/1740
f 2151/1806/1744 3653/3232/3046 2148/3233/3047
f 2151/1806/1744 2152/1805/1743 3653/3232/3046
f 2148/3233/3047 3652/3234/3048 2149/1764/1702
f 3653/3232/3046 3652/3234/3048 2148/3233/3047
f 2131/1808/1746 241/1809/1747 232/1014/979
f 2147/1810/1748 2385/3235/3049 232/1014/979
f 2127/3236/3050 2386/135/110 2210/1812/1750
f 2145/3237/3051 234/3238/3052 2146/3239/3053
f 2124/1813/1751 2393/3154/2979 2144/1814/1752
f 2122/3240/3054 3137/94/74 2141/1815/1753
f 2157/3241/3055 3650/3242/3056 2139/3243/3057
f 3650/3242/3056 2138/3244/3058 2139/3243/3057
f 230/3245/3059 240/3246/3060 3650/3242/3056
f 230/3245/3059 2159/1020/985 240/3246/3060
f 2133/1817/1755 2069/3247/1796 2134/1820/1757
f 2132/3248/3061 3057/1021/986 2131/1808/1746
f 3142/1870/1805 2393/3154/2979 2124/1813/1751
f 2120/1826/1762 3055/3249/3062 2122/3240/3054
f 2121/3250/3063 264/917/884 2120/1826/1762
f 2123/3251/3064 2118/1828/1764 3138/3252/3065
f 2119/1829/1765 2111/1633/1581 2117/1632/1580
f 2108/1835/1771 2402/1838/1774 246/1631/1579
f 2100/3253/3066 256/3254/3067 2098/1626/1574
f 2405/3255/3068 2099/1823/1759 2098/1626/1574
f 2099/1823/1759 250/3151/2976 2098/1626/1574
f 2093/1845/1781 2096/1624/1572 2114/929/896
f 3148/1601/1549 2092/3256/3069 3153/3257/3070
f 3148/1601/1549 3153/3257/3070 3149/3258/3071
f 2091/1847/1783 3149/3258/3071 2090/1848/1784
f 2090/1848/1784 3149/3258/3071 3049/3259/3072
f 2083/3260/3073 2084/1853/1789 3151/3261/3074
f 2403/1620/1568 2078/1855/1791 2104/1842/1778
f 1985/3142/2967 2080/1854/1790 2403/1620/1568
f 2079/3262/3075 255/1856/1792 2078/1855/1791
f 2406/927/894 256/3254/3067 150/1840/1776
f 2138/3263/3058 257/3264/2750 2137/1858/1794
f 2138/3263/3058 3028/3265/3076 257/3264/2750
f 3157/3266/3077 3156/920/887 263/1875/1810
f 3157/3266/3077 263/1875/1810 2056/918/885
f 137/1908/1843 266/2926/2794 265/913/880
f 3159/909/876 2411/911/878 2054/1827/1763
f 2053/1876/1811 3161/1873/1808 2048/905/872
f 2051/904/871 2053/1876/1811 2048/905/872
f 2048/905/872 3159/909/876 2049/906/873
f 280/2877/2755 2046/3267/3078 3163/2878/2756
f 2424/1604/1552 2093/1845/1781 2046/3267/3078
f 2446/1580/1528 2039/1881/1816 269/2882/2760
f 1933/837/806 1934/3268/3079 3164/1860/1795
f 2413/3147/2972 2041/1024/989 2059/1026/991
f 2033/2881/2759 2037/1884/1819 271/1613/1561
f 2033/2881/2759 271/1613/1561 2036/1872/1807
f 2031/1887/1822 273/163/138 2028/1891/1826
f 2032/1889/1824 273/163/138 2031/1887/1822
f 2028/1891/1826 273/163/138 2029/1611/1559
f 273/163/138 3038/1608/1556 2029/1611/1559
f 2027/3269/3080 276/1606/1554 2026/1892/1827
f 2025/3270/3081 2009/3271/3082 2420/1906/1841
f 2023/1893/1828 2024/164/139 2018/896/863
f 3168/3272/3083 2016/894/861 278/1896/1831
f 3168/3272/3083 278/1896/1831 3649/1895/1830
f 2012/3273/3084 3168/3272/3083 3649/1895/1830
f 2014/1900/1835 3168/3272/3083 2012/3273/3084
f 2012/3273/3084 3649/1895/1830 2013/1894/1829
f 3173/1605/1553 3172/1907/1842 2009/3271/3082
f 2004/1911/1846 3648/169/144 2003/3274/3085
f 1999/885/852 2002/884/851 3647/1912/1847
f 1998/3275/3086 285/170/145 3175/3276/3087
f 1997/1917/1852 3175/3276/3087 3177/3277/3088
f 3175/3276/3087 1995/880/847 3177/3277/3088
f 1995/880/847 3175/3276/3087 3646/881/848
f 3181/873/840 1994/2875/2753 290/2874/2752
f 1993/1920/1855 3181/873/840 3184/872/839
f 1987/867/834 3645/1922/1857 3180/868/835
f 2440/3278/3089 3029/1927/1862 1986/3279/3090
f 1974/1594/1542 293/1597/1545 1976/1930/1865
f 3023/3137/2963 2044/1940/1871 294/1595/1543
f 295/2872/814 257/2871/2750 1973/3280/3091
f 1889/856/823 3026/1591/1539 1969/3281/3092
f 1965/853/159 1966/855/822 312/80/64
f 1960/1589/1537 1961/2930/2798 297/3282/3093
f 1878/3283/170 1979/1923/1858 1957/1928/1863
f 1955/1936/1869 2441/2865/2744 127/2864/2743
f 298/175/150 1954/3284/3094 299/176/151
f 3191/3285/3095 1954/3284/3094 298/175/150
f 1953/3286/3096 3191/3285/3095 298/175/150
f 1953/3286/3096 298/175/150 3022/1586/1534
f 295/845/814 3020/1584/1532 301/3287/1509
f 1977/1598/1546 1872/3288/3097 1951/1939/829
f 1948/842/811 1950/1579/1527 3643/1582/1530
f 1949/843/812 3643/1582/1530 1946/839/808
f 1948/842/811 3643/1582/1530 1949/843/812
f 1944/3289/3098 3642/3290/3099 3641/3291/3100
f 1944/3289/3098 1945/3292/3101 3642/3290/3099
f 1943/3293/3102 3204/3294/3103 3641/3291/3100
f 1943/3293/3102 3641/3291/3100 3211/3295/3104
f 3204/3294/3103 1944/3289/3098 3641/3291/3100
f 3211/3295/3104 3641/3291/3100 1941/3296/3105
f 3641/3291/3100 3640/3297/3106 1941/3296/3105
f 1938/3298/3107 1939/179/154 3639/3299/3108
f 1937/3300/3109 3639/3299/3108 3215/3301/3110
f 1937/3300/3109 1938/3298/3107 3639/3299/3108
f 3215/3301/3110 3639/3299/3108 1935/1578/1526
f 3639/3299/3108 304/178/153 1935/1578/1526
f 1931/3302/3111 3217/3303/3112 1930/3304/3113
f 1927/902/869 1903/1946/1877 1928/2856/2737
f 1925/3305/3114 2027/3269/3080 125/3306/3115
f 1929/3307/2735 308/3308/2734 307/3309/3116
f 1921/1947/1878 1923/1572/1520 3219/2855/2736
f 1920/3310/3117 3219/2855/2736 309/1903/1838
f 1899/1948/1879 1917/1569/1517 1922/1571/1519
f 3220/3311/3118 2456/3312/3119 3221/3313/3120
f 1915/3314/2958 3015/3315/3121 1914/3316/3122
f 1912/1952/1881 1965/853/159 312/80/64
f 1910/829/800 3223/2844/2725 1911/830/801
f 1841/1987/1912 1905/1954/1883 1908/1953/1882
f 337/3317/3123 1906/3318/3124 1905/1954/1883
f 1903/1957/1877 1839/3319/3125 1904/3320/3126
f 2488/826/797 3225/828/799 1902/3321/3127
f 2459/3322/3128 2460/1568/1516 1929/2854/2735
f 3224/1545/1496 1896/1961/1888 2461/1567/1515
f 3638/3323/3129 1894/1962/1889 1896/1961/1888
f 1894/1962/1889 316/2851/2732 2463/3133/2959
f 3226/3324/3130 3013/182/157 340/3122/2948
f 1859/811/782 1887/3325/3131 318/187/162
f 3227/3326/3132 1859/811/782 318/187/162
f 1880/1968/1895 1881/1970/1897 1883/190/165
f 1853/3327/3133 1879/193/168 1878/195/170
f 321/3328/3134 1853/3327/3133 1878/195/170
f 1881/1970/1897 334/3329/3135 2470/1040/1002
f 1866/3330/3136 1867/816/787 3233/2848/2729
f 3233/2848/2729 325/200/175 1865/2846/2727
f 1863/813/784 2484/1551/1502 329/814/785
f 1807/792/763 1857/1978/1904 1858/810/781
f 111/1536/1487 2481/1981/1907 332/3331/3137
f 351/211/186 1800/3119/2945 1853/3327/3133
f 1852/1535/1486 333/1557/1507 1877/3130/2956
f 1852/1535/1486 1877/3130/2956 1800/3119/2945
f 333/1557/1507 3009/1556/1506 1872/3332/3097
f 1843/1549/1500 337/3317/3123 1841/1987/1912
f 2485/1956/1885 3237/3333/3138 1839/3319/3125
f 338/2842/2723 3008/3123/2949 1898/2843/2724
f 1833/2001/1926 338/2842/2723 2489/827/798
f 1831/3334/3139 1828/806/777 3638/3323/3129
f 1831/3334/3139 3638/3323/3129 1896/1961/1888
f 343/803/774 1830/804/775 113/208/183
f 113/208/183 1830/804/775 1831/3334/3139
f 1830/804/775 1829/3335/3140 339/805/776
f 1826/1992/1917 340/3122/2948 1827/1993/1918
f 3241/3336/3141 1824/3337/3142 1809/3338/3143
f 2497/1537/1488 3637/3339/3144 3006/1967/1894
f 1823/2840/2721 341/1997/1922 2491/1988/1913
f 1822/218/193 341/1997/1922 1821/3340/3145
f 2508/219/194 1820/1995/1920 1819/1996/1921
f 1818/214/189 1817/213/188 3237/3333/3138
f 1833/2001/1926 1761/776/747 3239/3341/3146
f 1813/1541/1492 1758/2005/1930 1811/802/773
f 2504/2839/2720 1802/3342/3147 353/785/756
f 2499/2942/2804 354/1530/1482 3002/1532/1484
f 1798/2011/1936 1799/3343/3148 3001/2012/1937
f 1784/1534/1477 3009/3344/1506 1852/1535/1486
f 1784/1534/1477 1797/3345/1476 3009/3344/1506
f 1795/2015/1908 1720/3346/1950 1796/2013/1938
f 1777/3347/3149 1793/1524/1478 1799/3343/3148
f 1771/3116/2942 1817/213/188 3000/215/190
f 1788/2019/1942 355/3118/2944 1803/2020/1943
f 100/2022/1945 2505/2943/2805 1786/2023/1946
f 1780/2837/2718 1781/2010/1935 356/2009/1934
f 3243/2827/2708 357/3348/3150 1780/2837/2718
f 1779/3349/3151 358/3350/3152 357/3348/3150
f 1797/1522/1476 1720/2027/1950 1795/3351/1908
f 1775/2032/1954 3636/1044/1006 1776/3352/3153
f 1724/3353/3154 3256/3354/3155 1773/781/752
f 1769/1061/1023 361/780/751 1768/2034/1956
f 1768/2034/1956 361/780/751 1770/216/191
f 1769/1061/1023 2524/1060/1022 362/1047/1009
f 1767/3355/3156 363/1998/1923 1817/213/188
f 1760/2037/1959 367/2036/1958 1759/775/746
f 2514/3117/2943 105/1513/1467 368/3356/3157
f 377/2039/1961 1757/1518/1472 1756/2038/1960
f 1736/2834/2715 3246/2043/1965 1752/2042/1964
f 103/2048/1970 374/3357/3158 1751/793/764
f 3635/2046/1968 375/1515/1469 1750/1516/1470
f 2998/1052/1014 102/2830/2711 1748/1048/1010
f 406/765/736 3247/1067/1029 1740/766/737
f 93/2100/2019 1735/1511/1465 378/221/196
f 3248/2948/2809 93/2100/2019 378/221/196
f 1740/766/737 1649/3358/3159 3249/2835/2716
f 3249/2835/2716 1737/1068/1030 380/763/734
f 382/762/733 1733/1051/1013 2998/1052/1014
f 104/764/735 382/762/733 3635/2046/1968
f 1738/761/732 1733/1051/1013 382/762/733
f 1732/2047/1969 1789/2018/1941 103/2048/1970
f 2536/1488/1444 3265/1487/1443 383/2831/2712
f 1731/759/730 1640/2050/1972 384/2829/2710
f 1688/2819/2700 1723/3359/1475 1783/2025/1948
f 1726/2053/1975 3243/2827/2708 100/2022/1945
f 1725/2056/1978 386/2064/1983 2997/2052/1974
f 1797/2057/1476 1723/3359/1475 2526/2058/1979
f 1719/2063/1982 1775/2032/1954 386/2064/1983
f 1714/2067/1986 1717/757/728 387/223/198
f 1715/755/726 1717/757/728 1714/2067/1986
f 1714/2067/1986 387/223/198 1718/225/200
f 1713/754/725 389/2825/2706 3634/2824/2705
f 1710/3360/3160 1709/2071/1990 3634/2824/2705
f 1710/3360/3160 3634/2824/2705 3255/2072/1991
f 1708/2073/1992 3634/2824/2705 390/3361/3161
f 3255/2072/1991 3634/2824/2705 1708/2073/1992
f 3257/2812/2696 3256/3354/3155 1724/3353/3154
f 1772/3114/2940 2532/3362/3162 391/3115/2941
f 1707/1510/1464 2523/1059/1021 1704/2033/1955
f 1705/2074/1993 1707/1510/1464 1704/2033/1955
f 1701/2077/1996 3259/2076/1995 3264/3363/3163
f 3264/3363/3163 3259/2076/1995 1699/2823/2704
f 3259/2076/1995 1703/2821/2702 1699/2823/2704
f 1697/750/721 2993/1062/1024 1698/751/722
f 360/3364/3164 359/1509/1439 1689/3365/3165
f 395/2816/2684 1687/3366/1981 1686/2817/1980
f 1685/3367/3166 1682/2065/1984 1683/2090/2009
f 1685/3367/3166 396/2066/1985 1682/2065/1984
f 1679/747/718 399/229/204 1676/1502/1458
f 3281/3368/3167 1675/2813/2697 3257/2812/2696
f 1673/3369/3168 2985/3370/3169 3633/3371/3170
f 1671/741/712 1673/3369/3168 3633/3371/3170
f 1671/741/712 3633/3371/3170 3271/2093/2012
f 1668/2094/2013 3632/3372/3171 1669/3373/3172
f 3271/2093/2012 3632/3372/3171 1668/2094/2013
f 3271/2093/2012 3633/3371/3170 3632/3372/3171
f 1666/746/717 1612/2130/2049 403/3374/3173
f 1666/746/717 403/3374/3173 1664/738/709
f 1612/2130/2049 1667/3375/3174 403/3374/3173
f 1664/738/709 403/3374/3173 3267/3376/3175
f 3272/1079/1041 2551/723/694 2982/3108/2934
f 3272/1079/1041 2982/3108/2934 1662/3377/3176
f 3273/722/693 1656/3106/2933 1657/735/706
f 3274/733/704 406/765/736 1655/3378/3177
f 3274/733/704 1654/731/702 407/1066/1028
f 1650/234/209 1653/233/208 1739/220/195
f 1652/232/207 1650/234/209 1651/1493/1449
f 1652/232/207 2541/3379/3178 408/2099/2018
f 408/2099/2018 411/2098/2017 1735/1511/1465
f 1639/3380/3179 2538/1072/1034 1640/2050/1972
f 1624/3381/3180 2538/1072/1034 1639/3380/3179
f 1645/2102/2021 1624/3381/3180 1639/3380/3179
f 3277/2153/2072 1637/2107/2026 1638/730/701
f 1608/732/703 3277/2153/2072 1638/730/701
f 90/3382/3181 3631/2804/2688 2542/2096/2015
f 1636/717/688 1635/716/687 3631/2804/2688
f 1635/716/687 1634/2109/2028 1633/2112/2031
f 83/2117/2036 417/3383/3182 2565/1468/1425
f 2565/1468/1425 417/3383/3182 1631/2111/2030
f 1630/727/698 1627/2115/2034 418/728/699
f 1634/2109/2028 1576/2113/2032 1627/2115/2034
f 1628/2114/2033 419/2119/2038 1627/2115/2034
f 1628/2114/2033 1629/726/697 419/2119/2038
f 419/2119/2038 2544/2118/2037 1624/3381/3180
f 1629/726/697 1623/725/696 419/2119/2038
f 81/238/213 421/240/215 1623/725/696
f 422/2800/2686 2526/2802/1979 1617/2818/2699
f 395/3384/2684 3284/3385/2128 1687/3386/1981
f 1619/2122/2041 1614/2128/2047 3280/2126/2045
f 1614/2128/2047 1615/1478/1435 2977/1480/1437
f 1613/1479/1436 1611/3387/3183 1612/2130/2049
f 2549/3388/3184 3282/3389/3185 3630/2811/2695
f 2549/3388/3184 3630/2811/2695 1661/2810/2694
f 1605/2137/2056 1606/721/692 1604/3390/3186
f 1689/3391/3165 2976/3392/1415 428/3393/3187
f 2553/242/217 429/1477/1434 3279/2127/2046
f 1533/2142/2061 1534/1472/1429 1597/1474/1431
f 3285/2131/2050 1595/3394/3188 430/2951/2811
f 3285/2131/2050 430/2951/2811 1610/2132/2051
f 3286/2956/2814 1590/718/689 1595/3394/3188
f 1594/2147/2066 1609/2149/2068 3282/3389/3185
f 1593/719/690 1591/3395/3189 1592/720/691
f 1590/718/689 1523/2151/2070 1593/719/690
f 2567/66/56 1575/244/219 1581/1470/1427
f 2969/704/675 2975/3396/3190 1626/2116/2035
f 2969/704/675 1626/2116/2035 83/2117/2036
f 3290/2792/2680 433/724/695 1629/726/697
f 1570/2791/2679 1571/2162/2081 2974/3101/2931
f 1563/62/52 1564/3397/3191 435/1466/1423
f 73/2170/2089 436/2169/2088 1562/64/54
f 1564/3397/3191 73/2170/2089 1562/64/54
f 1558/709/680 2568/3398/3192 437/2157/2076
f 3293/3399/3193 1561/3400/3194 438/3401/3195
f 3293/3399/3193 438/3401/3195 3300/3402/3196
f 1560/3403/3197 3293/3399/3193 3300/3402/3196
f 1557/2177/2096 439/2179/2098 1554/2168/2087
f 1556/707/678 1557/2177/2096 1554/2168/2087
f 1554/2168/2087 439/2179/2098 2972/3404/3198
f 1550/2176/2095 468/260/235 3306/2180/2099
f 1548/2181/2100 2570/1462/1419 468/260/235
f 71/2962/2818 441/3405/3199 2597/1445/1402
f 1543/2161/2080 1544/2952/2812 1603/2138/2057
f 474/263/238 1540/2188/2107 1542/3406/3200
f 1513/2788/2661 3284/3407/2128 1538/2789/2677
f 1513/2788/2661 1511/3408/2127 3284/3407/2128
f 1535/3409/3201 444/1085/1047 443/2787/2676
f 1506/2216/2133 1534/1472/1429 1533/2142/2061
f 1505/3410/3202 1506/2216/2133 1533/2142/2061
f 1532/2144/2063 1501/1453/1410 1528/2145/2064
f 1524/698/669 1526/2194/2113 3318/2198/2117
f 1526/2194/2113 1527/2202/2121 3318/2198/2117
f 2576/693/664 2578/696/667 1523/2151/2070
f 3315/3411/3203 1520/2203/2122 448/250/225
f 1519/2201/2120 448/250/225 1518/2786/2675
f 1519/2201/2120 3315/3411/3203 448/250/225
f 1514/687/658 75/63/53 1515/253/228
f 442/3412/2060 2575/2206/1417 451/2208/2126
f 2609/2213/2130 1407/3413/3204 1507/683/654
f 1502/1456/1413 453/2190/2109 3323/2218/2135
f 1409/1105/1067 1503/1454/1411 454/2217/2134
f 1500/2219/2136 1501/1453/1410 1504/57/49
f 1504/57/49 1501/1453/1410 1532/2144/2063
f 3628/2238/2155 455/1087/1049 1498/1452/1409
f 1499/680/651 3628/2238/2155 1498/1452/1409
f 1495/3414/3205 1496/3415/3206 1494/2784/2673
f 3325/2223/2140 3627/3416/3207 458/2781/2670
f 3325/2223/2140 1492/2225/2142 3627/3416/3207
f 1491/2231/2148 3326/2222/2139 1488/677/648
f 1484/2240/2157 3328/2780/2669 1481/3417/3208
f 3328/2780/2669 3327/2220/2137 1482/2226/2143
f 1481/3417/3208 3328/2780/2669 1482/2226/2143
f 1479/255/230 2958/257/232 1478/2242/2159
f 1476/266/241 3333/265/240 1477/2244/2161
f 3333/265/240 461/2256/2173 74/2251/2168
f 1474/3418/3209 1472/2263/2180 1471/2264/2181
f 1470/1447/1404 2957/1449/1406 1469/2250/2167
f 1468/2249/2166 3626/2779/2668 1467/3419/3210
f 1465/3420/3211 1466/2261/2178 1462/3421/3212
f 1464/2254/2171 1465/3420/3211 1462/3421/3212
f 1462/3421/3212 3334/2248/2165 1463/3422/3213
f 1456/2262/2179 2595/1096/1058 73/2170/2089
f 73/2170/2089 2595/1096/1058 3305/2171/2090
f 1472/2263/2180 3339/1099/1061 1456/2262/2179
f 2603/3423/3214 467/3424/3215 3339/1099/1061
f 2603/3423/3214 1447/3425/3216 467/3424/3215
f 1454/2775/2664 3308/2776/2665 1452/2175/2094
f 1451/2773/2662 3340/258/233 1450/2266/2183
f 1446/2269/2186 470/1443/1400 3309/2172/2091
f 1447/3425/3216 1430/1100/1062 471/2268/2185
f 1447/3425/3216 471/2268/2185 1446/2269/2186
f 1445/1102/1064 472/3093/2924 471/2268/2185
f 1441/3426/3217 3624/2212/2129 475/2273/2190
f 2635/1400/1358 1438/1435/1393 1437/1439/1397
f 1436/2253/2170 2601/1432/1390 477/1434/1392
f 1388/1110/1072 1435/2276/2193 1436/2253/2170
f 1351/1395/1353 1433/2279/2196 478/2277/2194
f 1431/3084/2915 2939/1393/1351 1432/3427/3218
f 2637/3083/2914 2605/3428/3219 2939/1393/1351
f 1429/3429/3220 2638/1390/1348 3342/3430/3221
f 1429/3429/3220 3342/3430/3221 1428/3431/3222
f 3342/3430/3221 1427/2968/2824 2606/1431/1389
f 502/643/614 2639/645/616 1426/2270/2187
f 481/1427/1385 480/3092/2923 70/1101/1063
f 3625/1430/1388 479/1388/1346 1513/2772/2661
f 1420/668/639 1421/3432/3223 69/3091/2922
f 1417/670/641 1418/671/642 1415/667/638
f 3345/3433/3224 1414/3434/3225 483/3435/3226
f 3345/3433/3224 483/3435/3226 3623/3436/3227
f 1412/2289/2205 3345/3433/3224 3623/3436/3227
f 1412/2289/2205 3623/3436/3227 1411/2290/2206
f 1411/2290/2206 3623/3436/3227 2950/1425/1383
f 485/2214/2131 2624/2307/2223 2949/55/47
f 1408/2295/2211 1409/1105/1067 3351/3437/3228
f 1406/2767/2659 3622/2768/2660 3356/660/631
f 1405/665/636 1406/2767/2659 3356/660/631
f 3356/660/631 3622/2768/2660 1402/661/632
f 1399/658/629 1400/2298/2214 1397/1103/1065
f 1396/56/48 1362/2309/2225 3621/3438/3229
f 1395/3439/3230 1496/3415/3206 1394/3440/3231
f 1358/275/250 1393/274/249 1395/3439/3230
f 1391/1423/1381 3329/2232/2149 1392/2236/2153
f 497/1111/1073 1387/656/627 3358/3441/3232
f 3358/3441/3232 1387/656/627 2616/655/626
f 1384/2300/2216 1385/3442/3233 1382/2302/2218
f 1385/3442/3233 1386/1416/1374 1382/2302/2218
f 1382/2302/2218 1386/1416/1374 489/269/244
f 1380/3443/3234 3360/2299/2215 1379/281/256
f 1380/3443/3234 1378/2304/2220 3359/2765/2657
f 1320/3444/3235 512/2326/2241 1410/2292/2208
f 1369/3445/3236 1371/653/624 1373/271/246
f 1369/3445/3236 1373/271/246 3365/2764/2656
f 1367/651/622 3352/2296/2212 1368/652/623
f 3365/2764/2656 494/270/245 1367/651/622
f 3366/647/618 496/1409/1367 1365/2305/2221
f 1364/3446/3237 3361/1411/1369 1371/653/624
f 1365/2305/2221 3361/1411/1369 1364/3446/3237
f 1361/1106/1068 1360/2310/2226 2940/1107/1069
f 2654/54/46 1359/273/248 1357/1407/1365
f 2655/1118/1080 1355/1405/1363 3367/1402/1360
f 2631/3447/3238 1354/1112/1074 497/1111/1073
f 2631/3447/3238 497/1111/1073 3358/3441/3232
f 1337/3448/3239 498/1109/1071 1354/1112/1074
f 1355/1405/1363 1353/629/600 499/1401/1359
f 1347/1397/1355 500/1391/1349 1431/3084/2915
f 505/3449/3240 500/1391/1349 1347/1397/1355
f 1342/644/615 502/643/614 1346/3082/2913
f 62/642/613 2640/641/612 1425/3450/3241
f 517/3451/3242 1336/3452/3243 2938/3453/3244
f 517/3451/3242 2938/3453/3244 1337/3448/3239
f 526/1370/1328 3373/3454/3245 2938/3453/3244
f 2665/620/591 505/3449/3240 1333/2750/2645
f 1333/2750/2645 505/3449/3240 2644/3455/3246
f 1328/638/609 1331/637/608 1330/1114/1076
f 2646/2973/2827 511/3456/3247 1319/1378/1336
f 1318/613/584 1317/2756/2651 511/3456/3247
f 1318/613/584 511/3456/3247 508/286/261
f 3681/2332/2247 1316/3457/3248 1317/2756/2651
f 3377/2327/2242 512/2326/2241 1320/3444/3235
f 518/2329/2244 514/1376/1334 1316/3457/3248
f 2650/2978/2830 516/634/605 1314/2308/2224
f 2652/1375/1333 1313/2330/2245 1357/1407/1365
f 1312/633/604 522/294/269 1308/296/271
f 1294/1120/1082 1305/3458/3249 1307/628/599
f 1306/2320/2235 2659/2980/2832 1305/3458/3249
f 2673/3459/3250 1303/2754/2649 3382/1371/1329
f 2675/2752/2647 541/3460/3251 520/624/595
f 1298/41/35 521/2336/2251 542/42/36
f 523/1121/1083 522/294/269 1312/633/604
f 3398/591/563 523/1121/1083 1298/41/35
f 1292/1124/1086 1293/300/275 3386/298/273
f 3386/298/273 1293/300/275 2663/49/41
f 1290/621/592 1289/3461/3252 1291/622/593
f 1288/301/276 1286/3462/3253 528/1368/1326
f 1282/3463/3254 534/2748/2643 1280/304/279
f 1281/3464/3255 530/3080/2911 1280/304/279
f 1278/616/587 2667/2749/2644 2666/1122/1084
f 1256/3465/288 1258/3466/575 1272/3467/264
f 1255/3468/2640 1256/3465/288 1272/3467/264
f 540/1355/1313 513/2325/2240 3377/2327/2242
f 540/1355/1313 3383/600/572 1269/3077/2910
f 1266/609/580 534/2748/2643 1287/2343/2256
f 1263/2344/2257 1264/2346/2259 2669/2347/2260
f 1264/2346/2259 3395/606/577 3393/605/576
f 1264/2346/2259 1260/3469/3256 3395/606/577
f 3395/606/577 1260/3469/3256 537/1362/1320
f 1273/3470/263 2929/1365/1323 557/3471/3257
f 1256/2744/288 1257/602/546 1258/604/575
f 1253/3472/3258 1252/1356/1314 537/1362/1320
f 3396/2349/2261 3397/601/573 3391/2350/2262
f 3397/601/573 540/1355/1313 3391/2350/2262
f 1245/3473/3259 2674/3474/3260 1246/3475/3261
f 1245/3473/3259 1241/3476/3262 1242/306/281
f 1238/3477/3263 550/2369/2281 1240/2741/2638
f 551/588/560 2685/586/558 1236/2740/2637
f 52/2342/2255 3387/2360/2272 1231/2359/2271
f 3400/2362/2274 1229/3478/3264 1230/2363/2275
f 1227/1353/1311 1228/3479/3265 548/610/581
f 1124/32/28 1217/308/283 1218/310/285
f 1217/308/283 2725/2371/2283 553/2990/2839
f 1217/308/283 553/2990/2839 2930/309/284
f 2727/2447/2358 1213/3075/2909 1216/2373/2285
f 1210/3480/3266 1211/3481/3267 555/3482/3268
f 1210/3480/3266 555/3482/3268 1212/3483/3269
f 2728/3060/2897 2688/3484/3270 555/3482/3268
f 1211/3481/3267 2728/3060/2897 555/3482/3268
f 1213/3075/2909 1267/2340/2253 52/2342/2255
f 1209/3485/3271 1267/2340/2253 1213/3075/2909
f 3405/3486/3272 3409/2389/2301 559/2391/2303
f 1194/3487/3273 3409/2389/2301 3405/3486/3272
f 1202/582/554 3405/3486/3272 559/2391/2303
f 1193/3488/3274 3405/3486/3272 1202/582/554
f 559/2391/2303 560/2390/2302 1191/2379/2291
f 1202/582/554 559/2391/2303 1191/2379/2291
f 1189/2387/2299 1190/2735/2632 560/2390/2302
f 3410/2393/2305 2712/327/302 3397/601/573
f 3396/2349/2261 3410/2393/2305 3397/601/573
f 2712/327/302 3411/3072/2906 1188/599/571
f 1184/2386/2298 1185/2396/2308 1186/3489/3275
f 2902/3490/3276 1178/2376/2288 3414/3491/3277
f 2752/2721/2619 3414/3491/3277 1178/2376/2288
f 558/3492/3278 1056/318/293 1199/2403/2304
f 3418/2405/2316 3619/2730/2628 1161/561/534
f 1166/567/540 3619/2730/2628 3418/2405/2316
f 1166/567/540 1170/571/544 3619/2730/2628
f 1161/561/534 3619/2730/2628 1162/562/535
f 3420/3493/3279 3616/2728/2626 1155/558/531
f 3616/2728/2626 3617/2729/2627 1155/558/531
f 1158/2407/2318 1160/3494/3280 3420/3493/3279
f 1160/3494/3280 3616/2728/2626 3420/3493/3279
f 1155/558/531 3617/2729/2627 1156/559/532
f 3617/2729/2627 569/323/298 1156/559/532
f 3422/2411/2322 3421/2410/2321 2922/1342/1301
f 3422/2411/2322 2922/1342/1301 1154/1341/1300
f 2758/326/301 572/3495/3281 2712/327/302
f 2711/2412/2323 1151/557/530 1184/2386/2298
f 1146/3496/3282 574/3497/3283 1224/2366/2278
f 574/3497/3283 3402/2367/2279 1224/2366/2278
f 1098/3498/3284 575/3499/3285 1146/3496/3282
f 575/3499/3285 2912/2416/2327 1142/554/527
f 3425/3500/3286 1145/3501/3287 3615/3502/3288
f 1145/3501/3287 3443/3503/3289 3615/3502/3288
f 1143/2415/2326 1144/2418/2329 3615/3502/3288
f 1143/2415/2326 3615/3502/3288 1140/552/525
f 1144/2418/2329 3425/3500/3286 3615/3502/3288
f 1136/545/518 2723/550/523 2720/2727/2625
f 1135/544/517 3614/549/522 1136/545/518
f 3429/3504/3290 1133/3505/3291 3613/3506/3292
f 3429/3504/3290 3613/3506/3292 3612/3507/3293
f 1133/3505/3291 1134/2422/2333 3613/3506/3292
f 1132/542/515 3612/3507/3293 1127/537/510
f 1132/542/515 1131/541/514 3612/3507/3293
f 1131/541/514 3429/3504/3290 3612/3507/3293
f 1127/537/510 3612/3507/3293 1128/538/511
f 3612/3507/3293 2917/1334/1293 1128/538/511
f 2915/2726/2624 2726/534/507 1124/32/28
f 1122/2432/2343 3437/2431/2342 1119/3508/3294
f 1119/3508/3294 3437/2431/2342 1120/3509/3295
f 3437/2431/2342 3432/3510/3296 1120/3509/3295
f 3437/2431/2342 1123/3511/3297 3432/3510/3296
f 3449/530/503 1112/2436/2347 581/2725/2623
f 1109/2437/2348 3449/530/503 1110/3512/3298
f 3449/530/503 581/2725/2623 1110/3512/3298
f 1068/1312/1271 1104/2446/2357 1105/2440/2351
f 1066/1311/1270 2752/2721/2619 2914/2448/2359
f 2752/2721/2619 583/2375/2287 2914/2448/2359
f 1102/2451/2362 1101/2450/2361 2760/1304/1264
f 3480/3513/3299 1102/2451/2362 2760/1304/1264
f 1101/2450/2361 35/3514/3300 2731/3515/3301
f 1099/3516/3302 1100/1325/1284 3611/1326/1285
f 1099/3516/3302 3611/1326/1285 1098/3498/3284
f 1095/2454/2365 1096/3052/2890 3610/2463/2374
f 1097/2452/2363 3610/2463/2374 1093/3517/3303
f 1095/2454/2365 3610/2463/2374 1097/2452/2363
f 1093/3517/3303 3610/2463/2374 1094/1322/1281
f 1091/3518/3304 3609/2723/2621 1089/2421/2332
f 1091/3518/3304 1092/2724/2622 3609/2723/2621
f 35/3514/3300 1013/3519/3305 3454/2457/2368
f 3455/2456/2367 3465/3520/3306 1085/3521/3307
f 1086/18/16 3465/3520/3306 3455/2456/2367
f 1086/18/16 1087/17/15 3465/3520/3306
f 1082/529/502 3456/3522/3308 589/329/304
f 1082/529/502 589/329/304 1080/524/497
f 2769/3523/3309 1076/2513/2423 1078/2722/2620
f 3461/2467/2378 2903/3524/3310 3608/333/308
f 1075/3525/3311 3461/2467/2378 1073/520/493
f 1073/520/493 3461/2467/2378 591/332/307
f 1072/2465/2376 3466/2471/2382 3462/2466/2377
f 1076/2513/2423 1000/2512/2422 1070/3526/3312
f 1069/2473/2384 593/3059/2896 2751/2474/2385
f 2749/2441/2352 1067/1310/1269 1068/1312/1271
f 2896/2475/2386 33/2720/2618 1066/1311/1270
f 1059/2477/2388 2756/2406/2317 2753/1148/1110
f 1063/2478/2389 1060/2486/2397 1059/2477/2388
f 1058/510/484 595/2718/2616 1057/2480/2391
f 597/3527/3313 1034/3528/487 1056/3529/293
f 2756/2406/2317 1049/2719/2617 1048/2409/2320
f 1045/517/490 599/519/492 1049/2719/2617
f 3477/3057/2895 1026/2498/2408 2758/326/301
f 1026/2498/2408 2759/3530/3314 2758/326/301
f 601/3056/2894 1039/3055/2893 1149/3531/3315
f 3607/497/471 1038/3532/3316 3471/3533/3317
f 1037/340/315 602/2479/2390 1060/2486/2397
f 3472/2519/2429 1036/338/313 1037/340/315
f 597/3534/3313 1032/511/485 1034/513/487
f 597/3534/3313 3473/3535/3318 1032/511/485
f 597/3534/3313 3474/3536/3319 3473/3535/3318
f 3479/2529/2439 1025/506/480 607/505/479
f 1024/2706/2607 1019/2501/2411 1023/3537/3320
f 960/2497/2407 1021/1161/1123 1022/3538/3321
f 1021/1161/1123 2785/1160/1122 1016/3054/2892
f 2766/1292/1253 1102/2451/2362 3480/3513/3299
f 1020/2500/2410 1012/2504/2414 1018/1293/1254
f 1016/3054/2892 1017/2509/2419 1015/2453/2364
f 2773/1286/1247 1011/16/14 2772/2716/2614
f 1007/2510/2420 1006/2714/2612 1003/2469/2380
f 1004/3051/2889 1005/504/478 1003/2469/2380
f 1001/2511/2421 1002/2515/2425 1000/2512/2422
f 999/346/321 1002/2515/2425 3481/344/319
f 997/2517/2427 612/1291/1252 1069/2473/2384
f 930/2541/2451 931/1258/1219 614/3539/3322
f 989/1282/1243 2796/3540/3323 616/498/472
f 637/500/474 2895/501/475 988/2713/2611
f 985/499/473 2775/345/320 3481/344/319
f 981/2525/2435 978/1279/1240 617/1281/1242
f 973/2711/2609 2778/3050/2888 618/2712/2610
f 980/3541/3324 974/3542/3325 973/2711/2609
f 972/2527/2437 943/348/323 971/347/322
f 604/3543/2399 969/3544/3326 1032/3545/485
f 2763/3546/3327 3486/515/489 967/3547/1258
f 629/2704/2606 29/2532/2442 962/1278/1239
f 29/2532/2442 622/2531/2441 962/1278/1239
f 961/2495/2405 937/1263/1224 623/1156/1118
f 632/2530/2440 959/1277/1238 622/2531/2441
f 958/1275/1236 3488/357/332 2784/1276/1237
f 960/2497/2407 3606/1164/1126 624/1159/1121
f 3488/357/332 956/492/466 957/2499/2409
f 3490/3548/3328 627/1272/1233 3489/1254/1215
f 3492/3549/3329 951/489/463 952/488/462
f 3492/3549/3329 3605/3550/3330 951/489/463
f 628/3551/3331 947/485/459 946/487/461
f 3494/1271/1232 628/3551/3331 946/487/461
f 944/2537/2447 945/1266/1227 943/348/323
f 942/3552/3332 938/3553/3333 630/3554/3334
f 941/3555/3335 942/3552/3332 630/3554/3334
f 939/3556/3336 940/3557/3337 3498/1264/1225
f 19/2538/2448 933/1162/1124 3606/1164/1126
f 631/2533/2443 19/2538/2448 3606/1164/1126
f 936/2540/2450 859/1233/1194 634/356/331
f 2815/3009/2856 926/3558/3338 2795/1257/1218
f 926/3558/3338 927/3559/3339 3505/3560/3340
f 2801/3561/3341 3508/493/467 918/2548/2458
f 2890/2570/2480 21/3042/2884 977/496/470
f 3511/3562/3342 907/1248/1209 927/3559/3339
f 15/2565/2475 899/2567/2477 901/2564/2474
f 901/2564/2474 899/2567/2477 898/1166/1128
f 2832/1220/1181 894/2569/2479 2801/3561/3341
f 921/1167/1129 2802/1246/1207 916/2551/2461
f 890/2698/2600 891/2700/2602 646/2699/2601
f 3605/3563/3330 888/3564/3343 951/3565/463
f 2889/1171/1133 2806/3566/1141 889/1240/1201
f 774/3567/396 772/3568/398 887/3569/3344
f 13/462/436 2888/3570/3345 2789/3571/1228
f 21/3042/2884 13/462/436 2789/3571/1228
f 2888/3570/3345 3517/3572/3346 885/3573/1229
f 848/3574/432 850/2571/435 884/3575/3347
f 3518/3576/3348 882/2696/2598 650/2694/2596
f 883/1234/1195 2884/2697/2599 882/2696/2598
f 881/2577/2484 3518/3576/3348 3524/2578/2485
f 3518/3576/3348 650/2694/2596 3524/2578/2485
f 878/466/440 3524/2578/2485 651/2695/2597
f 878/466/440 651/2695/2597 3496/467/441
f 3526/3577/3349 3604/359/334 652/358/333
f 877/3578/3350 3604/359/334 3526/3577/3349
f 876/2582/2489 3526/3577/3349 873/2580/2487
f 3526/3577/3349 874/2693/2595 873/2580/2487
f 3526/3577/3349 652/358/333 874/2693/2595
f 869/3579/3351 3530/3580/3352 3534/463/437
f 3534/463/437 3530/3580/3352 2881/3581/3353
f 3534/463/437 2881/3581/3353 867/464/438
f 842/455/430 2822/3582/3354 866/2585/2492
f 862/2588/2495 656/2539/2449 864/2589/2496
f 860/2594/2501 865/2595/2502 863/2593/2500
f 3538/3007/2854 3537/1172/1134 19/2538/2448
f 857/1231/1192 859/1233/1194 936/2540/2450
f 3540/3583/3355 832/3033/2876 854/3584/3356
f 832/3033/2876 2817/2558/2468 2816/3008/2855
f 846/2597/2504 847/1230/1191 845/2691/2593
f 837/1182/1143 659/1175/1137 677/370/345
f 2838/3034/2877 744/407/382 2825/3035/2878
f 835/3585/3357 661/3010/2857 836/1176/1138
f 833/1203/1164 834/3586/3358 835/3585/3357
f 3544/3587/3359 832/3033/2876 3540/3583/3355
f 829/3588/3360 831/2605/2512 662/2606/2513
f 3544/3587/3359 829/3588/3360 662/2606/2513
f 826/2689/2591 3602/450/425 3548/449/424
f 821/1184/1145 664/2688/2590 819/3589/3361
f 3552/2611/2518 818/445/420 813/1222/1183
f 814/440/415 818/445/420 3552/2611/2518
f 810/2614/2521 811/2615/2522 17/2556/2466
f 808/2616/2523 666/3590/3362 3559/436/411
f 807/3591/3363 808/2616/2523 3559/436/411
f 806/3592/3364 807/3591/3363 3559/436/411
f 3559/436/411 666/3590/3362 3554/437/412
f 793/2626/2533 796/2621/2528 3601/3593/3365
f 796/2621/2528 668/3594/3366 3601/3593/3365
f 793/2626/2533 3601/3593/3365 792/2619/2526
f 3601/3593/3365 668/3594/3366 792/2619/2526
f 667/365/340 670/3595/3367 3512/2562/2472
f 804/364/339 789/2629/2536 670/3595/3367
f 789/2629/2536 788/428/403 787/2563/2473
f 706/379/354 777/2633/2540 784/1219/1180
f 783/429/404 2876/427/402 782/2566/2476
f 781/2632/2539 775/1216/1177 776/1218/1179
f 2835/1213/1174 672/2598/2505 2875/1217/1178
f 180/2685/2587 768/4/4 769/3028/2872
f 765/3172/2994 3572/2908/2782 675/414/389
f 765/3172/2994 675/414/389 764/1212/1173
f 2874/3596/2543 2873/3597/2783 673/3598/2544
f 761/2684/2586 760/1211/1172 2819/3599/3368
f 3541/2599/2506 756/368/343 2872/1208/1169
f 753/2651/2553 678/3600/3369 752/369/344
f 747/2658/2560 745/2659/2561 746/406/381
f 3576/3601/3370 741/2683/2585 738/3602/3371
f 741/2683/2585 739/2680/2582 738/3602/3371
f 737/2678/2580 686/446/421 3577/2677/2579
f 3578/401/376 3577/2677/2579 735/2607/2514
f 734/400/375 3580/404/379 3578/401/376
f 732/396/371 3598/399/374 729/392/367
f 3598/399/374 2860/393/368 729/392/367
f 3581/390/365 728/3603/3372 691/3604/3373
f 3581/390/365 691/3604/3373 3587/2664/2566
f 3587/2664/2566 691/3604/3373 726/3605/3374
f 715/3606/3375 3590/3607/3376 3594/2671/2573
f 3594/2671/2573 3590/3607/3376 3561/3608/3377
f 3594/2671/2573 3561/3608/3377 714/2670/2572
f 713/3609/3378 711/1675/1623 696/3610/3379
f 713/3609/3378 696/3610/3379 3597/3611/3380
f 733/398/373 713/3609/3378 3597/3611/3380
f 733/398/373 3597/3611/3380 3595/381/356
f 3595/381/356 3597/3611/3380 712/382/357
f 720/2674/2576 708/2673/2575 697/3612/3381
f 703/376/351 702/2631/2538 2854/377/352
f 2332/108/86 3596/2676/2578 701/375/350
f 3596/2676/2578 700/117/92 698/1190/1151
f 2333/1692/1638 2328/115/90 3596/2676/2578
f 709/109/87 2332/108/86 701/375/350
f 701/375/350 698/1190/1151 703/376/351
f 2295/1672/1620 2343/106/84 704/378/353
f 2343/106/84 706/379/354 704/378/353
f 2295/1672/1620 704/378/353 191/121/96
f 2853/1193/1154 704/378/353 705/380/355
f 175/122/97 704/378/353 2853/1193/1154
f 2342/2672/2574 709/109/87 708/2673/2575
f 720/2674/2576 697/3612/3381 2848/1187/1148
f 697/3612/3381 1/3613/3382 2848/1187/1148
f 711/1675/1623 710/1192/1153 696/3610/3379
f 696/3610/3379 2852/3614/3383 695/3615/3384
f 696/3610/3379 710/1192/1153 2857/1191/1152
f 175/122/97 710/1192/1153 711/1675/1623
f 3598/399/374 3595/381/356 688/372/347
f 3598/399/374 733/398/373 3595/381/356
f 176/3616/3385 2301/1673/1621 713/3609/3378
f 2301/1673/1621 711/1675/1623 713/3609/3378
f 3591/2668/2570 715/3606/3375 3594/2671/2573
f 2847/1185/1146 3591/2668/2570 3593/2669/2571
f 2847/1185/1146 3593/2669/2571 3687/3015/2862
f 3/3617/3386 3593/2669/2571 3562/2623/2530
f 3687/3015/2862 3593/2669/2571 3/3617/3386
f 3593/2669/2571 3594/2671/2573 714/2670/2572
f 689/373/348 3591/2668/2570 2847/1185/1146
f 712/382/357 695/3615/3384 716/1195/1156
f 3597/3611/3380 695/3615/3384 712/382/357
f 712/382/357 3590/3607/3376 715/3606/3375
f 712/382/357 716/1195/1156 3590/3607/3376
f 3588/387/362 2305/3618/3387 719/388/363
f 741/2683/2585 3589/384/359 684/2681/2583
f 741/2683/2585 723/2666/2568 3589/384/359
f 684/2681/2583 3589/384/359 685/3619/3388
f 177/3179/3001 2305/3618/3387 3588/387/362
f 177/3179/3001 3588/387/362 3576/3601/3370
f 3576/3601/3370 3588/387/362 741/2683/2585
f 3588/387/362 723/2666/2568 741/2683/2585
f 723/2666/2568 725/389/364 724/2667/2569
f 3588/387/362 725/389/364 723/2666/2568
f 727/391/366 3581/390/365 3587/2664/2566
f 3586/2665/2567 3585/3620/3389 5/2/2
f 3586/2665/2567 3587/2664/2566 3585/3620/3389
f 685/3619/3388 722/386/361 3584/2662/2564
f 685/3619/3388 3584/2662/2564 2842/3014/2861
f 2842/3014/2861 3584/2662/2564 2843/2663/2565
f 724/2667/2569 693/1199/1160 3583/1198/1159
f 722/386/361 721/385/360 3582/3621/3390
f 721/385/360 3583/1198/1159 3582/3621/3390
f 722/386/361 3582/3621/3390 3581/390/365
f 3580/404/379 731/397/372 3578/401/376
f 731/397/372 2862/2661/2563 3578/401/376
f 190/403/378 2340/1680/1628 3579/395/370
f 190/403/378 3579/395/370 3580/404/379
f 2340/1680/1628 176/3616/3385 3579/395/370
f 3575/2653/2555 736/402/377 748/409/384
f 734/400/375 736/402/377 3575/2653/2555
f 3094/3180/3002 734/400/375 3575/2653/2555
f 736/402/377 3578/401/376 735/2607/2514
f 3578/401/376 2862/2661/2563 3577/2677/2579
f 740/3622/3391 3576/3601/3370 738/3602/3371
f 743/2660/2562 740/3622/3391 683/2656/2558
f 740/3622/3391 738/3602/3371 683/2656/2558
f 738/3602/3371 2867/2657/2559 683/2656/2558
f 2339/1681/1629 740/3622/3391 743/2660/2562
f 2339/1681/1629 177/3179/3001 3576/3601/3370
f 2307/987/954 188/986/953 742/405/380
f 751/3623/3392 2307/987/954 742/405/380
f 742/405/380 683/2656/2558 746/406/381
f 683/2656/2558 747/2658/2560 746/406/381
f 3093/2650/2552 681/408/383 678/3600/3369
f 678/3600/3369 750/410/385 2871/1181/1142
f 681/408/383 750/410/385 678/3600/3369
f 841/1205/1166 680/1684/1632 679/3624/3393
f 753/2651/2553 752/369/344 754/3625/3394
f 3093/2650/2552 678/3600/3369 753/2651/2553
f 179/3171/2993 754/3625/3394 3599/367/342
f 179/3171/2993 185/2649/2551 754/3625/3394
f 3599/367/342 754/3625/3394 2837/1207/1168
f 754/3625/3394 755/371/346 2837/1207/1168
f 3569/3626/3395 3089/3627/3396 3574/411/386
f 3569/3626/3395 3574/411/386 3568/2643/2548
f 3574/411/386 3573/413/388 3565/2640/2546
f 3568/2643/2548 3574/411/386 3565/2640/2546
f 184/2648/2550 179/3171/2993 3599/367/342
f 3572/2908/2782 757/366/341 675/414/389
f 675/414/389 3541/2599/2506 10/2634/2541
f 675/414/389 756/368/343 3541/2599/2506
f 658/2645/431 759/417/392 848/3628/432
f 658/2645/431 758/2647/1647 759/417/392
f 658/2645/431 3571/2644/1648 758/2647/1647
f 761/2684/2586 2818/3629/3397 11/5/5
f 2818/3629/3397 761/2684/2586 2819/3599/3368
f 3568/2643/2548 762/2642/1642 3569/3630/3395
f 673/3598/2544 762/2642/1642 3567/2641/2547
f 673/3598/2544 181/3631/1645 762/2642/1642
f 673/3598/2544 2873/3597/2783 181/3631/1645
f 771/3632/397 673/3598/2544 763/3633/3398
f 763/3633/3398 3567/2641/2547 3568/2643/2548
f 763/3633/3398 3568/2643/2548 3565/2640/2546
f 766/418/393 765/3172/2994 764/1212/1173
f 2334/116/91 766/418/393 700/117/92
f 2344/104/82 3600/2686/2588 2855/105/83
f 3566/2635/2542 3565/2640/2546 3542/454/429
f 770/420/395 771/422/397 763/3634/3398
f 771/422/397 774/421/396 648/2639/2545
f 3566/2635/2542 3542/454/429 3516/2636/2493
f 773/424/399 770/420/395 3566/2635/2542
f 2835/1213/1174 2875/1217/1178 775/1216/1177
f 2856/1189/1150 767/1214/1175 775/1216/1177
f 2833/3030/2873 776/1218/1179 14/472/446
f 781/2632/2539 776/1218/1179 2833/3030/2873
f 769/3028/2872 779/470/444 3600/2686/2588
f 3600/2686/2588 778/469/443 777/2633/2540
f 788/428/403 783/429/404 787/2563/2473
f 671/425/400 2876/427/402 783/429/404
f 705/380/355 706/379/354 784/1219/1180
f 705/380/355 786/1221/1182 785/2630/2537
f 705/380/355 784/1219/1180 786/1221/1182
f 697/3612/3381 2854/377/352 789/2629/2536
f 1/3613/3382 697/3612/3381 789/2629/2536
f 1/3613/3382 789/2629/2536 804/364/339
f 667/365/340 804/364/339 670/3595/3367
f 796/2621/2528 790/2628/2535 668/3594/3366
f 790/2628/2535 669/430/405 668/3594/3366
f 2850/1196/1157 2851/1197/1158 790/2628/2535
f 694/2620/2527 717/1194/1155 796/2621/2528
f 717/1194/1155 2850/1196/1157 796/2621/2528
f 2851/1197/1158 3564/431/406 790/2628/2535
f 817/444/419 794/2625/2532 665/2687/2589
f 794/2625/2532 791/2627/2534 665/2687/2589
f 3550/2609/2516 3562/2623/2530 816/443/418
f 3/3617/3386 3562/2623/2530 3550/2609/2516
f 714/2670/2572 3563/2624/2531 3562/2623/2530
f 816/443/418 794/2625/2532 817/444/419
f 694/2620/2527 795/2622/2529 3561/3608/3377
f 714/2670/2572 3561/3608/3377 3563/2624/2531
f 3563/2624/2531 3561/3608/3377 793/2626/2533
f 3561/3608/3377 795/2622/2529 793/2626/2533
f 2829/1224/1185 798/2617/2524 799/2555/2465
f 665/2687/2589 791/2627/2534 2877/1223/1184
f 791/2627/2534 792/2619/2526 2877/1223/1184
f 2877/1223/1184 798/2617/2524 2829/1224/1185
f 668/3594/3366 798/2617/2524 792/2619/2526
f 668/3594/3366 669/430/405 798/2617/2524
f 808/2616/2523 803/435/410 666/3590/3362
f 692/3635/3399 2859/1201/1162 807/3591/3363
f 807/3591/3363 2859/1201/1162 808/2616/2523
f 2848/1187/1148 1/3613/3382 3560/433/408
f 3560/433/408 1/3613/3382 802/434/409
f 3556/3636/3400 806/3592/3364 805/438/413
f 806/3592/3364 3559/436/411 805/438/413
f 3556/3636/3400 805/438/413 3558/453/428
f 3558/453/428 805/438/413 663/3637/3401
f 3585/3620/3389 726/3605/3374 3557/3638/3402
f 3547/2603/2510 3557/3638/3402 828/452/427
f 5/2/2 3585/3620/3389 3547/2603/2510
f 3585/3620/3389 3557/3638/3402 3547/2603/2510
f 828/452/427 3556/3636/3400 3558/453/428
f 726/3605/3374 691/3604/3373 3555/3639/3403
f 691/3604/3373 692/3635/3399 3555/3639/3403
f 726/3605/3374 3555/3639/3403 3557/3638/3402
f 3555/3639/3403 807/3591/3363 806/3592/3364
f 3557/3638/3402 3555/3639/3403 806/3592/3364
f 2827/3031/2874 809/2612/2519 810/2614/2521
f 663/3637/3401 3554/437/412 2827/3031/2874
f 663/3637/3401 805/438/413 3554/437/412
f 2827/3031/2874 3554/437/412 809/2612/2519
f 666/3590/3362 803/435/410 3553/2613/2520
f 3554/437/412 666/3590/3362 809/2612/2519
f 666/3590/3362 3553/2613/2520 809/2612/2519
f 822/441/416 814/440/415 3552/2611/2518
f 823/447/422 822/441/416 812/2610/2517
f 664/2688/2590 812/2610/2517 2878/1225/1186
f 2844/3019/2866 3549/2608/2515 3551/439/414
f 687/3640/3404 2844/3019/2866 3551/439/414
f 687/3640/3404 3551/439/414 822/441/416
f 2/3020/2867 3/3617/3386 3550/2609/2516
f 2/3020/2867 3550/2609/2516 3549/2608/2515
f 2844/3019/2866 2/3020/2867 3549/2608/2515
f 3549/2608/2515 815/442/417 814/440/415
f 834/3586/3358 821/1184/1145 819/3589/3361
f 821/1184/1145 735/2607/2514 823/447/422
f 821/1184/1145 823/447/422 664/2688/2590
f 819/3589/3361 820/3641/3405 824/2553/2463
f 819/3589/3361 824/2553/2463 834/3586/3358
f 819/3589/3361 2878/1225/1186 820/3641/3405
f 819/3589/3361 664/2688/2590 2878/1225/1186
f 830/3642/3406 3548/449/424 825/448/423
f 831/2605/2512 830/3642/3406 825/448/423
f 2868/3643/3407 2840/3024/2871 3545/3644/3408
f 682/3645/3409 2868/3643/3407 830/3642/3406
f 830/3642/3406 2868/3643/3407 3548/449/424
f 3545/3644/3408 6/3/3 3546/2604/2511
f 2840/3024/2871 6/3/3 3545/3644/3408
f 6/3/3 5/2/2 3547/2603/2510
f 3545/3644/3408 3546/2604/2511 827/451/426
f 3545/3644/3408 827/451/426 826/2689/2591
f 744/407/382 829/3588/3360 3544/3587/3359
f 744/407/382 3544/3587/3359 2825/3035/2878
f 745/2659/2561 682/3645/3409 830/3642/3406
f 2825/3035/2878 3540/3583/3355 3539/3036/2879
f 2825/3035/2878 3544/3587/3359 3540/3583/3355
f 3544/3587/3359 662/2606/2513 832/3033/2876
f 749/2602/2509 833/1203/1164 835/3585/3357
f 659/1175/1137 835/3585/3357 836/1176/1138
f 679/3624/3393 2838/3034/2877 660/3646/3410
f 2839/1183/1144 744/407/382 2838/3034/2877
f 841/1205/1166 679/3624/3393 2823/3647/3411
f 2823/3647/3411 660/3646/3410 3538/3007/2854
f 2837/1207/1168 755/371/346 843/1229/1190
f 755/371/346 677/370/345 838/2601/2508
f 838/2601/2508 839/2591/2498 18/2590/2497
f 843/1229/1190 838/2601/2508 3543/2600/2507
f 838/2601/2508 677/370/345 839/2591/2498
f 840/1206/1167 2822/3582/3354 3573/413/388
f 3565/2640/2546 3573/413/388 3542/454/429
f 2872/1208/1169 843/1229/1190 844/1228/1189
f 2872/1208/1169 2837/1207/1168 843/1229/1190
f 672/2598/2505 844/1228/1189 846/2597/2504
f 649/458/433 848/457/432 884/3648/3347
f 848/457/432 759/459/392 850/461/435
f 849/460/434 3688/3649/3412 948/3650/460
f 850/461/435 849/460/434 948/3650/460
f 649/458/433 3570/3651/2549 658/456/431
f 13/462/436 853/362/337 2887/3652/3413
f 853/362/337 3603/3653/3414 2807/3654/3415
f 3603/3653/3414 851/3655/3416 2807/3654/3415
f 2887/3652/3413 853/362/337 2807/3654/3415
f 832/3033/2876 2816/3008/2855 854/3584/3356
f 832/3033/2876 17/2556/2466 2817/2558/2468
f 657/1173/1135 3540/3583/3355 854/3584/3356
f 3539/3036/2879 3540/3583/3355 657/1173/1135
f 657/1173/1135 854/3584/3356 855/2542/2452
f 661/3010/2857 856/2552/2462 858/2596/2503
f 858/2596/2503 856/2552/2462 857/1231/1192
f 860/2594/2501 858/2596/2503 865/2595/2502
f 836/1176/1138 858/2596/2503 860/2594/2501
f 2824/1177/1139 836/1176/1138 860/2594/2501
f 3538/3007/2854 3539/3036/2879 3537/1172/1134
f 660/3646/3410 3539/3036/2879 3538/3007/2854
f 839/2591/2498 2824/1177/1139 863/2593/2500
f 871/3656/3417 3536/2592/2499 861/3657/3418
f 871/3656/3417 861/3657/3418 655/3658/3419
f 870/3659/3420 3536/2592/2499 871/3656/3417
f 18/2590/2497 3536/2592/2499 870/3659/3420
f 3685/3006/2853 3535/2587/2494 3499/3660/3421
f 3535/2587/2494 864/2589/2496 3499/3660/3421
f 655/3658/3419 3535/2587/2494 2812/3005/2852
f 655/3658/3419 861/3657/3418 3535/2587/2494
f 3516/2586/2493 866/2585/2492 3500/3661/3422
f 3531/3662/3423 3534/463/437 3533/2584/2491
f 3531/3662/3423 869/3579/3351 3534/463/437
f 877/3578/3350 3531/3662/3423 3533/2584/2491
f 877/3578/3350 3533/2584/2491 3604/359/334
f 3604/359/334 3532/2583/2490 653/360/335
f 3604/359/334 3533/2584/2491 3532/2583/2490
f 2820/2690/2592 2821/3037/2880 3528/3663/3424
f 3528/3663/3424 3531/3662/3423 877/3578/3350
f 3528/3663/3424 869/3579/3351 3531/3662/3423
f 18/2590/2497 870/3659/3420 2821/3037/2880
f 2821/3037/2880 3530/3580/3352 869/3579/3351
f 2821/3037/2880 870/3659/3420 3530/3580/3352
f 875/3664/3425 876/2582/2489 3529/2701/2603
f 876/2582/2489 872/2579/2486 3529/2701/2603
f 891/2700/2602 875/3664/3425 3529/2701/2603
f 3529/2701/2603 872/2579/2486 647/2581/2488
f 845/2691/2593 875/3664/3425 891/2700/2602
f 846/2597/2504 845/2691/2593 891/2700/2602
f 12/3013/2860 846/2597/2504 891/2700/2602
f 3527/3665/3426 3528/3663/3424 3525/3666/3427
f 3527/3665/3426 2820/2690/2592 3528/3663/3424
f 3527/3665/3426 3525/3666/3427 875/3664/3425
f 845/2691/2593 3527/3665/3426 875/3664/3425
f 3525/3666/3427 3526/3577/3349 876/2582/2489
f 875/3664/3425 3525/3666/3427 876/2582/2489
f 3522/2576/2483 881/2577/2484 878/466/440
f 20/1242/1203 879/468/442 941/3555/3335
f 20/1242/1203 2804/2575/2482 879/468/442
f 2804/2575/2482 878/466/440 879/468/442
f 3523/3667/3428 874/2693/2595 880/3668/3429
f 873/2580/2487 874/2693/2595 3523/3667/3428
f 647/2581/2488 873/2580/2487 3523/3667/3428
f 647/2581/2488 3523/3667/3428 3522/2576/2483
f 647/2581/2488 3522/2576/2483 2804/2575/2482
f 3523/3667/3428 880/3668/3429 3522/2576/2483
f 3519/2692/2594 654/361/336 3520/3669/3430
f 654/361/336 3521/2574/2481 3520/3669/3430
f 874/2693/2595 3519/2692/2594 880/3668/3429
f 3519/2692/2594 3520/3669/3430 880/3668/3429
f 880/3668/3429 3518/3576/3348 881/2577/2484
f 880/3668/3429 3520/3669/3430 3518/3576/3348
f 628/3670/3331 884/3575/3347 947/2573/459
f 947/2573/459 884/3575/3347 850/2571/435
f 628/3670/3331 2886/3671/3431 884/3575/3347
f 886/3672/1231 2886/3671/3431 628/3670/3331
f 2886/3671/3431 649/3673/433 884/3575/3347
f 2789/3571/1228 2888/3570/3345 885/3573/1229
f 888/3564/3343 772/3568/398 3515/3674/3432
f 888/3564/3343 887/3569/3344 772/3568/398
f 889/1240/1201 648/3675/2545 774/3567/396
f 889/1240/1201 2806/3566/1141 648/3675/2545
f 889/1240/1201 774/3567/396 887/3569/3344
f 951/3565/463 888/3564/3343 3515/3674/3432
f 3515/3674/3432 3516/2586/2493 3500/3661/3422
f 892/473/447 890/2698/2600 2803/1241/1202
f 892/473/447 2803/1241/1202 645/1243/1204
f 776/1218/1179 12/3013/2860 892/473/447
f 14/472/446 776/1218/1179 892/473/447
f 892/473/447 893/3676/3433 895/1244/1205
f 895/1244/1205 893/3676/3433 22/1245/1206
f 892/473/447 645/1243/1204 893/3676/3433
f 899/2567/2477 2802/1246/1207 921/1167/1129
f 898/1166/1128 899/2567/2477 921/1167/1129
f 896/2568/2478 2802/1246/1207 899/2567/2477
f 785/2630/2537 786/1221/1182 16/2702/2604
f 16/2702/2604 897/478/452 3507/2545/2455
f 902/3677/3434 901/2564/2474 898/1166/1128
f 787/2563/2473 15/2565/2475 901/2564/2474
f 667/365/340 3512/2562/2472 906/3012/2859
f 3512/2562/2472 900/3678/3435 906/3012/2859
f 3512/2562/2472 902/3677/3434 900/3678/3435
f 900/3678/3435 643/1247/1208 23/3004/2851
f 905/1249/1210 900/3678/3435 23/3004/2851
f 900/3678/3435 902/3677/3434 643/1247/1208
f 797/2618/2525 2831/2561/2471 903/2560/2470
f 799/2555/2465 797/2618/2525 909/1251/1212
f 797/2618/2525 903/2560/2470 909/1251/1212
f 2799/1252/1213 904/2559/2469 3504/2543/2453
f 903/2560/2470 642/2544/2454 904/2559/2469
f 2830/3011/2858 906/3012/2859 908/2557/2467
f 811/2615/2522 2830/3011/2858 908/2557/2467
f 17/2556/2466 811/2615/2522 908/2557/2467
f 2817/2558/2468 3511/3562/3342 2815/3009/2856
f 908/2557/2467 907/1248/1209 3511/3562/3342
f 2817/2558/2468 908/2557/2467 3511/3562/3342
f 3510/1227/1188 909/1251/1212 911/3679/3436
f 824/2553/2463 911/3679/3436 910/2554/2464
f 2814/1232/1193 910/2554/2464 912/3680/3437
f 910/2554/2464 913/1253/1214 912/3680/3437
f 2890/2570/2480 977/496/470 644/471/445
f 894/2569/2479 644/471/445 3508/493/467
f 644/471/445 977/496/470 3508/493/467
f 916/2551/2461 22/1245/1206 915/475/449
f 921/1167/1129 3509/2549/2459 920/1168/1130
f 920/1168/1130 3509/2549/2459 638/2550/2460
f 921/1167/1129 916/2551/2461 3509/2549/2459
f 638/2550/2460 641/477/451 917/2526/2436
f 2801/3561/3341 894/2569/2479 3508/493/467
f 897/478/452 2797/480/454 3507/2545/2455
f 23/3004/2851 643/1247/1208 925/3681/3438
f 925/3681/3438 922/3682/3439 2796/3540/3323
f 927/3559/3339 2800/1250/1211 3505/3560/3340
f 2815/3009/2856 3511/3562/3342 926/3558/3338
f 926/3558/3338 3505/3560/3340 928/2520/2430
f 2814/1232/1193 912/3680/3437 932/1259/1220
f 912/3680/3437 2798/481/455 932/1259/1220
f 932/1259/1220 636/483/457 929/10/10
f 854/3584/3356 2815/3009/2856 3503/1256/1217
f 855/2542/2452 854/3584/3356 3503/1256/1217
f 855/2542/2452 3503/1256/1217 930/2541/2451
f 859/1233/1194 932/1259/1220 3502/1260/1221
f 859/1233/1194 3502/1260/1221 634/356/331
f 2814/1232/1193 932/1259/1220 859/1233/1194
f 935/1261/1222 634/356/331 2793/484/458
f 3537/1172/1134 933/1162/1124 19/2538/2448
f 934/353/328 936/2540/2450 935/1261/1222
f 3499/3660/3421 864/2589/2496 939/3556/3336
f 864/2589/2496 940/3557/3337 939/3556/3336
f 864/2589/2496 656/2539/2449 934/353/328
f 864/2589/2496 934/353/328 940/3557/3337
f 2790/1265/1226 3501/355/330 632/2530/2440
f 2790/1265/1226 632/2530/2440 29/2532/2442
f 866/2585/2492 937/1263/1224 3500/3661/3422
f 3500/3661/3422 937/1263/1224 954/3683/3440
f 938/3553/3333 3498/1264/1225 630/3554/3334
f 2809/3040/2883 3499/3660/3421 3497/3684/3441
f 2808/3685/3442 2809/3040/2883 3497/3684/3441
f 651/2695/2597 2808/3685/3442 3497/3684/3441
f 3497/3684/3441 938/3553/3333 942/3552/3332
f 2809/3040/2883 3685/3006/2853 3499/3660/3421
f 939/3556/3336 3498/1264/1225 938/3553/3333
f 3491/3686/3443 630/3554/3334 944/2537/2447
f 3491/3686/3443 941/3555/3335 630/3554/3334
f 3491/3686/3443 944/2537/2447 955/1273/1234
f 879/468/442 3496/467/441 941/3555/3335
f 20/1242/1203 941/3555/3335 3491/3686/3443
f 651/2695/2597 3497/3684/3441 3496/467/441
f 3496/467/441 942/3552/3332 941/3555/3335
f 630/3554/3334 945/1266/1227 944/2537/2447
f 3495/3687/3444 1052/3688/2402 966/3689/2401
f 3495/3687/3444 948/3690/460 1052/3688/2402
f 948/3690/460 3688/3691/3412 1052/3688/2402
f 946/3692/461 3495/3687/3444 966/3689/2401
f 620/2536/2446 2893/3693/3445 3494/1271/1232
f 886/1270/1231 628/3551/3331 3494/1271/1232
f 24/3043/2885 2892/3694/3446 2780/3695/3447
f 2892/3694/3446 949/1269/1230 2780/3695/3447
f 950/490/464 3515/3696/3432 3500/3661/3422
f 950/490/464 951/489/463 3515/3696/3432
f 3493/2705/326 619/3697/325 3492/3549/3329
f 889/3698/1201 3605/3550/3330 3492/3549/3329
f 954/3683/3440 953/491/465 950/490/464
f 954/3683/3440 950/490/464 3500/3661/3422
f 627/1272/1233 3491/3686/3443 955/1273/1234
f 645/1243/1204 3491/3686/3443 3490/3548/3328
f 3490/3548/3328 3491/3686/3443 627/1272/1233
f 645/1243/1204 20/1242/1203 3491/3686/3443
f 915/475/449 3490/3548/3328 3489/1254/1215
f 22/1245/1206 893/3676/3433 3490/3548/3328
f 22/1245/1206 3490/3548/3328 915/475/449
f 893/3676/3433 645/1243/1204 3490/3548/3328
f 627/1272/1233 626/1274/1235 3489/1254/1215
f 632/2530/2440 958/1275/1236 959/1277/1238
f 2791/3045/2887 958/1275/1236 632/2530/2440
f 2793/484/458 3488/357/332 2791/3045/2887
f 2791/3045/2887 3488/357/332 958/1275/1236
f 622/2531/2441 959/1277/1238 2782/1154/1116
f 937/1263/1224 2891/1157/1119 623/1156/1118
f 2891/1157/1119 631/2533/2443 960/2497/2407
f 954/3683/3440 937/1263/1224 961/2495/2405
f 954/3683/3440 961/2495/2405 3484/512/486
f 629/2704/2606 962/1278/1239 963/3699/3448
f 945/1266/1227 29/2532/2442 629/2704/2606
f 2894/349/324 964/2528/2438 31/2494/2404
f 943/348/323 963/3699/3448 964/2528/2438
f 965/2709/2608 966/3700/2401 1028/3701/3449
f 965/2709/2608 946/2708/461 966/3700/2401
f 968/3702/1259 965/2709/2608 605/3703/2400
f 968/3702/1259 3487/3704/3450 965/2709/2608
f 3487/3704/3450 2893/3705/3445 620/2707/2446
f 3487/3704/3450 620/2707/2446 965/2709/2608
f 969/3544/3326 953/3706/465 954/3707/3440
f 3485/2710/2398 970/352/327 3493/351/326
f 604/3543/2399 953/3706/465 969/3544/3326
f 604/3543/2399 3485/2710/2398 953/3706/465
f 3485/2710/2398 3493/351/326 953/3706/465
f 626/1274/1235 971/347/322 974/3542/3325
f 25/2535/2445 974/3542/3325 980/3541/3324
f 980/3541/3324 973/2711/2609 2777/1280/1241
f 973/2711/2609 974/3542/3325 2778/3050/2888
f 3508/493/467 977/496/470 976/494/468
f 975/495/469 976/494/468 2776/3708/3451
f 25/2535/2445 980/3541/3324 979/3044/2886
f 2775/345/320 981/2525/2435 3482/2518/2428
f 918/2548/2458 26/3709/3452 639/2524/2434
f 639/2524/2434 982/502/476 2895/501/475
f 638/2550/2460 917/2526/2436 983/2523/2433
f 616/498/472 984/3710/3453 985/499/473
f 2796/3540/3323 984/3710/3453 616/498/472
f 616/498/472 3481/344/319 2774/1283/1244
f 924/2703/2605 637/500/474 986/1285/1246
f 986/1285/1246 987/2715/2613 2773/1286/1247
f 637/500/474 988/2713/2611 986/1285/1246
f 986/1285/1246 988/2713/2611 987/2715/2613
f 3505/3560/3340 2796/3540/3323 989/1282/1243
f 3505/3560/3340 989/1282/1243 990/3711/3454
f 928/2520/2430 990/3711/3454 615/2506/2416
f 928/2520/2430 3505/3560/3340 990/3711/3454
f 929/10/10 635/1165/1127 992/11/11
f 625/2534/2444 992/11/11 2787/2503/2413
f 931/1258/1219 994/2521/2431 614/3539/3322
f 998/2514/2424 996/2516/2426 997/2517/2427
f 26/3709/3452 2770/3003/2850 982/502/476
f 26/3709/3452 2776/3708/3451 2770/3003/2850
f 1005/504/478 3467/503/477 34/2476/2387
f 2774/1283/1244 3481/344/319 1008/342/317
f 3481/344/319 1002/2515/2425 1001/2511/2421
f 2895/501/475 1005/504/478 1004/3051/2889
f 987/2715/2613 1006/2714/2612 1007/2510/2420
f 2773/1286/1247 1007/2510/2420 1011/16/14
f 987/2715/2613 1007/2510/2420 2773/1286/1247
f 990/3711/3454 2774/1283/1244 1009/341/316
f 1009/341/316 2774/1283/1244 1008/342/317
f 615/2506/2416 1009/341/316 610/3712/3455
f 1014/2507/2417 615/2506/2416 610/3712/3455
f 615/2506/2416 990/3711/3454 1009/341/316
f 610/3712/3455 1077/2464/2375 1096/3052/2890
f 1010/343/318 1077/2464/2375 610/3712/3455
f 1009/341/316 1010/343/318 610/3712/3455
f 2787/2503/2413 993/1287/1248 1012/2504/2414
f 993/1287/1248 2772/2716/2614 1012/2504/2414
f 2767/1294/1255 1013/3519/3305 35/3514/3300
f 1012/2504/2414 1013/3519/3305 2767/1294/1255
f 1012/2504/2414 611/2717/2615 1013/3519/3305
f 613/2505/2415 1014/2507/2417 995/2508/2418
f 1016/3054/2892 1015/2453/2364 1039/3055/2893
f 995/2508/2418 1017/2509/2419 1016/3054/2892
f 1020/2500/2410 1018/1293/1254 1019/2501/2411
f 2786/2502/2412 1012/2504/2414 1020/2500/2410
f 957/2499/2409 2786/2502/2412 1020/2500/2410
f 2766/1292/1253 3480/3513/3299 2765/3713/3456
f 1023/3537/3320 1019/2501/2411 2766/1292/1253
f 1019/2501/2411 1018/1293/1254 2766/1292/1253
f 960/2497/2407 1022/3538/3321 1026/2498/2408
f 1025/506/480 1024/2706/2607 1023/3537/3320
f 1025/506/480 1023/3537/3320 3478/507/481
f 2781/1155/1117 3479/2529/2439 607/505/479
f 3479/2529/2439 1024/2706/2607 1025/506/480
f 607/505/479 3478/507/481 2764/1296/1257
f 2764/1296/1257 608/2484/2395 1046/518/491
f 3484/512/486 961/2495/2405 1034/513/487
f 961/2495/2405 623/1156/1118 3477/3057/2895
f 961/2495/2405 3477/3057/2895 3470/2496/2406
f 621/1153/1115 2898/1295/1256 1027/2493/2403
f 2782/1154/1116 3479/2529/2439 2781/1155/1117
f 1035/514/488 31/2494/2404 3476/508/482
f 964/2528/2438 1027/2493/2403 31/2494/2404
f 964/2528/2438 621/1153/1115 1027/2493/2403
f 603/339/314 3476/508/482 1058/510/484
f 1035/514/488 3476/508/482 603/339/314
f 3476/508/482 1027/2493/2403 2898/1295/1256
f 1028/3714/3449 1051/2492/548 1050/3715/547
f 1028/3714/3449 966/2490/2401 1051/2492/548
f 3475/1299/1260 605/2489/2400 1050/3715/547
f 1030/3716/3457 1050/3715/547 598/3717/545
f 1030/3716/3457 3475/1299/1260 1050/3715/547
f 3473/3535/3318 3474/3536/3319 604/2488/2399
f 3474/3536/3319 1033/1300/1261 604/2488/2399
f 618/2712/2610 1035/514/488 1036/338/313
f 3472/2519/2429 1037/340/315 3483/1288/1249
f 3472/2519/2429 618/2712/2610 1036/338/313
f 3483/1288/1249 1037/340/315 32/1289/1250
f 2776/3708/3451 976/494/468 3471/3533/3317
f 2776/3708/3451 3471/3533/3317 2770/3003/2850
f 976/494/468 3607/497/471 3471/3533/3317
f 2770/3003/2850 3471/3533/3317 33/2720/2618
f 1026/2498/2408 1040/3718/3458 2759/3530/3314
f 1026/2498/2408 1022/3538/3321 1040/3718/3458
f 608/2484/2395 2765/3713/3456 1041/2485/2396
f 2765/3713/3456 3480/3513/3299 1041/2485/2396
f 608/2484/2395 1043/2483/2394 1046/518/491
f 1042/2482/2393 3424/2413/2324 1048/2409/2320
f 1174/3719/2315 3470/2496/2406 3423/328/303
f 1034/3528/487 3470/2496/2406 1174/3719/2315
f 3470/2496/2406 3477/3057/2895 3423/328/303
f 1047/2481/2392 1049/2719/2617 595/2718/2616
f 1047/2481/2392 1045/517/490 1049/2719/2617
f 2764/1296/1257 1046/518/491 1045/517/490
f 1058/510/484 1047/2481/2392 595/2718/2616
f 606/509/483 1045/517/490 1047/2481/2392
f 1050/3720/547 1171/3721/549 598/3722/545
f 1052/3723/2402 3688/3724/3412 1171/3725/549
f 1051/3726/548 1052/3723/2402 1171/3725/549
f 1055/3727/3459 1030/3728/3457 598/3722/545
f 596/3729/3460 3474/3730/3319 597/3527/3313
f 3469/3731/292 596/3729/3460 597/3527/3313
f 1056/3529/293 3469/3731/292 597/3527/3313
f 1060/2486/2397 1057/2480/2391 1059/2477/2388
f 602/2479/2390 1057/2480/2391 1060/2486/2397
f 32/1289/1250 1060/2486/2397 1063/2478/2389
f 2753/1148/1110 1061/579/551 3413/578/550
f 3471/3533/3317 1038/3532/3316 33/2720/2618
f 33/2720/2618 3414/3491/3277 2752/2721/2619
f 33/2720/2618 1038/3532/3316 3414/3491/3277
f 612/1291/1252 1062/1147/1109 1064/3732/3461
f 1064/3732/3461 1062/1147/1109 1065/1309/1268
f 612/1291/1252 32/1289/1250 1062/1147/1109
f 1069/2473/2384 1064/3732/3461 593/3059/2896
f 1069/2473/2384 612/1291/1252 1064/3732/3461
f 593/3059/2896 3412/2399/2311 2750/2400/2312
f 1064/3732/3461 1065/1309/1268 3412/2399/2311
f 593/3059/2896 1064/3732/3461 3412/2399/2311
f 34/2476/2387 1067/1310/1269 2749/2441/2352
f 1000/2512/2422 2751/2474/2385 1070/3526/3312
f 1000/2512/2422 2897/2472/2383 2751/2474/2385
f 3465/3520/3306 3466/2471/2382 1072/2465/2376
f 1087/17/15 3466/2471/2382 3465/3520/3306
f 3465/3520/3306 1072/2465/2376 588/3733/3462
f 1007/2510/2420 3466/2471/2382 1087/17/15
f 1007/2510/2420 1003/2469/2380 3466/2471/2382
f 3463/2468/2379 1075/3525/3311 1073/520/493
f 2742/3000/2849 3463/2468/2379 37/25/21
f 37/25/21 3463/2468/2379 38/26/22
f 588/3733/3462 1072/2465/2376 3464/3734/3463
f 2906/1317/1276 3464/3734/3463 1075/3525/3311
f 588/3733/3462 3464/3734/3463 2906/1317/1276
f 2742/3000/2849 1075/3525/3311 3463/2468/2379
f 2906/1317/1276 1075/3525/3311 2742/3000/2849
f 3466/2471/2382 2903/3524/3310 3462/2466/2377
f 1072/2465/2376 3461/2467/2378 3464/3734/3463
f 3464/3734/3463 3461/2467/2378 1075/3525/3311
f 1010/343/318 2769/3523/3309 1078/2722/2620
f 2769/3523/3309 1001/2511/2421 1076/2513/2423
f 1096/3052/2890 1077/2464/2375 3610/2463/2374
f 3610/2463/2374 3460/2460/2371 585/1323/1282
f 1077/2464/2375 1010/343/318 1078/2722/2620
f 3459/2459/2370 1082/529/502 1079/523/496
f 2736/1143/1105 3459/2459/2370 40/29/25
f 40/29/25 3441/2462/2373 41/30/26
f 3460/2460/2371 3457/2458/2369 3458/528/501
f 585/1323/1282 3460/2460/2371 2911/527/500
f 3457/2458/2369 1084/3735/3464 1083/1314/1273
f 3458/528/501 3456/3522/3308 1082/529/502
f 3458/528/501 1083/1314/1273 3456/3522/3308
f 2768/2455/2366 1086/18/16 3455/2456/2367
f 3455/2456/2367 2908/3736/3465 3454/2457/2368
f 35/3514/3300 3454/2457/2368 2731/3515/3301
f 2731/3515/3301 3454/2457/2368 1090/3737/3466
f 3454/2457/2368 2908/3736/3465 1091/3518/3304
f 3454/2457/2368 1089/2421/2332 1090/3737/3466
f 3454/2457/2368 1091/3518/3304 1089/2421/2332
f 1097/2452/2363 1093/3517/3303 1099/3516/3302
f 1017/2509/2419 1096/3052/2890 1095/2454/2365
f 1039/3055/2893 1015/2453/2364 1099/3516/3302
f 1099/3516/3302 1098/3498/3284 1149/3531/3315
f 1015/2453/2364 1097/2452/2363 1099/3516/3302
f 1039/3055/2893 1099/3516/3302 1149/3531/3315
f 2767/1294/1255 35/3514/3300 1101/2450/2361
f 3480/3513/3299 2760/1304/1264 1041/2485/2396
f 1104/2446/2357 1213/3075/2909 2727/2447/2358
f 1070/3526/3312 2750/2400/2312 3453/1330/1289
f 1070/3526/3312 3453/1330/1289 1106/2443/2354
f 1071/23/19 1070/3526/3312 1106/2443/2354
f 580/2445/2356 1107/2444/2355 42/3061/2898
f 592/334/309 3452/2442/2353 1112/2436/2347
f 1111/531/504 1109/2437/2348 3451/2439/2350
f 1134/2422/2333 3451/2439/2350 3613/3506/3292
f 1134/2422/2333 1111/531/504 3451/2439/2350
f 3613/3506/3292 3451/2439/2350 578/3738/3467
f 1114/3739/3468 1115/3740/3469 3448/3063/2900
f 2724/3062/2899 1114/3739/3468 3448/3063/2900
f 2721/3064/2901 3448/3063/2900 1113/3741/3470
f 578/3738/3467 3451/2439/2350 2917/1334/1293
f 3451/2439/2350 3447/2438/2349 2917/1334/1293
f 2917/1334/1293 3447/2438/2349 2724/3062/2899
f 1110/3512/3298 581/2725/2623 3447/2438/2349
f 581/2725/2623 1114/3739/3468 3447/2438/2349
f 581/2725/2623 582/2434/2345 1114/3739/3468
f 1114/3739/3468 582/2434/2345 1115/3740/3469
f 582/2434/2345 1116/2372/2284 1115/3740/3469
f 3445/2433/2344 1117/535/508 1123/3511/3297
f 1123/3511/3297 1117/535/508 579/3742/3471
f 1117/535/508 3446/532/505 579/3742/3471
f 2905/330/305 2744/536/509 1117/535/508
f 590/331/306 2905/330/305 3445/2433/2344
f 590/331/306 3445/2433/2344 1123/3511/3297
f 2744/536/509 3444/24/20 1118/533/506
f 1121/3743/3472 1119/3508/3294 3440/3744/3473
f 1121/3743/3472 1122/2432/2343 1119/3508/3294
f 1145/3501/3287 3439/3745/3474 3443/3503/3289
f 3439/3745/3474 3440/3744/3473 3443/3503/3289
f 3443/3503/3289 3435/3746/3475 576/3747/3476
f 3443/3503/3289 3440/3744/3473 3435/3746/3475
f 41/30/26 3441/2462/2373 1145/3501/3287
f 1145/3501/3287 3441/2462/2373 3439/3745/3474
f 3441/2462/2373 3442/2461/2372 3439/3745/3474
f 3442/2461/2372 3440/3744/3473 3439/3745/3474
f 3438/525/498 590/331/306 3436/2430/2341
f 1081/526/499 3438/525/498 3436/2430/2341
f 1121/3743/3472 3436/2430/2341 1122/2432/2343
f 1081/526/499 3436/2430/2341 1121/3743/3472
f 2719/2427/2338 1125/2426/2337 3682/2429/2340
f 3435/3746/3475 1120/3509/3295 3434/2425/2336
f 2919/3748/3477 3435/3746/3475 3434/2425/2336
f 576/3747/3476 3435/3746/3475 2919/3748/3477
f 2919/3748/3477 3434/2425/2336 2719/2427/2338
f 3432/3510/3296 579/3742/3471 3433/3749/3478
f 3432/3510/3296 3433/3749/3478 3434/2425/2336
f 1120/3509/3295 3432/3510/3296 3434/2425/2336
f 3433/3749/3478 1126/2428/2339 1125/2426/2337
f 3434/2425/2336 3433/3749/3478 1125/2426/2337
f 3430/2423/2334 3431/2999/2848 3429/3504/3290
f 3430/2423/2334 3429/3504/3290 1131/541/514
f 1088/543/516 1136/545/518 1147/1337/1296
f 1147/1337/1296 1136/545/518 2716/1338/1297
f 2731/3515/3301 1088/543/516 1147/1337/1296
f 3428/2420/2331 577/2424/2335 3614/549/522
f 2912/2416/2327 3427/551/524 1142/554/527
f 2732/1328/1287 2733/2417/2328 1143/2415/2326
f 2912/2416/2327 1143/2415/2326 3427/551/524
f 3426/2996/2845 41/30/26 3425/3500/3286
f 41/30/26 1145/3501/3287 3425/3500/3286
f 2733/2417/2328 3426/2996/2845 1144/2418/2329
f 3426/2996/2845 3425/3500/3286 1144/2418/2329
f 1098/3498/3284 1146/3496/3282 2714/3750/3479
f 1149/3531/3315 1098/3498/3284 2714/3750/3479
f 1146/3496/3282 2920/3751/3480 574/3497/3283
f 1146/3496/3282 575/3499/3285 2920/3751/3480
f 1103/2449/2360 2731/3515/3301 1147/1337/1296
f 2761/1305/1265 1103/2449/2360 1148/1336/1295
f 2759/3530/3314 1150/3752/3481 572/3495/3281
f 2759/3530/3314 1040/3718/3458 1150/3752/3481
f 572/3495/3281 3401/3753/3482 3411/3072/2906
f 572/3495/3281 1150/3752/3481 3401/3753/3482
f 1044/1306/1266 2761/1305/1265 1152/556/529
f 3421/2410/2321 3424/2413/2324 2711/2412/2323
f 3421/2410/2321 2711/2412/2323 2922/1342/1301
f 1048/2409/2320 3424/2413/2324 3421/2410/2321
f 44/2995/2844 2711/2412/2323 1184/2386/2298
f 2758/326/301 2759/3530/3314 572/3495/3281
f 1199/2403/2304 3423/328/303 3410/2393/2305
f 1174/2404/2315 3423/328/303 1199/2403/2304
f 1159/2408/2319 3421/2410/2321 3422/2411/2322
f 3616/2728/2626 3422/2411/2322 570/324/299
f 1160/3494/3280 1159/2408/2319 3422/2411/2322
f 1160/3494/3280 3422/2411/2322 3616/2728/2626
f 1158/2407/2318 3420/3493/3279 3419/3754/3483
f 1176/2402/2314 1158/2407/2318 3419/3754/3483
f 3419/3754/3483 564/1347/1306 563/2733/2630
f 3419/3754/3483 3420/3493/3279 564/1347/1306
f 3420/3493/3279 1155/558/531 564/1347/1306
f 2755/1307/1267 1158/2407/2318 1176/2402/2314
f 2756/2406/2317 1048/2409/2320 1159/2408/2319
f 1158/2407/2318 1159/2408/2319 1160/3494/3280
f 1167/566/539 1161/561/534 3417/2994/2843
f 1167/566/539 1166/567/540 3418/2405/2316
f 2702/1133/1095 1167/566/539 3417/2994/2843
f 45/34/30 3416/3755/3484 46/35/31
f 45/34/30 3417/2994/2843 3416/3755/3484
f 564/1347/1306 1157/560/533 3415/1348/1307
f 569/323/298 1169/569/542 1168/568/541
f 569/323/298 571/325/300 1169/569/542
f 1054/3756/3485 1055/3757/3459 1197/572/287
f 1197/572/287 1173/3758/286 1054/3756/3485
f 558/3492/3278 565/319/294 1056/318/293
f 2755/1307/1267 1176/2402/2314 1177/314/289
f 1061/579/551 1177/314/289 2697/580/552
f 2697/580/552 1177/314/289 48/2378/2290
f 2752/2721/2619 1178/2376/2288 583/2375/2287
f 2750/2400/2312 1180/1331/1290 3453/1330/1289
f 3412/2399/2311 1181/2397/2309 1180/1331/1290
f 1184/2386/2298 1186/3489/3275 1190/2735/2632
f 1190/2735/2632 1186/3489/3275 1196/2736/2633
f 1186/3489/3275 1187/3759/3486 50/2351/2263
f 1196/2736/2633 1186/3489/3275 50/2351/2263
f 2712/327/302 1188/599/571 3397/601/573
f 2712/327/302 572/3495/3281 3411/3072/2906
f 3409/2389/2301 1189/2387/2299 559/2391/2303
f 3406/2382/2294 2706/1345/1304 3408/2388/2300
f 567/321/296 2706/1345/1304 3406/2382/2294
f 3408/2388/2300 3409/2389/2301 1194/3487/3273
f 3406/2382/2294 3408/2388/2300 1194/3487/3273
f 44/2995/2844 1184/2386/2298 3407/2385/2297
f 1184/2386/2298 1190/2735/2632 1189/2387/2299
f 1200/583/555 1202/582/554 1191/2379/2291
f 46/35/31 1163/563/536 1192/2383/2295
f 3416/3755/3484 1163/563/536 46/35/31
f 1201/581/553 1193/3488/3274 1202/582/554
f 3403/2384/2296 1193/3488/3274 1201/581/553
f 3403/2384/2296 1192/2383/2295 1193/3488/3274
f 1192/2383/2295 3404/2381/2293 3405/3486/3272
f 1192/2383/2295 3405/3486/3272 1193/3488/3274
f 1163/563/536 3404/2381/2293 1192/2383/2295
f 2693/2380/2292 1195/3760/3487 3394/3761/3488
f 1191/2379/2291 560/2390/2302 1195/3760/3487
f 538/1350/1308 1173/311/286 1256/313/288
f 1203/3762/3489 1200/583/555 2692/3763/3490
f 2699/1130/1092 3403/2384/2296 1201/581/553
f 47/36/32 3403/2384/2296 2699/1130/1092
f 47/36/32 46/35/31 3403/2384/2296
f 2699/1130/1092 1201/581/553 1200/583/555
f 1206/3764/3491 48/2378/2290 1203/3762/3489
f 1203/3762/3489 1204/3765/3492 2691/3074/2908
f 1203/3762/3489 2692/3763/3490 1204/3765/3492
f 562/3766/3493 556/2746/2641 1178/2376/2288
f 1207/3767/3494 2696/3071/2905 1206/3764/3491
f 1182/2398/2310 2696/3071/2905 1207/3767/3494
f 2728/3060/2897 2730/1333/1292 2688/3484/3270
f 2730/1333/1292 1182/2398/2310 1207/3767/3494
f 2688/3484/3270 1208/3768/3495 2687/3769/3496
f 2688/3484/3270 1207/3767/3494 1208/3768/3495
f 2914/2448/2359 2689/3770/3497 1209/3485/3271
f 2914/2448/2359 1209/3485/3271 1104/2446/2357
f 2914/2448/2359 583/2375/2287 2689/3770/3497
f 1104/2446/2357 1209/3485/3271 1213/3075/2909
f 2729/1332/1291 2728/3060/2897 1211/3481/3267
f 1107/2444/2355 2729/1332/1291 1211/3481/3267
f 2725/2371/2283 1210/3480/3266 553/2990/2839
f 42/3061/2898 1107/2444/2355 1210/3480/3266
f 42/3061/2898 1210/3480/3266 2725/2371/2283
f 1107/2444/2355 1211/3481/3267 1210/3480/3266
f 553/2990/2839 1212/3483/3269 53/2991/2840
f 1210/3480/3266 1212/3483/3269 553/2990/2839
f 1215/2374/2286 1216/2373/2285 2686/2737/2634
f 1113/3741/3470 1215/2374/2286 1214/584/556
f 2721/3064/2901 1214/584/556 552/2370/2282
f 1113/3741/3470 1214/584/556 2721/3064/2901
f 1115/3740/3469 1116/2372/2284 1113/3741/3470
f 1116/2372/2284 1215/2374/2286 1113/3741/3470
f 2726/534/507 2725/2371/2283 1124/32/28
f 43/33/29 1124/32/28 1218/310/285
f 1139/2364/2276 2721/3064/2901 552/2370/2282
f 2720/2727/2625 2721/3064/2901 1139/2364/2276
f 574/3497/3283 43/33/29 1220/1126/1088
f 3402/2367/2279 574/3497/3283 1220/1126/1088
f 1222/3771/3498 2715/2365/2277 1221/1351/1309
f 573/2414/2325 2715/2365/2277 1222/3771/3498
f 2713/2394/2306 1222/3771/3498 561/2734/2631
f 573/2414/2325 1222/3771/3498 2713/2394/2306
f 1222/3771/3498 1223/2992/2841 561/2734/2631
f 1222/3771/3498 1221/1351/1309 1223/2992/2841
f 3401/3753/3482 1226/2738/2635 3411/3072/2906
f 1226/2738/2635 1225/3772/3499 2680/2357/2269
f 554/3773/3500 2687/3769/3496 1227/1353/1311
f 554/3773/3500 1227/1353/1311 1229/3478/3264
f 2687/3769/3496 1228/3479/3265 1227/1353/1311
f 53/2991/2840 3400/2362/2274 1233/1123/1085
f 53/2991/2840 1212/3483/3269 3400/2362/2274
f 1212/3483/3269 554/3773/3500 3400/2362/2274
f 1232/585/557 1231/2359/2271 547/2361/2273
f 2686/2737/2634 52/2342/2255 1231/2359/2271
f 2685/586/558 1232/585/557 546/2739/2636
f 1232/585/557 547/2361/2273 546/2739/2636
f 3399/2358/2270 2930/309/284 1233/1123/1085
f 2684/593/565 3399/2358/2270 545/594/566
f 2684/593/565 1218/310/285 3399/2358/2270
f 1218/310/285 2930/309/284 3399/2358/2270
f 1234/2335/2250 1233/1123/1085 1235/1125/1087
f 2682/589/561 551/588/560 1237/590/562
f 1238/3477/3263 1240/2741/2638 1239/3774/3501
f 1223/2992/2841 1241/3476/3262 1245/3473/3259
f 1242/306/281 1303/2754/2649 2674/3474/3260
f 2680/2357/2269 2681/2368/2280 1244/597/569
f 1187/3759/3486 2695/2993/2842 1246/3475/3261
f 2695/2993/2842 1223/2992/2841 1245/3473/3259
f 2695/2993/2842 1245/3473/3259 1246/3475/3261
f 1250/2353/2265 1251/2352/2264 1248/2354/2266
f 50/2351/2263 1187/3759/3486 1251/2352/2264
f 1251/2352/2264 2931/2355/2267 1248/2354/2266
f 1253/3472/3258 1250/2353/2265 1249/1357/1315
f 50/2351/2263 1250/2353/2265 1253/3472/3258
f 1195/3760/3487 1253/3472/3258 3394/3761/3488
f 537/1362/1320 1254/2742/2639 3390/1363/1321
f 1198/603/574 1171/3775/549 3343/3776/3502
f 1171/3775/549 3688/3777/3412 3343/3776/3502
f 1259/2348/2252 1199/3778/2304 3396/2349/2261
f 1259/2348/2252 558/3779/3278 1199/3778/2304
f 2692/3763/3490 3394/3761/3488 1260/3469/3256
f 1260/3469/3256 3394/3761/3488 537/1362/1320
f 1264/2346/2259 3393/605/576 2669/2347/2260
f 1204/3765/3492 2692/3763/3490 1260/3469/3256
f 1204/3765/3492 1260/3469/3256 1264/2346/2259
f 1204/3765/3492 1264/2346/2259 51/2345/2258
f 2669/2347/2260 535/607/578 1281/3464/3255
f 2929/1365/1323 2670/1364/1322 556/2746/2641
f 1205/2377/2289 1261/47/39 1268/46/38
f 556/2746/2641 1261/47/39 1205/2377/2289
f 1265/608/579 1263/2344/2257 1266/609/580
f 2690/3073/2907 1263/2344/2257 1265/608/579
f 2690/3073/2907 51/2345/2258 1263/2344/2257
f 1228/3479/3265 1265/608/579 548/610/581
f 2679/1354/1312 1287/2343/2256 1286/3462/3253
f 2689/3770/3497 1268/46/38 1267/2340/2253
f 2689/3770/3497 1205/2377/2289 1268/46/38
f 52/2342/2255 3392/2341/2254 3387/2360/2272
f 3392/2341/2254 2678/619/590 3387/2360/2272
f 3391/2350/2262 540/1355/1313 3377/2327/2242
f 1254/2742/2639 539/1358/1316 1271/611/582
f 1254/2742/2639 1276/3780/3503 3390/1363/1321
f 1254/2742/2639 1271/611/582 1276/3780/3503
f 1275/2983/2835 1318/613/584 1322/2324/2239
f 1276/3780/3503 1318/613/584 1275/2983/2835
f 1258/3466/575 3343/3781/3502 1338/3782/3504
f 1273/3783/263 1255/3468/2640 1272/3467/264
f 503/2337/1341 3391/2350/2262 3377/2327/2242
f 1278/616/587 536/615/586 1275/2983/2835
f 3390/1363/1321 1275/2983/2835 536/615/586
f 1281/3464/3255 1277/614/585 530/3080/2911
f 1281/3464/3255 535/607/578 1277/614/585
f 535/607/578 536/615/586 1277/614/585
f 530/3080/2911 1277/614/585 1278/616/587
f 1261/47/39 1262/2747/2642 529/639/610
f 529/639/610 1262/2747/2642 531/3784/3505
f 1287/2343/2256 1282/3463/3254 528/1368/1326
f 1287/2343/2256 534/2748/2643 1282/3463/3254
f 3392/2341/2254 533/617/588 2678/619/590
f 3388/1369/1327 1285/618/589 3373/3454/3245
f 2678/619/590 1285/618/589 3388/1369/1327
f 2679/1354/1312 1286/3462/3253 1288/301/276
f 3389/2989/2838 2679/1354/1312 1288/301/276
f 1292/1124/1086 3389/2989/2838 1293/300/275
f 1293/300/275 3375/50/42 2663/49/41
f 1293/300/275 527/302/277 3375/50/42
f 1289/3461/3252 3388/1369/1327 1291/622/593
f 3387/2360/2272 2678/619/590 1289/3461/3252
f 1289/3461/3252 2678/619/590 3388/1369/1327
f 1290/621/592 2662/623/594 54/2987/2836
f 1235/1125/1087 3386/298/273 3385/297/272
f 1235/1125/1087 1292/1124/1086 3386/298/273
f 1296/1119/1081 1234/2335/2250 3385/297/272
f 1296/1119/1081 3385/297/272 1294/1120/1082
f 3385/297/272 525/299/274 1294/1120/1082
f 3398/591/563 54/2987/2836 523/1121/1083
f 2677/2988/2837 54/2987/2836 3398/591/563
f 2676/40/34 3398/591/563 1298/41/35
f 1298/41/35 523/1121/1083 521/2336/2251
f 541/3460/3251 1239/3774/3501 520/624/595
f 2661/635/606 520/624/595 1309/626/597
f 542/42/36 1297/2751/2646 543/307/282
f 1242/306/281 543/307/282 1303/2754/2649
f 1303/2754/2649 543/307/282 1299/2755/2650
f 3382/1371/1329 1299/2755/2650 2660/1372/1330
f 543/307/282 1301/3785/3506 1299/2755/2650
f 519/598/570 2675/2752/2647 3384/2753/2648
f 1244/597/569 2675/2752/2647 519/598/570
f 3383/600/572 519/598/570 1269/3077/2910
f 1269/3077/2910 1302/3786/3507 2650/2978/2830
f 1247/2334/2249 2673/3459/3250 3382/1371/1329
f 2931/2355/2267 2673/3459/3250 1247/2334/2249
f 2674/3474/3260 1303/2754/2649 2673/3459/3250
f 524/51/43 1305/3458/3249 1294/1120/1082
f 524/51/43 1306/2320/2235 1305/3458/3249
f 525/299/274 524/51/43 1294/1120/1082
f 523/1121/1083 56/630/601 522/294/269
f 1295/625/596 1310/1116/1078 1309/626/597
f 1295/625/596 57/627/598 1310/1116/1078
f 2661/635/606 3380/2311/2227 1360/2310/2226
f 1301/3785/3506 2933/632/603 3379/292/267
f 2660/1372/1330 1301/3785/3506 1300/291/266
f 2660/1372/1330 1300/291/266 515/3787/3508
f 1301/3785/3506 3379/292/267 1300/291/266
f 2652/1375/1333 1357/1407/1365 2651/648/619
f 515/3787/3508 1300/291/266 2652/1375/1333
f 1300/291/266 1311/293/268 1313/2330/2245
f 3384/2753/2648 2661/635/606 516/634/605
f 1302/3786/3507 516/634/605 2650/2978/2830
f 518/2329/2244 1315/1374/1332 514/1376/1334
f 2660/1372/1330 515/3787/3508 1315/1374/1332
f 2934/1373/1331 2660/1372/1330 1315/1374/1332
f 3681/2332/2247 518/2329/2244 1316/3457/3248
f 1376/1380/1338 2648/2328/2243 3366/647/618
f 1316/3457/3248 514/1376/1334 2648/2328/2243
f 1317/2756/2651 2935/1379/1337 511/3456/3247
f 2668/612/583 3681/2332/2247 1317/2756/2651
f 508/286/261 2646/2973/2827 509/287/262
f 510/290/265 1272/289/264 1258/3788/575
f 510/290/265 1258/3788/575 1338/3789/3504
f 1422/3790/1345 1273/288/263 510/290/265
f 1320/3444/3235 503/1383/1341 3377/2327/2242
f 2667/2749/2644 1321/285/260 1324/2323/2238
f 1326/283/258 1325/2322/2237 61/3081/2912
f 2670/1364/1322 1342/644/615 531/3784/3505
f 529/639/610 531/3784/3505 1332/640/611
f 531/3784/3505 1346/3082/2913 1332/640/611
f 1346/3082/2913 531/3784/3505 1342/644/615
f 1329/305/280 1326/283/258 1328/638/609
f 3376/2321/2236 1328/638/609 1330/1114/1076
f 1333/2750/2645 2644/3455/3246 3373/3454/3245
f 1285/618/589 1333/2750/2645 3373/3454/3245
f 1335/2318/2233 1334/1113/1075 2937/1115/1077
f 527/302/277 1334/1113/1075 1335/2318/2233
f 2664/2982/2834 1283/303/278 3376/2321/2236
f 2664/2982/2834 3376/2321/2236 1334/1113/1075
f 1306/2320/2235 1335/2318/2233 3374/2319/2234
f 1306/2320/2235 3374/2319/2234 2659/2980/2832
f 3388/1369/1327 3373/3454/3245 526/1370/1328
f 56/630/601 1336/3452/3243 517/3451/3242
f 2662/623/594 526/1370/1328 1336/3452/3243
f 3372/2317/2232 510/2316/265 1338/3791/3504
f 3350/2282/2198 451/2761/2126 1320/3444/3235
f 1325/2322/2237 507/2757/2652 1341/3792/3509
f 507/2757/2652 1339/279/254 1341/3792/3509
f 507/2757/2652 60/280/255 1339/279/254
f 61/3081/2912 1325/2322/2237 1341/3792/3509
f 61/3081/2912 1341/3792/3509 1343/276/251
f 1345/2758/2653 3371/2762/2654 1344/1389/1347
f 1331/637/608 3371/2762/2654 1345/2758/2653
f 1331/637/608 61/3081/2912 3371/2762/2654
f 1330/1114/1076 1345/2758/2653 2645/1385/1343
f 2645/1385/1343 1345/2758/2653 1349/2315/2231
f 505/3449/3240 2936/1392/1350 500/1391/1349
f 2644/3455/3246 1347/1397/1355 2643/1396/1354
f 2644/3455/3246 505/3449/3240 1347/1397/1355
f 2645/1385/1343 1348/2313/2229 504/1384/1342
f 3374/2319/2234 1350/3793/3510 3369/1399/1357
f 3369/1399/1357 1350/3793/3510 2635/1400/1358
f 504/1384/1342 1351/1395/1353 1350/3793/3510
f 2643/1396/1354 1352/1398/1356 3370/3794/3511
f 2938/3453/3244 2643/1396/1354 3370/3794/3511
f 2938/3453/3244 3370/3794/3511 1337/3448/3239
f 498/1109/1071 1337/3448/3239 2634/2763/2655
f 1337/3448/3239 3370/3794/3511 2634/2763/2655
f 1353/629/600 3369/1399/1357 499/1401/1359
f 1353/629/600 2658/2981/2833 3369/1399/1357
f 1355/1405/1363 499/1401/1359 2633/1403/1361
f 517/3451/3242 1337/3448/3239 2657/295/270
f 2657/295/270 1337/3448/3239 1354/1112/1074
f 58/53/45 3368/631/602 2631/3447/3238
f 3368/631/602 1354/1112/1074 2631/3447/3238
f 2655/1118/1080 2656/1117/1079 1355/1405/1363
f 1360/2310/2226 2629/2312/2228 2940/1107/1069
f 3380/2311/2227 2655/1118/1080 3367/1402/1360
f 3380/2311/2227 3367/1402/1360 2629/2312/2228
f 2629/2312/2228 3367/1402/1360 1390/1421/1379
f 2654/54/46 1356/646/617 1359/273/248
f 1313/2330/2245 2654/54/46 1357/1407/1365
f 2626/1408/1366 1359/273/248 1358/275/250
f 2626/1408/1366 1358/275/250 64/2297/2213
f 1357/1407/1365 1359/273/248 2626/1408/1366
f 2650/2978/2830 1314/2308/2224 59/2979/2831
f 3366/647/618 1363/649/620 496/1409/1367
f 3378/1377/1335 2651/648/619 3366/647/618
f 1377/2303/2219 1365/2305/2221 1378/2304/2220
f 3362/3795/3512 1367/651/622 1366/650/621
f 3362/3795/3512 1369/3445/3236 1367/651/622
f 1369/3445/3236 3365/2764/2656 1367/651/622
f 2623/3086/2917 3362/3795/3512 1366/650/621
f 2623/3086/2917 1366/650/621 3364/3796/3513
f 2623/3086/2917 3364/3796/3513 66/3797/3514
f 492/3798/3515 1370/3799/3516 3363/3800/3517
f 492/3798/3515 1364/3446/3237 1370/3799/3516
f 492/3798/3515 3363/3800/3517 2622/1413/1371
f 2622/1413/1371 3362/3795/3512 2623/3086/2917
f 2622/1413/1371 3363/3800/3517 3362/3795/3512
f 1364/3446/3237 1371/653/624 1370/3799/3516
f 1370/3799/3516 1371/653/624 1369/3445/3236
f 1380/3443/3234 3359/2765/2657 3360/2299/2215
f 3359/2765/2657 2945/3801/3518 3360/2299/2215
f 1319/1378/1336 1376/1380/1338 1380/3443/3234
f 1376/1380/1338 1378/2304/2220 1380/3443/3234
f 60/280/255 1380/3443/3234 1379/281/256
f 2646/2973/2827 1319/1378/1336 60/280/255
f 1319/1378/1336 1380/3443/3234 60/280/255
f 1383/2301/2217 1384/2300/2216 1382/2302/2218
f 3360/2299/2215 2945/3801/3518 1384/2300/2216
f 497/1111/1073 1388/1110/1072 1387/656/627
f 2628/1108/1070 2629/2312/2228 1390/1421/1379
f 1391/1423/1381 1392/2236/2153 67/679/650
f 2628/1108/1070 1390/1421/1379 1391/1423/1381
f 1400/2298/2214 1358/275/250 1395/3439/3230
f 1362/2309/2225 2628/1108/1070 3621/3438/3229
f 2624/2307/2223 1362/2309/2225 1396/56/48
f 1396/56/48 3621/3438/3229 1504/57/49
f 1398/657/628 3357/659/630 3622/2768/2660
f 3622/2768/2660 3357/659/630 486/2294/2210
f 2941/3802/3519 2625/3085/2916 1398/657/628
f 2941/3802/3519 1398/657/628 1406/2767/2659
f 2625/3085/2916 64/2297/2213 1399/658/629
f 64/2297/2213 1400/2298/2214 1399/658/629
f 1405/665/636 1401/662/633 3355/3803/3520
f 3353/3804/3521 1405/665/636 3355/3803/3520
f 1414/3434/3225 3355/3803/3520 483/3435/3226
f 3353/3804/3521 3355/3803/3520 1414/3434/3225
f 3355/3803/3520 484/3805/3522 483/3435/3226
f 3355/3803/3520 1401/662/633 484/3805/3522
f 1368/652/623 1403/663/634 3354/3806/3523
f 3364/3796/3513 1368/652/623 3354/3806/3523
f 3347/2287/2203 3354/3806/3523 1413/2288/2204
f 66/3797/3514 3364/3796/3513 3354/3806/3523
f 66/3797/3514 3354/3806/3523 3347/2287/2203
f 1413/2288/2204 3353/3804/3521 1414/3434/3225
f 3354/3806/3523 3353/3804/3521 1413/2288/2204
f 3354/3806/3523 1403/663/634 3353/3804/3521
f 1368/652/623 3352/2296/2212 1404/664/635
f 1404/664/635 1406/2767/2659 1405/665/636
f 495/272/247 1406/2767/2659 1404/664/635
f 2613/3088/2919 1408/2295/2211 3351/3437/3228
f 2613/3088/2919 3351/3437/3228 3679/3089/2920
f 3679/3089/2920 3351/3437/3228 1407/3413/3204
f 1401/662/633 1402/661/632 2612/3807/3524
f 484/3805/3522 1401/662/633 2612/3807/3524
f 3622/2768/2660 486/2294/2210 1402/661/632
f 493/2293/2209 2624/2307/2223 485/2214/2131
f 3348/3808/3525 1411/2290/2206 1419/672/643
f 3348/3808/3525 1412/2289/2205 1411/2290/2206
f 1418/671/642 1411/2290/2206 2951/1424/1382
f 2618/1420/1378 1412/2289/2205 490/268/243
f 490/268/243 3348/3808/3525 1419/672/643
f 3346/2285/2201 1413/2288/2204 3344/2286/2202
f 65/2967/2823 66/3797/3514 3346/2285/2201
f 66/3797/3514 3347/2287/2203 3346/2285/2201
f 2619/2284/2200 3344/2286/2202 1412/2289/2205
f 65/2967/2823 3346/2285/2201 2619/2284/2200
f 1412/2289/2205 3344/2286/2202 3345/3433/3224
f 1416/669/640 1415/667/638 1424/666/637
f 1381/2283/2199 1382/2302/2218 1417/670/641
f 1382/2302/2218 489/269/244 1417/670/641
f 1417/670/641 489/269/244 1418/671/642
f 2607/1429/1387 1420/668/639 69/3091/2922
f 1415/667/638 482/3809/3526 1420/668/639
f 3372/2770/2232 1338/3810/3504 1512/3811/2103
f 3343/3812/3502 3688/3813/3412 1539/3814/2104
f 1338/3810/3504 3343/3812/3502 1539/3814/2104
f 1512/3811/2103 1338/3810/3504 1539/3814/2104
f 1513/2772/2661 1422/2769/1345 1511/2771/2127
f 2640/641/612 1381/2283/2199 1416/669/640
f 62/642/613 1425/3450/3241 1427/2968/2824
f 1427/2968/2824 481/1427/1385 2606/1431/1389
f 2606/1431/1389 481/1427/1385 70/1101/1063
f 2637/3083/2914 502/643/614 2605/3428/3219
f 502/643/614 1426/2270/2187 1444/2271/2188
f 502/643/614 1444/2271/2188 2605/3428/3219
f 2638/1390/1348 1427/2968/2824 3342/3430/3221
f 1433/2279/2196 1429/3429/3220 1428/3431/3222
f 1344/1389/1347 2638/1390/1348 1429/3429/3220
f 63/2314/2230 1344/1389/1347 1429/3429/3220
f 500/1391/1349 2939/1393/1351 1431/3084/2915
f 2602/3815/3527 1431/3084/2915 1432/3427/3218
f 2636/1394/1352 63/2314/2230 1433/2279/2196
f 1438/1435/1393 1351/1395/1353 478/2277/2194
f 1438/1435/1393 478/2277/2194 2599/1436/1394
f 1352/1398/1356 1434/3816/3528 1435/2276/2193
f 1352/1398/1356 1431/3084/2915 1434/3816/3528
f 2634/2763/2655 1435/2276/2193 1388/1110/1072
f 1388/1110/1072 1436/2253/2170 2948/264/239
f 499/1401/1359 2635/1400/1358 1439/2274/2191
f 2633/1403/1361 499/1401/1359 1439/2274/2191
f 2633/1403/1361 1439/2274/2191 2632/1404/1362
f 2632/1404/1362 1439/2274/2191 2617/2275/2192
f 1442/2272/2189 1441/3426/3217 475/2273/2190
f 1442/2272/2189 480/3092/2923 1441/3426/3217
f 480/3092/2923 69/3091/2922 1441/3426/3217
f 1445/1102/1064 1442/2272/2189 472/3093/2924
f 1445/1102/1064 70/1101/1063 1442/2272/2189
f 70/1101/1063 480/3092/2923 1442/2272/2189
f 472/3093/2924 1443/261/236 71/2962/2818
f 472/3093/2924 1442/2272/2189 1443/261/236
f 2605/3428/3219 1444/2271/2188 1449/2183/2102
f 1430/1100/1062 1445/1102/1064 471/2268/2185
f 1447/3425/3216 1446/2269/2186 467/3424/3215
f 467/3424/3215 1446/2269/2186 2596/1097/1059
f 469/2774/2663 2605/3428/3219 1455/259/234
f 2602/3815/3527 1432/3427/3218 3338/2963/2819
f 3338/2963/2819 1451/2773/2662 1461/2265/2182
f 1432/3427/3218 469/2774/2663 1451/2773/2662
f 2594/3094/2925 3341/3817/3529 72/3818/3530
f 3341/3817/3529 3302/2178/2097 72/3818/3530
f 3341/3817/3529 1453/3819/3531 3302/2178/2097
f 466/2777/2666 465/2267/2184 3341/3817/3529
f 466/2777/2666 3341/3817/3529 2594/3094/2925
f 465/2267/2184 1453/3819/3531 3341/3817/3529
f 1450/2266/2183 3340/258/233 1454/2775/2664
f 2604/2278/2195 2603/3423/3214 3339/1099/1061
f 2599/1436/1394 2604/2278/2195 1472/2263/2180
f 1472/2263/2180 2604/2278/2195 3339/1099/1061
f 1471/2264/2181 1456/2262/2179 73/2170/2089
f 477/1434/1392 2600/1433/1391 1465/3420/3211
f 2600/1433/1391 1466/2261/2178 1465/3420/3211
f 2600/1433/1391 3338/2963/2819 3336/2257/2174
f 477/1434/1392 1464/2254/2171 1436/2253/2170
f 477/1434/1392 1465/3420/3211 1464/2254/2171
f 1463/3422/3213 1467/3419/3210 3298/2252/2169
f 1463/3422/3213 1468/2249/2166 1467/3419/3210
f 3335/2255/2172 74/2251/2168 461/2256/2173
f 3335/2255/2172 3298/2252/2169 74/2251/2168
f 74/2251/2168 3297/2165/2084 434/2164/2083
f 1462/3421/3212 1463/3422/3213 3335/2255/2172
f 1463/3422/3213 3334/2248/2165 1468/2249/2166
f 476/1437/1395 1472/2263/2180 1474/3418/3209
f 2617/2275/2192 1440/1438/1396 1473/2247/2164
f 2617/2275/2192 1473/2247/2164 1480/256/231
f 476/1437/1395 1474/3418/3209 1473/2247/2164
f 2958/257/232 1475/3095/2926 1563/62/52
f 1480/256/231 1473/2247/2164 2958/257/232
f 1473/2247/2164 1474/3418/3209 1475/3095/2926
f 2616/655/626 1476/266/241 1493/2246/2163
f 1485/2235/2152 3330/2234/2151 3331/2241/2158
f 1485/2235/2152 3331/2241/2158 1486/3820/3532
f 1486/3820/3532 3331/2241/2158 2960/2224/2141
f 488/2233/2150 1389/1422/1380 1480/256/231
f 488/2233/2150 1479/255/230 3330/2234/2151
f 1389/1422/1380 2617/2275/2192 1480/256/231
f 3628/2238/2155 1484/2240/2157 455/1087/1049
f 455/1087/1049 1484/2240/2157 456/2239/2156
f 1392/2236/2153 1499/680/651 67/679/650
f 1499/680/651 1392/2236/2153 3628/2238/2155
f 1483/2237/2154 1485/2235/2152 1484/2240/2157
f 1485/2235/2152 3328/2780/2669 1484/2240/2157
f 3329/2232/2149 1485/2235/2152 1483/2237/2154
f 1490/2227/2144 1491/2231/2148 1487/676/647
f 2585/2230/2147 1487/676/647 76/2229/2146
f 2964/2228/2145 1490/2227/2144 2585/2230/2147
f 459/2221/2138 1486/3820/3532 2960/2224/2141
f 3327/2220/2137 3326/2222/2139 1491/2231/2148
f 1496/3415/3206 1493/2246/2163 1497/2782/2671
f 1495/3414/3205 1494/2784/2673 1503/1454/1411
f 1394/3440/3231 1496/3415/3206 1495/3414/3205
f 1503/1454/1411 1494/2784/2673 2580/1455/1412
f 1499/680/651 1498/1452/1409 1500/2219/2136
f 1504/57/49 3621/3438/3229 1500/2219/2136
f 1409/1105/1067 1495/3414/3205 1503/1454/1411
f 1407/3413/3204 454/2217/2134 1507/683/654
f 3351/3437/3228 1409/1105/1067 1407/3413/3204
f 1409/1105/1067 454/2217/2134 1407/3413/3204
f 1507/683/654 3323/2218/2135 1508/684/655
f 3323/2218/2135 1535/3409/3201 1508/684/655
f 3349/2291/2207 1505/3410/3202 3322/2280/2197
f 3349/2291/2207 1506/2216/2133 1505/3410/3202
f 1441/3426/3217 452/682/653 3624/2212/2129
f 69/3091/2922 452/682/653 1441/3426/3217
f 69/3091/2922 1421/3432/3223 452/682/653
f 3624/2212/2129 1510/686/657 1541/3821/3533
f 1545/1442/1399 3625/1441/1388 1513/3822/2661
f 1516/691/662 1517/690/661 449/251/226
f 2963/3823/3534 2586/3096/2927 1520/2203/2122
f 2586/3096/2927 3319/2204/2123 1520/2203/2122
f 2963/3823/3534 1520/2203/2122 3317/3824/3535
f 3320/689/660 75/63/53 1514/687/658
f 1527/2202/2121 1519/2201/2120 1518/2786/2675
f 3318/2198/2117 1527/2202/2121 1518/2786/2675
f 76/2229/2146 1489/678/649 3312/2193/2112
f 3311/2192/2111 76/2229/2146 3312/2193/2112
f 1526/2194/2113 3312/2193/2112 1527/2202/2121
f 458/2781/2670 3317/3824/3535 3316/3825/3536
f 458/2781/2670 2963/3823/3534 3317/3824/3535
f 1489/678/649 1488/677/648 3316/3825/3536
f 1488/677/648 458/2781/2670 3316/3825/3536
f 1489/678/649 3315/3411/3203 1519/2201/2120
f 1489/678/649 3316/3825/3536 3315/3411/3203
f 3318/2198/2117 1518/2786/2675 3314/2197/2116
f 1518/2786/2675 450/252/227 3314/2197/2116
f 3314/2197/2116 3313/2196/2115 446/2199/2118
f 457/2783/2672 447/695/666 1522/692/663
f 1494/2784/2673 1522/692/663 2580/1455/1412
f 2580/1455/1412 1522/692/663 445/694/665
f 1494/2784/2673 457/2783/2672 1522/692/663
f 1522/692/663 447/695/666 2576/693/664
f 1501/1453/1410 2581/697/668 1525/699/670
f 2581/697/668 3311/2192/2111 1526/2194/2113
f 2581/697/668 1526/2194/2113 1524/698/669
f 1502/1456/1413 2580/1455/1412 453/2190/2109
f 2580/1455/1412 445/694/665 453/2190/2109
f 1535/3409/3201 1529/2189/2108 444/1085/1047
f 3323/2218/2135 1529/2189/2108 1535/3409/3201
f 3323/2218/2135 453/2190/2109 1529/2189/2108
f 444/1085/1047 1530/3826/3537 79/1086/1048
f 444/1085/1047 2967/2191/2110 1530/3826/3537
f 2579/2215/2132 1531/3099/2929 1506/2216/2133
f 1508/684/655 1535/3409/3201 1537/2785/2674
f 1541/3821/3533 1537/2785/2674 1536/700/671
f 1541/3821/3533 1536/700/671 1540/2188/2107
f 1510/686/657 1537/2785/2674 1541/3821/3533
f 3284/3407/2128 1512/2184/2103 1616/2186/2105
f 1539/2185/2104 3278/3827/3538 1616/2186/2105
f 473/262/237 1540/2188/2107 474/263/238
f 473/262/237 1541/3821/3533 1540/2188/2107
f 441/3405/3199 474/263/238 1542/3406/3200
f 1443/261/236 474/263/238 71/2962/2818
f 441/3405/3199 1542/3406/3200 1543/2161/2080
f 441/3405/3199 1543/2161/2080 2571/2160/2079
f 1543/2161/2080 1542/3406/3200 1544/2952/2812
f 1547/3828/3539 2597/1445/1402 2572/3829/3540
f 470/1443/1400 2597/1445/1402 1547/3828/3539
f 1551/1098/1060 3309/2172/2091 2970/1464/1421
f 1547/3828/3539 3629/3830/3541 2970/1464/1421
f 1455/259/234 1548/2181/2100 468/260/235
f 1449/2183/2102 1548/2181/2100 1455/259/234
f 1557/2177/2096 1550/2176/2095 439/2179/2098
f 439/2179/2098 1549/2173/2092 440/2174/2093
f 3308/2776/2665 468/260/235 1550/2176/2095
f 1452/2175/2094 3308/2776/2665 1550/2176/2095
f 1549/2173/2092 3306/2180/2099 3307/703/674
f 1551/1098/1060 1553/1463/1420 3305/2171/2090
f 436/2169/2088 1552/65/55 1562/64/54
f 3305/2171/2090 1553/1463/1420 436/2169/2088
f 1555/708/679 1554/2168/2087 3303/2167/2086
f 1561/3400/3194 3303/2167/2086 438/3401/3195
f 2956/1450/1407 2590/1451/1408 3304/3831/3542
f 2590/1451/1408 2591/706/677 3304/3831/3542
f 462/2778/2667 2956/1450/1407 3296/2166/2085
f 2956/1450/1407 3304/3831/3542 3296/2166/2085
f 1561/3400/3194 3296/2166/2085 3303/2167/2086
f 3295/3832/3543 3296/2166/2085 1561/3400/3194
f 3296/2166/2085 3304/3831/3542 1555/708/679
f 3678/2961/2817 72/3818/3530 3301/3833/3544
f 72/3818/3530 3302/2178/2097 3301/3833/3544
f 3678/2961/2817 3301/3833/3544 2591/706/677
f 3301/3833/3544 1556/707/678 2591/706/677
f 3297/2165/2084 3299/710/681 1558/709/680
f 3297/2165/2084 1560/3403/3197 3300/3402/3196
f 3297/2165/2084 3300/3402/3196 3299/710/681
f 3298/2252/2169 1560/3403/3197 3297/2165/2084
f 3298/2252/2169 1467/3419/3210 1560/3403/3197
f 3626/2779/2668 462/2778/2667 3295/3832/3543
f 462/2778/2667 3296/2166/2085 3295/3832/3543
f 1467/3419/3210 3294/3834/3545 1560/3403/3197
f 1467/3419/3210 3626/2779/2668 3294/3834/3545
f 3626/2779/2668 3295/3832/3543 3294/3834/3545
f 1560/3403/3197 3294/3834/3545 3293/3399/3193
f 434/2164/2083 1558/709/680 437/2157/2076
f 3299/710/681 2973/3835/3546 1559/711/682
f 3299/710/681 438/3401/3195 2973/3835/3546
f 1558/709/680 1559/711/682 2568/3398/3192
f 1475/3095/2926 73/2170/2089 1564/3397/3191
f 75/63/53 1565/1467/1424 77/254/229
f 75/63/53 1563/62/52 1565/1467/1424
f 1475/3095/2926 1564/3397/3191 1563/62/52
f 1565/1467/1424 1582/2159/2078 77/254/229
f 1563/62/52 435/1466/1423 1565/1467/1424
f 74/2251/2168 3292/713/684 460/2245/2162
f 74/2251/2168 434/2164/2083 3292/713/684
f 460/2245/2162 1566/712/683 1521/1457/1414
f 1521/1457/1414 1566/712/683 3291/2150/2069
f 3310/2182/2101 1568/247/222 80/2120/2039
f 3310/2182/2101 1546/2163/2082 1568/247/222
f 3629/3830/3541 2571/2160/2079 1572/2790/2678
f 1572/2790/2678 2571/2160/2079 1570/2791/2679
f 1574/3836/3547 1572/2790/2678 3290/2792/2680
f 2970/1464/1421 3629/3830/3541 1574/3836/3547
f 1574/3836/3547 3629/3830/3541 1572/2790/2678
f 1574/3836/3547 3290/2792/2680 82/3837/3548
f 2570/1462/1419 2975/3396/3190 2969/704/675
f 1578/705/676 83/2117/2036 2565/1468/1425
f 1578/705/676 2969/704/675 83/2117/2036
f 2569/1465/1422 2970/1464/1421 1574/3836/3547
f 2567/66/56 1552/65/55 1575/244/219
f 1552/65/55 2569/1465/1422 1575/244/219
f 1552/65/55 1553/1463/1420 2569/1465/1422
f 2568/3398/3192 1580/1469/1426 437/2157/2076
f 2971/3100/2930 1578/705/676 1580/1469/1426
f 437/2157/2076 1580/1469/1426 1584/2158/2077
f 1585/2156/2075 1579/2110/2029 2563/1082/1044
f 1584/2158/2077 1579/2110/2029 1585/2156/2075
f 1584/2158/2077 1580/1469/1426 1579/2110/2029
f 1582/2159/2078 2567/66/56 1581/1470/1427
f 1588/3838/3549 1582/2159/2078 3288/715/686
f 77/254/229 1582/2159/2078 1588/3838/3549
f 2560/2106/2025 3288/715/686 1636/717/688
f 1588/3838/3549 3288/715/686 2560/2106/2025
f 1567/714/685 2566/2155/2074 1583/1084/1046
f 1567/714/685 1583/1084/1046 1586/2154/2073
f 3291/2150/2069 1586/2154/2073 1589/2795/2683
f 1586/2154/2073 2562/1081/1043 1589/2795/2683
f 3287/2152/2071 1588/3838/3549 2560/2106/2025
f 2965/688/659 1588/3838/3549 3287/2152/2071
f 431/2200/2119 3287/2152/2071 85/2134/2053
f 1523/2151/2070 2559/3102/2932 1593/719/690
f 78/2955/2813 1590/718/689 3286/2956/2814
f 1528/2145/2064 2966/2148/2067 1594/2147/2066
f 2577/2195/2114 446/2199/2118 431/2200/2119
f 2966/2148/2067 2577/2195/2114 431/2200/2119
f 2557/2146/2065 1594/2147/2066 3282/3389/3185
f 1528/2145/2064 1594/2147/2066 2557/2146/2065
f 1530/3826/3537 3286/2956/2814 1596/2143/2062
f 3286/2956/2814 1595/3394/3188 1596/2143/2062
f 79/1086/1048 1530/3826/3537 1596/2143/2062
f 1599/1475/1432 3285/2131/2050 2555/1476/1433
f 1596/2143/2062 1595/3394/3188 3285/2131/2050
f 1598/702/673 1599/1475/1432 429/1477/1434
f 79/1086/1048 1599/1475/1432 1598/702/673
f 2574/2187/2106 1600/241/216 1602/2799/2685
f 2574/2187/2106 1598/702/673 1600/241/216
f 1600/241/216 429/1477/1434 2553/242/217
f 3284/2797/2128 1616/3839/2105 1687/3840/1981
f 3278/3841/3538 1539/3842/2104 3244/3843/3550
f 1539/3842/2104 3688/3844/3412 3244/3843/3550
f 422/2800/2686 2573/3845/1418 1538/2796/2677
f 1689/3391/3165 442/2141/2060 3283/2140/2059
f 1689/3391/3165 428/3393/3187 442/2141/2060
f 1603/2138/2057 1602/2799/2685 1601/243/218
f 1544/2952/2812 1602/2799/2685 1603/2138/2057
f 1543/2161/2080 1603/2138/2057 1571/2162/2081
f 2974/3101/2931 426/3846/3551 81/238/213
f 1571/2162/2081 426/3846/3551 2974/3101/2931
f 1571/2162/2081 427/2139/2058 426/3846/3551
f 1591/3395/3189 84/2135/2054 1605/2137/2056
f 1592/720/691 1605/2137/2056 1604/3390/3186
f 1591/3395/3189 1605/2137/2056 1592/720/691
f 1609/2149/2068 1607/2133/2052 3630/2811/2695
f 2557/2146/2065 3282/3389/3185 2549/3388/3184
f 430/2951/2811 1604/3390/3186 1611/3387/3183
f 1610/2132/2051 1611/3387/3183 1613/1479/1436
f 1597/1474/1431 2556/1473/1430 1675/2813/2697
f 3283/2140/2059 1597/1474/1431 3281/3368/3167
f 1597/1474/1431 1675/2813/2697 3281/3368/3167
f 3279/2127/2046 3285/2131/2050 1615/1478/1435
f 1619/2122/2041 3280/2126/2045 424/2803/2687
f 2553/242/217 1619/2122/2041 2552/2121/2040
f 2553/242/217 3279/2127/2046 1619/2122/2041
f 424/2803/2687 3280/2126/2045 3266/2086/2005
f 3278/3847/3538 3244/3848/3550 1722/3849/3552
f 1616/3850/2105 3278/3847/3538 1722/3849/3552
f 2526/2802/1979 1538/2801/2677 395/3384/2684
f 426/3846/3551 2552/2121/2040 1620/2124/2043
f 1620/2124/2043 2552/2121/2040 1618/2123/2042
f 81/238/213 1620/2124/2043 2545/239/214
f 81/238/213 426/3846/3551 1620/2124/2043
f 2545/239/214 1621/3851/3553 421/240/215
f 2545/239/214 423/2125/2044 1621/3851/3553
f 80/2120/2039 1568/247/222 1622/249/224
f 2975/3396/3190 1625/1075/1037 1626/2116/2035
f 417/3383/3182 83/2117/2036 1642/2104/2023
f 1626/2116/2035 420/1077/1039 1642/2104/2023
f 82/3837/3548 1629/726/697 1628/2114/2033
f 1634/2109/2028 1630/727/698 1633/2112/2031
f 2565/1468/1425 1631/2111/2030 1579/2110/2029
f 1579/2110/2029 1632/1484/1440 2563/1082/1044
f 1632/1484/1440 1631/2111/2030 416/3852/3554
f 1636/717/688 3631/2804/2688 90/3382/3181
f 2980/1486/1442 1636/717/688 90/3382/3181
f 2561/1083/1045 415/1485/1441 432/2794/2682
f 2562/1081/1043 2561/1083/1045 432/2794/2682
f 1587/2793/2681 432/2794/2682 84/2135/2054
f 84/2135/2054 432/2794/2682 425/2136/2055
f 432/2794/2682 415/1485/1441 87/2805/2689
f 1637/2107/2026 2980/1486/1442 1638/730/701
f 85/2134/2053 3277/2153/2072 1608/732/703
f 1624/3381/3180 2543/2806/2690 2538/1072/1034
f 1643/1490/1446 1639/3380/3179 91/758/729
f 1642/2104/2023 414/2808/2692 92/2105/2024
f 418/728/699 2979/2101/2020 1644/1489/1445
f 1737/1068/1030 410/236/211 1738/761/732
f 1646/2103/2022 412/1069/1031 1647/2097/2016
f 416/3852/3554 1646/2103/2022 1647/2097/2016
f 417/3383/3182 1642/2104/2023 1646/2103/2022
f 1647/2097/2016 411/2098/2017 408/2099/2018
f 2542/2096/2015 1633/2112/2031 1648/235/210
f 90/3382/3181 2542/2096/2015 3275/1492/1448
f 87/2805/2689 1652/232/207 1651/1493/1449
f 405/1065/1027 88/729/700 3274/733/704
f 405/1065/1027 3274/733/704 1655/3378/3177
f 1656/3106/2933 1659/1494/1450 1657/735/706
f 3273/722/693 1658/2095/2014 2982/3108/2934
f 2551/723/694 3273/722/693 2982/3108/2934
f 1606/721/692 1656/3106/2933 3273/722/693
f 3630/2811/2695 1660/1064/1026 404/227/202
f 2549/3388/3184 1661/2810/2694 2532/3362/3162
f 1667/3375/3174 3272/1079/1041 1662/3377/3176
f 1667/3375/3174 1662/3377/3176 403/3374/3173
f 1667/3375/3174 2550/1078/1040 3272/1079/1041
f 1679/747/718 1663/737/708 399/229/204
f 1679/747/718 1666/746/717 1663/737/708
f 89/2129/2048 1612/2130/2049 1666/746/717
f 1612/2130/2049 2550/1078/1040 1667/3375/3174
f 1672/742/713 1668/2094/2013 3270/2092/2011
f 1672/742/713 1671/741/712 3271/2093/2012
f 3675/3113/2939 3268/2091/2010 3270/2092/2011
f 2531/3111/2937 3268/2091/2010 3675/3113/2939
f 97/71/59 3270/2092/2011 98/72/60
f 3270/2092/2011 3262/3853/3555 98/72/60
f 3675/3113/2939 3270/2092/2011 97/71/59
f 2531/3111/2937 2988/1498/1454 3268/2091/2010
f 3267/3376/3175 403/3374/3173 2983/3854/3556
f 1664/738/709 3267/3376/3175 1665/739/710
f 1671/741/712 1665/739/710 1673/3369/3168
f 1665/739/710 3267/3376/3175 1673/3369/3168
f 1675/2813/2697 1674/3855/3557 401/2814/2698
f 2556/1473/1430 2549/3388/3184 1674/3855/3557
f 1678/745/716 1677/744/715 2991/1499/1455
f 1680/748/719 2991/1499/1455 398/2089/2008
f 2977/1480/1437 89/2129/2048 2978/743/714
f 2978/743/714 89/2129/2048 1677/744/715
f 1690/2087/2006 1681/2068/1987 1692/2820/2701
f 3280/2126/2045 2978/743/714 1690/2087/2006
f 1680/748/719 398/2089/2008 1683/2090/2009
f 1687/3366/1981 1722/3856/3552 1721/3857/1951
f 3257/2812/2696 360/3364/3164 1689/3365/3165
f 1691/2807/2691 2547/2088/2007 1692/2820/2701
f 2543/2806/2690 1621/3851/3553 1691/2807/2691
f 1621/3851/3553 2547/2088/2007 1691/2807/2691
f 1691/2807/2691 1692/2820/2701 2539/1073/1035
f 1617/2818/2699 1688/2819/2700 2546/2083/2002
f 1641/2085/2004 1727/2084/2003 3265/1487/1443
f 404/227/202 1694/2082/2001 394/228/203
f 2532/3362/3162 1695/226/201 391/3115/2941
f 1661/2810/2694 404/227/202 1695/226/201
f 1696/749/720 1698/751/722 392/2822/2703
f 1698/751/722 393/2081/2000 392/2822/2703
f 402/3858/3558 2984/3859/3559 1702/2075/1994
f 1702/2075/1994 2984/3859/3559 1703/2821/2702
f 2984/3859/3559 1696/749/720 1703/2821/2702
f 1700/2079/1998 3264/3363/3163 3263/2080/1999
f 1700/2079/1998 1701/2077/1996 3264/3363/3163
f 1712/753/724 3263/2080/1999 389/2825/2706
f 389/2825/2706 3263/2080/1999 390/3361/3161
f 3262/3853/3555 1669/3373/3172 3261/2078/1997
f 1669/3373/3172 3260/3860/3560 3261/2078/1997
f 98/72/60 3262/3853/3555 1711/752/723
f 3262/3853/3555 3261/2078/1997 1711/752/723
f 1711/752/723 3261/2078/1997 1712/753/724
f 402/3858/3558 1702/2075/1994 3260/3860/3560
f 3632/3372/3171 402/3858/3558 3260/3860/3560
f 3632/3372/3171 3260/3860/3560 1669/3373/3172
f 3260/3860/3560 1702/2075/1994 1701/2077/1996
f 1706/1057/1019 1705/2074/1993 1704/2033/1955
f 1699/2823/2704 3258/3861/3561 2522/1056/1018
f 390/3361/3161 1699/2823/2704 2522/1056/1018
f 3263/2080/1999 1699/2823/2704 390/3361/3161
f 1699/2823/2704 392/2822/2703 3258/3861/3561
f 3258/3861/3561 392/2822/2703 1705/2074/1993
f 392/2822/2703 393/2081/2000 1705/2074/1993
f 401/2814/2698 2532/3362/3162 1772/3114/2940
f 3257/2812/2696 401/2814/2698 3256/3354/3155
f 1716/756/727 1710/3360/3160 3255/2072/1991
f 1716/756/727 3255/2072/1991 1717/757/728
f 1717/757/728 1708/2073/1992 388/224/199
f 2527/1504/1460 2528/2947/2808 3253/2069/1988
f 2527/1504/1460 3253/2069/1988 3254/3862/3562
f 397/3863/3563 2527/1504/1460 3254/3862/3562
f 397/3863/3563 3254/3862/3562 3251/3864/3564
f 3251/3864/3564 1710/3360/3160 1716/756/727
f 99/73/61 1711/752/723 3252/2070/1989
f 2528/2947/2808 99/73/61 3253/2069/1988
f 3254/3862/3562 3253/2069/1988 1709/2071/1990
f 1725/2056/1978 1714/2067/1986 386/2064/1983
f 2525/2055/1977 1681/2068/1987 1725/2056/1978
f 396/2066/1985 397/3863/3563 3251/3864/3564
f 396/2066/1985 1715/755/726 1714/2067/1986
f 1724/3353/3154 360/3865/3164 3257/2812/2696
f 2540/1074/1036 2539/1073/1035 1730/2051/1973
f 2519/2054/1976 1726/2053/1975 100/2022/1945
f 1640/2050/1972 2540/1074/1036 1729/2828/2709
f 1640/2050/1972 1729/2828/2709 384/2829/2710
f 1731/759/730 384/2829/2710 1734/760/731
f 1734/760/731 384/2829/2710 102/2830/2711
f 414/2808/2692 2536/1488/1444 2517/2832/2713
f 92/2105/2024 1732/2047/1969 2535/1070/1032
f 92/2105/2024 414/2808/2692 1732/2047/1969
f 413/1491/1447 91/758/729 1733/1051/1013
f 1733/1051/1013 91/758/729 1734/760/731
f 413/1491/1447 1733/1051/1013 1738/761/732
f 1735/1511/1465 1736/2834/2715 2515/1512/1466
f 1735/1511/1465 381/2833/2714 1736/2834/2715
f 1649/3358/3159 1737/1068/1030 3249/2835/2716
f 409/2809/2693 1737/1068/1030 1649/3358/3159
f 1740/766/737 3249/2835/2716 105/1513/1467
f 1739/220/195 3248/2948/2809 378/221/196
f 1739/220/195 106/222/197 1743/769/740
f 94/3866/3565 1739/220/195 1743/769/740
f 1743/769/740 106/222/197 2513/770/741
f 405/1065/1027 1655/3378/3177 1694/2082/2001
f 1694/2082/2001 1655/3378/3177 1742/3867/3566
f 1694/2082/2001 1742/3867/3566 1766/2836/2717
f 1745/736/707 1743/769/740 1744/768/739
f 1659/1494/1450 1743/769/740 1745/736/707
f 1659/1494/1450 94/3866/3565 1743/769/740
f 95/734/705 1745/736/707 1744/768/739
f 95/734/705 1744/768/739 2993/1062/1024
f 2993/1062/1024 1744/768/739 1746/1063/1025
f 104/764/735 3635/2046/1968 372/772/743
f 2511/1517/1471 1750/1516/1470 1749/2007/1932
f 2511/1517/1471 1749/2007/1932 3242/797/768
f 3635/2046/1968 1750/1516/1470 2511/1517/1471
f 372/772/743 3635/2046/1968 2511/1517/1471
f 2516/2044/1966 1751/793/764 373/2045/1967
f 2515/1512/1466 1736/2834/2715 370/2041/1963
f 379/771/742 104/764/735 372/772/743
f 105/1513/1467 1753/773/744 368/3356/3157
f 105/1513/1467 379/771/742 1753/773/744
f 368/3356/3157 1754/2040/1962 107/2003/1928
f 377/2039/1961 1755/1519/1473 1757/1518/1472
f 106/222/197 377/2039/1961 1756/2038/1960
f 2513/770/741 106/222/197 1762/777/748
f 106/222/197 1756/2038/1960 1762/777/748
f 1757/1518/1472 1758/2005/1930 366/778/749
f 1741/767/738 2514/3117/2943 1760/2037/1959
f 1742/3867/3566 1760/2037/1959 1759/775/746
f 1766/2836/2717 1742/3867/3566 1759/775/746
f 1759/775/746 367/2036/1958 1761/776/747
f 1747/1514/1468 1762/777/748 365/2035/1957
f 2513/770/741 1762/777/748 1747/1514/1468
f 2524/1060/1022 365/2035/1957 362/1047/1009
f 391/3115/2941 1767/3355/3156 1771/3116/2942
f 1695/226/201 394/228/203 363/1998/1923
f 1695/226/201 363/1998/1923 1767/3355/3156
f 1771/3116/2942 1767/3355/3156 1817/213/188
f 2995/2030/1952 1768/2034/1956 1774/2031/1953
f 1704/2033/1955 1769/1061/1023 1768/2034/1956
f 1770/216/191 1822/218/193 2507/1045/1007
f 1768/2034/1956 1770/216/191 2507/1045/1007
f 1772/3114/2940 1771/3116/2942 1773/781/752
f 3256/3354/3155 1772/3114/2940 1773/781/752
f 1775/2032/1954 1774/2031/1953 3636/1044/1006
f 1779/3349/3151 1776/3352/3153 358/3350/3152
f 386/2064/1983 1775/2032/1954 1779/3349/3151
f 386/2064/1983 1779/3349/3151 385/2826/2707
f 358/3350/3152 1778/1520/1474 1777/3347/3149
f 358/3350/3152 1777/3347/3149 1781/2010/1935
f 1776/3352/3153 1778/1520/1474 358/3350/3152
f 1722/3868/3552 3244/3869/3550 1871/3870/3567
f 3244/3869/3550 3688/3871/3412 1871/3870/3567
f 385/2826/2707 1779/3349/3151 3243/2827/2708
f 3243/2827/2708 1779/3349/3151 357/3348/3150
f 100/2022/1945 3243/2827/2708 1780/2837/2718
f 100/2022/1945 1780/2837/2718 2505/2943/2805
f 2505/2943/2805 1780/2837/2718 109/2838/2719
f 1723/3359/1475 1784/1523/1477 1783/2025/1948
f 383/2831/2712 1728/2026/1949 101/2944/2806
f 101/2944/2806 1785/3872/3568 2503/210/185
f 101/2944/2806 1728/2026/1949 1785/3872/3568
f 1729/2828/2709 2518/2021/1944 1787/2024/1947
f 102/2830/2711 1787/2024/1947 376/1049/1011
f 1748/1048/1010 102/2830/2711 376/1049/1011
f 103/2048/1970 1789/2018/1941 374/3357/3158
f 2517/2832/2713 1790/2016/1939 1789/2018/1941
f 1789/2018/1941 1791/2017/1940 374/3357/3158
f 2507/1045/1007 1821/3340/3145 1793/1524/1478
f 2506/1046/1008 2507/1045/1007 1793/1524/1478
f 3001/2012/1937 1794/1526/1480 3003/1531/1483
f 1799/3343/3148 1794/1526/1480 3001/2012/1937
f 3009/3344/1506 1797/3345/1476 1795/2015/1908
f 1802/3342/3147 1798/2011/1936 354/1530/1482
f 356/2009/1934 1798/2011/1936 1802/3342/3147
f 1781/2010/1935 1777/3347/3149 1798/2011/1936
f 109/2838/2719 356/2009/1934 1802/3342/3147
f 353/785/756 1802/3342/3147 2499/2942/2804
f 1802/3342/3147 354/1530/1482 2499/2942/2804
f 1785/3872/3568 351/211/186 2503/210/185
f 1785/3872/3568 1782/1533/1485 1800/3119/2945
f 1785/3872/3568 1800/3119/2945 351/211/186
f 1804/788/759 1801/784/755 1805/786/757
f 355/3118/2944 2504/2839/2720 1801/784/755
f 2504/2839/2720 109/2838/2719 1802/3342/3147
f 2512/1050/1012 1803/2020/1943 1806/2008/1933
f 1803/2020/1943 355/3118/2944 1801/784/755
f 1803/2020/1943 1804/788/759 349/787/758
f 1791/2017/1940 2503/210/185 350/3873/3569
f 374/3357/3158 347/794/765 1751/793/764
f 374/3357/3158 350/3873/3569 347/794/765
f 374/3357/3158 1791/2017/1940 350/3873/3569
f 1749/2007/1932 2512/1050/1012 1806/2008/1933
f 2496/3874/3570 1807/792/763 2495/1539/1490
f 3242/797/768 348/790/761 2496/3874/3570
f 2496/3874/3570 348/790/761 1807/792/763
f 373/2045/1967 1808/795/766 345/800/771
f 369/799/770 1752/2042/1964 345/800/771
f 1752/2042/1964 373/2045/1967 345/800/771
f 345/800/771 1809/3338/3143 1829/3335/3140
f 107/2003/1928 346/798/769 1810/1538/1489
f 2510/2002/1927 1812/2004/1929 1761/776/747
f 342/2000/1925 1833/2001/1926 2492/3120/2946
f 1764/779/750 1813/1541/1492 1814/1543/1494
f 1763/1994/1919 364/3875/3571 1820/1995/1920
f 1822/218/193 2508/219/194 341/1997/1922
f 2507/1045/1007 1822/218/193 1821/3340/3145
f 1821/3340/3145 1823/2840/2721 110/1525/1479
f 1821/3340/3145 341/1997/1922 1823/2840/2721
f 1809/3338/3143 2497/1537/1488 3241/3336/3141
f 1829/3335/3140 1809/3338/3143 339/805/776
f 1809/3338/3143 1824/3337/3142 339/805/776
f 1825/1540/1491 2495/1539/1490 3240/3876/3572
f 1832/2941/2803 1826/1992/1917 2490/1991/1916
f 344/801/772 1829/3335/3140 343/803/774
f 113/208/183 1831/3334/3139 1834/209/184
f 1831/3334/3139 1830/804/775 1828/806/777
f 1836/1043/1005 1835/207/182 3238/1544/1495
f 114/1989/1914 1836/1043/1005 1837/1990/1915
f 114/1989/1914 1837/1990/1915 2486/1547/1498
f 1815/3121/2947 1836/1043/1005 114/1989/1914
f 2487/1548/1499 1837/1990/1915 115/1960/1887
f 2486/1547/1498 1837/1990/1915 2487/1548/1499
f 3005/1999/1924 2492/3120/2946 1838/3877/3573
f 3237/3333/3138 3005/1999/1924 1838/3877/3573
f 1818/214/189 3237/3333/3138 2485/1956/1885
f 2502/3878/3574 1818/214/189 2485/1956/1885
f 3237/3333/3138 1838/3877/3573 1839/3319/3125
f 2491/1988/1913 2486/1547/1498 1840/1550/1501
f 2491/1988/1913 1840/1550/1501 1845/2841/2722
f 1845/2841/2722 1843/1549/1500 1842/1553/1504
f 1845/2841/2722 1842/1553/1504 1844/1552/1503
f 1845/2841/2722 1840/1550/1501 1843/1549/1500
f 3236/783/754 1792/782/753 1910/829/800
f 1794/1526/1480 1844/1552/1503 1847/1985/1910
f 3003/1531/1483 1847/1985/1910 1846/205/180
f 3003/1531/1483 1794/1526/1480 1847/1985/1910
f 2483/206/181 1846/205/180 116/1986/1911
f 1871/3879/3567 3688/3880/3412 3197/3881/3575
f 1872/3332/3097 3009/1556/1506 1870/1984/1898
f 3196/3882/815 301/1560/1509 336/3883/3576
f 301/1560/1509 2999/1559/1508 336/3883/3576
f 1910/829/800 3196/3882/815 336/3883/3576
f 336/3883/3576 3236/783/754 1910/829/800
f 3002/1532/1484 3003/1531/1483 1850/204/179
f 111/1536/1487 335/1979/1905 2481/1981/1907
f 2481/1981/1907 1851/1980/1906 3235/3125/2951
f 351/211/186 1853/3327/3133 3234/3884/3577
f 3672/212/187 351/211/186 3234/3884/3577
f 1853/3327/3133 1800/3119/2945 1879/193/168
f 352/789/760 111/1536/1487 332/3331/3137
f 330/2845/2726 1854/807/778 3010/809/780
f 330/2845/2726 112/1977/1903 1854/807/778
f 3672/212/187 3234/3884/3577 2479/3885/3578
f 347/794/765 1856/1965/1892 3637/3339/3144
f 2497/1537/1488 347/794/765 3637/3339/3144
f 3637/3339/3144 1856/1965/1892 3006/1967/1894
f 1807/792/763 3004/1976/1902 1857/1978/1904
f 3240/3876/3572 1807/792/763 1858/810/781
f 1863/813/784 1860/815/786 1861/1975/1901
f 1848/1554/1505 2484/1551/1502 1863/813/784
f 1842/1553/1504 1841/1987/1912 2484/1551/1502
f 116/1986/1911 1862/197/172 1873/196/171
f 1862/197/172 1848/1554/1505 1863/813/784
f 116/1986/1911 1848/1554/1505 1862/197/172
f 1866/3330/3136 3233/2848/2729 3232/3886/3579
f 2472/2934/2801 1866/3330/3136 3231/2935/2802
f 1866/3330/3136 3232/3886/3579 3231/2935/2802
f 3231/2935/2802 118/3887/3580 117/3888/3581
f 3231/2935/2802 3232/3886/3579 118/3887/3580
f 3232/3886/3579 1864/3889/3582 118/3887/3580
f 323/199/174 1861/1975/1901 3230/1565/1514
f 1861/1975/1901 3229/1974/1900 3230/1565/1514
f 3230/1565/1514 1866/3330/3136 2472/2934/2801
f 1861/1975/1901 1860/815/786 3229/1974/1900
f 3229/1974/1900 1867/816/787 1866/3330/3136
f 3644/1973/1899 1870/1972/1898 1849/3890/1909
f 3198/3891/2742 1849/3890/1909 1871/3892/3567
f 3198/3891/2742 1871/3892/3567 3197/3893/3575
f 3228/1971/1870 1872/3894/3097 1870/1972/1898
f 3222/831/802 3196/3895/815 1910/829/800
f 334/3329/3135 2482/3124/2950 2470/1040/1002
f 2482/3124/2950 1873/196/171 2470/1040/1002
f 1851/1980/1906 334/3329/3135 3235/3125/2951
f 2480/1969/1896 3235/3125/2951 1881/1970/1897
f 1879/193/168 1877/3130/2956 1876/194/169
f 1853/3327/3133 321/3328/3134 3234/3884/3577
f 1855/808/779 2480/1969/1896 1886/2849/2730
f 1886/2849/2730 2480/1969/1896 1880/1968/1895
f 331/1966/1893 1884/3896/3583 320/3897/3584
f 3006/1967/1894 1885/1566/826 1890/1038/1001
f 1856/1965/1892 1884/3896/3583 331/1966/1893
f 1885/1566/826 331/1966/1893 320/3897/3584
f 3010/809/780 1886/2849/2730 318/187/162
f 1887/3325/3131 3010/809/780 318/187/162
f 3007/812/783 1859/811/782 3226/3324/3130
f 3226/3324/3130 1859/811/782 3227/3326/3132
f 2464/3898/3585 1888/185/160 1965/184/159
f 3226/3324/3130 3227/3326/3132 2464/3898/3585
f 3227/3326/3132 318/187/162 1888/185/160
f 1895/2850/2731 1891/1963/1890 316/2851/2732
f 1824/3337/3142 1891/1963/1890 1895/2850/2731
f 1824/3337/3142 1892/1964/1891 1891/1963/1890
f 316/2851/2732 1969/3899/3092 1915/3900/2958
f 316/2851/2732 1891/1963/1890 1969/3899/3092
f 1969/3899/3092 1891/1963/1890 1889/1037/823
f 340/3122/2948 3013/182/157 317/181/156
f 340/3122/2948 3007/812/783 3226/3324/3130
f 2490/1991/1916 1827/1993/1918 1897/3901/3586
f 1828/806/777 1894/1962/1889 3638/3323/3129
f 2461/1567/1515 315/823/794 121/825/796
f 2461/1567/1515 1896/1961/1888 315/823/794
f 3008/3123/2949 1897/3901/3586 2462/3134/2960
f 1898/2843/2724 3008/3123/2949 2462/3134/2960
f 3008/3123/2949 2490/1991/1916 1897/3901/3586
f 3225/828/799 1898/2843/2724 1900/3902/803
f 2489/827/798 1898/2843/2724 3225/828/799
f 3224/1545/1496 2461/1567/1515 1901/1546/1497
f 1834/209/184 1896/1961/1888 3224/1545/1496
f 1907/1959/1886 2459/3322/3128 1906/3318/3124
f 1907/1959/1886 313/2852/2733 2459/3322/3128
f 2459/3322/3128 313/2852/2733 2460/1568/1516
f 1839/3319/3125 2488/826/797 1902/3321/3127
f 2485/1956/1885 1839/3319/3125 1903/1957/1877
f 2487/1548/1499 115/1960/1887 337/3317/3123
f 337/3317/3123 115/1960/1887 1906/3318/3124
f 2478/1562/1511 1909/1955/1884 3216/3903/3587
f 2478/1562/1511 3216/3903/3587 2477/1563/1512
f 3223/2844/2725 2502/3878/3574 3014/3904/1875
f 3223/2844/2725 3014/3904/1875 1911/830/801
f 1893/1950/158 1912/1952/1881 311/3135/2961
f 2464/3905/3585 1965/853/159 1912/1952/1881
f 3013/1951/157 2464/3905/3585 1912/1952/1881
f 1918/3906/793 1893/1950/158 310/3907/3588
f 310/3907/3588 1913/3908/3589 2455/1570/1518
f 1893/1950/158 1913/3908/3589 310/3907/3588
f 1916/3909/795 1914/3316/3122 3220/3311/3118
f 2463/3910/2959 1914/3316/3122 315/3911/794
f 315/3911/794 1914/3316/3122 1916/3909/795
f 2463/3910/2959 1915/3314/2958 1914/3316/3122
f 3220/3311/3118 3221/3313/3120 2454/3912/3590
f 1899/1948/1879 2462/3913/2960 1917/1569/1517
f 1900/832/803 1919/1949/1880 3017/833/804
f 1921/1947/1878 3219/2855/2736 3218/3914/3591
f 2453/1575/1523 1921/1947/1878 3218/3914/3591
f 3218/3914/3591 1920/3310/3117 124/1902/1837
f 3017/833/804 1919/1949/1880 1921/1947/1878
f 3017/833/804 1921/1947/1878 2453/1575/1523
f 1919/1949/1880 1922/1571/1519 1921/1947/1878
f 121/3915/796 1924/3916/3592 2460/3917/1516
f 3217/3303/3112 1929/3307/2735 307/3309/3116
f 307/3309/3116 1925/3305/3114 125/3306/3115
f 307/3309/3116 308/3308/2734 1925/3305/3114
f 1904/3918/3126 1926/834/805 1928/2856/2737
f 1909/3919/1884 2458/3920/3593 1931/3302/3111
f 1931/3302/3111 2458/3920/3593 3217/3303/3112
f 3216/3921/3587 1909/3919/1884 1931/3302/3111
f 2477/3922/1512 3216/3921/3587 3212/3923/2953
f 3212/3923/2953 3216/3921/3587 1939/179/154
f 3216/3921/3587 1931/3302/3111 1939/179/154
f 1939/179/154 1930/3304/3113 305/180/155
f 305/180/155 1930/3304/3113 1932/2858/2739
f 3014/3924/1875 2457/1945/1876 2449/901/868
f 1911/836/801 1934/3268/3079 1933/837/806
f 1936/3925/3594 3215/3301/3110 3214/1943/1874
f 1936/3925/3594 1937/3300/3109 3215/3301/3110
f 1936/3925/3594 3214/1943/1874 3642/3290/3099
f 1945/3292/3101 1936/3925/3594 3642/3290/3099
f 3214/1943/1874 3019/1577/1525 303/3926/3595
f 3642/3290/3099 3214/1943/1874 303/3926/3595
f 327/3927/177 2475/3928/1513 1937/3300/3109
f 327/3927/177 1937/3300/3109 3213/3929/3596
f 328/3930/178 327/3927/177 3213/3929/3596
f 328/3930/178 3213/3929/3596 1945/3292/3101
f 3213/3929/3596 1936/3925/3594 1945/3292/3101
f 2475/3928/1513 1938/3298/3107 1937/3300/3109
f 2474/3931/2954 1938/3298/3107 2475/3928/1513
f 2474/3931/2954 3212/3923/2953 1938/3298/3107
f 1943/3293/3102 3211/3295/3104 3210/1941/1872
f 1954/3284/3094 3210/1941/1872 299/176/151
f 1954/3284/3094 3207/3932/3597 3210/1941/1872
f 3207/3932/3597 1943/3293/3102 3210/1941/1872
f 1864/3933/3582 3209/3934/3598 3208/3935/3599
f 1864/3933/3582 1865/3936/2727 3209/3934/3598
f 118/3937/3580 1864/3933/3582 3194/3938/3600
f 1864/3933/3582 3208/3935/3599 3194/3938/3600
f 3194/3938/3600 3208/3935/3599 1954/3284/3094
f 3208/3935/3599 3207/3932/3597 1954/3284/3094
f 3206/3939/2728 328/3930/178 3205/3940/3601
f 1865/3936/2727 3205/3940/3601 3209/3934/3598
f 1865/3936/2727 3206/3939/2728 3205/3940/3601
f 1942/3941/3602 3204/3294/3103 1943/3293/3102
f 3209/3934/3598 3205/3940/3601 1942/3941/3602
f 3205/3940/3601 3204/3294/3103 1942/3941/3602
f 3205/3940/3601 1944/3289/3098 3204/3294/3103
f 2443/1588/1536 1949/843/812 3203/838/807
f 1940/3942/3603 1941/3296/3105 3199/3943/3604
f 1940/3942/3603 3199/3943/3604 3202/1942/1873
f 300/177/152 3201/841/810 2443/1588/1536
f 300/177/152 3202/1942/1873 3201/841/810
f 3640/3297/3106 303/3926/3595 3200/3944/3605
f 303/3926/3595 3019/1577/1525 3200/3944/3605
f 1941/3296/3105 3640/3297/3106 3199/3943/3604
f 3640/3297/3106 3200/3944/3605 3199/3943/3604
f 3199/3943/3604 3200/3944/3605 1948/842/811
f 3198/2862/2742 259/3945/1867 1971/3946/1866
f 3198/2862/2742 3197/3947/3575 259/3945/1867
f 3644/2863/1899 3198/2862/2742 1971/3946/1866
f 3197/3947/3575 3688/3948/3412 3186/3949/1797
f 3228/1937/1870 3644/2863/1899 1972/1938/830
f 3196/846/815 295/845/814 301/3287/1509
f 3195/3950/3606 1953/3286/3096 1952/1585/1533
f 1956/3951/3607 3195/3950/3606 1952/1585/1533
f 1956/3951/3607 1952/1585/1533 2442/3136/2962
f 2468/3952/2955 3192/3953/3608 3195/3950/3606
f 2468/3952/2955 2469/3954/2800 3192/3953/3608
f 2468/3952/2955 3195/3950/3606 322/3955/3609
f 322/3955/3609 3195/3950/3606 1956/3951/3607
f 117/3956/3581 118/3937/3580 3193/3957/3610
f 118/3937/3580 3194/3938/3600 3193/3957/3610
f 2469/3954/2800 117/3956/3581 3192/3953/3608
f 117/3956/3581 3193/3957/3610 3192/3953/3608
f 3192/3953/3608 3191/3285/3095 1953/3286/3096
f 3192/3953/3608 3193/3957/3610 3191/3285/3095
f 1959/849/818 1955/1936/1869 127/2864/2743
f 1878/3283/170 1957/1928/1863 120/3138/2964
f 120/3138/2964 1957/1928/1863 3029/1927/1862
f 3188/3958/166 3189/848/817 1958/847/816
f 3188/3958/166 1874/3959/790 3189/848/817
f 1882/3960/167 1958/847/816 1960/1589/1537
f 1882/3960/167 3188/3958/166 1958/847/816
f 1960/1589/1537 297/3282/3093 128/876/843
f 1960/1589/1537 1958/847/816 1961/2930/2798
f 320/3961/3584 3012/3962/3611 1962/2867/2746
f 3012/3962/3611 3024/2868/2747 1962/2867/2746
f 1885/859/826 320/3961/3584 3025/860/827
f 320/3961/3584 1962/2867/2746 3025/860/827
f 3671/3139/2965 3187/850/819 129/3140/2966
f 3671/3139/2965 1964/2870/2749 3187/850/819
f 129/3140/2966 3187/850/819 130/3963/3612
f 2438/1590/1538 1964/2870/2749 3671/3139/2965
f 3025/860/827 1964/2870/2749 2438/1590/1538
f 1915/3314/2958 1969/3281/3092 3015/3315/3121
f 1969/3281/3092 1970/1913/1848 3015/3315/3121
f 3015/3315/3121 1970/1913/1848 3174/1915/1850
f 3015/3315/3121 3174/1915/1850 2456/3312/3119
f 259/1933/1867 3197/3964/3575 3186/3965/1797
f 3186/3965/1797 3688/3966/3412 2070/3967/1798
f 258/1934/1868 1972/863/830 1971/1932/1866
f 1973/3280/3091 3020/3968/1532 295/2872/814
f 2441/2865/2744 3023/3137/2963 1974/1594/1542
f 1982/865/832 1975/2866/2745 292/1929/1864
f 127/2864/2743 1975/2866/2745 1982/865/832
f 1975/2866/2745 1974/1594/1542 1976/1930/1865
f 1979/1923/1858 1978/1599/1547 1980/1924/1859
f 297/3282/3093 1961/2930/2798 1982/865/832
f 128/876/843 1983/3969/3613 2430/1918/1853
f 128/876/843 297/3282/3093 1983/3969/3613
f 297/3282/3093 1982/865/832 1984/864/831
f 297/3282/3093 1984/864/831 1983/3969/3613
f 1983/3969/3613 1984/864/831 2434/1600/1548
f 2430/1918/1853 1983/3969/3613 2434/1600/1548
f 3185/2869/2748 1986/3279/3090 3030/3970/3614
f 3185/2869/2748 2440/3278/3089 1986/3279/3090
f 1992/2873/2751 1991/1921/1856 3030/3970/3614
f 1991/1921/1856 3185/2869/2748 3030/3970/3614
f 3024/2868/2747 3029/1927/1862 2440/3278/3089
f 1998/3275/3086 1990/871/838 1987/867/834
f 1998/3275/3086 1987/867/834 285/170/145
f 285/170/145 1987/867/834 286/171/146
f 3187/850/819 1989/852/821 1988/870/837
f 130/3963/3612 1988/870/837 1998/3275/3086
f 130/3963/3612 3187/850/819 1988/870/837
f 1998/3275/3086 1988/870/837 1990/871/838
f 1963/851/820 3185/2869/2748 1991/1921/1856
f 1989/852/821 1992/2873/2751 1990/871/838
f 3182/1919/1854 1993/1920/1855 3184/872/839
f 2429/1031/996 3184/872/839 133/2929/2797
f 133/2929/2797 3184/872/839 134/3971/3615
f 3183/869/836 1993/1920/1855 3182/1919/1854
f 2428/1029/994 286/171/146 2429/1031/996
f 286/171/146 3182/1919/1854 2429/1031/996
f 3645/1922/1857 1994/2875/2753 3180/868/835
f 3645/1922/1857 1992/2873/2751 1994/2875/2753
f 3180/868/835 3181/873/840 1993/1920/1855
f 122/81/65 2439/174/149 289/877/844
f 122/81/65 288/879/846 3179/878/845
f 1997/1917/1852 3177/3277/3088 3178/3972/3616
f 2002/884/851 1997/1917/1852 3178/3972/3616
f 3177/3277/3088 3032/887/854 284/886/853
f 3178/3972/3616 3177/3277/3088 284/886/853
f 2001/883/850 2436/1592/1540 3176/1916/1851
f 2001/883/850 3176/1916/1851 2002/884/851
f 130/3963/3612 1998/3275/3086 3175/3276/3087
f 2436/1592/1540 129/3140/2966 3176/1916/1851
f 129/3140/2966 130/3963/3612 3176/1916/1851
f 3176/1916/1851 130/3963/3612 1997/1917/1852
f 130/3963/3612 3175/3276/3087 1997/1917/1852
f 2456/3312/3119 3174/1915/1850 281/1603/1551
f 1970/1913/1848 296/1593/1541 2000/1914/1849
f 2424/1604/1552 2004/1911/1846 2003/3274/3085
f 281/1603/1551 1999/885/852 2004/1911/1846
f 1999/885/852 3647/1912/1847 2004/1911/1846
f 1913/3908/3589 2006/82/66 2007/1909/1844
f 2455/1570/1518 1913/3908/3589 2011/1904/1839
f 2011/1904/1839 1913/3908/3589 279/889/856
f 2007/1909/1844 282/1910/1845 2008/890/857
f 3221/3313/3120 2456/3312/3119 3173/1605/1553
f 3221/3313/3120 3173/1605/1553 2009/3271/3082
f 2009/3271/3082 3172/1907/1842 2420/1906/1841
f 3173/1605/1553 280/2877/2755 3172/1907/1842
f 2015/893/860 2011/1904/1839 2010/1905/1840
f 2015/893/860 2010/1905/1840 2016/894/861
f 3016/1573/1521 2011/1904/1839 2015/893/860
f 3219/2855/2736 3016/1573/1521 309/1903/1838
f 3170/1901/1836 2014/1900/1835 2012/3273/3084
f 2032/1889/1824 3170/1901/1836 274/161/136
f 274/161/136 3171/1899/1834 275/162/137
f 274/161/136 3170/1901/1836 3171/1899/1834
f 1920/3310/3117 3169/892/859 124/1902/1837
f 3165/1888/1823 3170/1901/1836 2032/1889/1824
f 1920/3310/3117 309/1903/1838 3169/892/859
f 2014/1900/1835 3169/892/859 3168/3272/3083
f 2022/900/867 2018/896/863 3167/1898/1833
f 2020/898/865 2022/900/867 3167/1898/1833
f 2417/2927/2795 3167/1898/1833 139/87/69
f 3167/1898/1833 2017/895/862 139/87/69
f 3171/1899/1834 2013/1894/1829 2020/898/865
f 275/162/137 3171/1899/1834 2418/3973/3617
f 3171/1899/1834 3166/1897/1832 2418/3973/3617
f 2418/3973/3617 3166/1897/1832 3167/1898/1833
f 2418/3973/3617 3167/1898/1833 2417/2927/2795
f 3649/1895/1830 2023/1893/1828 2021/899/866
f 2025/3270/3081 2420/1906/1841 276/1606/1554
f 2027/3269/3080 2025/3270/3081 276/1606/1554
f 2454/3912/3590 2009/3271/3082 2025/3270/3081
f 2027/3269/3080 2026/1892/1827 2038/1882/1817
f 125/3306/3115 2027/3269/3080 2038/1882/1817
f 276/1606/1554 2055/912/879 2026/1892/1827
f 2030/1890/1825 2031/1887/1822 2028/1891/1826
f 2035/2880/2758 2030/1890/1825 272/1883/1818
f 2450/1576/1524 2030/1890/1825 2035/2880/2758
f 124/1902/1837 3165/1888/1823 123/1886/1821
f 123/1886/1821 2032/1889/1824 2031/1887/1822
f 1927/902/869 2034/2879/2757 2042/903/870
f 3018/2857/2738 2034/2879/2757 1927/902/869
f 2450/1576/1524 2035/2880/2758 2034/2879/2757
f 3018/2857/2738 2450/1576/1524 2034/2879/2757
f 2042/903/870 2033/2881/2759 2036/1872/1807
f 2042/903/870 2036/1872/1807 142/921/888
f 2034/2879/2757 2033/2881/2759 2042/903/870
f 2035/2880/2758 272/1883/1818 2037/1884/1819
f 2035/2880/2758 2037/1884/1819 2033/2881/2759
f 306/2859/2740 2038/1882/1817 2039/1881/1816
f 306/2859/2740 125/3306/3115 2038/1882/1817
f 2413/3147/2972 2040/3974/3618 143/3148/2973
f 2039/1881/1816 2413/3147/2972 269/2882/2760
f 1934/3268/3079 2449/901/868 270/1864/1799
f 302/1581/1529 2446/1580/1528 2045/158/133
f 1947/840/809 2045/158/133 2044/1940/1871
f 294/1595/1543 2412/160/135 132/1596/1544
f 3163/2878/2756 3162/1878/1813 266/2926/2794
f 137/1908/1843 3163/2878/2756 266/2926/2794
f 266/2926/2794 3162/1878/1813 2047/1880/1815
f 2421/3146/2971 2422/1877/1812 3036/165/140
f 3160/1874/1809 3036/165/140 2053/1876/1811
f 3036/165/140 2422/1877/1812 2053/1876/1811
f 136/891/858 3044/1618/1566 2422/1877/1812
f 2017/895/862 2019/897/864 2050/907/874
f 2019/897/864 3160/1874/1809 2051/904/871
f 3160/1874/1809 2053/1876/1811 2051/904/871
f 146/3975/3619 3159/909/876 2054/1827/1763
f 2410/919/886 3159/909/876 146/3975/3619
f 2049/906/873 3159/909/876 2410/919/886
f 2419/1607/1555 137/1908/1843 2055/912/879
f 2055/912/879 137/1908/1843 265/913/880
f 141/1025/990 2055/912/879 261/914/881
f 261/914/881 265/913/880 3158/916/883
f 2414/1614/1562 3157/3266/3077 3040/1615/1563
f 2414/1614/1562 3041/1617/1565 3157/3266/3077
f 2036/1872/1807 3040/1615/1563 2056/918/885
f 2036/1872/1807 2056/918/885 2058/155/130
f 3157/3266/3077 3041/1617/1565 3156/920/887
f 3042/1865/1800 2057/157/132 2128/1871/1806
f 2057/157/132 262/156/131 3155/3976/3620
f 141/1025/990 261/914/881 2059/1026/991
f 2040/3974/3618 2060/1867/1802 2066/3977/3621
f 143/3148/2973 2040/3974/3618 2066/3977/3621
f 2040/3974/3618 2059/1026/991 2060/1867/1802
f 2062/3150/2975 2061/1869/1804 148/934/901
f 2066/3977/3621 2060/1867/1802 2062/3150/2975
f 2060/1867/1802 2061/1869/1804 2062/3150/2975
f 3164/1860/1795 270/1864/1799 2063/1866/1801
f 2066/3977/3621 2065/3149/2974 260/3978/3622
f 2068/1824/1760 2099/1823/1759 2074/926/893
f 2067/2885/2761 2068/1824/1760 2074/926/893
f 2067/2885/2761 260/3978/3622 2068/1824/1760
f 2134/3979/1757 2069/1861/1796 2070/1863/1798
f 2070/1863/1798 3105/3980/1758 2134/3979/1757
f 2070/1863/1798 3688/3981/3412 3105/3980/1758
f 3058/3982/3623 258/2883/1868 2136/3983/1754
f 258/2883/1868 2069/1861/1796 2136/3983/1754
f 2135/923/890 2071/3984/828 3058/3982/3623
f 2137/1858/1794 257/3264/2750 2072/1859/813
f 2137/1858/1794 3164/1860/1795 2064/3985/3624
f 293/1597/1545 132/1596/1544 2075/925/892
f 1976/1930/1865 293/1597/1545 2076/1857/1793
f 1976/1930/1865 2076/1857/1793 255/1856/1792
f 255/1856/1792 2076/1857/1793 2406/927/894
f 1980/1924/1859 2077/3986/3625 2081/1926/1861
f 2081/1926/1861 2077/3986/3625 2404/2886/2762
f 2079/3262/3075 2078/1855/1791 2080/1854/1790
f 2434/1600/1548 1981/866/833 2079/3262/3075
f 2434/1600/1548 2079/3262/3075 2080/1854/1790
f 1981/866/833 1976/1930/1865 2079/3262/3075
f 2087/1619/1567 1985/3142/2967 2403/1620/1568
f 2431/1850/1786 1985/3142/2967 2087/1619/1567
f 151/1621/1569 2403/1620/1568 2107/150/125
f 3154/1852/1788 3048/2887/2763 2085/3987/3626
f 2432/1851/1787 2433/1925/1860 3154/1852/1788
f 291/2876/2754 2432/1851/1787 2084/1853/1789
f 2433/1925/1860 2081/1926/1861 3154/1852/1788
f 2082/875/842 2083/3260/3073 3153/3257/3070
f 2092/3256/3069 2082/875/842 3153/3257/3070
f 134/3971/3615 3152/874/841 2092/3256/3069
f 3184/872/839 3152/874/841 134/3971/3615
f 3152/874/841 2082/875/842 2092/3256/3069
f 291/2876/2754 2084/1853/1789 290/2874/2752
f 290/2874/2752 2083/3260/3073 2082/875/842
f 2085/3987/3626 2086/3988/3627 152/1623/1571
f 2083/3260/3073 3151/3261/3074 253/3989/3628
f 253/3989/3628 3151/3261/3074 3049/3259/3072
f 3151/3261/3074 152/1623/1571 2401/1622/1570
f 3049/3259/3072 3151/3261/3074 2401/1622/1570
f 2084/1853/1789 2085/3987/3626 3151/3261/3074
f 2089/1849/1785 2087/1619/1567 254/2888/2764
f 2089/1849/1785 2431/1850/1786 2087/1619/1567
f 135/153/128 2089/1849/1785 2088/154/129
f 153/1834/1770 2088/154/129 3150/1837/1773
f 2095/1846/1782 2090/1848/1784 252/2890/2766
f 3148/1601/1549 2091/1847/1783 283/168/143
f 3648/169/144 283/168/143 2095/1846/1782
f 283/168/143 2091/1847/1783 2095/1846/1782
f 3669/3144/2969 134/3971/3615 2092/3256/3069
f 2091/1847/1783 3148/1601/1549 3149/3258/3071
f 2424/1604/1552 2003/3274/3085 2094/2889/2765
f 2003/3274/3085 3648/169/144 2095/1846/1782
f 2008/890/857 251/152/127 3147/1844/1780
f 3044/1618/1566 136/891/858 3147/1844/1780
f 3044/1618/1566 3147/1844/1780 3146/1832/1768
f 136/891/858 2008/890/857 3147/1844/1780
f 256/3254/3067 2405/3255/3068 2098/1626/1574
f 2103/1628/1576 150/1840/1776 2100/3253/3066
f 2103/1628/1576 2100/3253/3066 2400/1629/1577
f 150/1840/1776 256/3254/3067 2100/3253/3066
f 2100/3253/3066 2098/1626/1574 2400/1629/1577
f 3046/924/891 2101/1796/1734 3050/1798/1736
f 3046/924/891 3050/1798/1736 2077/3986/3625
f 2077/3986/3625 247/1795/1733 2404/2886/2762
f 2104/1842/1778 3145/1839/1775 2107/150/125
f 2086/3988/3627 3048/2887/2763 3144/3990/3629
f 3048/2887/2763 2404/2886/2762 3144/3990/3629
f 2086/3988/3627 3144/3990/3629 2396/3230/3045
f 2396/3230/3045 3144/3990/3629 2105/3991/3630
f 2402/1838/1774 2106/149/124 246/1631/1579
f 153/1834/1770 3150/1837/1773 2108/1835/1771
f 2096/1624/1572 2395/3229/3044 3051/2891/2767
f 2114/929/896 3143/1789/1727 3053/1785/1723
f 3051/2891/2767 3143/1789/1727 2114/929/896
f 2112/1833/1769 153/1834/1770 244/1787/1725
f 3043/3992/3631 3052/930/897 267/1879/1814
f 3043/3992/3631 144/928/895 3052/930/897
f 2047/1880/1815 267/1879/1814 2115/1830/1766
f 2047/1880/1815 2115/1830/1766 145/1825/1761
f 2115/1830/1766 2116/93/73 3054/92/72
f 2118/1828/1764 2119/1829/1765 2117/1632/1580
f 146/3975/3619 2054/1827/1763 2123/3251/3064
f 147/915/882 264/917/884 2121/3250/3063
f 147/915/882 2121/3250/3063 2125/3993/3632
f 2121/3250/3063 2122/3240/3054 157/3994/3633
f 2392/3995/3634 2121/3250/3063 157/3994/3633
f 2125/3993/3632 2121/3250/3063 2392/3995/3634
f 2120/1826/1762 2122/3240/3054 2121/3250/3063
f 3155/3976/3620 146/3975/3619 3141/3996/3635
f 2128/1871/1806 3142/1870/1805 2127/3236/3050
f 2057/157/132 3155/3976/3620 3141/3996/3635
f 3142/1870/1805 2057/157/132 3141/3996/3635
f 3142/1870/1805 2124/1813/1751 2127/3236/3050
f 3142/1870/1805 3141/3996/3635 2393/3154/2979
f 147/915/882 2125/3993/3632 2408/2925/2793
f 2061/1869/1804 2129/932/899 148/934/901
f 2408/2925/2793 3140/3997/3636 2061/1869/1804
f 2137/3998/1794 2064/3985/3624 233/1811/1749
f 2068/1824/1760 148/934/901 2130/935/902
f 250/3151/2976 2132/3248/3061 154/1807/1745
f 250/3151/2976 2099/1823/1759 2132/3248/3061
f 2132/3248/3061 2130/935/902 3057/1021/986
f 2133/1817/1755 3139/1819/1756 2153/3999/929
f 2136/1816/1754 2135/2893/890 3058/4000/3623
f 2136/1816/1754 2156/1818/1741 2382/4001/1740
f 2135/2893/890 2382/4001/1740 2164/2892/2768
f 3650/3242/3056 240/3246/3060 2138/3244/3058
f 2139/3243/3057 2137/3998/1794 233/1811/1749
f 2117/1632/1580 2140/1635/1583 238/4002/3637
f 2394/1634/1582 2113/1831/1767 2140/1635/1583
f 2117/1632/1580 2394/1634/1582 2140/1635/1583
f 2143/3153/2978 2123/3251/3064 3138/3252/3065
f 2143/3153/2978 3138/3252/3065 236/4003/3638
f 236/4003/3638 238/4002/3637 2203/3221/3036
f 2122/3240/3054 3055/3249/3062 3137/94/74
f 157/3994/3633 2141/1815/1753 2391/4004/3639
f 2391/4004/3639 2141/1815/1753 235/1016/981
f 157/3994/3633 2122/3240/3054 2141/1815/1753
f 2141/1815/1753 3651/937/904 2142/936/903
f 2141/1815/1753 3137/94/74 3651/937/904
f 2127/3236/3050 2124/1813/1751 2386/135/110
f 2124/1813/1751 3127/136/111 2386/135/110
f 158/1022/987 2145/3237/3051 2147/1810/1748
f 2126/933/900 2391/4004/3639 2145/3237/3051
f 158/1022/987 2126/933/900 2145/3237/3051
f 2385/3235/3049 160/96/76 3059/95/75
f 2385/3235/3049 2145/3237/3051 2146/3239/3053
f 2385/3235/3049 2146/3239/3053 160/96/76
f 233/1811/1749 2127/3236/3050 2210/1812/1750
f 2139/4005/3057 233/1811/1749 2160/1771/1709
f 233/1811/1749 2211/1772/1710 2160/1771/1709
f 241/1809/1747 2147/1810/1748 232/1014/979
f 229/1639/1587 2150/1804/1742 3136/98/78
f 229/1639/1587 232/1014/979 2150/1804/1742
f 232/1014/979 2152/1805/1743 2150/1804/1742
f 3139/4006/1756 2154/4007/1696 2232/4008/1695
f 2155/4009/1601 2156/1803/1741 2153/4010/929
f 2157/4011/3055 2158/1800/1738 230/4012/3059
f 2158/1800/1738 2159/4013/985 230/4012/3059
f 2160/1771/1709 2158/1800/1738 2157/4011/3055
f 2162/141/116 2161/1627/1575 3134/1638/1586
f 2162/141/116 3134/1638/1586 2163/143/118
f 249/1625/1573 2161/1627/1575 2162/141/116
f 228/142/117 3133/145/120 164/1753/1692
f 2162/141/116 2163/143/118 228/142/117
f 247/1795/1733 3050/1798/1736 2165/1751/1690
f 2399/1794/1732 155/1843/1779 2167/139/114
f 2173/941/908 2397/151/126 2168/138/113
f 2397/151/126 248/1793/1731 2168/138/113
f 2173/941/908 2168/138/113 2169/3158/2980
f 2169/3158/2980 2168/138/113 2170/140/115
f 2398/1641/1589 226/1640/1588 2105/3991/3630
f 2105/3991/3630 2171/1644/1592 2396/3230/3045
f 2105/3991/3630 226/1640/1588 2172/1780/1718
f 2105/3991/3630 2172/1780/1718 2171/1644/1592
f 2110/147/122 2397/151/126 2173/941/908
f 2109/146/121 2174/4014/3640 156/1788/1726
f 2109/146/121 225/148/123 2174/4014/3640
f 2174/4014/3640 225/148/123 2175/1791/1729
f 2174/4014/3640 2175/1791/1729 2376/1647/1595
f 2175/1791/1729 225/148/123 2378/2898/2772
f 2178/1790/1728 2177/4015/3641 221/1649/1597
f 2113/1831/1767 223/1646/1594 239/1636/1584
f 2113/1831/1767 244/1787/1725 223/1646/1594
f 3053/1785/1723 2178/1790/1728 220/943/910
f 2116/93/73 243/942/909 2179/944/911
f 2116/93/73 2179/944/911 3137/94/74
f 237/2923/2791 2180/1775/1713 2192/1777/1715
f 2179/944/911 2181/1650/1598 2180/1775/1713
f 3132/940/907 2183/1754/1693 219/1784/1722
f 164/1753/1692 2183/1754/1693 3132/940/907
f 2187/939/906 219/1784/1722 3656/1782/1720
f 3656/1782/1720 219/1784/1722 2184/1783/1721
f 2175/1791/1729 3131/2899/2773 2188/1792/1730
f 2373/1727/1671 2188/1792/1730 3130/1779/1717
f 2188/1792/1730 2186/3228/3043 3130/1779/1717
f 2186/3228/3043 2189/1731/1675 3130/1779/1717
f 2377/1645/1593 2374/3227/3042 3129/3225/3040
f 2377/1645/1593 3129/3225/3040 224/3226/3041
f 224/3226/3041 215/3224/3039 2191/1778/1716
f 215/3224/3039 2285/1722/1666 2371/1721/1665
f 217/4016/3642 222/1648/1596 3062/3223/3038
f 2195/1786/1724 217/4016/3642 2190/3160/2982
f 2195/1786/1724 2190/3160/2982 2194/3159/2981
f 2190/3160/2982 216/1724/1668 166/1726/1670
f 2190/3160/2982 217/4016/3642 3062/3223/3038
f 2191/1778/1716 2370/4017/3643 2193/1776/1714
f 2192/1777/1715 3128/4018/3644 2199/4019/3645
f 3063/1011/976 3128/4018/3644 167/3161/2983
f 3128/4018/3644 214/4020/3646 167/3161/2983
f 2199/4019/3645 3128/4018/3644 3063/1011/976
f 2193/1776/1714 2370/4017/3643 3128/4018/3644
f 2196/3222/3037 2194/3159/2981 213/1716/1660
f 2196/3222/3037 2389/1637/1585 2195/1786/1724
f 2202/4021/3647 2203/3221/3036 213/1716/1660
f 238/4002/3637 2196/3222/3037 2203/3221/3036
f 3651/937/904 2199/4019/3645 2198/1010/975
f 2388/2924/2792 2199/4019/3645 3651/937/904
f 2388/2924/2792 2192/1777/1715 2199/4019/3645
f 159/938/905 2200/3220/3035 2204/950/917
f 2200/3220/3035 2201/1012/977 2369/1749/1688
f 2204/950/917 2200/3220/3035 2369/1749/1688
f 2202/4021/3647 236/4003/3638 2203/3221/3036
f 2387/1017/982 2204/950/917 3125/946/913
f 160/96/76 2146/3239/3053 3125/946/913
f 161/97/77 160/96/76 2207/1774/1712
f 2146/3239/3053 2387/1017/982 3125/946/913
f 2365/949/916 2209/948/915 2208/1748/1687
f 2205/945/912 2206/947/914 2364/1008/973
f 3124/1773/1711 2212/2900/2774 3102/4022/3648
f 3121/1766/1704 2215/1765/1703 3123/3216/3031
f 2224/959/926 3121/1766/1704 3122/2902/2776
f 3121/1766/1704 3123/3216/3031 3122/2902/2776
f 3122/2902/2776 3123/3216/3031 208/132/107
f 3123/3216/3031 2213/1770/1708 208/132/107
f 3061/1767/1705 2383/1768/1706 2216/1769/1707
f 3061/1767/1705 2216/1769/1707 2215/1765/1703
f 231/1763/1701 3061/1767/1705 2223/958/925
f 2223/958/925 3121/1766/1704 2224/959/926
f 2221/956/923 3119/3212/3027 3118/4023/3649
f 2221/956/923 2220/955/922 3119/3212/3027
f 2221/956/923 3118/4023/3649 2242/966/933
f 2242/966/933 3118/4023/3649 3115/1759/1697
f 2242/966/933 3115/1759/1697 204/4024/3650
f 2149/1764/1702 2219/954/921 2241/965/932
f 162/99/79 2148/3233/3047 2149/1764/1702
f 162/99/79 2241/965/932 2240/964/931
f 2241/965/932 2221/956/923 2242/966/933
f 3117/4025/3651 231/1763/1701 2222/957/924
f 3652/3234/3048 231/1763/1701 3117/4025/3651
f 2149/1764/1702 3117/4025/3651 2219/954/921
f 3652/3234/3048 3117/4025/3651 2149/1764/1702
f 2219/954/921 3117/4025/3651 2220/955/922
f 3117/4025/3651 2222/957/924 2220/955/922
f 2359/1007/972 2229/3209/3024 2226/2914/2787
f 2358/1006/971 2229/3209/3024 2359/1007/972
f 2226/2914/2787 2227/4026/3652 3070/1659/1607
f 3115/1759/1697 2228/1761/1699 3114/4027/3653
f 2218/3214/3029 3112/1760/1698 3115/1759/1697
f 204/4024/3650 3115/1759/1697 3114/4027/3653
f 204/4024/3650 3114/4027/3653 2358/1006/971
f 3658/3213/3028 207/134/109 3113/4028/3654
f 207/134/109 209/133/108 3113/4028/3654
f 2218/3214/3029 3658/3213/3028 3112/1760/1698
f 3658/3213/3028 3113/4028/3654 3112/1760/1698
f 3112/1760/1698 3111/3205/3020 2228/1761/1699
f 3112/1760/1698 3113/4028/3654 3111/3205/3020
f 200/963/930 2232/1756/1695 2259/1758/1683
f 2259/1758/1683 2154/1757/1696 3105/4029/1758
f 2231/961/928 2233/3203/3019 2234/1654/1602
f 3110/2905/2779 2235/3202/3018 3109/3204/2785
f 3074/4030/3009 3109/3204/2785 2233/3203/3019
f 2233/3203/3019 2231/961/928 3073/4031/3010
f 3108/4032/3655 2237/3201/1737 3124/1773/1711
f 3124/1773/1711 2237/3201/1737 2160/1771/1709
f 3663/3197/3008 205/4033/2770 2236/3198/3017
f 3108/4032/3655 2238/3199/944 2236/3198/3017
f 3108/4032/3655 3124/1773/1711 3102/4022/3648
f 3133/145/120 2381/144/119 2243/967/934
f 2243/967/934 2381/144/119 2239/1658/1606
f 162/99/79 2240/964/931 163/100/80
f 163/100/80 2240/964/931 2239/1658/1606
f 2183/1754/1693 3133/145/120 2243/967/934
f 2182/1755/1694 203/969/936 2273/2918/2789
f 3655/1752/1691 2165/1751/1690 195/123/98
f 2367/137/112 2246/3219/3034 3072/3196/3016
f 2246/3219/3034 212/970/937 2248/971/938
f 2246/3219/3034 2248/971/938 3072/3196/3016
f 2354/1747/1686 2250/1746/1685 171/1708/1652
f 2249/973/940 3071/972/939 2250/1746/1685
f 3102/4022/3648 2212/2900/2774 3107/4034/3656
f 3101/1738/1681 3102/4022/3648 3107/4034/3656
f 3107/4034/3656 201/4035/3657 3087/4036/3658
f 3107/4034/3656 2212/2900/2774 201/4035/3657
f 3107/4034/3656 3087/4036/3658 3101/1738/1681
f 206/4037/3659 2362/3165/2987 3106/4038/3660
f 3106/4038/3660 2362/3165/2987 2255/3194/3014
f 169/3164/2986 2208/1748/1687 2252/3193/3013
f 170/3166/2988 2253/3167/2989 2267/1661/1609
f 170/3166/2988 2254/3192/3012 2253/3167/2989
f 3070/1659/1607 2227/4026/3652 170/3166/2988
f 170/3166/2988 2227/4026/3652 2254/3192/3012
f 3661/3210/3025 206/4037/3659 3106/4038/3660
f 2226/2914/2787 3661/3210/3025 3106/4038/3660
f 2226/2914/2787 3106/4038/3660 2227/4026/3652
f 2253/3167/2989 2256/1705/1649 172/1663/1611
f 2254/3192/3012 2255/3194/3014 2256/1705/1649
f 2255/3194/3014 2257/1706/1650 2256/1705/1649
f 2258/1744/1684 2317/1743/390 183/4039/1646
f 2258/1744/1684 183/4039/1646 2320/4040/1634
f 2258/1744/1684 2259/1741/1683 2317/1743/390
f 3105/4041/1758 3688/4042/3412 2318/1742/391
f 2320/4040/1634 3103/3191/3011 2258/1744/1684
f 3103/3191/3011 2260/3190/1633 3073/3189/3010
f 3103/3191/3011 2231/4043/928 200/1745/930
f 3080/1740/959 3104/1739/1682 2260/3190/1633
f 3103/3191/3011 2320/4040/1634 2260/3190/1633
f 3101/1738/1681 2238/977/944 3102/4044/3648
f 2263/976/943 182/128/103 199/4045/3661
f 3087/4036/3658 2266/1737/957 3101/1738/1681
f 2266/1737/957 2264/978/945 3101/1738/1681
f 2356/968/935 170/3166/2988 2268/3185/3007
f 2356/968/935 2268/3185/3007 203/969/936
f 2273/2918/2789 3100/3184/3006 2272/1000/965
f 2273/2918/2789 203/969/936 3100/3184/3006
f 203/969/936 2268/3185/3007 3100/3184/3006
f 2272/1000/965 3100/3184/3006 2269/1001/966
f 2375/2919/2790 2272/1000/965 3099/1002/967
f 2274/4046/3662 2375/2919/2790 3099/1002/967
f 2184/1783/1721 2375/2919/2790 2274/4046/3662
f 2375/2919/2790 2273/2918/2789 2272/1000/965
f 3098/4047/3663 197/1664/1612 2277/1733/1677
f 165/1732/1676 2274/4046/3662 3098/4047/3663
f 2277/1733/1677 197/1664/1612 2349/1715/1659
f 2275/1734/1678 2276/1736/1680 2348/1668/1616
f 2185/4048/3664 2294/1735/1679 2275/1734/1678
f 2189/1731/1675 2277/1733/1677 2278/1728/1672
f 165/1732/1676 3098/4047/3663 2277/1733/1677
f 193/1670/1618 2279/1730/1674 2302/1671/1619
f 2302/1671/1619 2279/1730/1674 2303/1676/1624
f 3129/3225/3040 2280/4049/3665 2285/1722/1666
f 2282/1725/1669 2372/1729/1673 193/1670/1618
f 214/4020/3646 2284/1723/1667 2286/3182/3004
f 2370/4017/3643 2371/1721/1665 2284/1723/1667
f 2370/4017/3643 2284/1723/1667 214/4020/3646
f 214/4020/3646 2286/3182/3004 192/996/961
f 167/3161/2983 214/4020/3646 192/996/961
f 2197/1718/1662 166/1726/1670 2287/1719/1663
f 168/130/105 2288/1717/1661 2289/131/106
f 2288/1717/1661 2290/1720/1664 2289/131/106
f 2201/1012/977 167/3161/2983 3076/995/960
f 2201/1012/977 3076/995/960 2291/4050/3666
f 2201/1012/977 2291/4050/3666 2369/1749/1688
f 2291/4050/3666 3076/995/960 2293/4051/3667
f 2348/1668/1616 2276/1736/1680 2299/120/95
f 2276/1736/1680 191/121/96 2299/120/95
f 2297/980/947 2296/982/949 2342/2672/2574
f 2303/1676/1624 194/981/948 2297/980/947
f 2297/980/947 2342/2672/2574 2298/1677/1625
f 2340/1680/1628 2301/1673/1621 176/3616/3385
f 3096/1679/1627 2300/1713/1657 2340/1680/1628
f 2300/1713/1657 3097/1674/1622 2301/1673/1621
f 174/3178/3000 2346/3183/3005 2304/2907/2781
f 2283/1669/1617 2302/1671/1619 2304/2907/2781
f 2346/3183/3005 2283/1669/1617 2304/2907/2781
f 2304/2907/2781 2305/3618/3387 177/3179/3001
f 2347/1714/1658 3096/1679/1627 3075/3181/3003
f 3075/3181/3003 3096/1679/1627 2306/984/951
f 2345/988/955 3075/3181/3003 3095/983/950
f 2308/989/956 3095/983/950 3094/3180/3002
f 2290/1720/1664 174/3178/3000 189/985/952
f 2245/129/104 2289/131/106 2307/987/954
f 2289/131/106 2290/1720/1664 189/985/952
f 2289/131/106 189/985/952 2307/987/954
f 2292/997/962 2345/988/955 2309/3176/2998
f 2345/988/955 2308/989/956 2309/3176/2998
f 2313/1711/1655 2310/3169/2991 2312/1712/1656
f 2293/4051/3667 2292/997/962 2313/1711/1655
f 2293/4051/3667 2313/1711/1655 3092/1710/1654
f 2313/1711/1655 187/3177/2999 2310/3169/2991
f 3072/3196/3016 2247/1682/1630 680/1684/1632
f 3072/3196/3016 680/1684/1632 178/2652/2554
f 3091/3195/3015 2312/1712/1656 2314/4052/3668
f 2250/1746/1685 3092/1710/1654 3091/3195/3015
f 3079/1709/1653 2314/4052/3668 3078/3170/2992
f 171/1708/1652 3091/3195/3015 2314/4052/3668
f 171/1708/1652 2314/4052/3668 3079/1709/1653
f 3078/3170/2992 185/2649/2551 179/3171/2993
f 3078/3170/2992 2314/4052/3668 185/2649/2551
f 2355/4053/3669 3072/3196/3016 178/2652/2554
f 2355/4053/3669 178/2652/2554 2315/1204/1165
f 3090/4054/3670 201/4035/3657 2316/412/387
f 3087/4036/3658 3090/4054/3670 3085/992/958
f 3090/4054/3670 2316/412/387 3089/3627/3396
f 3085/992/958 3090/4054/3670 3084/1698/1644
f 3090/4054/3670 3089/3627/3396 3084/1698/1644
f 2257/1706/1650 3079/1709/1653 3088/1707/1651
f 2256/1705/1649 3088/1707/1651 172/1663/1611
f 3088/1707/1651 3665/3175/2997 2323/1694/1640
f 2323/1694/1640 3665/3175/2997 2335/2910/2784
f 183/1702/1646 2317/4055/390 758/1703/1647
f 2318/4056/391 3688/4057/3412 849/4058/434
f 2320/1686/1634 183/1702/1646 3571/1704/1648
f 2836/1701/1171 2319/1687/1635 3571/1704/1648
f 2319/1687/1635 2320/1686/1634 3571/1704/1648
f 2322/1697/1643 2265/990/946 3085/992/958
f 3085/992/958 2266/991/957 3087/4036/3658
f 181/1699/1645 3081/1690/969 3086/1700/101
f 3569/3626/3395 3084/1698/1644 3089/3627/3396
f 3569/3626/3395 762/1696/1642 3084/1698/1644
f 3084/1698/1644 2322/1697/1643 3085/992/958
f 173/1666/1614 3083/2906/2780 2329/1693/1639
f 2324/3174/2996 2323/1694/1640 2334/116/91
f 2351/3168/2990 180/2685/2587 2271/125/100
f 2351/3168/2990 2327/118/93 2326/113/88
f 2350/999/964 2271/125/100 2344/104/82
f 2296/982/949 3082/3173/2995 2330/107/85
f 2349/1715/1659 3082/3173/2995 2296/982/949
f 2330/107/85 2331/1691/1637 2333/1692/1638
f 2328/115/90 2329/1693/1639 2334/116/91
f 3081/1690/969 2352/4059/102 3086/1700/101
f 2327/118/93 3080/994/959 2321/119/94
f 3080/994/959 2260/1685/1633 2319/1687/1635
f 3079/1709/1653 184/2648/2550 3665/3175/2997
f 3079/1709/1653 3078/3170/2992 184/2648/2550
f 2316/412/387 201/4035/3657 2315/1204/1165
f 2312/1712/1656 185/2649/2551 2314/4052/3668
f 2311/1683/1631 2245/129/104 2307/987/954
f 187/3177/2999 2338/2655/2557 2310/3169/2991
f 2310/3169/2991 2338/2655/2557 186/2654/2556
f 177/3179/3001 2339/1681/1629 189/985/952
f 2294/1735/1679 3077/998/963 2295/1672/1620
f 192/996/961 2345/988/955 2292/997/962
f 2287/1719/1663 174/3178/3000 2290/1720/1664
f 2287/1719/1663 166/1726/1670 2346/3183/3005
f 2284/1723/1667 2347/1714/1658 2286/3182/3004
f 2282/1725/1669 193/1670/1618 2283/1669/1617
f 2281/1667/1615 2299/120/95 2300/1713/1657
f 2275/1734/1678 2348/1668/1616 2280/4049/3665
f 2279/1730/1674 2349/1715/1659 194/981/948
f 2294/1735/1679 2185/4048/3664 3077/998/963
f 2244/124/99 2351/3168/2990 2271/125/100
f 3110/2905/2779 2270/2913/2786 2351/3168/2990
f 2270/2913/2786 2261/974/941 2351/3168/2990
f 2268/3185/3007 2267/1661/1609 2269/1001/966
f 2352/127/102 2353/1660/1608 199/4045/3661
f 2255/3194/3014 2354/1747/1686 2257/1706/1650
f 2380/1797/1735 2244/124/99 2166/2897/2771
f 3110/2905/2779 202/1655/1603 2235/3202/3018
f 3664/2904/2778 204/4024/3650 2357/1005/970
f 2356/968/935 2239/1658/1606 3070/1659/1607
f 2353/4060/1608 3663/3197/3008 199/4061/3661
f 2353/4060/1608 205/4033/2770 3663/3197/3008
f 3069/1657/1605 3135/1656/1604 2361/4062/1739
f 3069/1657/1605 2361/4062/1739 2234/1654/1602
f 2361/4062/1739 2155/1653/1601 2234/1654/1602
f 2230/3206/3021 3066/4063/3671 3067/3208/3023
f 3068/4064/3672 3065/4065/3673 3066/4063/3671
f 2213/1770/1708 2214/3217/3032 3068/4064/3672
f 2214/3217/3032 3065/4065/3673 3068/4064/3672
f 209/133/108 2213/1770/1708 3068/4064/3672
f 209/133/108 3068/4064/3672 2230/3206/3021
f 3068/4064/3672 3066/4063/3671 2230/3206/3021
f 210/2901/2775 211/1652/1600 3064/1651/1599
f 2214/3217/3032 210/2901/2775 3065/4065/3673
f 210/2901/2775 3064/1651/1599 3065/4065/3673
f 3065/4065/3673 3064/1651/1599 2363/3163/2985
f 2202/4021/3647 168/130/105 212/970/937
f 2199/4019/3645 3063/1011/976 2198/1010/975
f 213/1716/1660 2194/3159/2981 2197/1718/1662
f 2370/4017/3643 2191/1778/1716 2371/1721/1665
f 2186/3228/3043 3656/1782/1720 2189/1731/1675
f 3656/1782/1720 165/1732/1676 2189/1731/1675
f 219/1784/1722 2182/1755/1694 2184/1783/1721
f 2177/4015/3641 2377/1645/1593 224/3226/3041
f 2176/1643/1591 2377/1645/1593 2177/4015/3641
f 2173/941/908 2169/3158/2980 2378/2898/2772
f 2170/140/115 164/1753/1692 3132/940/907
f 2167/139/114 228/142/117 2170/140/115
f 2166/2897/2771 3050/1798/1736 2380/1797/1735
f 229/1639/1587 2381/144/119 2163/143/118
f 205/2895/2770 2360/3157/983 2159/4013/985
f 2152/1805/1743 3060/4066/3674 3653/3232/3046
f 2152/1805/1743 2384/1013/978 3060/4066/3674
f 231/1763/1701 3060/4066/3674 3061/1767/1705
f 3653/3232/3046 3060/4066/3674 231/1763/1701
f 232/1014/979 3059/95/75 3668/1015/980
f 232/1014/979 2385/3235/3049 3059/95/75
f 234/3238/3052 235/1016/981 2387/1017/982
f 234/3238/3052 2387/1017/982 2146/3239/3053
f 2143/3153/2978 236/4003/3638 2202/4021/3647
f 3137/94/74 237/2923/2791 2388/2924/2792
f 238/4002/3637 2389/1637/1585 2196/3222/3037
f 238/4002/3637 2140/1635/1583 2389/1637/1585
f 2159/1020/985 2390/1019/984 240/3246/3060
f 2390/1019/984 2073/4067/3675 240/3246/3060
f 2130/935/902 242/931/898 3057/1021/986
f 2063/1866/1801 2127/3236/3050 233/1811/1749
f 2392/3995/3634 2391/4004/3639 2126/933/900
f 3140/3997/3636 2392/3995/3634 2126/933/900
f 3140/3997/3636 2125/3993/3632 2392/3995/3634
f 3141/3996/3635 3056/3152/2977 2393/3154/2979
f 2120/1826/1762 3054/92/72 3055/3249/3062
f 145/1825/1761 3054/92/72 2120/1826/1762
f 145/1825/1761 2115/1830/1766 3054/92/72
f 2114/929/896 3053/1785/1723 3052/930/897
f 153/1834/1770 245/1836/1772 244/1787/1725
f 2395/3229/3044 2176/1643/1591 3143/1789/1727
f 3051/2891/2767 2395/3229/3044 3143/1789/1727
f 3144/3990/3629 2398/1641/1589 2105/3991/3630
f 252/2890/2766 2090/1848/1784 2401/1622/1570
f 2096/1624/1572 252/2890/2766 2401/1622/1570
f 2090/1848/1784 3049/3259/3072 2401/1622/1570
f 254/2888/2764 2087/1619/1567 151/1621/1569
f 2085/3987/3626 3048/2887/2763 2086/3988/3627
f 1980/1924/1859 3046/924/891 2077/3986/3625
f 1978/1599/1547 2435/922/889 3046/924/891
f 2406/927/894 2405/3255/3068 256/3254/3067
f 2406/927/894 2074/926/893 2405/3255/3068
f 2073/4068/3675 2390/4069/984 2407/4070/997
f 2390/4069/984 131/90/67 2407/4070/997
f 2435/922/889 2071/3984/828 2135/923/890
f 2071/3984/828 1972/4071/830 258/2883/1868
f 260/3978/3622 2065/3149/2974 2068/1824/1760
f 2063/1866/1801 3042/1865/1800 2128/1871/1806
f 2061/1869/1804 2409/1868/1803 2408/2925/2793
f 261/914/881 147/915/882 2409/1868/1803
f 2056/918/885 263/1875/1810 2410/919/886
f 263/1875/1810 2049/906/873 2410/919/886
f 262/156/131 2410/919/886 146/3975/3619
f 265/913/880 266/2926/2794 3158/916/883
f 3162/1878/1813 3043/3992/3631 267/1879/1814
f 2046/3267/3078 3043/3992/3631 3162/1878/1813
f 2038/1882/1817 141/1025/990 2041/1024/989
f 3039/1616/1564 2029/1611/1559 2415/1612/1560
f 3038/1608/1556 275/162/137 3037/1609/1557
f 273/163/138 275/162/137 3038/1608/1556
f 2029/1611/1559 3038/1608/1556 2416/1610/1558
f 3035/4072/3676 2423/3145/2970 3036/165/140
f 2423/3145/2970 2421/3146/2971 3036/165/140
f 3035/4072/3676 3036/165/140 2024/164/139
f 2010/1905/1840 2423/3145/2970 3035/4072/3676
f 2010/1905/1840 2011/1904/1839 2423/3145/2970
f 278/1896/1831 3035/4072/3676 2023/1893/1828
f 278/1896/1831 2010/1905/1840 3035/4072/3676
f 2023/1893/1828 3035/4072/3676 2024/164/139
f 2011/1904/1839 3034/2928/2796 2423/3145/2970
f 3173/1605/1553 2424/1604/1552 280/2877/2755
f 2006/82/66 3179/878/845 282/1910/1845
f 2005/167/142 3033/888/855 283/168/143
f 3032/887/854 1996/882/849 2426/1027/992
f 3646/881/848 287/172/147 3031/3143/2968
f 3646/881/848 3031/3143/2968 1996/882/849
f 1996/882/849 3031/3143/2968 2427/1028/993
f 2430/1918/1853 2431/1850/1786 288/879/846
f 3030/3970/3614 1986/3279/3090 2432/1851/1787
f 1986/3279/3090 2433/1925/1860 2432/1851/1787
f 1994/2875/2753 3030/3970/3614 291/2876/2754
f 3030/3970/3614 2432/1851/1787 291/2876/2754
f 1992/2873/2751 3030/3970/3614 1994/2875/2753
f 3029/1927/1862 2433/1925/1860 1986/3279/3090
f 3028/4073/3076 3027/4074/998 1973/3280/3091
f 3028/4073/3076 2407/3141/997 3027/4074/998
f 2437/4075/3677 2438/1590/1538 2436/1592/1540
f 1970/1913/1848 2437/4075/3677 296/1593/1541
f 2437/4075/3677 2436/1592/1540 296/1593/1541
f 1968/858/825 3025/860/827 2438/1590/1538
f 3024/2868/2747 2440/3278/3089 3185/2869/2748
f 3012/3962/3611 120/3138/2964 3024/2868/2747
f 1958/847/816 1959/849/818 1961/2930/2798
f 1979/1923/1858 1876/4076/169 1977/1598/1546
f 1878/3283/170 1876/4076/169 1979/1923/1858
f 1876/4076/169 119/4077/2957 1977/1598/1546
f 1955/1936/1869 2442/3136/2962 3023/3137/2963
f 1955/1936/1869 3023/3137/2963 2441/2865/2744
f 3022/1586/1534 2443/1588/1536 3021/1587/1535
f 1952/1585/1533 3021/1587/1535 2442/3136/2962
f 1973/4078/3091 3027/1034/998 3020/1584/1532
f 1977/1598/1546 119/4077/2957 1872/3288/3097
f 2447/1036/1000 2448/1035/999 302/1581/1529
f 1950/1579/1527 2447/1036/1000 3643/1582/1530
f 1935/1578/1526 2447/1036/1000 1950/1579/1527
f 1935/1578/1526 304/178/153 2447/1036/1000
f 304/178/153 305/180/155 2447/1036/1000
f 1911/836/801 2449/901/868 1934/3268/3079
f 1930/3304/3113 3217/3303/3112 306/2859/2740
f 3018/2857/2738 2452/1574/1522 2450/1576/1524
f 1926/834/805 3018/2857/2738 1928/2856/2737
f 1926/834/805 3017/833/804 2452/1574/1522
f 2452/1574/1522 3017/833/804 2453/1575/1523
f 1925/3305/3114 2454/3912/3590 2025/3270/3081
f 1925/3305/3114 2025/3270/3081 2027/3269/3080
f 308/3308/2734 2454/3912/3590 1925/3305/3114
f 1924/3916/3592 3220/3311/3118 2454/3912/3590
f 308/3308/2734 1924/3916/3592 2454/3912/3590
f 1922/1571/1519 2455/1570/1518 1923/1572/1520
f 1917/1569/1517 310/3907/3588 2455/1570/1518
f 3220/3311/3118 1914/3316/3122 2456/3312/3119
f 1914/3316/3122 3015/3315/3121 2456/3312/3119
f 311/3135/2961 1912/1952/1881 312/80/64
f 1905/1954/1883 2458/4079/3593 1909/1955/1884
f 1897/3901/3586 314/2931/2799 2462/3134/2960
f 1894/1962/1889 2463/3133/2959 315/823/794
f 3226/3324/3130 2464/3898/3585 3013/182/157
f 318/187/162 2467/189/164 1888/185/160
f 1884/3896/3583 3012/4080/3611 320/3897/3584
f 1884/3896/3583 321/3328/3134 3012/4080/3611
f 1881/1970/1897 1874/819/790 1883/190/165
f 2470/1040/1002 2471/1041/1003 1875/820/791
f 1875/820/791 2471/1041/1003 322/4081/3609
f 2471/1041/1003 2468/3129/2955 322/4081/3609
f 1873/196/171 324/198/173 2470/1040/1002
f 3020/4082/1532 2445/2937/1531 301/4083/1509
f 2445/2937/1531 2473/4084/1481 301/4083/1509
f 1872/3894/3097 119/3131/2957 333/1557/1507
f 2476/1561/1510 2477/1563/1512 3011/3126/2952
f 1868/817/788 3011/3126/2952 1869/818/789
f 1869/818/789 3011/3126/2952 326/201/176
f 1860/815/786 2478/1562/1511 2476/1561/1510
f 329/814/785 2478/1562/1511 1860/815/786
f 1859/811/782 1857/1978/1904 3010/809/780
f 1858/810/781 1857/1978/1904 1859/811/782
f 2479/3885/3578 3234/3884/3577 1884/3896/3583
f 1856/1965/1892 2479/3885/3578 1884/3896/3583
f 1855/808/779 332/3331/3137 2480/1969/1896
f 332/3331/3137 2481/1981/1907 2480/1969/1896
f 1879/193/168 1800/3119/2945 1877/3130/2956
f 1851/1980/1906 2483/206/181 334/3329/3135
f 2483/206/181 2482/3124/2950 334/3329/3135
f 335/1979/1905 1850/204/179 2483/206/181
f 335/1979/1905 2483/206/181 1851/1980/1906
f 1847/1985/1910 1844/1552/1503 1848/1554/1505
f 3000/215/190 2502/3878/3574 3223/2844/2725
f 1792/782/753 3000/215/190 3223/2844/2725
f 1843/1549/1500 2487/1548/1499 337/3317/3123
f 1838/3877/3573 2492/3120/2946 2489/827/798
f 1838/3877/3573 2489/827/798 2488/826/797
f 1832/2941/2803 3008/3123/2949 338/2842/2723
f 1826/1992/1917 1825/1540/1491 340/3122/2948
f 1825/1540/1491 3240/3876/3572 3007/812/783
f 3241/3336/3141 3006/1967/1894 1892/1964/1891
f 1824/3337/3142 3241/3336/3141 1892/1964/1891
f 3241/3336/3141 2497/1537/1488 3006/1967/1894
f 341/1997/1922 1819/1996/1921 2491/1988/1913
f 1814/1543/1494 1813/1541/1492 2493/1542/1493
f 1761/776/747 1812/2004/1929 3239/3341/3146
f 346/798/769 2495/1539/1490 1810/1538/1489
f 346/798/769 2496/3874/3570 2495/1539/1490
f 346/798/769 3242/797/768 2496/3874/3570
f 1808/795/766 2497/1537/1488 1809/3338/3143
f 1807/792/763 2498/791/762 3004/1976/1902
f 354/1530/1482 3001/2012/1937 3003/1531/1483
f 1773/781/752 3000/215/190 1792/782/753
f 1790/2016/1939 2503/210/185 1791/2017/1940
f 1790/2016/1939 101/2944/2806 2503/210/185
f 1786/2023/1946 2505/2943/2805 355/3118/2944
f 357/3348/3150 358/3350/3152 1781/2010/1935
f 2999/4085/1508 2996/4086/1463 336/4087/3576
f 2996/4086/1463 359/4088/1439 336/4087/3576
f 1778/1520/1474 2506/1046/1008 1777/3347/3149
f 3636/1044/1006 1768/2034/1956 2507/1045/1007
f 1764/779/750 1814/1543/1494 364/3875/3571
f 367/2036/1958 2510/2002/1927 1761/776/747
f 1755/1519/1473 370/2041/1963 369/799/770
f 1753/773/744 2511/1517/1471 371/796/767
f 1750/1516/1470 2512/1050/1012 1749/2007/1932
f 378/221/196 2515/1512/1466 377/2039/1961
f 381/2833/2714 2516/2044/1966 3246/2043/1965
f 3250/1071/1033 2516/2044/1966 381/2833/2714
f 3250/1071/1033 103/2048/1970 2516/2044/1966
f 1728/2026/1949 1693/4089/3678 1783/2025/1948
f 2997/2052/1974 386/2064/1983 385/2826/2707
f 1723/3359/1475 1688/2819/2700 2526/2058/1979
f 1719/2063/1982 2521/1058/1020 2995/2030/1952
f 388/224/199 1708/2073/1992 2521/1058/1020
f 1718/225/200 388/224/199 1719/2063/1982
f 2994/4090/3679 390/3361/3161 2522/1056/1018
f 1708/2073/1992 2994/4090/3679 2521/1058/1020
f 1708/2073/1992 390/3361/3161 2994/4090/3679
f 401/2814/2698 1772/3114/2940 3256/3354/3155
f 394/228/203 1694/2082/2001 1766/2836/2717
f 1693/4089/3678 2546/2083/2002 1688/2819/2700
f 2990/1505/1461 2527/1504/1460 397/3863/3563
f 2991/1499/1455 1676/1502/1458 2989/1500/1456
f 398/2089/2008 2991/1499/1455 1684/1501/1457
f 1684/1501/1457 2989/1500/1456 1685/3367/3166
f 2989/1500/1456 2990/1505/1461 1685/3367/3166
f 400/231/206 2988/1498/1454 2986/1497/1453
f 2529/1496/1452 2986/1497/1453 2530/1503/1459
f 1674/3855/3557 2549/3388/3184 2532/3362/3162
f 1674/3855/3557 2532/3362/3162 401/2814/2698
f 2983/3854/3556 2533/3110/2936 2985/3370/3169
f 2983/3854/3556 2534/3109/2935 2533/3110/2936
f 1673/3369/3168 2983/3854/3556 2985/3370/3169
f 2985/3370/3169 2984/3859/3559 402/3858/3558
f 403/3374/3173 1662/3377/3176 2983/3854/3556
f 2542/2096/2015 2981/237/212 409/2809/2693
f 412/1069/1031 3250/1071/1033 411/2098/2017
f 1646/2103/2022 2535/1070/1032 412/1069/1031
f 410/236/211 1644/1489/1445 413/1491/1447
f 420/1077/1039 3276/1076/1038 414/2808/2692
f 3276/1076/1038 2536/1488/1444 414/2808/2692
f 2538/1072/1034 1691/2807/2691 2539/1073/1035
f 1635/716/687 1633/2112/2031 3631/2804/2688
f 1631/2111/2030 417/3383/3182 416/3852/3554
f 1627/2115/2034 2979/2101/2020 418/728/699
f 1624/3381/3180 2544/2118/2037 2543/2806/2690
f 1623/725/696 421/240/215 2544/2118/2037
f 1622/249/224 1569/248/223 2546/2083/2002
f 2546/2083/2002 1569/248/223 1617/2818/2699
f 1569/248/223 422/2800/2686 1617/2818/2699
f 423/2125/2044 424/2803/2687 2547/2088/2007
f 2976/1482/1415 1689/4091/3165 359/1483/1439
f 3280/2126/2045 2977/1480/1437 2978/743/714
f 1614/2128/2047 2977/1480/1437 3280/2126/2045
f 2556/1473/1430 1674/3855/3557 1675/2813/2697
f 2556/1473/1430 2557/2146/2065 2549/3388/3184
f 2550/1078/1040 1604/3390/3186 2551/723/694
f 1607/2133/2052 88/729/700 3630/2811/2695
f 1605/2137/2056 425/2136/2055 1606/721/692
f 425/2136/2055 87/2805/2689 1606/721/692
f 427/2139/2058 2552/2121/2040 426/3846/3551
f 1601/243/218 2552/2121/2040 427/2139/2058
f 2548/3105/1438 2554/3104/1416 2976/3392/1415
f 429/1477/1434 2555/1476/1433 3279/2127/2046
f 1595/3394/3188 2558/1080/1042 430/2951/2811
f 1595/3394/3188 1590/718/689 2558/1080/1042
f 2966/2148/2067 431/2200/2119 1609/2149/2068
f 1609/2149/2068 431/2200/2119 1607/2133/2052
f 1593/719/690 84/2135/2054 1591/3395/3189
f 1593/719/690 2559/3102/2932 84/2135/2054
f 2559/3102/2932 1589/2795/2683 1587/2793/2681
f 3277/2153/2072 2560/2106/2025 1637/2107/2026
f 1585/2156/2075 2563/1082/1044 1583/1084/1046
f 3288/715/686 2564/2108/2027 1635/716/687
f 3288/715/686 1581/1470/1427 2564/2108/2027
f 1581/1470/1427 3289/1471/1428 2564/2108/2027
f 1580/1469/1426 2565/1468/1425 1579/2110/2029
f 1577/246/221 82/3837/3548 1576/2113/2032
f 1573/245/220 82/3837/3548 1577/246/221
f 1573/245/220 1574/3836/3547 82/3837/3548
f 2570/1462/1419 80/2120/2039 2975/3396/3190
f 3290/2792/2680 2974/3101/2931 433/724/695
f 1570/2791/2679 2974/3101/2931 3290/2792/2680
f 3292/713/684 2566/2155/2074 1567/714/685
f 438/3401/3195 2972/3404/3198 2973/3835/3546
f 1559/711/682 2973/3835/3546 2568/3398/3192
f 439/2179/2098 440/2174/2093 2972/3404/3198
f 2972/3404/3198 2971/3100/2930 2568/3398/3192
f 2972/3404/3198 440/2174/2093 2971/3100/2930
f 1551/1098/1060 2970/1464/1421 1553/1463/1420
f 3629/3830/3541 2572/3829/3540 2571/2160/2079
f 2597/1445/1402 441/3405/3199 2572/3829/3540
f 2598/1440/1398 2573/1461/1418 1546/2163/2082
f 1542/3406/3200 1540/2188/2107 1544/2952/2812
f 428/4092/3187 2976/1458/1415 2575/1460/1417
f 2575/1460/1417 442/4093/2060 428/4092/3187
f 443/2787/2676 2968/701/672 1536/700/671
f 1506/2216/2133 1531/3099/2929 1534/1472/1429
f 453/2190/2109 445/694/665 2967/2191/2110
f 1528/2145/2064 2577/2195/2114 2966/2148/2067
f 1525/699/670 446/2199/2118 2577/2195/2114
f 1515/253/228 77/254/229 2965/688/659
f 454/2217/2134 1503/1454/1411 1502/1456/1413
f 1500/2219/2136 1498/1452/1409 1501/1453/1410
f 455/1087/1049 456/2239/2156 2582/1088/1050
f 456/2239/2156 2584/3097/2928 2582/1088/1050
f 1493/2246/2163 3332/2243/2160 1497/2782/2671
f 2959/4094/3680 2588/1092/1054 2962/4095/3681
f 2959/4094/3680 2962/4095/3681 3627/3416/3207
f 1492/2225/2142 2959/4094/3680 3627/3416/3207
f 3627/3416/3207 2962/4095/3681 2963/3823/3534
f 2960/2224/2141 2961/1090/1052 2959/4094/3680
f 3331/2241/2158 1478/2242/2159 2961/1090/1052
f 2960/2224/2141 2959/4094/3680 1492/2225/2142
f 2961/1090/1052 1478/2242/2159 2587/1091/1053
f 1478/2242/2159 2958/257/232 2589/61/51
f 1478/2242/2159 2589/61/51 2587/1091/1053
f 1477/2244/2161 3333/265/240 74/2251/2168
f 1474/3418/3209 1471/2264/2181 1475/3095/2926
f 2954/1446/1403 2593/1095/1057 2956/1450/1407
f 2593/1095/1057 2590/1451/1408 2956/1450/1407
f 1470/1447/1404 2954/1446/1403 2957/1449/1406
f 2957/1449/1406 2956/1450/1407 462/2778/2667
f 1458/675/646 1457/674/645 2955/1093/1055
f 1457/674/645 466/2777/2666 2953/2960/2816
f 2955/1093/1055 1457/674/645 2953/2960/2816
f 2955/1093/1055 2953/2960/2816 2592/1094/1056
f 3339/1099/1061 467/3424/3215 2596/1097/1059
f 1455/259/234 2605/3428/3219 1449/2183/2102
f 471/2268/2185 472/3093/2924 1448/1444/1401
f 1437/1439/1397 1438/1435/1393 476/1437/1395
f 1434/3816/3528 2601/1432/1390 1435/2276/2193
f 1434/3816/3528 1431/3084/2915 2602/3815/3527
f 1434/3816/3528 2602/3815/3527 2601/1432/1390
f 478/2277/2194 1433/2279/2196 2604/2278/2195
f 2604/2278/2195 1433/2279/2196 2603/3423/3214
f 2939/1393/1351 2605/3428/3219 469/2774/2663
f 481/1427/1385 2607/1429/1387 480/3092/2923
f 2610/3090/2921 2609/2213/2130 1421/3432/3223
f 1411/2290/2206 2950/1425/1383 2951/1424/1382
f 482/3809/3526 2951/1424/1382 2610/3090/2921
f 482/3809/3526 2610/3090/2921 1421/3432/3223
f 2950/1425/1383 484/3805/3522 2612/3807/3524
f 486/2294/2210 1397/1103/1065 1408/2295/2211
f 1397/1103/1065 1409/1105/1067 1408/2295/2211
f 1400/2298/2214 1395/3439/3230 2614/1104/1066
f 3621/3438/3229 2615/681/652 1500/2219/2136
f 2628/1108/1070 67/679/650 2615/681/652
f 3621/3438/3229 2628/1108/1070 2615/681/652
f 2628/1108/1070 1391/1423/1381 67/679/650
f 1395/3439/3230 3324/2965/2821 1496/3415/3206
f 487/2964/2820 3324/2965/2821 1395/3439/3230
f 1393/274/249 2616/655/626 487/2964/2820
f 1393/274/249 3358/3441/3232 2616/655/626
f 2944/1418/1376 2947/3087/2918 2946/1419/1377
f 2620/4096/3682 2947/3087/2918 2944/1418/1376
f 2620/4096/3682 2621/1412/1370 2947/3087/2918
f 2944/1418/1376 2946/1419/1377 3620/267/242
f 1386/1416/1374 2944/1418/1376 3620/267/242
f 3620/267/242 2946/1419/1377 490/268/243
f 1375/2766/2658 2620/4096/3682 1374/1417/1375
f 2945/3801/3518 1374/1417/1375 1386/1416/1374
f 2943/1415/1373 492/3798/3515 2622/1413/1371
f 2943/1415/1373 2621/1412/1370 2620/4096/3682
f 1375/2766/2658 2943/1415/1373 2620/4096/3682
f 493/2293/2209 512/2326/2241 59/2979/2831
f 1372/654/625 2627/1410/1368 2625/3085/2916
f 1373/271/246 1372/654/625 2941/3802/3519
f 1373/271/246 2941/3802/3519 495/272/247
f 496/1409/1367 2626/1408/1366 2627/1410/1368
f 1371/653/624 2627/1410/1368 1372/654/625
f 3361/1411/1369 2627/1410/1368 1371/653/624
f 1361/1106/1068 2628/1108/1070 1362/2309/2225
f 1359/273/248 2630/1406/1364 1393/274/249
f 1356/646/617 58/53/45 2631/3447/3238
f 1356/646/617 2631/3447/3238 2630/1406/1364
f 504/1384/1342 1348/2313/2229 2636/1394/1352
f 1346/3082/2913 2637/3083/2914 2936/1392/1350
f 1344/1389/1347 3371/2762/2654 501/278/253
f 1342/644/615 506/1386/1344 2639/645/616
f 506/1386/1344 479/1388/1346 2639/645/616
f 1339/279/254 1379/281/256 1383/2301/2217
f 2952/2759/2125 2642/4097/1339 503/2760/1341
f 505/3449/3240 2665/620/591 2936/1392/1350
f 2665/620/591 1332/640/611 2936/1392/1350
f 2642/1381/1339 2641/2976/2825 2647/1382/1340
f 1274/1367/1325 1422/3790/1345 506/1386/1344
f 1422/3790/1345 1274/1367/1325 1273/288/263
f 511/3456/3247 2935/1379/1337 1319/1378/1336
f 513/2325/2240 2649/2977/2829 512/2326/2241
f 1315/1374/1332 515/3787/3508 2652/1375/1333
f 516/634/605 2653/636/607 1361/1106/1068
f 2653/636/607 2661/635/606 1360/2310/2226
f 1311/293/268 2654/54/46 1313/2330/2245
f 57/627/598 2656/1117/1079 1310/1116/1078
f 56/630/601 517/3451/3242 2657/295/270
f 1307/628/599 2659/2980/2832 1353/629/600
f 2659/2980/2832 2658/2981/2833 1353/629/600
f 1305/3458/3249 2659/2980/2832 1307/628/599
f 3382/1371/1329 2934/1373/1331 518/2329/2244
f 3384/2753/2648 520/624/595 2661/635/606
f 543/307/282 1297/2751/2646 1301/3785/3506
f 525/299/274 2663/49/41 524/51/43
f 533/617/588 1284/48/40 2665/620/591
f 1262/2747/2642 2670/1364/1322 531/3784/3505
f 1279/1366/1324 1273/3783/263 1274/1367/1325
f 1278/616/587 1275/2983/2835 2667/2749/2644
f 2647/4098/1340 532/2338/1319 503/2337/1341
f 2647/4098/1340 2641/3079/2825 2672/3078/1317
f 2668/612/583 1317/2756/2651 1318/613/584
f 1270/2333/2248 3681/2332/2247 2668/612/583
f 513/2325/2240 540/1355/1313 1269/3077/2910
f 3392/2341/2254 1267/2340/2253 533/617/588
f 1266/609/580 1263/2344/2257 2669/2347/2260
f 1262/2747/2642 556/2746/2641 2670/1364/1322
f 2932/1360/1318 558/3779/3278 532/1361/1319
f 557/3471/3257 538/2743/1308 1255/2745/2640
f 1249/1357/1315 1248/2354/2266 539/1358/1316
f 1245/3473/3259 1242/306/281 2674/3474/3260
f 2682/589/561 2676/40/34 544/595/567
f 1240/2741/2638 545/594/566 1239/3774/3501
f 2683/592/564 545/594/566 1240/2741/2638
f 1236/2740/2637 2677/2988/2837 3398/591/563
f 1236/2740/2637 546/2739/2636 2677/2988/2837
f 1229/3478/3264 1227/1353/1311 2679/1354/1312
f 1229/3478/3264 2679/1354/1312 3389/2989/2838
f 1225/3772/3499 1224/2366/2278 2681/2368/2280
f 1225/3772/3499 2681/2368/2280 2680/2357/2269
f 1223/2992/2841 1221/1351/1309 549/1352/1310
f 550/2369/2281 1220/1126/1088 2683/592/564
f 3402/2367/2279 1220/1126/1088 550/2369/2281
f 552/2370/2282 2685/586/558 551/588/560
f 1216/2373/2285 1213/3075/2909 2686/2737/2634
f 555/3482/3268 2688/3484/3270 2687/3769/3496
f 1209/3485/3271 2689/3770/3497 1267/2340/2253
f 583/2375/2287 1205/2377/2289 2689/3770/3497
f 1207/3767/3494 1206/3764/3491 2690/3073/2907
f 1207/3767/3494 2690/3073/2907 1208/3768/3495
f 2690/3073/2907 1203/3762/3489 2691/3074/2908
f 562/3766/3493 557/4099/3257 2929/1365/1323
f 2692/3763/3490 1200/583/555 2693/2380/2292
f 2672/4100/1317 2694/39/33 2926/1128/1090
f 2672/4100/1317 2926/1128/1090 2932/4101/1318
f 565/4102/294 558/4103/3278 2932/4101/1318
f 2932/4101/1318 2926/1128/1090 565/4102/294
f 557/4099/3257 1172/1349/1098 538/1350/1308
f 1195/3760/3487 1196/2736/2633 1253/3472/3258
f 1183/2395/2307 2695/2993/2842 1186/3489/3275
f 1183/2395/2307 561/2734/2631 2695/2993/2842
f 1179/2401/2313 2696/3071/2905 1182/2398/2310
f 1181/2397/2309 1179/2401/2313 1182/2398/2310
f 1178/2376/2288 2902/3490/3276 562/3766/3493
f 2902/3490/3276 1172/1136/1098 562/3766/3493
f 563/2733/2630 564/1347/1306 2928/1346/1305
f 1175/315/290 563/2733/2630 2927/1131/1093
f 563/2733/2630 2928/1346/1305 2927/1131/1093
f 2926/4104/1090 2704/3069/1089 596/4105/3460
f 596/4105/3460 3469/317/292 565/319/294
f 2926/4104/1090 596/4105/3460 565/319/294
f 1172/1136/1098 1053/1135/1097 1054/3756/3485
f 1054/3756/3485 1173/3758/286 1172/1136/1098
f 2923/570/543 2709/1139/1101 2925/1344/1303
f 2709/1139/1101 2705/3066/2903 2925/1344/1303
f 566/320/295 2925/1344/1303 567/321/296
f 571/325/300 2707/1137/1099 1169/569/542
f 570/324/299 2924/1343/1302 571/325/300
f 2708/1138/1100 2921/1340/1299 2709/1139/1101
f 3401/3753/3482 2714/3750/3479 1225/3772/3499
f 600/4106/3683 2714/3750/3479 3401/3753/3482
f 1148/1336/1295 2716/1338/1297 573/2414/2325
f 1142/554/527 1141/553/526 2717/3065/2902
f 575/3499/3285 1142/554/527 2717/3065/2902
f 575/3499/3285 2717/3065/2902 2920/3751/3480
f 3615/3502/3288 576/3747/3476 2919/3748/3477
f 3615/3502/3288 2919/3748/3477 1141/553/526
f 1140/552/525 3615/3502/3288 1141/553/526
f 2717/3065/2902 1141/553/526 2719/2427/2338
f 577/2424/2335 1129/539/512 2918/1140/1102
f 3614/549/522 577/2424/2335 2723/550/523
f 577/2424/2335 2918/1140/1102 2723/550/523
f 1129/539/512 1128/538/511 2916/1335/1294
f 1129/539/512 2916/1335/1294 2722/1141/1103
f 3446/532/505 2915/2726/2624 579/3742/3471
f 3446/532/505 2726/534/507 2915/2726/2624
f 1118/533/506 580/2445/2356 42/3061/2898
f 1118/533/506 42/3061/2898 2726/534/507
f 1116/2372/2284 1108/2435/2346 2727/2447/2358
f 1108/2435/2346 1105/2440/2351 2727/2447/2358
f 1068/1312/1271 2914/2448/2359 1104/2446/2357
f 1101/2450/2361 2731/3515/3301 1103/2449/2360
f 2735/1327/1286 2913/2997/2846 2732/1328/1287
f 3611/1326/1285 2735/1327/1286 584/1329/1288
f 584/1329/1288 2732/1328/1287 2912/2416/2327
f 1093/3517/3303 2734/1324/1283 1100/1325/1284
f 1093/3517/3303 1094/1322/1281 2734/1324/1283
f 1093/3517/3303 1100/1325/1284 1099/3516/3302
f 2734/1324/1283 2910/1142/1104 2735/1327/1286
f 586/2419/2330 2909/1319/1278 587/547/520
f 2740/1146/1108 2909/1319/1278 586/2419/2330
f 2908/3736/3465 1085/3521/3307 1092/2724/2622
f 1085/3521/3307 2907/1144/1106 1092/2724/2622
f 2908/3736/3465 1092/2724/2622 1091/3518/3304
f 588/3733/3462 2906/1317/1276 2907/1144/1106
f 2907/1144/1106 2906/1317/1276 2741/1145/1107
f 2745/1315/1274 3444/24/20 2904/1316/1275
f 2745/1315/1274 2746/22/18 3444/24/20
f 1083/1314/1273 2904/1316/1275 3456/3522/3308
f 3456/3522/3308 2904/1316/1275 2905/330/305
f 1084/3735/3464 1078/2722/2620 2746/22/18
f 1084/3735/3464 2745/1315/1274 1083/1314/1273
f 2748/2470/2381 2747/1313/1272 2903/3524/3310
f 3608/333/308 2903/3524/3310 2747/1313/1272
f 3466/2471/2382 2748/2470/2381 2903/3524/3310
f 34/2476/2387 2749/2441/2352 2748/2470/2381
f 2751/2474/2385 2750/2400/2312 1070/3526/3312
f 1038/3532/3316 3468/335/310 3414/3491/3277
f 3468/335/310 2902/3490/3276 3414/3491/3277
f 3468/335/310 2754/337/312 2902/3490/3276
f 1057/2480/2391 2756/2406/2317 1059/2477/2388
f 1057/2480/2391 595/2718/2616 2756/2406/2317
f 2900/4107/2904 3474/3730/3319 596/3729/3460
f 1031/336/311 1055/3727/3459 1053/1308/1097
f 1031/336/311 1030/3728/3457 1055/3727/3459
f 1049/2719/2617 599/519/492 1048/2409/2320
f 601/3056/2894 1149/3531/3315 600/4106/3683
f 1038/3532/3316 3607/497/471 3468/335/310
f 1037/340/315 603/339/314 602/2479/2390
f 2900/4108/2904 1033/1300/1261 3474/3536/3319
f 2899/1302/1114 2757/1301/1262 2762/3002/1112
f 2899/1302/1114 3485/2487/2398 1033/1300/1261
f 2763/4109/3327 1029/4110/3684 1031/516/311
f 1029/4110/3684 2763/4109/3327 3475/1299/1260
f 2763/4109/3327 967/1297/1258 3475/1299/1260
f 2898/1295/1256 607/505/479 2764/1296/1257
f 3478/507/481 2765/3713/3456 608/2484/2395
f 1021/1161/1123 1016/3054/2892 609/3053/2891
f 2766/1292/1253 2767/1294/1255 1102/2451/2362
f 1018/1293/1254 1012/2504/2414 2767/1294/1255
f 1017/2509/2419 1095/2454/2365 1015/2453/2364
f 611/2717/2615 2768/2455/2366 1013/3519/3305
f 1010/343/318 1008/342/317 2769/3523/3309
f 1002/2515/2425 998/2514/2424 2897/2472/2383
f 1002/2515/2425 2897/2472/2383 1000/2512/2422
f 982/502/476 2896/2475/2386 3467/503/477
f 993/1287/1248 2773/1286/1247 2772/2716/2614
f 639/2524/2434 26/3709/3452 982/502/476
f 978/1279/1240 980/3541/3324 2777/1280/1241
f 974/3542/3325 971/347/322 2778/3050/2888
f 971/347/322 2894/349/324 2778/3050/2888
f 3486/515/489 2780/4111/3447 967/3547/1258
f 3486/515/489 24/4112/2885 2780/4111/3447
f 968/3702/1259 2780/4111/3447 2893/3705/3445
f 2780/4111/3447 968/3702/1259 967/3547/1258
f 963/3699/3448 962/1278/1239 621/1153/1115
f 2891/1157/1119 960/2497/2407 2783/1158/1120
f 959/1277/1238 2784/1276/1237 1024/2706/2607
f 625/2534/2444 2786/2502/2412 956/492/466
f 626/1274/1235 955/1273/1234 972/2527/2437
f 970/4113/327 2788/3047/1131 619/3697/325
f 2892/3694/3446 2789/1267/1228 949/1269/1230
f 949/1269/1230 885/1268/1229 3494/1271/1232
f 630/3554/3334 3498/1264/1225 945/1266/1227
f 866/2585/2492 2813/1262/1223 937/1263/1224
f 2813/1262/1223 631/2533/2443 2891/1157/1119
f 2792/354/329 2791/3045/2887 632/2530/2440
f 933/1162/1124 633/1174/1136 28/1163/1125
f 923/2546/2456 637/500/474 924/2703/2605
f 3507/2545/2455 2797/480/454 923/2546/2456
f 2797/480/454 637/500/474 923/2546/2456
f 922/3682/3439 920/1168/1130 984/3710/3453
f 919/479/453 918/2548/2458 639/2524/2434
f 640/1255/1216 914/476/450 979/3044/2886
f 911/3679/3436 909/1251/1212 913/1253/1214
f 910/2554/2464 911/3679/3436 913/1253/1214
f 907/1248/1209 2800/1250/1211 927/3559/3339
f 642/2544/2454 16/2702/2604 3507/2545/2455
f 902/3677/3434 898/1166/1128 643/1247/1208
f 896/2568/2478 895/1244/1205 2802/1246/1207
f 779/470/444 13/462/436 2890/2570/2480
f 2889/1171/1133 2805/1170/1132 2806/3566/1141
f 13/462/436 2887/4114/3413 2888/3570/3345
f 2887/4114/3413 2807/4115/3415 3517/3572/3346
f 2888/3570/3345 2887/4114/3413 3517/3572/3346
f 3517/3572/3346 2807/4115/3415 2886/3671/3431
f 2811/1239/1200 2885/3039/2882 2882/1236/1197
f 883/1234/1195 2882/1236/1197 2884/2697/2599
f 2884/2697/2599 2808/3685/3442 651/2695/2597
f 2882/1236/1197 2808/3685/3442 2884/2697/2599
f 868/465/439 867/464/438 2880/1238/1199
f 3532/2583/2490 868/465/439 653/360/335
f 2883/1237/1198 2810/1235/1196 883/1234/1195
f 867/464/438 2881/3581/3353 2880/1238/1199
f 2880/1238/1199 2879/3038/2881 2811/1239/1200
f 2880/1238/1199 2881/3581/3353 2879/3038/2881
f 2822/3582/3354 2813/1262/1223 866/2585/2492
f 2823/3647/3411 3538/3007/2854 2813/1262/1223
f 2822/3582/3354 2823/3647/3411 2813/1262/1223
f 862/2588/2495 865/2595/2502 656/2539/2449
f 863/2593/2500 865/2595/2502 862/2588/2495
f 856/2552/2462 2814/1232/1193 857/1231/1192
f 854/3584/3356 2816/3008/2855 2815/3009/2856
f 3603/3653/3414 11/5/5 2818/4116/3397
f 3603/3653/3414 2818/4116/3397 851/3655/3416
f 851/3655/3416 2819/4117/3368 3570/3651/2549
f 3573/413/388 2822/3582/3354 842/455/430
f 840/1206/1167 841/1205/1166 2823/3647/3411
f 2822/3582/3354 840/1206/1167 2823/3647/3411
f 660/3646/3410 2838/3034/2877 3539/3036/2879
f 835/3585/3357 834/3586/3358 661/3010/2857
f 662/2606/2513 2826/3032/2875 832/3033/2876
f 662/2606/2513 825/448/423 2826/3032/2875
f 3602/450/425 663/3637/3401 2827/3031/2874
f 825/448/423 3602/450/425 2827/3031/2874
f 825/448/423 2827/3031/2874 2826/3032/2875
f 820/3641/3405 2878/1225/1186 3510/1227/1188
f 813/1222/1183 2829/1224/1185 2828/1226/1187
f 813/1222/1183 665/2687/2589 2877/1223/1184
f 3553/2613/2520 801/363/338 811/2615/2522
f 801/363/338 2830/3011/2858 811/2615/2522
f 801/363/338 667/365/340 2830/3011/2858
f 3564/431/406 2831/2561/2471 800/432/407
f 800/432/407 2831/2561/2471 797/2618/2525
f 670/3595/3367 787/2563/2473 3512/2562/2472
f 784/1219/1180 777/2633/2540 2832/1220/1181
f 782/2566/2476 2876/427/402 3514/474/448
f 780/426/401 2833/3030/2873 2876/427/402
f 769/3028/2872 852/6/6 13/462/436
f 769/3028/2872 13/462/436 779/470/444
f 2806/1180/1141 2874/2637/2543 648/2639/2545
f 2805/1178/1132 2336/3029/1636 2834/1179/1140
f 767/1214/1175 2835/1213/1174 775/1216/1177
f 2834/4118/1140 2336/3027/1636 2873/3597/2783
f 2874/3596/2543 2834/4118/1140 2873/3597/2783
f 676/1209/1170 7/4119/89 2836/1210/1171
f 756/368/343 3599/367/342 2872/1208/1169
f 2315/1204/1165 840/1206/1167 3573/413/388
f 752/369/344 678/3600/3369 2871/1181/1142
f 2839/1183/1144 2838/3034/2877 679/3624/3393
f 680/1684/1632 2839/1183/1144 679/3624/3393
f 751/3623/3392 742/405/380 2839/1183/1144
f 2841/3022/2869 2870/3023/2870 2869/4120/3685
f 747/2658/2560 2866/4121/3686 682/3645/3409
f 2866/4121/3686 2869/4120/3685 682/3645/3409
f 2866/4121/3686 2841/3022/2869 2869/4120/3685
f 2869/4120/3685 2868/3643/3407 682/3645/3409
f 2867/2657/2559 739/2680/2582 2866/4121/3686
f 739/2680/2582 2841/3022/2869 2866/4121/3686
f 2867/2657/2559 2866/4121/3686 747/2658/2560
f 685/3619/3388 2842/3014/2861 2865/2682/2584
f 739/2680/2582 2865/2682/2584 2841/3022/2869
f 2865/2682/2584 2864/3021/2868 2841/3022/2869
f 2861/2679/2581 2846/3017/2864 2863/3018/2865
f 2861/2679/2581 2863/3018/2865 687/3640/3404
f 2863/3018/2865 2844/3019/2866 687/3640/3404
f 2845/1202/1163 2861/2679/2581 737/2678/2580
f 2862/2661/2563 730/394/369 737/2678/2580
f 730/394/369 2845/1202/1163 737/2678/2580
f 2860/393/368 2846/3017/2864 2845/1202/1163
f 2860/393/368 690/374/349 2846/3017/2864
f 728/3603/3372 2858/1200/1161 691/3604/3373
f 691/3604/3373 2858/1200/1161 692/3635/3399
f 2858/1200/1161 2859/1201/1162 692/3635/3399
f 728/3603/3372 3583/1198/1159 2858/1200/1161
f 716/1195/1156 2852/3614/3383 2850/1196/1157
f 2852/3614/3383 2857/1191/1152 2850/1196/1157
f 696/3610/3379 2857/1191/1152 2852/3614/3383
f 695/3615/3384 2852/3614/3383 716/1195/1156
f 697/3612/3381 707/2675/2577 2854/377/352
f 708/2673/2575 707/2675/2577 697/3612/3381
f 703/376/351 780/426/401 702/2631/2538
f 693/1199/1160 718/1188/1149 2849/1186/1147
f 2849/1186/1147 3560/433/408 2859/1201/1162
f 2845/1202/1163 2846/3017/2864 2861/2679/2581
f 2865/2682/2584 2842/3014/2861 2864/3021/2868
f 2869/4120/3685 2870/3023/2870 2868/3643/3407
f 2870/3023/2870 2840/3024/2871 2868/3643/3407
f 2836/1210/1171 3571/2644/1648 760/1211/1172
f 7/114/89 676/1209/1170 674/1215/1176
f 2834/1179/1140 2874/2637/2543 2806/1180/1141
f 834/3586/3358 824/2553/2463 661/3010/2857
f 677/370/345 2824/1177/1139 839/2591/2498
f 847/1230/1191 843/1229/1190 3543/2600/2507
f 2818/4116/3397 2819/4117/3368 851/3655/3416
f 2881/3581/3353 2812/3005/2852 2879/3038/2881
f 2881/3581/3353 655/3658/3419 2812/3005/2852
f 2810/1235/1196 2811/1239/1200 2882/1236/1197
f 2882/1236/1197 2885/3039/2882 2808/3685/3442
f 2885/3039/2882 2809/3040/2883 2808/3685/3442
f 646/2699/2601 2804/2575/2482 2803/1241/1202
f 646/2699/2601 647/2581/2488 2804/2575/2482
f 3508/493/467 975/495/469 918/2548/2458
f 920/1168/1130 638/2550/2460 984/3710/3453
f 984/3710/3453 638/2550/2460 983/2523/2433
f 3505/3560/3340 925/3681/3438 2796/3540/3323
f 2795/1257/1218 926/3558/3338 928/2520/2430
f 21/3042/2884 2789/1267/1228 2892/3694/3446
f 622/2531/2441 2782/1154/1116 962/1278/1239
f 2779/1151/1113 2788/4122/1131 970/352/327
f 2899/1152/1114 2779/1151/1113 970/352/327
f 2775/345/320 3482/2518/2428 999/346/321
f 988/2713/2611 1004/3051/2889 1006/2714/2612
f 989/1282/1243 2774/1283/1244 990/3711/3454
f 614/3539/3322 994/2521/2431 613/2505/2415
f 1008/342/317 1001/2511/2421 2769/3523/3309
f 611/2717/2615 1011/16/14 2768/2455/2366
f 1023/3537/3320 2766/1292/1253 2765/3713/3456
f 3478/507/481 1023/3537/3320 2765/3713/3456
f 1031/516/311 3486/4123/489 2763/4109/3327
f 2757/1301/1262 1033/1300/1261 2900/4108/2904
f 2704/4124/1089 2900/4107/2904 596/3729/3460
f 2756/2406/2317 2755/1307/1267 2753/1148/1110
f 1084/3735/3464 2746/22/18 2745/1315/1274
f 2904/1316/1275 2744/536/509 2905/330/305
f 2904/1316/1275 3444/24/20 2744/536/509
f 2906/1317/1276 2742/3000/2849 2743/1318/1277
f 2907/1144/1106 2740/1146/1108 1092/2724/2622
f 2909/1319/1278 2738/1321/1280 2739/1320/1279
f 2911/527/500 2736/1143/1105 2910/1142/1104
f 2913/2997/2846 2733/2417/2328 2732/1328/1287
f 1116/2372/2284 2727/2447/2358 1216/2373/2285
f 2916/1335/1294 2724/3062/2899 2722/1141/1103
f 2916/1335/1294 2917/1334/1293 2724/3062/2899
f 2918/1140/1102 1129/539/512 2722/1141/1103
f 2723/550/523 2721/3064/2901 2720/2727/2625
f 1141/553/526 2919/3748/3477 2719/2427/2338
f 2920/3751/3480 2717/3065/2902 2718/31/27
f 2920/3751/3480 2718/31/27 574/3497/3283
f 574/3497/3283 2718/31/27 43/33/29
f 2716/1338/1297 2715/2365/2277 573/2414/2325
f 1151/557/530 1152/556/529 2713/2394/2306
f 2922/1342/1301 2711/2412/2323 2710/1339/1298
f 2707/1137/1099 2709/1139/1101 2923/570/543
f 2924/1343/1302 2708/1138/1100 2707/1137/1099
f 2925/1344/1303 2705/3066/2903 2706/1345/1304
f 2928/1346/1305 2701/1132/1094 2703/1134/1096
f 3415/1348/1307 2702/1133/1095 2701/1132/1094
f 1175/315/290 2927/1131/1093 2698/316/291
f 1186/3489/3275 2695/2993/2842 1187/3759/3486
f 1196/2736/2633 50/2351/2263 1253/3472/3258
f 555/3482/3268 2687/3769/3496 554/3773/3500
f 547/2361/2273 3387/2360/2272 1289/3461/3252
f 1233/1123/1085 1230/2363/2275 1292/1124/1086
f 1244/597/569 541/3460/3251 2675/2752/2647
f 2674/3474/3260 2673/3459/3250 2931/2355/2267
f 534/2748/2643 2669/2347/2260 1281/3464/3255
f 1270/2333/2248 1304/2331/2246 3681/2332/2247
f 2672/3078/1317 532/2338/1319 2647/4098/1340
f 1284/48/40 529/639/610 2665/620/591
f 525/299/274 3386/298/273 2663/49/41
f 54/2987/2836 2662/623/594 523/1121/1083
f 1297/2751/2646 521/2336/2251 2933/632/603
f 1297/2751/2646 2933/632/603 1301/3785/3506
f 1342/644/615 1274/1367/1325 506/1386/1344
f 2938/3453/3244 3373/3454/3245 2644/3455/3246
f 2608/2971/2826 2641/2970/2825 2642/4097/1339
f 2608/2971/2826 2642/4097/1339 2952/2759/2125
f 1372/654/625 2625/3085/2916 2941/3802/3519
f 2622/1413/1371 2623/3086/2917 2942/1414/1372
f 1374/1417/1375 2620/4096/3682 2944/1418/1376
f 2947/3087/2918 2618/1420/1378 2946/1419/1377
f 1395/3439/3230 1394/3440/3231 2614/1104/1066
f 2611/1426/1384 2612/3807/3524 2613/3088/2919
f 2950/1425/1383 2612/3807/3524 2611/1426/1384
f 2951/1424/1382 2611/1426/1384 2610/3090/2921
f 1426/2270/2187 2639/645/616 3625/1430/1388
f 3342/3430/3221 2606/1431/1389 1430/1100/1062
f 1433/2279/2196 1428/3431/3222 2603/3423/3214
f 475/2273/2190 3624/2212/2129 473/262/237
f 2953/2960/2816 466/2777/2666 2594/3094/2925
f 1458/675/646 2955/1093/1055 2593/1095/1057
f 1458/675/646 2593/1095/1057 2954/1446/1403
f 2959/4094/3680 2961/1090/1052 2588/1092/1054
f 2962/4095/3681 2588/1092/1054 2963/3823/3534
f 2588/1092/1054 2586/3096/2927 2963/3823/3534
f 2587/1091/1053 2586/3096/2927 2588/1092/1054
f 1497/2782/2671 3332/2243/2160 457/2783/2672
f 456/2239/2156 2964/2228/2145 2584/3097/2928
f 2964/2228/2145 2585/2230/2147 2584/3097/2928
f 1498/1452/1409 455/1087/1049 2583/1089/1051
f 2583/1089/1051 2582/1088/1050 2581/697/668
f 2608/3098/2826 2952/2207/2125 2575/2206/1417
f 2575/2206/1417 2554/2959/1416 2608/3098/2826
f 2965/688/659 77/254/229 1588/3838/3549
f 1521/1457/1414 3291/2150/2069 2578/696/667
f 2967/2191/2110 445/694/665 2576/693/664
f 1530/3826/3537 2967/2191/2110 3286/2956/2814
f 1540/2188/2107 2574/2187/2106 1544/2952/2812
f 2572/3829/3540 441/3405/3199 2571/2160/2079
f 2973/3835/3546 2972/3404/3198 2568/3398/3192
f 2568/3398/3192 2971/3100/2930 1580/1469/1426
f 2566/2155/2074 434/2164/2083 437/2157/2076
f 1569/248/223 2573/3845/1418 422/2800/2686
f 1546/2163/2082 2573/1461/1418 1569/248/223
f 1576/2113/2032 82/3837/3548 1628/2114/2033
f 1601/243/218 2553/242/217 2552/2121/2040
f 2520/3107/1016 2548/1481/1438 359/1483/1439
f 1618/2123/2042 424/2803/2687 423/2125/2044
f 417/3383/3182 1646/2103/2022 416/3852/3554
f 1632/1484/1440 2541/3379/3178 415/1485/1441
f 1646/2103/2022 92/2105/2024 2535/1070/1032
f 1659/1494/1450 1650/234/209 94/3866/3565
f 1662/3377/3176 2982/3108/2934 2534/3109/2935
f 1662/3377/3176 2534/3109/2935 2983/3854/3556
f 2985/3370/3169 2533/3110/2936 2984/3859/3559
f 2988/1498/1454 2531/3111/2937 2986/1497/1453
f 2989/1500/1456 2529/1496/1452 2990/1505/1461
f 2529/1496/1452 2530/1503/1459 2990/1505/1461
f 2989/1500/1456 2987/1495/1451 2529/1496/1452
f 2992/1506/1462 2528/2947/2808 2527/1504/1460
f 2994/4090/3679 2522/1056/1018 2521/1058/1020
f 388/224/199 2521/1058/1020 1719/2063/1982
f 2501/1055/1017 2520/1054/1016 2996/4125/1463
f 1729/2828/2709 2519/2054/1976 2518/2021/1944
f 3249/2835/2716 104/764/735 379/771/742
f 1748/1048/1010 2512/1050/1012 1750/1516/1470
f 362/1047/1009 1763/1994/1919 2509/217/192
f 2501/4126/1017 2996/4086/1463 2999/4085/1508
f 1786/2023/1946 355/3118/2944 1788/2019/1942
f 2502/3878/3574 3000/215/190 1818/214/189
f 1793/1524/1478 1821/3340/3145 110/1525/1479
f 2473/1527/1481 2501/1529/1017 2999/4127/1508
f 2503/210/185 3672/212/187 350/3873/3569
f 345/800/771 1829/3335/3140 344/801/772
f 3239/3341/3146 1812/2004/1929 1832/2941/2803
f 3238/1544/1495 1834/209/184 3224/1545/1496
f 1838/3877/3573 2488/826/797 1839/3319/3125
f 1859/811/782 3010/809/780 1887/3325/3131
f 1868/817/788 2476/1561/1510 3011/3126/2952
f 326/201/176 2474/3128/2954 2475/1564/1513
f 3011/3126/2952 2474/3128/2954 326/201/176
f 324/198/173 3230/1565/1514 2471/1041/1003
f 3012/4080/3611 321/3328/3134 120/4128/2964
f 313/2852/2733 2461/1567/1515 2460/1568/1516
f 3225/828/799 1900/3902/803 1902/3321/3127
f 1904/3320/3126 1902/3321/3127 1926/4129/805
f 1906/3318/3124 2459/3322/3128 2458/4079/3593
f 1905/1954/1883 1906/3318/3124 2458/4079/3593
f 1913/3908/3589 311/3135/2961 2006/82/66
f 1926/834/805 2452/1574/1522 3018/2857/2738
f 2453/1575/1523 2451/1885/1820 2450/1576/1524
f 3217/3303/3112 125/3306/3115 306/2859/2740
f 3217/3303/3112 307/3309/3116 125/3306/3115
f 305/180/155 1932/2858/2739 2448/1035/999
f 3026/1591/1539 2438/1590/1538 2437/4075/3677
f 2435/922/889 1977/1598/1546 1951/862/829
f 289/877/844 2430/1918/1853 288/879/846
f 3031/3143/2968 287/172/147 3670/1030/995
f 3033/888/855 2425/1602/1550 3148/1601/1549
f 276/1606/1554 2420/1906/1841 2419/1607/1555
f 275/162/137 2417/2927/2795 3037/1609/1557
f 275/162/137 2418/3973/3617 2417/2927/2795
f 2038/1882/1817 2026/1892/1827 141/1025/990
f 269/2882/2760 2413/3147/2972 2043/159/134
f 2412/160/135 143/3148/2973 268/4130/3687
f 2046/3267/3078 144/928/895 3043/3992/3631
f 262/156/131 146/3975/3619 3155/3976/3620
f 2066/3977/3621 2062/3150/2975 2065/3149/2974
f 2065/3149/2974 148/934/901 2068/1824/1760
f 2407/4070/997 3028/3265/3076 2073/4068/3675
f 2078/1855/1791 3047/1841/1777 2104/1842/1778
f 254/2888/2764 151/1621/1569 2402/1838/1774
f 2404/2886/2762 2398/1641/1589 3144/3990/3629
f 3052/930/897 3053/1785/1723 243/942/909
f 3054/92/72 3137/94/74 3055/3249/3062
f 3137/94/74 2388/2924/2792 3651/937/904
f 2144/1814/1752 2143/3153/2978 2202/4021/3647
f 2144/1814/1752 2202/4021/3647 3126/3218/3033
f 2152/1805/1743 232/1014/979 2384/1013/978
f 3060/4066/3674 2383/1768/1706 3061/1767/1705
f 3060/4066/3674 2384/1013/978 2383/1768/1706
f 2170/140/115 228/142/117 164/1753/1692
f 2378/2898/2772 2187/939/906 3131/2899/2773
f 2182/1755/1694 2375/2919/2790 2184/1783/1721
f 2379/1642/1590 3655/1752/1691 2185/4048/3664
f 3129/3225/3040 2374/3227/3042 2280/4049/3665
f 216/1724/1668 2373/1727/1671 2372/1729/1673
f 3062/3223/3038 2373/1727/1671 216/1724/1668
f 2191/1778/1716 215/3224/3039 2371/1721/1665
f 2202/4021/3647 213/1716/1660 168/130/105
f 3066/4063/3671 3065/4065/3673 3067/3208/3023
f 3065/4065/3673 2363/3163/2985 3067/3208/3023
f 2363/3163/2985 2362/3165/2987 206/4037/3659
f 3067/3208/3023 2363/3163/2985 206/4037/3659
f 2360/2917/983 205/4033/2770 2353/4060/1608
f 2357/1005/970 2359/1007/972 3070/1659/1607
f 204/4024/3650 2358/1006/971 2357/1005/970
f 3071/972/939 2293/4051/3667 3092/1710/1654
f 3071/972/939 3092/1710/1654 2250/1746/1685
f 2251/3162/2984 3072/3196/3016 2355/4053/3669
f 2251/3162/2984 2355/4053/3669 201/4035/3657
f 3074/3188/3009 2233/4131/3019 3073/3189/3010
f 2270/2913/2786 3109/2912/2785 3074/3188/3009
f 2277/1733/1677 2349/1715/1659 2279/1730/1674
f 2280/4049/3665 2348/1668/1616 2281/1667/1615
f 2286/3182/3004 2347/1714/1658 3075/3181/3003
f 2287/1719/1663 2346/3183/3005 174/3178/3000
f 2350/999/964 2344/104/82 2343/106/84
f 3097/1674/1622 175/122/97 711/1675/1623
f 2298/1677/1625 719/388/363 2305/3618/3387
f 2341/1678/1626 2298/1677/1625 2305/3618/3387
f 2306/984/951 2340/1680/1628 190/403/378
f 2308/989/956 3094/3180/3002 2338/2655/2557
f 187/3177/2999 2308/989/956 2338/2655/2557
f 2311/1683/1631 2307/987/954 751/3623/3392
f 2311/1683/1631 751/3623/3392 680/1684/1632
f 2312/1712/1656 3093/2650/2552 185/2649/2551
f 2336/1688/1636 3081/1690/969 2873/2909/2783
f 3082/3173/2995 196/1665/1613 2331/1691/1637
f 3083/2906/2780 198/1662/1610 2324/3174/2996
f 198/1662/1610 172/1663/1611 2324/3174/2996
f 3087/4036/3658 201/4035/3657 3090/4054/3670
f 201/4035/3657 2355/4053/3669 2315/1204/1165
f 3091/3195/3015 3092/1710/1654 2312/1712/1656
f 2310/3169/2991 186/2654/2556 3093/2650/2552
f 2309/3176/2998 2308/989/956 187/3177/2999
f 2304/2907/2781 2341/1678/1626 2305/3618/3387
f 2303/1676/1624 2297/980/947 2298/1677/1625
f 2276/1736/1680 2294/1735/1679 191/121/96
f 2293/4051/3667 3076/995/960 2292/997/962
f 2369/1749/1688 2291/4050/3666 2293/4051/3667
f 192/996/961 2286/3182/3004 2345/988/955
f 166/1726/1670 2282/1725/1669 2346/3183/3005
f 2280/4049/3665 2281/1667/1615 2285/1722/1666
f 2374/3227/3042 2275/1734/1678 2280/4049/3665
f 3655/1752/1691 3077/998/963 2185/4048/3664
f 3098/4047/3663 2274/4046/3662 197/1664/1612
f 173/1666/1614 2269/1001/966 3083/2906/2780
f 182/128/103 2352/127/102 199/4045/3661
f 2262/975/942 2261/974/941 3104/1739/1682
f 3073/3189/3010 2231/4043/928 3103/3191/3011
f 2259/1741/1683 3105/4041/1758 2318/1742/391
f 3106/4038/3660 2255/3194/3014 2254/3192/3012
f 2227/4026/3652 3106/4038/3660 2254/3192/3012
f 2362/3165/2987 169/3164/2986 2255/3194/3014
f 2208/1748/1687 2249/973/940 2252/3193/3013
f 2252/3193/3013 2249/973/940 2354/1747/1686
f 2243/967/934 203/969/936 2182/1755/1694
f 2381/144/119 163/100/80 2239/1658/1606
f 2238/3199/944 3108/4032/3655 3102/4022/3648
f 2236/3198/3017 2237/3201/1737 3108/4032/3655
f 200/963/930 2153/962/929 2232/1756/1695
f 3113/4028/3654 2230/3206/3021 3111/3205/3020
f 3113/4028/3654 209/133/108 2230/3206/3021
f 3114/4027/3653 2228/1761/1699 2229/3209/3024
f 3114/4027/3653 2229/3209/3024 2358/1006/971
f 2222/957/924 2225/960/927 3116/1762/1700
f 3118/4023/3649 2218/3214/3029 3115/1759/1697
f 3118/4023/3649 3119/3212/3027 2218/3214/3029
f 3120/952/919 2217/953/920 2216/1769/1707
f 2210/1812/1750 2251/3162/2984 2212/2900/2774
f 3124/1773/1711 2211/1772/1710 2212/2900/2774
f 2206/947/914 2204/950/917 2209/948/915
f 3127/136/111 2246/3219/3034 2367/137/112
f 3126/3218/3033 2202/4021/3647 212/970/937
f 2200/3220/3035 2198/1010/975 2201/1012/977
f 221/1649/1597 224/3226/3041 2191/1778/1716
f 3131/2899/2773 2187/939/906 2186/3228/3043
f 2172/1780/1718 2185/4048/3664 218/1781/1719
f 218/1781/1719 2185/4048/3664 2275/1734/1678
f 165/1732/1676 2184/1783/1721 2274/4046/3662
f 2179/944/911 2180/1775/1713 237/2923/2791
f 239/1636/1584 217/4016/3642 2195/1786/1724
f 223/1646/1594 156/1788/1726 2376/1647/1595
f 2177/4015/3641 224/3226/3041 221/1649/1597
f 2178/1790/1728 2176/1643/1591 2177/4015/3641
f 225/148/123 2173/941/908 2378/2898/2772
f 2169/3158/2980 2170/140/115 2187/939/906
f 2163/143/118 3133/145/120 228/142/117
f 2161/1627/1575 154/1807/1745 3134/1638/1586
f 2157/4011/3055 2139/4005/3057 2160/1771/1709
f 205/2895/2770 2159/4013/985 2158/1800/1738
f 2155/4009/1601 2361/1801/1739 2156/1803/1741
f 2153/4010/929 3139/4006/1756 2232/4008/1695
f 2150/1804/1742 2151/1806/1744 3136/98/78
f 2151/1806/1744 2148/3233/3047 162/99/79
f 2391/4004/3639 235/1016/981 234/3238/3052
f 2393/3154/2979 2143/3153/2978 2144/1814/1752
f 3138/3252/3065 238/4002/3637 236/4003/3638
f 3138/3252/3065 2117/1632/1580 238/4002/3637
f 2138/3244/3058 2137/3998/1794 2139/3243/3057
f 2135/2893/890 2136/1816/1754 2382/4001/1740
f 2133/1817/1755 2134/1820/1757 3139/1819/1756
f 2132/3248/3061 2131/1808/1746 154/1807/1745
f 2099/1823/1759 2130/935/902 2132/3248/3061
f 148/934/901 2129/932/899 242/931/898
f 2064/3985/3624 2063/1866/1801 233/1811/1749
f 2063/1866/1801 2128/1871/1806 2127/3236/3050
f 242/931/898 2126/933/900 158/1022/987
f 2061/1869/1804 3140/3997/3636 2129/932/899
f 2408/2925/2793 2125/3993/3632 3140/3997/3636
f 146/3975/3619 2123/3251/3064 3056/3152/2977
f 3141/3996/3635 146/3975/3619 3056/3152/2977
f 2054/1827/1763 2118/1828/1764 2123/3251/3064
f 2119/1829/1765 3146/1832/1768 2111/1633/1581
f 3052/930/897 243/942/909 2116/93/73
f 267/1879/1814 3052/930/897 2115/1830/1766
f 2111/1633/1581 2113/1831/1767 2394/1634/1582
f 152/1623/1571 2396/3230/3045 2395/3229/3044
f 2096/1624/1572 152/1623/1571 2395/3229/3044
f 2086/3988/3627 2396/3230/3045 152/1623/1571
f 2077/3986/3625 3050/1798/1736 247/1795/1733
f 2003/3274/3085 2095/1846/1782 2094/2889/2765
f 2424/1604/1552 2094/2889/2765 2093/1845/1781
f 3669/3144/2969 2092/3256/3069 3148/1601/1549
f 3151/3261/3074 2085/3987/3626 152/1623/1571
f 290/2874/2752 2084/1853/1789 2083/3260/3073
f 3153/3257/3070 2083/3260/3073 253/3989/3628
f 2081/1926/1861 3048/2887/2763 3154/1852/1788
f 1985/3142/2967 2434/1600/1548 2080/1854/1790
f 2079/3262/3075 1976/1930/1865 255/1856/1792
f 1978/1599/1547 3046/924/891 1980/1924/1859
f 132/1596/1544 2067/2885/2761 2075/925/892
f 2071/3984/828 258/2883/1868 3058/3982/3623
f 132/1596/1544 268/4130/3687 2067/2885/2761
f 268/4130/3687 260/3978/3622 2067/2885/2761
f 268/4130/3687 2066/3977/3621 260/3978/3622
f 268/4130/3687 143/3148/2973 2066/3977/3621
f 3164/1860/1795 2063/1866/1801 2064/3985/3624
f 138/86/68 140/88/70 3156/920/887
f 3040/1615/1563 3157/3266/3077 2056/918/885
f 2058/155/130 2056/918/885 262/156/131
f 261/914/881 3158/916/883 147/915/882
f 280/2877/2755 2424/1604/1552 2046/3267/3078
f 132/1596/1544 2412/160/135 268/4130/3687
f 2044/1940/1871 2045/158/133 294/1595/1543
f 2045/158/133 2412/160/135 294/1595/1543
f 126/2860/2741 2039/1881/1816 2446/1580/1528
f 270/1864/1799 2449/901/868 3042/1865/1800
f 2039/1881/1816 2041/1024/989 2413/3147/2972
f 2451/1885/1820 2031/1887/1822 2030/1890/1825
f 2028/1891/1826 2029/1611/1559 3039/1616/1564
f 2454/3912/3590 3221/3313/3120 2009/3271/3082
f 3167/1898/1833 2018/896/863 2017/895/862
f 3169/892/859 2016/894/861 3168/3272/3083
f 309/1903/1838 2015/893/860 3169/892/859
f 124/1902/1837 3169/892/859 2014/1900/1835
f 3171/1899/1834 2012/3273/3084 2013/1894/1829
f 3170/1901/1836 2012/3273/3084 3171/1899/1834
f 3172/1907/1842 3163/2878/2756 137/1908/1843
f 2456/3312/3119 281/1603/1551 3173/1605/1553
f 1913/3908/3589 2007/1909/1844 279/889/856
f 3647/1912/1847 284/886/853 2005/167/142
f 281/1603/1551 2004/1911/1846 2424/1604/1552
f 2000/1914/1849 2001/883/850 1999/885/852
f 296/1593/1541 2001/883/850 2000/1914/1849
f 3174/1915/1850 2000/1914/1849 281/1603/1551
f 2000/1914/1849 1999/885/852 281/1603/1551
f 3177/3277/3088 1995/880/847 3032/887/854
f 1995/880/847 1996/882/849 3032/887/854
f 3180/868/835 1994/2875/2753 3181/873/840
f 1989/852/821 1991/1921/1856 1992/2873/2751
f 2430/1918/1853 2434/1600/1548 1985/3142/2967
f 292/1929/1864 1975/2866/2745 1976/1930/1865
f 1975/2866/2745 2441/2865/2744 1974/1594/1542
f 1970/1913/1848 3026/1591/1539 2437/4075/3677
f 1885/859/826 1968/858/825 2465/857/824
f 1966/855/822 1967/173/148 312/80/64
f 3025/860/827 1962/2867/2746 1964/2870/2749
f 3187/850/819 1964/2870/2749 1963/851/820
f 3190/1935/792 322/3955/3609 1956/3951/3607
f 3189/848/817 1955/1936/1869 1959/849/818
f 3193/3957/3610 1954/3284/3094 3191/3285/3095
f 3193/3957/3610 3194/3938/3600 1954/3284/3094
f 3192/3953/3608 1953/3286/3096 3195/3950/3606
f 1953/3286/3096 3022/1586/1534 1952/1585/1533
f 2072/844/813 3222/835/802 1933/837/806
f 2072/844/813 3196/846/815 3222/835/802
f 1951/1939/829 1872/3288/3097 3228/1937/1870
f 3200/3944/3605 3019/1577/1525 1948/842/811
f 3019/1577/1525 1950/1579/1527 1948/842/811
f 3202/1942/1873 3199/3943/3604 1948/842/811
f 3202/1942/1873 1948/842/811 3201/841/810
f 3205/3940/3601 328/3930/178 1944/3289/3098
f 328/3930/178 1945/3292/3101 1944/3289/3098
f 3207/3932/3597 1942/3941/3602 1943/3293/3102
f 3208/3935/3599 3209/3934/3598 3207/3932/3597
f 3209/3934/3598 1942/3941/3602 3207/3932/3597
f 3210/1941/1872 1940/3942/3603 3202/1942/1873
f 3210/1941/1872 3211/3295/3104 1940/3942/3603
f 3211/3295/3104 1941/3296/3105 1940/3942/3603
f 3212/3923/2953 1939/179/154 1938/3298/3107
f 3213/3929/3596 1937/3300/3109 1936/3925/3594
f 3215/3301/3110 1935/1578/1526 3214/1943/1874
f 1930/3304/3113 306/2859/2740 1932/2858/2739
f 126/2860/2741 306/2859/2740 2039/1881/1816
f 1939/179/154 1931/3302/3111 1930/3304/3113
f 2458/3920/3593 1929/3307/2735 3217/3303/3112
f 1903/1946/1877 1904/3918/3126 1928/2856/2737
f 2460/3917/1516 1924/3916/3592 308/3308/2734
f 3218/3914/3591 3219/2855/2736 1920/3310/3117
f 121/3915/796 1916/3909/795 1924/3916/3592
f 1924/3916/3592 1916/3909/795 3220/3311/3118
f 1893/1950/158 311/3135/2961 1913/3908/3589
f 2502/3878/3574 2485/1956/1885 3014/3904/1875
f 1841/1987/1912 337/3317/3123 1905/1954/1883
f 329/814/785 1841/1987/1912 1908/1953/1882
f 115/1960/1887 1907/1959/1886 1906/3318/3124
f 1901/1546/1497 2461/1567/1515 313/2852/2733
f 1828/806/777 1895/2850/2731 1894/1962/1889
f 314/2931/2799 317/181/156 1918/822/793
f 1827/1993/1918 314/2931/2799 1897/3901/3586
f 1827/1993/1918 317/181/156 314/2931/2799
f 3006/1967/1894 1890/1038/1001 1892/1964/1891
f 3227/3326/3132 1888/185/160 2464/3898/3585
f 3006/1967/1894 331/1966/1893 1885/1566/826
f 3234/3884/3577 321/3328/3134 1884/3896/3583
f 321/3328/3134 1878/195/170 120/4128/2964
f 1881/1970/1897 1875/820/791 1874/819/790
f 1874/819/790 3190/821/792 3189/4132/817
f 3235/3125/2951 334/3329/3135 1881/1970/1897
f 2482/3124/2950 116/1986/1911 1873/196/171
f 3229/1974/1900 1868/817/788 1867/816/787
f 3230/1565/1514 3229/1974/1900 1866/3330/3136
f 3232/3886/3579 3233/2848/2729 1864/3889/3582
f 3233/2848/2729 1865/2846/2727 1864/3889/3582
f 1862/197/172 1861/1975/1901 323/199/174
f 2484/1551/1502 1841/1987/1912 329/814/785
f 3240/3876/3572 1858/810/781 3007/812/783
f 347/794/765 350/3873/3569 1856/1965/1892
f 350/3873/3569 2479/3885/3578 1856/1965/1892
f 350/3873/3569 3672/212/187 2479/3885/3578
f 1854/807/778 332/3331/3137 1855/808/779
f 3010/809/780 1855/808/779 1886/2849/2730
f 352/789/760 332/3331/3137 1854/807/778
f 112/1977/1903 352/789/760 1854/807/778
f 111/1536/1487 3002/1532/1484 335/1979/1905
f 3002/1532/1484 1850/204/179 335/1979/1905
f 110/1525/1479 1845/2841/2722 1844/1552/1503
f 1837/1990/1915 3238/1544/1495 1901/1546/1497
f 1835/207/182 1834/209/184 3238/1544/1495
f 1833/2001/1926 3239/3341/3146 338/2842/2723
f 2492/3120/2946 1833/2001/1926 2489/827/798
f 3239/3341/3146 1832/2941/2803 338/2842/2723
f 1834/209/184 1831/3334/3139 1896/1961/1888
f 343/803/774 1829/3335/3140 1830/804/775
f 2494/2006/1931 1826/1992/1917 1832/2941/2803
f 2494/2006/1931 1810/1538/1489 1826/1992/1917
f 2495/1539/1490 1807/792/763 3240/3876/3572
f 339/805/776 1824/3337/3142 1895/2850/2731
f 1823/2840/2721 1845/2841/2722 110/1525/1479
f 1817/213/188 3005/1999/1924 3237/3333/3138
f 1817/213/188 363/1998/1923 3005/1999/1924
f 1820/1995/1920 1816/1042/1004 1815/3121/2947
f 1765/774/745 1761/776/747 342/2000/1925
f 369/799/770 344/801/772 1758/2005/1930
f 1754/2040/1962 371/796/767 107/2003/1928
f 1808/795/766 1809/3338/3143 345/800/771
f 1751/793/764 1808/795/766 373/2045/1967
f 348/790/761 1806/2008/1933 2498/791/762
f 349/787/758 352/789/760 112/1977/1903
f 2499/2942/2804 3002/1532/1484 111/1536/1487
f 1798/2011/1936 1777/3347/3149 1799/3343/3148
f 336/4133/3576 3245/4134/3688 3236/783/754
f 1796/2013/1938 1871/4135/3567 1849/2014/1909
f 1796/2013/1938 1722/4136/3552 1871/4135/3567
f 2506/1046/1008 1793/1524/1478 1777/3347/3149
f 3245/4137/3688 1773/781/752 3236/783/754
f 1773/781/752 1771/3116/2942 3000/215/190
f 1787/2024/1947 2518/2021/1944 1786/2023/1946
f 1728/2026/1949 1782/1533/1485 1785/3872/3568
f 1780/2837/2718 357/3348/3150 1781/2010/1935
f 336/4087/3576 359/4088/1439 360/4138/3164
f 336/4087/3576 360/4138/3164 3245/4137/3688
f 360/4138/3164 1724/3353/3154 3245/4137/3688
f 1721/2028/1951 1722/4139/3552 1796/2029/1938
f 1776/3352/3153 3636/1044/1006 1778/1520/1474
f 1775/2032/1954 1776/3352/3153 1779/3349/3151
f 1724/3353/3154 1773/781/752 3245/4137/3688
f 394/228/203 1766/2836/2717 363/1998/1923
f 363/1998/1923 1766/2836/2717 1765/774/745
f 365/2035/1957 1764/779/750 1763/1994/1919
f 1760/2037/1959 2514/3117/2943 2510/2002/1927
f 366/778/749 1758/2005/1930 1813/1541/1492
f 368/3356/3157 1753/773/744 1754/2040/1962
f 1736/2834/2715 1752/2042/1964 370/2041/1963
f 2516/2044/1966 103/2048/1970 1751/793/764
f 406/765/736 1741/767/738 1742/3867/3566
f 106/222/197 378/221/196 377/2039/1961
f 3247/1067/1029 1649/3358/3159 1740/766/737
f 1727/2084/2003 1728/2026/1949 383/2831/2712
f 3265/1487/1443 1727/2084/2003 383/2831/2712
f 1688/2819/2700 1783/2025/1948 1693/4089/3678
f 2997/2052/1974 385/2826/2707 1726/2053/1975
f 1686/2059/1980 1720/2060/1950 1797/2057/1476
f 396/2066/1985 3251/3864/3564 1716/756/727
f 396/2066/1985 1716/756/727 1715/755/726
f 1681/2068/1987 1682/2065/1984 1714/2067/1986
f 3252/2070/1989 1711/752/723 1713/754/725
f 3251/3864/3564 3254/3862/3562 1709/2071/1990
f 3251/3864/3564 1709/2071/1990 1710/3360/3160
f 393/2081/2000 1707/1510/1464 1705/2074/1993
f 2522/1056/1018 3258/3861/3561 1705/2074/1993
f 1702/2075/1994 1703/2821/2702 3259/2076/1995
f 3260/3860/3560 1700/2079/1998 3261/2078/1997
f 3260/3860/3560 1701/2077/1996 1700/2079/1998
f 3264/3363/3163 1699/2823/2704 3263/2080/1999
f 1697/750/721 95/734/705 2993/1062/1024
f 2984/3859/3559 2533/3110/2936 1696/749/720
f 2533/3110/2936 1697/750/721 1696/749/720
f 1698/751/722 2993/1062/1024 1707/1510/1464
f 391/3115/2941 1695/226/201 1767/3355/3156
f 1689/3365/3165 3281/3368/3167 3257/2812/2696
f 1687/3366/1981 1616/4140/2105 1722/3856/3552
f 1683/2090/2009 1684/1501/1457 1685/3367/3166
f 1680/748/719 1683/2090/2009 1681/2068/1987
f 1683/2090/2009 1682/2065/1984 1681/2068/1987
f 1690/2087/2006 2978/743/714 1680/748/719
f 89/2129/2048 1666/746/717 1677/744/715
f 1679/747/718 1676/1502/1458 2991/1499/1455
f 3267/3376/3175 2983/3854/3556 1673/3369/3168
f 3270/2092/2011 1668/2094/2013 3262/3853/3555
f 1668/2094/2013 1669/3373/3172 3262/3853/3555
f 2532/3362/3162 1661/2810/2694 1695/226/201
f 1658/2095/2014 1657/735/706 95/734/705
f 1656/3106/2933 87/2805/2689 1651/1493/1449
f 3274/733/704 407/1066/1028 406/765/736
f 2980/1486/1442 3275/1492/1448 407/1066/1028
f 2980/1486/1442 90/3382/3181 3275/1492/1448
f 1654/731/702 2980/1486/1442 407/1066/1028
f 1650/234/209 1739/220/195 94/3866/3565
f 1652/232/207 408/2099/2018 1653/233/208
f 3275/1492/1448 409/2809/2693 3247/1067/1029
f 3247/1067/1029 409/2809/2693 1649/3358/3159
f 416/3852/3554 1647/2097/2016 2541/3379/3178
f 2541/3379/3178 1647/2097/2016 408/2099/2018
f 418/728/699 1644/1489/1445 410/236/211
f 1648/235/210 418/728/699 410/236/211
f 91/758/729 1640/2050/1972 1731/759/730
f 1639/3380/3179 1640/2050/1972 91/758/729
f 425/2136/2055 432/2794/2682 87/2805/2689
f 1632/1484/1440 416/3852/3554 2541/3379/3178
f 2975/3396/3190 80/2120/2039 1625/1075/1037
f 419/2119/2038 1624/3381/3180 1645/2102/2021
f 1625/1075/1037 1622/249/224 1641/2085/2004
f 1689/4091/3165 3283/2140/2059 3281/3368/3167
f 430/2951/2811 1611/3387/3183 1610/2132/2051
f 430/2951/2811 1592/720/691 1604/3390/3186
f 1611/3387/3183 1604/3390/3186 2550/1078/1040
f 1604/3390/3186 1606/721/692 2551/723/694
f 1534/1472/1429 1532/2144/2063 2557/2146/2065
f 79/1086/1048 1596/2143/2062 1599/1475/1432
f 1523/2151/2070 1590/718/689 78/2955/2813
f 3291/2150/2069 1589/2795/2683 2559/3102/2932
f 3291/2150/2069 2559/3102/2932 1523/2151/2070
f 2566/2155/2074 1584/2158/2077 1585/2156/2075
f 1575/244/219 1577/246/221 3289/1471/1428
f 3289/1471/1428 1576/2113/2032 1634/2109/2028
f 2569/1465/1422 1574/3836/3547 1573/245/220
f 82/3837/3548 3290/2792/2680 1629/726/697
f 2571/2160/2079 1571/2162/2081 1570/2791/2679
f 460/2245/2162 3292/713/684 1566/712/683
f 1564/3397/3191 1562/64/54 435/1466/1423
f 3294/3834/3545 1561/3400/3194 3293/3399/3193
f 3294/3834/3545 3295/3832/3543 1561/3400/3194
f 3301/3833/3544 3302/2178/2097 1556/707/678
f 3302/2178/2097 1557/2177/2096 1556/707/678
f 3304/3831/3542 2591/706/677 1555/708/679
f 438/3401/3195 1554/2168/2087 2972/3404/3198
f 3303/2167/2086 1554/2168/2087 438/3401/3195
f 3306/2180/2099 2969/704/675 3307/703/674
f 1547/3828/3539 2572/3829/3540 3629/3830/3541
f 470/1443/1400 1547/3828/3539 3309/2172/2091
f 3309/2172/2091 1547/3828/3539 2970/1464/1421
f 2598/1440/1398 1546/2163/2082 3310/2182/2101
f 71/2962/2818 474/263/238 441/3405/3199
f 442/4093/2060 1505/3410/3202 1533/2142/2061
f 1537/2785/2674 1535/3409/3201 443/2787/2676
f 2579/2215/2132 1532/2144/2063 1531/3099/2929
f 1501/1453/1410 2577/2195/2114 1528/2145/2064
f 2576/693/664 1523/2151/2070 78/2955/2813
f 457/2783/2672 460/2245/2162 1521/1457/1414
f 457/2783/2672 1521/1457/1414 447/695/666
f 446/2199/2118 3313/2196/2115 3287/2152/2071
f 3317/3824/3535 1520/2203/2122 3315/3411/3203
f 3316/3825/3536 3317/3824/3535 3315/3411/3203
f 3312/2193/2112 1489/678/649 1519/2201/2120
f 3319/2204/2123 3320/689/660 1516/691/662
f 449/251/226 1514/687/658 2965/688/659
f 442/3412/2060 3322/2280/2197 1505/4141/3202
f 442/3412/2060 451/2208/2126 3322/2280/2197
f 3624/2212/2129 1509/685/656 1510/686/657
f 1421/3432/3223 2609/2213/2130 452/682/653
f 485/2214/2131 2949/55/47 2579/2215/2132
f 1496/3415/3206 3324/2965/2821 1493/2246/2163
f 459/2221/2138 1492/2225/2142 3325/2223/2140
f 3327/2220/2137 1491/2231/2148 1490/2227/2144
f 1485/2235/2152 1486/3820/3532 3328/2780/2669
f 1483/2237/2154 1484/2240/2157 3628/2238/2155
f 1484/2240/2157 1481/3417/3208 2964/2228/2145
f 1481/3417/3208 1482/2226/2143 2964/2228/2145
f 488/2233/2150 1480/256/231 1479/255/230
f 3330/2234/2151 1478/2242/2159 3331/2241/2158
f 1476/266/241 1477/2244/2161 3332/2243/2160
f 2948/264/239 1464/2254/2171 3333/265/240
f 1473/2247/2164 1475/3095/2926 2958/257/232
f 3335/2255/2172 1463/3422/3213 3298/2252/2169
f 1464/2254/2171 1462/3421/3212 3335/2255/2172
f 3336/2257/2174 3338/2963/2819 1461/2265/2182
f 3336/2257/2174 1461/2265/2182 3337/2258/2175
f 1466/2261/2178 1459/2259/2176 1460/673/644
f 2600/1433/1391 3336/2257/2174 1466/2261/2178
f 3336/2257/2174 1459/2259/2176 1466/2261/2178
f 1460/673/644 1459/2259/2176 1457/674/645
f 469/2774/2663 1455/259/234 3340/258/233
f 465/2267/2184 1450/2266/2183 1453/3819/3531
f 1450/2266/2183 1454/2775/2664 1453/3819/3531
f 1453/3819/3531 1452/2175/2094 3302/2178/2097
f 1453/3819/3531 1454/2775/2664 1452/2175/2094
f 3338/2963/2819 1432/3427/3218 1451/2773/2662
f 1461/2265/2182 1451/2773/2662 1450/2266/2183
f 1443/261/236 475/2273/2190 473/262/237
f 1433/2279/2196 63/2314/2230 1429/3429/3220
f 1428/3431/3222 3342/3430/3221 1430/1100/1062
f 1428/3431/3222 1430/1100/1062 1447/3425/3216
f 1427/2968/2824 1425/3450/3241 481/1427/1385
f 1425/3450/3241 2640/641/612 1423/1428/1386
f 3372/2770/2232 1512/3811/2103 1511/2771/2127
f 1420/668/639 482/3809/3526 1421/3432/3223
f 1424/666/637 1420/668/639 2607/1429/1387
f 489/269/244 490/268/243 1418/671/642
f 3344/2286/2202 1413/2288/2204 1414/3434/3225
f 3344/2286/2202 1414/3434/3225 3345/3433/3224
f 490/268/243 1412/2289/2205 3348/3808/3525
f 2612/3807/3524 1402/661/632 2613/3088/2919
f 1402/661/632 1408/2295/2211 2613/3088/2919
f 495/272/247 2941/3802/3519 1406/2767/2659
f 1403/663/634 1405/665/636 3353/3804/3521
f 2625/3085/2916 1399/658/629 1398/657/628
f 3357/659/630 1399/658/629 1397/1103/1065
f 2630/1406/1364 3358/3441/3232 1393/274/249
f 2632/1404/1362 1389/1422/1380 1390/1421/1379
f 1384/2300/2216 2945/3801/3518 1385/3442/3233
f 2945/3801/3518 1386/1416/1374 1385/3442/3233
f 1376/1380/1338 1377/2303/2219 1378/2304/2220
f 3359/2765/2657 1374/1417/1375 2945/3801/3518
f 3359/2765/2657 1375/2766/2658 1374/1417/1375
f 1320/3444/3235 1410/2292/2208 3350/2282/2198
f 3363/3800/3517 1369/3445/3236 3362/3795/3512
f 3363/3800/3517 1370/3799/3516 1369/3445/3236
f 1366/650/621 1368/652/623 3364/3796/3513
f 1377/2303/2219 3366/647/618 1365/2305/2221
f 491/2306/2222 1364/3446/3237 492/3798/3515
f 1365/2305/2221 1364/3446/3237 491/2306/2222
f 59/2979/2831 1314/2308/2224 2624/2307/2223
f 3368/631/602 2657/295/270 1354/1112/1074
f 2658/2981/2833 3374/2319/2234 3369/1399/1357
f 3370/3794/3511 1352/1398/1356 2634/2763/2655
f 1350/3793/3510 1351/1395/1353 2635/1400/1358
f 2635/1400/1358 1351/1395/1353 1438/1435/1393
f 3374/2319/2234 504/1384/1342 1350/3793/3510
f 1349/2315/2231 1345/2758/2653 1344/1389/1347
f 3371/2762/2654 61/3081/2912 1343/276/251
f 1346/3082/2913 502/643/614 2637/3083/2914
f 1343/276/251 1341/3792/3509 1340/277/252
f 503/2760/1341 1320/3444/3235 451/2761/2126
f 1336/3452/3243 526/1370/1328 2938/3453/3244
f 2662/623/594 1336/3452/3243 56/630/601
f 527/302/277 2664/2982/2834 1334/1113/1075
f 1283/303/278 1329/305/280 3376/2321/2236
f 2666/1122/1084 1323/282/257 1327/284/259
f 2666/1122/1084 1327/284/259 1329/305/280
f 2670/1364/1322 1274/1367/1325 1342/644/615
f 2666/1122/1084 1324/2323/2238 1323/282/257
f 508/286/261 511/3456/3247 2646/2973/2827
f 2648/2328/2243 3378/1377/1335 3366/647/618
f 3381/52/44 1308/296/271 58/53/45
f 1312/633/604 1308/296/271 3381/52/44
f 57/627/598 1353/629/600 2656/1117/1079
f 1294/1120/1082 1307/628/599 57/627/598
f 524/51/43 3375/50/42 1306/2320/2235
f 1304/2331/2246 3382/1371/1329 518/2329/2244
f 519/598/570 3384/2753/2648 1302/3786/3507
f 1269/3077/2910 519/598/570 1302/3786/3507
f 1299/2755/2650 1301/3785/3506 2660/1372/1330
f 545/594/566 1296/1119/1081 1295/625/596
f 1239/3774/3501 545/594/566 1295/625/596
f 3389/2989/2838 1288/301/276 1293/300/275
f 1282/3463/3254 1280/304/279 1283/303/278
f 528/1368/1326 1282/3463/3254 1283/303/278
f 534/2748/2643 1281/3464/3255 1280/304/279
f 530/3080/2911 1278/616/587 2666/1122/1084
f 3390/1363/1321 1276/3780/3503 1275/2983/2835
f 1259/2339/2252 3391/2350/2262 503/2337/1341
f 1258/3466/575 1198/4142/574 3343/3781/3502
f 1276/3780/3503 1271/611/582 1318/613/584
f 539/1358/1316 1247/2334/2249 1270/2333/2248
f 1271/611/582 1270/2333/2248 2668/612/583
f 1267/2340/2253 1268/46/38 533/617/588
f 532/1361/1319 558/3779/3278 1259/2348/2252
f 1279/1366/1324 2929/1365/1323 1273/3470/263
f 1273/3470/263 557/3471/3257 1255/2745/2640
f 537/1362/1320 1252/1356/1314 1254/2742/2639
f 1253/3472/3258 537/1362/1320 3394/3761/3488
f 1188/599/571 49/2356/2268 3383/600/572
f 1187/3759/3486 1246/3475/3261 1251/2352/2264
f 1246/3475/3261 2674/3474/3260 2931/2355/2267
f 2681/2368/2280 1238/3477/3263 1244/597/569
f 1241/3476/3262 544/595/567 1242/306/281
f 549/1352/1310 1241/3476/3262 1223/2992/2841
f 549/1352/1310 2682/589/561 1241/3476/3262
f 1241/3476/3262 2682/589/561 544/595/567
f 541/3460/3251 1238/3477/3263 1239/3774/3501
f 2930/309/284 53/2991/2840 1233/1123/1085
f 546/2739/2636 1290/621/592 54/2987/2836
f 1230/2363/2275 1229/3478/3264 3389/2989/2838
f 3400/2362/2274 554/3773/3500 1229/3478/3264
f 3411/3072/2906 1226/2738/2635 49/2356/2268
f 49/2356/2268 1226/2738/2635 1243/596/568
f 3401/3753/3482 1225/3772/3499 1226/2738/2635
f 2681/2368/2280 550/2369/2281 1238/3477/3263
f 1215/2374/2286 1232/585/557 1214/584/556
f 1212/3483/3269 555/3482/3268 554/3773/3500
f 2687/3769/3496 1208/3768/3495 1265/608/579
f 2687/3769/3496 1265/608/579 1228/3479/3265
f 2730/1333/1292 1207/3767/3494 2688/3484/3270
f 2696/3071/2905 48/2378/2290 1206/3764/3491
f 562/3766/3493 2929/1365/1323 556/2746/2641
f 2691/3074/2908 1204/3765/3492 51/2345/2258
f 48/2378/2290 1200/583/555 1203/3762/3489
f 1256/313/288 1197/312/287 1257/4143/546
f 560/2390/2302 1196/2736/2633 1195/3760/3487
f 2693/2380/2292 1191/2379/2291 1195/3760/3487
f 3404/2381/2293 1194/3487/3273 3405/3486/3272
f 3404/2381/2293 3406/2382/2294 1194/3487/3273
f 3408/2388/2300 3407/2385/2297 1189/2387/2299
f 1185/2396/2308 1183/2395/2307 1186/3489/3275
f 1180/1331/1290 1182/2398/2310 2730/1333/1292
f 594/1149/1111 3413/578/550 1181/2397/2309
f 2754/337/312 1172/1136/1098 2902/3490/3276
f 1061/579/551 2755/1307/1267 1177/314/289
f 1172/1136/1098 557/4144/3257 562/3766/3493
f 1257/574/546 598/573/545 1198/2732/574
f 3415/1348/1307 1164/564/537 1167/566/539
f 3416/3755/3484 1161/561/534 1163/563/536
f 3417/2994/2843 1161/561/534 3416/3755/3484
f 3422/2411/2322 1154/1341/1300 2924/1343/1302
f 3424/2413/2324 1044/1306/1266 1153/555/528
f 600/4106/3683 1149/3531/3315 2714/3750/3479
f 1152/556/529 573/2414/2325 2713/2394/2306
f 2761/1305/1265 1148/1336/1295 1152/556/529
f 1103/2449/2360 1147/1337/1296 1148/1336/1295
f 1146/3496/3282 1224/2366/2278 2714/3750/3479
f 3611/1326/1285 584/1329/1288 1098/3498/3284
f 584/1329/1288 575/3499/3285 1098/3498/3284
f 584/1329/1288 2912/2416/2327 575/3499/3285
f 586/2419/2330 1137/546/519 3428/2420/2331
f 3431/2999/2848 39/27/23 1133/3505/3291
f 3431/2999/2848 1133/3505/3291 3429/3504/3290
f 39/27/23 1134/2422/2333 1133/3505/3291
f 1130/540/513 3430/2423/2334 1131/541/514
f 1138/548/521 1127/537/510 1129/539/512
f 3433/3749/3478 579/3742/3471 1126/2428/2339
f 579/3742/3471 2915/2726/2624 1126/2428/2339
f 3682/2429/2340 1126/2428/2339 1124/32/28
f 3436/2430/2341 590/331/306 3437/2431/2342
f 590/331/306 1123/3511/3297 3437/2431/2342
f 3442/2461/2372 1081/526/499 3440/3744/3473
f 1081/526/499 1121/3743/3472 3440/3744/3473
f 1119/3508/3294 1120/3509/3295 3435/3746/3475
f 3440/3744/3473 1119/3508/3294 3435/3746/3475
f 3444/24/20 1071/23/19 580/2445/2356
f 3447/2438/2349 1114/3739/3468 2724/3062/2899
f 3448/3063/2900 1115/3740/3469 1113/3741/3470
f 591/332/307 1112/2436/2347 3449/530/503
f 1109/2437/2348 1110/3512/3298 3447/2438/2349
f 3452/2442/2353 2747/1313/1272 1108/2435/2346
f 1071/23/19 1106/2443/2354 580/2445/2356
f 1106/2443/2354 3453/1330/1289 2729/1332/1291
f 2760/1304/1264 1101/2450/2361 1103/2449/2360
f 1090/3737/3466 1089/2421/2332 1088/543/516
f 2768/2455/2366 3454/2457/2368 1013/3519/3305
f 3455/2456/2367 1085/3521/3307 2908/3736/3465
f 2911/527/500 1082/529/502 3459/2459/2370
f 1079/523/496 1081/526/499 3442/2461/2372
f 3610/2463/2374 3457/2458/2369 3460/2460/2371
f 3461/2467/2378 3462/2466/2377 2903/3524/3310
f 3463/2468/2379 1073/520/493 3450/522/495
f 1003/2469/2380 34/2476/2387 2748/2470/2381
f 1076/2513/2423 1070/3526/3312 1071/23/19
f 32/1289/1250 1063/2478/2389 1062/1147/1109
f 1174/3719/2315 1056/3529/293 1034/3528/487
f 1054/4145/3485 1053/1308/1097 1055/3727/3459
f 3423/328/303 3477/3057/2895 2758/326/301
f 1046/518/491 1043/2483/2394 1042/2482/2393
f 1043/2483/2394 1041/2485/2396 2901/1303/1263
f 601/3056/2894 600/4106/3683 1040/3718/3458
f 1040/3718/3458 609/3053/2891 601/3056/2894
f 618/2712/2610 31/2494/2404 1035/514/488
f 1029/4110/3684 1030/3716/3457 1031/516/311
f 1029/4110/3684 3475/1299/1260 1030/3716/3457
f 605/2489/2400 1028/3714/3449 1050/3715/547
f 3476/508/482 2898/1295/1256 606/509/483
f 623/1156/1118 2783/1158/1120 3477/3057/2895
f 957/2499/2409 1019/2501/2411 1024/2706/2607
f 2785/1160/1122 995/2508/2418 1016/3054/2892
f 2772/2716/2614 1011/16/14 611/2717/2615
f 1004/3051/2889 1003/2469/2380 1006/2714/2612
f 999/346/321 3482/2518/2428 998/2514/2424
f 982/502/476 2770/3003/2850 2896/2475/2386
f 3482/2518/2428 617/1281/1242 996/2516/2426
f 28/1163/1125 614/3539/3322 2785/1160/1122
f 614/3539/3322 995/2508/2418 2785/1160/1122
f 28/1163/1125 930/2541/2451 614/3539/3322
f 931/1258/1219 2795/1257/1218 994/2521/2431
f 27/2522/2432 986/1285/1246 991/1284/1245
f 984/3710/3453 983/2523/2433 985/499/473
f 983/2523/2433 917/2526/2436 981/2525/2435
f 640/1255/1216 979/3044/2886 978/1279/1240
f 24/3043/2885 3486/515/489 977/496/470
f 2777/1280/1241 973/2711/2609 3472/2519/2429
f 25/2535/2445 626/1274/1235 974/3542/3325
f 1032/3545/485 969/3544/3326 3484/512/486
f 969/3544/3326 954/3707/3440 3484/4146/486
f 968/3702/1259 2893/3705/3445 3487/3704/3450
f 963/3699/3448 621/1153/1115 964/2528/2438
f 943/348/323 629/2704/2606 963/3699/3448
f 956/492/466 2786/2502/2412 957/2499/2409
f 2794/12/12 992/11/11 625/2534/2444
f 619/3697/325 889/3698/1201 3492/3549/3329
f 619/3697/325 2788/3047/1131 889/3698/1201
f 952/488/462 3493/2705/326 3492/3549/3329
f 949/1269/1230 2893/3693/3445 2780/3695/3447
f 949/1269/1230 3494/1271/1232 2893/3693/3445
f 946/487/461 948/486/460 3495/3687/3444
f 3496/467/441 3497/3684/3441 942/3552/3332
f 3497/3684/3441 3499/3660/3421 938/3553/3333
f 3499/3660/3421 939/3556/3336 938/3553/3333
f 940/3557/3337 3501/355/330 2790/1265/1226
f 930/2541/2451 3503/1256/1217 931/1258/1219
f 3503/1256/1217 2815/3009/2856 2795/1257/1218
f 3511/3562/3342 927/3559/3339 926/3558/3338
f 2800/1250/1211 23/3004/2851 925/3681/3438
f 2800/1250/1211 925/3681/3438 3505/3560/3340
f 3504/2543/2453 924/2703/2605 3506/482/456
f 3506/482/456 924/2703/2605 27/2522/2432
f 924/2703/2605 986/1285/1246 27/2522/2432
f 642/2544/2454 923/2546/2456 3504/2543/2453
f 922/3682/3439 984/3710/3453 2796/3540/3323
f 925/3681/3438 643/1247/1208 922/3682/3439
f 919/479/453 639/2524/2434 2797/480/454
f 897/478/452 3513/2547/2457 919/479/453
f 3513/2547/2457 2801/3561/3341 918/2548/2458
f 908/2557/2467 906/3012/2859 905/1249/1210
f 3512/2562/2472 901/2564/2474 902/3677/3434
f 16/2702/2604 786/1221/1182 897/478/452
f 786/1221/1182 2832/1220/1181 3513/2547/2457
f 3513/2547/2457 2832/1220/1181 2801/3561/3341
f 782/2566/2476 3514/474/448 896/2568/2478
f 12/3013/2860 891/2700/2602 890/2698/2600
f 892/473/447 12/3013/2860 890/2698/2600
f 888/3564/3343 3605/3563/3330 887/3569/3344
f 3605/3563/3330 889/1240/1201 887/3569/3344
f 772/3568/398 3516/2586/2493 3515/3674/3432
f 772/3568/398 773/4147/399 3516/2586/2493
f 886/3672/1231 3517/3572/3346 2886/3671/3431
f 886/3672/1231 885/3573/1229 3517/3572/3346
f 3520/3669/3430 3521/2574/2481 882/2696/2598
f 3520/3669/3430 882/2696/2598 3518/3576/3348
f 3521/2574/2481 2883/1237/1198 882/2696/2598
f 2883/1237/1198 883/1234/1195 882/2696/2598
f 880/3668/3429 881/2577/2484 3522/2576/2483
f 3525/3666/3427 877/3578/3350 3526/3577/3349
f 3528/3663/3424 877/3578/3350 3525/3666/3427
f 870/3659/3420 871/3656/3417 3530/3580/3352
f 3528/3663/3424 2821/3037/2880 869/3579/3351
f 3533/2584/2491 3534/463/437 868/465/439
f 861/3657/3418 862/2588/2495 3535/2587/2494
f 3536/2592/2499 862/2588/2495 861/3657/3418
f 3539/3036/2879 657/1173/1135 3537/1172/1134
f 851/3655/3416 3570/3651/2549 649/458/433
f 2807/3654/3415 649/458/433 2886/4148/3431
f 2807/3654/3415 851/3655/3416 649/458/433
f 3542/454/429 842/455/430 3516/2636/2493
f 755/371/346 838/2601/2508 843/1229/1190
f 679/3624/3393 660/3646/3410 2823/3647/3411
f 749/2602/2509 835/3585/3357 659/1175/1137
f 833/1203/1164 821/1184/1145 834/3586/3358
f 829/3588/3360 830/3642/3406 831/2605/2512
f 745/2659/2561 830/3642/3406 829/3588/3360
f 744/407/382 745/2659/2561 829/3588/3360
f 3546/2604/2511 828/452/427 827/451/426
f 2868/3643/3407 3545/3644/3408 826/2689/2591
f 2868/3643/3407 826/2689/2591 3548/449/424
f 686/446/421 687/3640/3404 822/441/416
f 3551/439/414 3549/2608/2515 814/440/415
f 812/2610/2517 813/1222/1183 2828/1226/1187
f 3552/2611/2518 813/1222/1183 812/2610/2517
f 692/3635/3399 807/3591/3363 3555/3639/3403
f 828/452/427 3557/3638/3402 3556/3636/3400
f 3557/3638/3402 806/3592/3364 3556/3636/3400
f 1/3613/3382 804/364/339 802/434/409
f 2859/1201/1162 3560/433/408 803/435/410
f 802/434/409 801/363/338 3553/2613/2520
f 669/430/405 800/432/407 797/2618/2525
f 795/2622/2529 796/2621/2528 793/2626/2533
f 816/443/418 3563/2624/2531 794/2625/2532
f 3563/2624/2531 793/2626/2533 794/2625/2532
f 793/2626/2533 792/2619/2526 791/2627/2534
f 790/2628/2535 3564/431/406 669/430/405
f 789/2629/2536 787/2563/2473 670/3595/3367
f 3600/2686/2588 779/470/444 778/469/443
f 3541/2599/2506 672/2598/2505 10/2634/2541
f 763/3634/3398 3565/2640/2546 770/420/395
f 3600/2686/2588 180/2685/2587 769/3028/2872
f 2855/105/83 3600/2686/2588 777/2633/2540
f 763/3633/3398 673/3598/2544 3567/2641/2547
f 760/1211/1172 3570/2646/2549 2819/3599/3368
f 760/1211/1172 3571/2644/1648 3570/2646/2549
f 759/417/392 2318/416/391 849/4149/434
f 3089/3627/3396 2316/412/387 3574/411/386
f 754/3625/3394 752/369/344 755/371/346
f 185/2649/2551 753/2651/2553 754/3625/3394
f 680/1684/1632 751/3623/3392 2839/1183/1144
f 750/410/385 749/2602/2509 2871/1181/1142
f 186/2654/2556 681/408/383 3093/2650/2552
f 2339/1681/1629 3576/3601/3370 740/3622/3391
f 738/3602/3371 739/2680/2582 2867/2657/2559
f 2862/2661/2563 737/2678/2580 3577/2677/2579
f 736/402/377 735/2607/2514 821/1184/1145
f 3579/395/370 3598/399/374 732/396/371
f 3579/395/370 176/3616/3385 733/398/373
f 729/392/367 730/394/369 2862/2661/2563
f 3582/3621/3390 728/3603/3372 3581/390/365
f 3582/3621/3390 3583/1198/1159 728/3603/3372
f 3584/2662/2564 722/386/361 727/391/366
f 3587/2664/2566 726/3605/3374 3585/3620/3389
f 3589/384/359 722/386/361 685/3619/3388
f 2298/1677/1625 720/2674/2576 719/388/363
f 725/389/364 718/1188/1149 693/1199/1160
f 719/388/363 718/1188/1149 725/389/364
f 3590/3607/3376 716/1195/1156 717/1194/1155
f 3592/383/358 715/3606/3375 3591/2668/2570
f 3592/383/358 712/382/357 715/3606/3375
f 176/3616/3385 713/3609/3378 733/398/373
f 688/372/347 3595/381/356 3592/383/358
f 191/121/96 704/378/353 175/122/97
f 2343/106/84 2855/105/83 706/379/354
f 709/109/87 701/375/350 707/2675/2577
f 175/122/97 2853/1193/1154 710/1192/1153
f 3597/3611/3380 696/3610/3379 695/3615/3384
f 3590/3607/3376 694/2620/2527 3561/3608/3377
f 3590/3607/3376 717/1194/1155 694/2620/2527
f 718/1188/1149 720/2674/2576 2848/1187/1148
f 725/389/364 693/1199/1160 724/2667/2569
f 688/372/347 690/374/349 2860/393/368
f 3598/399/374 688/372/347 2860/393/368
f 2861/2679/2581 687/3640/3404 686/446/421
f 684/2681/2583 685/3619/3388 2865/2682/2584
f 743/2660/2562 683/2656/2558 742/405/380
f 747/2658/2560 682/3645/3409 745/2659/2561
f 750/410/385 833/1203/1164 749/2602/2509
f 2316/412/387 2315/1204/1165 3573/413/388
f 3541/2599/2506 2872/1208/1169 844/1228/1189
f 674/1215/1176 676/1209/1170 11/5/5
f 780/426/401 781/2632/2539 2833/3030/2873
f 802/434/409 804/364/339 801/363/338
f 818/445/420 817/444/419 665/2687/2589
f 824/2553/2463 820/3641/3405 911/3679/3436
f 820/3641/3405 3510/1227/1188 911/3679/3436
f 827/451/426 3558/453/428 663/3637/3401
f 827/451/426 663/3637/3401 3602/450/425
f 836/1176/1138 661/3010/2857 858/2596/2503
f 845/2691/2593 2820/2690/2592 3527/3665/3426
f 853/362/337 11/5/5 3603/3653/3414
f 856/2552/2462 910/2554/2464 2814/1232/1193
f 3530/3580/3352 871/3656/3417 655/3658/3419
f 3530/3580/3352 655/3658/3419 2881/3581/3353
f 652/358/333 654/361/336 3519/2692/2594
f 2884/2697/2599 651/2695/2597 650/2694/2596
f 3529/2701/2603 647/2581/2488 646/2699/2601
f 906/3012/2859 900/3678/3435 905/1249/1210
f 913/1253/1214 2798/481/455 912/3680/3437
f 643/1247/1208 920/1168/1130 922/3682/3439
f 940/3557/3337 934/353/328 3501/355/330
f 940/3557/3337 2790/1265/1226 3498/1264/1225
f 21/3042/2884 2892/3694/3446 24/3043/2885
f 977/496/470 3486/515/489 3607/497/471
f 979/3044/2886 980/3541/3324 978/1279/1240
f 640/1255/1216 978/1279/1240 981/2525/2435
f 26/3709/3452 975/495/469 2776/3708/3451
f 983/2523/2433 981/2525/2435 2775/345/320
f 635/1165/1127 991/1284/1245 992/11/11
f 614/3539/3322 613/2505/2415 995/2508/2418
f 997/2517/2427 2771/1290/1251 612/1291/1252
f 1021/1161/1123 609/3053/2891 1022/3538/3321
f 1022/3538/3321 609/3053/2891 1040/3718/3458
f 605/2489/2400 965/4150/2608 1028/3714/3449
f 604/2488/2399 1032/511/485 3473/3535/3318
f 3607/497/471 1031/516/311 3468/335/310
f 1040/3718/3458 600/4106/3683 1150/3752/3481
f 1065/1309/1268 594/1149/1111 3412/2399/2311
f 3461/2467/2378 3608/333/308 591/332/307
f 1077/2464/2375 1084/3735/3464 3457/2458/2369
f 1077/2464/2375 1078/2722/2620 1084/3735/3464
f 589/329/304 590/331/306 3438/525/498
f 3456/3522/3308 2905/330/305 589/329/304
f 1085/3521/3307 588/3733/3462 2907/1144/1106
f 1085/3521/3307 3465/3520/3306 588/3733/3462
f 3609/2723/2621 2740/1146/1108 586/2419/2330
f 3610/2463/2374 585/1323/1282 1094/1322/1281
f 3452/2442/2353 582/2434/2345 581/2725/2623
f 1123/3511/3297 579/3742/3471 3432/3510/3296
f 3612/3507/3293 3613/3506/3292 578/3738/3467
f 3612/3507/3293 578/3738/3467 2917/1334/1293
f 3428/2420/2331 1138/548/521 577/2424/2335
f 3615/3502/3288 3443/3503/3289 576/3747/3476
f 1150/3752/3481 600/4106/3683 3401/3753/3482
f 3617/2729/2627 570/324/299 569/323/298
f 3618/2731/2629 566/320/295 568/322/297
f 1055/3757/3459 598/573/545 1197/572/287
f 1176/2402/2314 3419/3754/3483 563/2733/2630
f 1177/314/289 2698/316/291 48/2378/2290
f 1178/2376/2288 556/2746/2641 1205/2377/2289
f 1206/3764/3491 1203/3762/3489 2690/3073/2907
f 1208/3768/3495 2690/3073/2907 1265/608/579
f 2686/2737/2634 1231/2359/2271 1232/585/557
f 2715/2365/2277 1219/587/559 1221/1351/1309
f 547/2361/2273 1289/3461/3252 1290/621/592
f 546/2739/2636 547/2361/2273 1290/621/592
f 3399/2358/2270 1233/1123/1085 1234/2335/2250
f 1244/597/569 1238/3477/3263 541/3460/3251
f 1246/3475/3261 2931/2355/2267 1251/2352/2264
f 1250/2353/2265 1248/2354/2266 1249/1357/1315
f 1253/3472/3258 1249/1357/1315 1252/1356/1314
f 1286/3462/3253 1287/2343/2256 528/1368/1326
f 3375/50/42 527/302/277 1335/2318/2233
f 1239/3774/3501 1295/625/596 520/624/595
f 1302/3786/3507 3384/2753/2648 516/634/605
f 1247/2334/2249 3382/1371/1329 1304/2331/2246
f 1308/296/271 2657/295/270 3368/631/602
f 1309/626/597 1310/1116/1078 3380/2311/2227
f 1317/2756/2651 1316/3457/3248 2648/2328/2243
f 3374/2319/2234 2937/1115/1077 504/1384/1342
f 1341/3792/3509 1339/279/254 1340/277/252
f 1314/2308/2224 1361/1106/1068 1362/2309/2225
f 2651/648/619 1357/1407/1365 1363/649/620
f 1365/2305/2221 496/1409/1367 3361/1411/1369
f 494/270/245 495/272/247 3352/2296/2212
f 1375/2766/2658 491/2306/2222 492/3798/3515
f 1375/2766/2658 492/3798/3515 2943/1415/1373
f 1386/1416/1374 3620/267/242 489/269/244
f 2616/655/626 2948/264/239 1476/266/241
f 1391/1423/1381 488/2233/2150 3329/2232/2149
f 1391/1423/1381 1389/1422/1380 488/2233/2150
f 1393/274/249 487/2964/2820 1395/3439/3230
f 1397/1103/1065 1400/2298/2214 2614/1104/1066
f 2624/2307/2223 1396/56/48 2949/55/47
f 1410/2292/2208 485/2214/2131 3349/2291/2207
f 3623/3436/3227 483/3435/3226 484/3805/3522
f 3623/3436/3227 484/3805/3522 2950/1425/1383
f 1415/667/638 1418/671/642 482/3809/3526
f 1418/671/642 2951/1424/1382 482/3809/3526
f 1423/1428/1386 1424/666/637 2607/1429/1387
f 1425/3450/3241 1423/1428/1386 481/1427/1385
f 1432/3427/3218 2939/1393/1351 469/2774/2663
f 3308/2776/2665 3340/258/233 468/260/235
f 466/2777/2666 3337/2258/2175 465/2267/2184
f 3337/2258/2175 1461/2265/2182 465/2267/2184
f 463/2260/2177 464/1448/1405 3334/2248/2165
f 1462/3421/3212 1466/2261/2178 3334/2248/2165
f 1466/2261/2178 463/2260/2177 3334/2248/2165
f 3328/2780/2669 1486/3820/3532 459/2221/2138
f 3627/3416/3207 2963/3823/3534 458/2781/2670
f 1496/3415/3206 1497/2782/2671 1494/2784/2673
f 2949/55/47 1504/57/49 2579/2215/2132
f 3321/2205/2124 449/251/226 448/250/225
f 1525/699/670 3318/2198/2117 446/2199/2118
f 1529/2189/2108 2967/2191/2110 444/1085/1047
f 1537/2785/2674 443/2787/2676 1536/700/671
f 3306/2180/2099 468/260/235 2969/704/675
f 3300/3402/3196 438/3401/3195 3299/710/681
f 1565/1467/1424 2567/66/56 1582/2159/2078
f 3292/713/684 434/2164/2083 2566/2155/2074
f 1607/2133/2052 1608/732/703 88/729/700
f 3282/3389/3185 1609/2149/2068 3630/2811/2695
f 1611/3387/3183 2550/1078/1040 1612/2130/2049
f 423/2125/2044 2547/2088/2007 1621/3851/3553
f 1641/2085/2004 3265/1487/1443 3276/1076/1038
f 1643/1490/1446 1645/2102/2021 1639/3380/3179
f 1653/233/208 3248/2948/2809 1739/220/195
f 1656/3106/2933 1651/1493/1449 1659/1494/1450
f 1659/1494/1450 1745/736/707 1657/735/706
f 3633/3371/3170 402/3858/3558 3632/3372/3171
f 3633/3371/3170 2985/3370/3169 402/3858/3558
f 1685/3367/3166 2990/1505/1461 396/2066/1985
f 2990/1505/1461 397/3863/3563 396/2066/1985
f 2546/2083/2002 1693/4089/3678 1727/2084/2003
f 2523/1059/1021 1769/1061/1023 1704/2033/1955
f 3634/2824/2705 389/2825/2706 390/3361/3161
f 387/223/198 1717/757/728 388/224/199
f 1719/2063/1982 2995/2030/1952 1775/2032/1954
f 1693/4089/3678 1728/2026/1949 1727/2084/2003
f 102/2830/2711 1729/2828/2709 1787/2024/1947
f 382/762/733 2998/1052/1014 3635/2046/1968
f 2535/1070/1032 103/2048/1970 3250/1071/1033
f 1737/1068/1030 1738/761/732 380/763/734
f 1655/3378/3177 406/765/736 1742/3867/3566
f 1742/3867/3566 1741/767/738 1760/2037/1959
f 3246/2043/1965 373/2045/1967 1752/2042/1964
f 2515/1512/1466 370/2041/1963 1755/1519/1473
f 1757/1518/1472 369/799/770 1758/2005/1930
f 2514/3117/2943 368/3356/3157 2510/2002/1927
f 1763/1994/1919 1764/779/750 364/3875/3571
f 1774/2031/1953 1768/2034/1956 3636/1044/1006
f 1787/2024/1947 1788/2019/1942 376/1049/1011
f 1793/1524/1478 1794/1526/1480 1799/3343/3148
f 1804/788/759 1805/786/757 352/789/760
f 2498/791/762 1803/2020/1943 349/787/758
f 1812/2004/1929 107/2003/1928 2494/2006/1931
f 364/3875/3571 1814/1543/1494 1820/1995/1920
f 1816/1042/1004 1836/1043/1005 1815/3121/2947
f 1836/1043/1005 3238/1544/1495 1837/1990/1915
f 1850/204/179 3003/1531/1483 1846/205/180
f 325/200/175 328/203/178 3206/2847/2728
f 1875/820/791 322/4081/3609 3190/821/792
f 333/1557/1507 119/3131/2957 1877/3130/2956
f 319/188/163 1880/1968/1895 1883/190/165
f 1886/2849/2730 1880/1968/1895 319/188/163
f 1827/1993/1918 340/3122/2948 317/181/156
f 1898/2843/2724 2462/3134/2960 1900/3902/803
f 1900/3902/803 2462/3134/2960 1899/4151/1879
f 1839/3319/3125 1902/3321/3127 1904/3320/3126
f 3014/3904/1875 2485/1956/1885 2457/1958/1876
f 1918/3906/793 310/3907/3588 1917/1569/1517
f 3639/3299/3108 1939/179/154 304/178/153
f 3641/3291/3100 3642/3290/3099 3640/3297/3106
f 3642/3290/3099 303/3926/3595 3640/3297/3106
f 3643/1582/1530 302/1581/1529 1946/839/808
f 298/175/150 300/177/152 3022/1586/1534
f 3190/1935/792 1956/3951/3607 1955/1936/1869
f 1956/3951/3607 2442/3136/2962 1955/1936/1869
f 1964/2870/2749 3185/2869/2748 1963/851/820
f 2466/854/161 1882/3960/167 1960/1589/1537
f 1969/3281/3092 3026/1591/1539 1970/1913/1848
f 1972/863/830 3644/4152/1899 1971/1932/1866
f 2435/922/889 1951/862/829 2071/861/828
f 3028/4073/3076 1973/3280/3091 257/2871/2750
f 1974/1594/1542 3023/3137/2963 294/1595/1543
f 285/170/145 287/172/147 3646/881/848
f 3175/3276/3087 285/170/145 3646/881/848
f 2002/884/851 284/886/853 3647/1912/1847
f 3178/3972/3616 284/886/853 2002/884/851
f 2011/1904/1839 279/889/856 3034/2928/2796
f 2413/3147/2972 2059/1026/991 2040/3974/3618
f 1934/3268/3079 270/1864/1799 3164/1860/1795
f 2446/1580/1528 2043/159/134 2045/158/133
f 2046/3267/3078 2093/1845/1781 144/928/895
f 3163/2878/2756 2046/3267/3078 3162/1878/1813
f 2048/905/872 3161/1873/1808 3159/909/876
f 240/4153/3060 2073/4068/3675 3028/3265/3076
f 240/4153/3060 3028/3265/3076 2138/3263/3058
f 3154/1852/1788 2085/3987/3626 2084/1853/1789
f 3150/1837/1773 254/2888/2764 2402/1838/1774
f 3149/3258/3071 253/3989/3628 3049/3259/3072
f 3149/3258/3071 3153/3257/3070 253/3989/3628
f 2094/2889/2765 252/2890/2766 2096/1624/1572
f 2112/1833/1769 244/1787/1725 2111/1633/1581
f 2118/1828/1764 2117/1632/1580 3138/3252/3065
f 2129/932/899 3140/3997/3636 2126/933/900
f 2131/1808/1746 3057/1021/986 241/1809/1747
f 2136/1816/1754 2069/3247/1796 2133/1817/1755
f 230/3245/3059 3650/3242/3056 2157/3241/3055
f 3137/94/74 2179/944/911 237/2923/2791
f 3127/136/111 2144/1814/1752 3126/3218/3033
f 2145/3237/3051 2391/4004/3639 234/3238/3052
f 2147/1810/1748 2145/3237/3051 2385/3235/3049
f 3653/3232/3046 231/1763/1701 3652/3234/3048
f 2156/1803/1741 2133/4154/1755 2153/4010/929
f 156/1788/1726 2174/4014/3640 2376/1647/1595
f 239/1636/1584 222/1648/1596 217/4016/3642
f 220/943/910 2178/1790/1728 221/1649/1597
f 2379/1642/1590 2185/4048/3664 2172/1780/1718
f 2192/1777/1715 2193/1776/1714 3128/4018/3644
f 3128/4018/3644 2370/4017/3643 214/4020/3646
f 3126/3218/3033 212/970/937 2246/3219/3034
f 2209/948/915 2368/951/918 2208/1748/1687
f 3657/3215/3030 210/2901/2775 2214/3217/3032
f 3659/3211/3026 3660/2903/2777 207/134/109
f 3659/3211/3026 207/134/109 3658/3213/3028
f 3660/2903/2777 3122/2902/2776 207/134/109
f 3122/2902/2776 208/132/107 207/134/109
f 3662/3207/3022 3067/3208/3023 206/4037/3659
f 3662/3207/3022 206/4037/3659 3661/3210/3025
f 2235/3202/3018 3069/1657/1605 2233/3203/3019
f 2235/3202/3018 202/1655/1603 3069/1657/1605
f 205/4033/2770 3654/3200/2769 2236/3198/3017
f 3664/2904/2778 2242/966/933 204/4024/3650
f 2165/1751/1690 2166/2897/2771 195/123/98
f 2166/2897/2771 2244/124/99 195/123/98
f 2369/1749/1688 2293/4051/3667 3071/972/939
f 2251/3162/2984 2367/137/112 3072/3196/3016
f 2212/2900/2774 2251/3162/2984 201/4035/3657
f 2270/2913/2786 3074/3188/3009 3104/1739/1682
f 2270/2913/2786 3104/1739/1682 2261/974/941
f 199/4045/3661 3663/3187/3008 2263/976/943
f 2274/4046/3662 3099/1002/967 197/1664/1612
f 2325/1695/1641 765/3172/2994 766/418/393
f 2332/108/86 2333/1692/1638 3596/2676/2578
f 180/2685/2587 2326/113/88 768/4/4
f 2338/2655/2557 3094/3180/3002 3575/2653/2555
f 2366/1009/974 2365/949/916 169/3164/2986
f 2365/949/916 2208/1748/1687 169/3164/2986
f 218/1781/1719 2275/1734/1678 2374/3227/3042
f 3668/1015/980 3059/95/75 161/97/77
f 2142/936/903 159/938/905 2387/1017/982
f 2392/3995/3634 157/3994/3633 2391/4004/3639
f 3056/3152/2977 2123/3251/3064 2143/3153/2978
f 245/1836/1772 2109/146/121 156/1788/1726
f 2405/3255/3068 2074/926/893 2099/1823/1759
f 3669/3144/2969 133/2929/2797 134/3971/3615
f 3670/1030/995 133/2929/2797 3669/3144/2969
f 2439/174/149 1960/1589/1537 128/876/843
f 3023/3137/2963 3021/1587/1535 2044/1940/1871
f 3021/1587/1535 3203/838/807 2044/1940/1871
f 2453/1575/1523 3218/3914/3591 123/1886/1821
f 3218/3914/3591 124/1902/1837 123/1886/1821
f 2459/3322/3128 1929/2854/2735 2458/4079/3593
f 1902/3321/3127 1900/3902/803 1926/4129/805
f 3231/2935/2802 117/3888/3581 2469/2933/2800
f 1819/1996/1921 1815/3121/2947 114/1989/1914
f 2493/1542/1493 113/208/183 1835/207/182
f 2510/2002/1927 368/3356/3157 107/2003/1928
f 1734/760/731 102/2830/2711 2998/1052/1014
f 2517/2832/2713 383/2831/2712 101/2944/2806
f 2519/2054/1976 100/2022/1945 2518/2021/1944
f 86/4155/57 3673/2946/2807 108/2945/62
f 3674/3112/2938 3675/3113/2939 96/70/58
f 3675/3113/2939 97/71/59 96/70/58
f 2534/3109/2935 1658/2095/2014 95/734/705
f 415/1485/1441 2541/3379/3178 1652/232/207
f 1625/1075/1037 1641/2085/2004 3276/1076/1038
f 421/240/215 1621/3851/3553 2543/2806/2690
f 86/4156/57 3676/2950/2810 3673/2949/2807
f 2977/1480/1437 1613/1479/1436 89/2129/2048
f 86/69/57 68/68/50 3676/3103/2810
f 2971/3100/2930 3307/703/674 1578/705/676
f 2579/2215/2132 1504/57/49 1532/2144/2063
f 2584/3097/2928 2585/2230/2147 76/2229/2146
f 2584/3097/2928 76/2229/2146 3311/2192/2111
f 3332/2243/2160 460/2245/2162 457/2783/2672
f 3320/689/660 2589/61/51 75/63/53
f 2594/3094/2925 72/3818/3530 3678/2961/2817
f 473/262/237 3624/2212/2129 1541/3821/3533
f 2601/1432/1390 2602/3815/3527 3338/2963/2819
f 2603/3423/3214 1428/3431/3222 1447/3425/3216
f 68/60/50 55/59/37 3677/4157/2815
f 3679/3089/2920 1407/3413/3204 2609/2213/2130
f 2614/1104/1066 1495/3414/3205 1409/1105/1067
f 2614/1104/1066 1394/3440/3231 1495/3414/3205
f 2616/655/626 1493/2246/2163 3324/2965/2821
f 2623/3086/2917 65/2967/2823 3680/2966/2822
f 2623/3086/2917 66/3797/3514 65/2967/2823
f 2940/1107/1069 2629/2312/2228 2628/1108/1070
f 2631/3447/3238 3358/3441/3232 2630/1406/1364
f 498/1109/1071 2634/2763/2655 1388/1110/1072
f 2938/3453/3244 2644/3455/3246 2643/1396/1354
f 512/2326/2241 2649/2977/2829 59/2979/2831
f 2933/632/603 521/2336/2251 1312/633/604
f 1295/625/596 1294/1120/1082 57/627/598
f 1269/3077/2910 2650/2978/2830 2649/2977/2829
f 1248/2354/2266 1247/2334/2249 539/1358/1316
f 2692/3763/3490 2693/2380/2292 3394/3761/3488
f 2697/580/552 48/2378/2290 2696/3071/2905
f 2714/3750/3479 1224/2366/2278 1225/3772/3499
f 3682/2429/2340 1124/32/28 2718/31/27
f 2722/1141/1103 3448/3063/2900 2721/3064/2901
f 1090/3737/3466 1088/543/516 2731/3515/3301
f 2737/28/24 41/30/26 3426/2996/2845
f 3683/2998/2847 37/25/21 3431/2999/2848
f 37/25/21 39/27/23 3431/2999/2848
f 594/1149/1111 2753/1148/1110 3413/578/550
f 1014/2507/2417 610/3712/3455 1096/3052/2890
f 2894/349/324 31/2494/2404 618/2712/2610
f 2784/1276/1237 957/2499/2409 1024/2706/2607
f 30/15/13 3684/14/9 2762/3046/1112
f 918/2548/2458 975/495/469 26/3709/3452
f 2890/2570/2480 13/462/436 21/3042/2884
f 785/2630/2537 16/2702/2604 2831/2561/2471
f 2833/3030/2873 14/472/446 3514/474/448
f 748/409/384 821/1184/1145 833/1203/1164
f 4/1/1 6/3/3 2840/3024/2871
f 2864/3021/2868 4/1/1 2840/3024/2871
f 3586/2665/2567 5/2/2 4/1/1
f 3686/3016/2863 3687/3015/2862 2/3020/2867
f 3687/3015/2862 3/3617/3386 2/3020/2867
