# Blender 5.0.1
# www.blender.org
mtllib crate.mtl
o Cube
v 0.843408 1.903333 -0.988080
v 0.843408 1.954135 -0.954135
v 0.903333 1.843408 -0.988080
v 0.904835 1.904835 -0.973694
v 0.901718 1.946172 -0.946172
v 0.933816 1.933816 -0.933816
v 0.903333 1.988080 -0.843408
v 0.954135 1.954135 -0.843408
v 0.843408 1.988080 -0.903333
v 0.904835 1.973694 -0.904835
v 0.946172 1.946172 -0.901718
v 0.988080 1.843408 -0.903333
v 0.954135 1.843408 -0.954135
v 0.988080 1.903333 -0.843408
v 0.973694 1.904835 -0.904835
v 0.946172 1.901718 -0.946172
v 0.843408 0.011920 -0.903333
v 0.843408 0.045865 -0.954135
v 0.903333 0.011920 -0.843408
v 0.904835 0.026306 -0.904835
v 0.901718 0.053828 -0.946172
v 0.933816 0.066184 -0.933816
v 0.903333 0.156592 -0.988080
v 0.954135 0.156592 -0.954135
v 0.843408 0.096667 -0.988080
v 0.904835 0.095165 -0.973694
v 0.946172 0.098282 -0.946172
v 0.988080 0.096667 -0.843408
v 0.954135 0.045865 -0.843408
v 0.988080 0.156592 -0.903333
v 0.973694 0.095165 -0.904835
v 0.946172 0.053828 -0.901718
v 0.988080 1.903333 0.843408
v 0.954135 1.954135 0.843408
v 0.988080 1.843408 0.903333
v 0.973694 1.904835 0.904835
v 0.946172 1.946172 0.901718
v 0.933816 1.933816 0.933816
v 0.843408 1.988080 0.903333
v 0.843408 1.954135 0.954135
v 0.903333 1.988080 0.843408
v 0.904835 1.973694 0.904835
v 0.901718 1.946172 0.946172
v 0.903333 1.843408 0.988080
v 0.954135 1.843408 0.954135
v 0.843408 1.903333 0.988080
v 0.904835 1.904835 0.973694
v 0.946172 1.901718 0.946172
v 0.988080 0.156592 0.903333
v 0.954135 0.156592 0.954135
v 0.988080 0.096667 0.843408
v 0.973694 0.095165 0.904835
v 0.946172 0.098282 0.946172
v 0.933816 0.066184 0.933816
v 0.843408 0.096667 0.988080
v 0.843408 0.045865 0.954135
v 0.903333 0.156592 0.988080
v 0.904835 0.095165 0.973694
v 0.901718 0.053828 0.946172
v 0.903333 0.011920 0.843408
v 0.954135 0.045865 0.843408
v 0.843408 0.011920 0.903333
v 0.904835 0.026306 0.904835
v 0.946172 0.053828 0.901718
v -0.903333 1.843408 -0.988080
v -0.954135 1.843408 -0.954135
v -0.843408 1.903333 -0.988080
v -0.904835 1.904835 -0.973694
v -0.946172 1.901718 -0.946172
v -0.933816 1.933816 -0.933816
v -0.988080 1.903333 -0.843408
v -0.954135 1.954135 -0.843408
v -0.988080 1.843408 -0.903333
v -0.973694 1.904835 -0.904835
v -0.946172 1.946172 -0.901718
v -0.843408 1.988080 -0.903333
v -0.843408 1.954135 -0.954135
v -0.903333 1.988080 -0.843408
v -0.904835 1.973694 -0.904835
v -0.901718 1.946172 -0.946172
v -0.988080 0.156592 -0.903333
v -0.954135 0.156592 -0.954135
v -0.988080 0.096667 -0.843408
v -0.973694 0.095165 -0.904835
v -0.946172 0.098282 -0.946172
v -0.933816 0.066184 -0.933816
v -0.843408 0.096667 -0.988080
v -0.843408 0.045865 -0.954135
v -0.903333 0.156592 -0.988080
v -0.904835 0.095165 -0.973694
v -0.901718 0.053828 -0.946172
v -0.903333 0.011920 -0.843408
v -0.954135 0.045865 -0.843408
v -0.843408 0.011920 -0.903333
v -0.904835 0.026306 -0.904835
v -0.946172 0.053828 -0.901718
v -0.988080 1.843408 0.903333
v -0.954135 1.843408 0.954135
v -0.988080 1.903333 0.843408
v -0.973694 1.904835 0.904835
v -0.946172 1.901718 0.946172
v -0.933816 1.933816 0.933816
v -0.843408 1.903333 0.988080
v -0.843408 1.954135 0.954135
v -0.903333 1.843408 0.988080
v -0.904835 1.904835 0.973694
v -0.901718 1.946172 0.946172
v -0.903333 1.988080 0.843408
v -0.954135 1.954135 0.843408
v -0.843408 1.988080 0.903333
v -0.904835 1.973694 0.904835
v -0.946172 1.946172 0.901718
v -0.843408 0.011920 0.903333
v -0.843408 0.045865 0.954135
v -0.903333 0.011920 0.843408
v -0.904835 0.026306 0.904835
v -0.901718 0.053828 0.946172
v -0.933816 0.066184 0.933816
v -0.903333 0.156592 0.988080
v -0.954135 0.156592 0.954135
v -0.843408 0.096667 0.988080
v -0.904835 0.095165 0.973694
v -0.946172 0.098282 0.946172
v -0.988080 0.096667 0.843408
v -0.954135 0.045865 0.843408
v -0.988080 0.156592 0.903333
v -0.973694 0.095165 0.904835
v -0.946172 0.053828 0.901718
v -0.843408 -0.000000 -0.843408
v -0.843408 0.000000 0.843408
v -1.000000 0.156592 0.843408
v -1.000000 0.156592 -0.843408
v 0.843408 -0.000000 -0.843408
v -0.843408 0.156592 -1.000000
v 0.843408 0.156592 -1.000000
v 1.000000 1.843408 -0.843408
v 1.000000 0.156592 -0.843408
v 0.843408 1.843408 -1.000000
v -0.843408 0.156592 1.000000
v -0.843408 1.843408 1.000000
v -1.000000 1.843408 0.843408
v 0.843408 1.843408 1.000000
v 0.843408 0.156592 1.000000
v 1.000000 0.156592 0.843408
v 1.000000 1.843408 0.843408
v -0.843408 1.843408 -1.000000
v -1.000000 1.843408 -0.843408
v 0.843408 2.000000 0.843408
v -0.843408 2.000000 0.843408
v 0.843408 2.000000 -0.843408
v 0.843408 0.000000 0.843408
v -0.843408 2.000000 -0.843408
v 0.228234 2.011041 0.196060
v -0.221163 2.011041 0.188148
v -0.220488 2.011041 -0.190175
v 0.227523 2.011041 -0.198072
v -0.278445 2.011041 -0.079454
v -0.287869 2.011041 -0.027979
v -0.278134 2.011041 0.079356
v -0.287752 2.011041 0.027997
v -0.249291 2.011041 0.147737
v -0.248822 2.011041 -0.149759
v 0.292618 2.011041 -0.078295
v 0.301764 2.011041 -0.027551
v 0.292316 2.011041 0.078183
v 0.301651 2.011041 0.027550
v 0.264161 2.011041 0.145973
v 0.263701 2.011041 -0.147991
v -0.083195 2.011041 -0.299000
v 0.071686 2.011041 -0.299000
v 0.093207 2.011041 0.306295
v -0.086137 2.011041 0.303137
v -0.194517 1.942247 0.042811
v -0.179048 1.926778 0.042811
v -0.179048 1.942247 0.027342
v -0.189986 1.931309 0.042811
v -0.187979 1.933316 0.033880
v -0.179048 1.931309 0.031873
v -0.189986 1.942247 0.031873
v -0.194517 1.942247 -0.042811
v -0.179048 1.942247 -0.027342
v -0.179048 1.926778 -0.042811
v -0.189986 1.942247 -0.031873
v -0.187979 1.933316 -0.033880
v -0.179048 1.931309 -0.031873
v -0.189986 1.931309 -0.042811
v 0.194517 1.942247 0.042811
v 0.179048 1.942247 0.027342
v 0.179048 1.926778 0.042811
v 0.189986 1.942247 0.031873
v 0.187979 1.933316 0.033880
v 0.179048 1.931309 0.031873
v 0.189986 1.931309 0.042811
v 0.194517 1.942247 -0.042811
v 0.179048 1.926778 -0.042811
v 0.179048 1.942247 -0.027342
v 0.189986 1.931309 -0.042811
v 0.187979 1.933316 -0.033880
v 0.179048 1.931309 -0.031873
v 0.189986 1.942247 -0.031873
v -0.179048 1.942247 -0.080160
v -0.194517 1.942247 -0.064691
v -0.179048 1.926778 -0.064691
v -0.189986 1.942247 -0.075629
v -0.187979 1.933316 -0.073622
v -0.189986 1.931309 -0.064691
v -0.179048 1.931309 -0.075629
v -0.179048 1.942247 0.080160
v -0.179048 1.926778 0.064691
v -0.194517 1.942247 0.064691
v -0.179048 1.931309 0.075629
v -0.187979 1.933316 0.073622
v -0.189986 1.931309 0.064691
v -0.189986 1.942247 0.075629
v 0.179048 1.942247 -0.080160
v 0.179048 1.926778 -0.064691
v 0.194517 1.942247 -0.064691
v 0.179048 1.931309 -0.075629
v 0.187979 1.933316 -0.073622
v 0.189986 1.931309 -0.064691
v 0.189986 1.942247 -0.075629
v 0.179048 1.942247 0.080160
v 0.194517 1.942247 0.064691
v 0.179048 1.926778 0.064691
v 0.189986 1.942247 0.075629
v 0.187979 1.933316 0.073622
v 0.189986 1.931309 0.064691
v 0.179048 1.931309 0.075629
v 0.000000 1.960795 -0.470395
v 0.000000 1.976265 -0.454851
v 0.000000 1.965326 -0.459404
v 0.088737 1.976265 -0.446112
v 0.091770 1.960795 -0.461357
v 0.089625 1.965326 -0.450577
v 0.174064 1.976265 -0.420228
v 0.180013 1.960795 -0.434589
v 0.175806 1.965326 -0.424434
v 0.252702 1.976265 -0.378195
v 0.261338 1.960795 -0.391120
v 0.255231 1.965326 -0.381981
v 0.321628 1.976265 -0.321628
v 0.332620 1.960795 -0.332620
v 0.324848 1.965326 -0.324848
v 0.378195 1.976265 -0.252702
v 0.391120 1.960795 -0.261338
v 0.381981 1.965326 -0.255231
v 0.420228 1.976265 -0.174064
v 0.434589 1.960795 -0.180013
v 0.424434 1.965326 -0.175806
v 0.446111 1.976265 -0.088737
v 0.461357 1.960795 -0.091770
v 0.450577 1.965326 -0.089625
v 0.454851 1.976265 -0.000000
v 0.470395 1.960795 -0.000000
v 0.459404 1.965326 -0.000000
v 0.446112 1.976265 0.088737
v 0.461357 1.960795 0.091770
v 0.450577 1.965326 0.089625
v 0.420228 1.976265 0.174064
v 0.434589 1.960795 0.180012
v 0.424434 1.965326 0.175806
v 0.378195 1.976265 0.252702
v 0.391120 1.960795 0.261338
v 0.381981 1.965326 0.255231
v 0.321628 1.976265 0.321628
v 0.332620 1.960795 0.332620
v 0.324848 1.965326 0.324848
v 0.252702 1.976265 0.378195
v 0.261338 1.960795 0.391120
v 0.255231 1.965326 0.381981
v 0.174064 1.976265 0.420228
v 0.180012 1.960795 0.434589
v 0.175806 1.965326 0.424434
v 0.088737 1.976265 0.446112
v 0.091769 1.960795 0.461357
v 0.089625 1.965326 0.450577
v 0.000000 1.976265 0.454851
v 0.000000 1.960795 0.470395
v 0.000000 1.965326 0.459404
v -0.088737 1.976265 0.446111
v -0.091770 1.960795 0.461357
v -0.089625 1.965326 0.450577
v -0.174064 1.976265 0.420228
v -0.180013 1.960795 0.434589
v -0.175807 1.965326 0.424434
v -0.252702 1.976265 0.378195
v -0.261338 1.960795 0.391119
v -0.255231 1.965326 0.381980
v -0.321629 1.976265 0.321628
v -0.332620 1.960795 0.332620
v -0.324848 1.965326 0.324848
v -0.378195 1.976265 0.252702
v -0.391120 1.960795 0.261337
v -0.381981 1.965326 0.255231
v -0.420228 1.976265 0.174064
v -0.434589 1.960795 0.180012
v -0.424434 1.965326 0.175806
v -0.446112 1.976265 0.088737
v -0.461357 1.960795 0.091769
v -0.450577 1.965326 0.089625
v -0.454851 1.976265 -0.000000
v -0.470395 1.960795 -0.000000
v -0.459404 1.965326 -0.000000
v -0.446111 1.976265 -0.088738
v -0.461357 1.960795 -0.091770
v -0.450577 1.965326 -0.089626
v -0.420228 1.976265 -0.174065
v -0.434588 1.960795 -0.180013
v -0.424434 1.965326 -0.175807
v -0.378195 1.976265 -0.252702
v -0.391119 1.960795 -0.261338
v -0.381980 1.965326 -0.255232
v -0.321628 1.976265 -0.321629
v -0.332619 1.960795 -0.332620
v -0.324847 1.965326 -0.324848
v -0.252701 1.976265 -0.378195
v -0.261337 1.960795 -0.391120
v -0.255231 1.965326 -0.381981
v -0.174063 1.976265 -0.420228
v -0.180012 1.960795 -0.434589
v -0.175806 1.965326 -0.424434
v -0.088736 1.976265 -0.446112
v -0.091769 1.960795 -0.461357
v -0.089625 1.965326 -0.450577
v 0.000000 1.976265 -0.520081
v 0.000000 1.960795 -0.504537
v 0.000000 1.965326 -0.515528
v 0.098430 1.960795 -0.494842
v 0.101463 1.976265 -0.510088
v 0.100575 1.965326 -0.505622
v 0.193078 1.960795 -0.466131
v 0.199026 1.976265 -0.480492
v 0.197284 1.965326 -0.476286
v 0.280306 1.960795 -0.419507
v 0.288941 1.976265 -0.432431
v 0.286412 1.965326 -0.428646
v 0.356761 1.960795 -0.356761
v 0.367753 1.976265 -0.367753
v 0.364533 1.965326 -0.364533
v 0.419507 1.960795 -0.280306
v 0.432431 1.976265 -0.288941
v 0.428646 1.965326 -0.286412
v 0.466131 1.960795 -0.193078
v 0.480492 1.976265 -0.199026
v 0.476286 1.965326 -0.197284
v 0.494842 1.960795 -0.098430
v 0.510088 1.976265 -0.101463
v 0.505622 1.965326 -0.100575
v 0.504537 1.960795 -0.000000
v 0.520081 1.976265 -0.000000
v 0.515528 1.965326 -0.000000
v 0.494842 1.960795 0.098430
v 0.510088 1.976265 0.101463
v 0.505622 1.965326 0.100574
v 0.466131 1.960795 0.193078
v 0.480492 1.976265 0.199026
v 0.476286 1.965326 0.197284
v 0.419507 1.960795 0.280306
v 0.432431 1.976265 0.288941
v 0.428646 1.965326 0.286412
v 0.356761 1.960795 0.356761
v 0.367753 1.976265 0.367753
v 0.364533 1.965326 0.364533
v 0.280306 1.960795 0.419507
v 0.288941 1.976265 0.432431
v 0.286412 1.965326 0.428646
v 0.193078 1.960795 0.466131
v 0.199026 1.976265 0.480492
v 0.197284 1.965326 0.476286
v 0.098430 1.960795 0.494842
v 0.101463 1.976265 0.510088
v 0.100574 1.965326 0.505622
v 0.000000 1.960795 0.504537
v 0.000000 1.976265 0.520081
v 0.000000 1.965326 0.515528
v -0.098430 1.960795 0.494842
v -0.101463 1.976265 0.510087
v -0.100575 1.965326 0.505622
v -0.193078 1.960795 0.466131
v -0.199027 1.976265 0.480492
v -0.197284 1.965326 0.476286
v -0.280306 1.960795 0.419507
v -0.288942 1.976265 0.432431
v -0.286412 1.965326 0.428646
v -0.356762 1.960795 0.356761
v -0.367753 1.976265 0.367752
v -0.364534 1.965326 0.364533
v -0.419507 1.960795 0.280305
v -0.432432 1.976265 0.288941
v -0.428646 1.965326 0.286412
v -0.466131 1.960795 0.193077
v -0.480492 1.976265 0.199026
v -0.476286 1.965326 0.197284
v -0.494842 1.960795 0.098430
v -0.510088 1.976265 0.101462
v -0.505622 1.965326 0.100574
v -0.504537 1.960795 -0.000000
v -0.520081 1.976265 -0.000001
v -0.515528 1.965326 -0.000000
v -0.494842 1.960795 -0.098431
v -0.510087 1.976265 -0.101463
v -0.505622 1.965326 -0.100575
v -0.466131 1.960795 -0.193078
v -0.480492 1.976265 -0.199027
v -0.476286 1.965326 -0.197285
v -0.419507 1.960795 -0.280306
v -0.432431 1.976265 -0.288942
v -0.428645 1.965326 -0.286413
v -0.356761 1.960795 -0.356762
v -0.367752 1.976265 -0.367753
v -0.364533 1.965326 -0.364534
v -0.280305 1.960795 -0.419507
v -0.288941 1.976265 -0.432432
v -0.286411 1.965326 -0.428646
v -0.193077 1.960795 -0.466131
v -0.199026 1.976265 -0.480492
v -0.197283 1.965326 -0.476286
v -0.098429 1.960795 -0.494842
v -0.101462 1.976265 -0.510088
v -0.100574 1.965326 -0.505622
v -0.868439 1.879356 0.366213
v -0.883908 1.863887 0.366213
v -0.883908 1.879356 0.381682
v -0.872970 1.868418 0.366213
v -0.874977 1.870425 0.375144
v -0.883908 1.868418 0.377151
v -0.872970 1.879356 0.377151
v -0.868439 1.879356 -0.366213
v -0.883908 1.879356 -0.381682
v -0.883908 1.863887 -0.366213
v -0.872970 1.879356 -0.377151
v -0.874977 1.870425 -0.375144
v -0.883908 1.868418 -0.377151
v -0.872970 1.868418 -0.366213
v 0.868439 1.879356 0.366213
v 0.883908 1.879356 0.381682
v 0.883908 1.863887 0.366213
v 0.872970 1.879356 0.377151
v 0.874977 1.870425 0.375144
v 0.883908 1.868418 0.377151
v 0.872970 1.868418 0.366213
v 0.883908 1.863887 -0.366213
v 0.883908 1.879356 -0.381682
v 0.868439 1.879356 -0.366213
v 0.883908 1.868418 -0.377151
v 0.874977 1.870425 -0.375144
v 0.872970 1.879356 -0.377151
v 0.872970 1.868418 -0.366213
v -0.868439 0.120644 0.366213
v -0.883908 0.120644 0.381682
v -0.883908 0.136113 0.366213
v -0.872970 0.120644 0.377151
v -0.874977 0.129575 0.375144
v -0.883908 0.131582 0.377151
v -0.872970 0.131582 0.366213
v -0.883908 0.136113 -0.366213
v -0.883908 0.120644 -0.381682
v -0.868439 0.120644 -0.366213
v -0.883908 0.131582 -0.377151
v -0.874977 0.129575 -0.375144
v -0.872970 0.120644 -0.377151
v -0.872970 0.131582 -0.366213
v 0.883908 0.136113 0.366213
v 0.883908 0.120644 0.381682
v 0.868439 0.120644 0.366213
v 0.883908 0.131582 0.377151
v 0.874977 0.129575 0.375144
v 0.872970 0.120644 0.377151
v 0.872970 0.131582 0.366213
v 0.868439 0.120644 -0.366213
v 0.883908 0.120644 -0.381682
v 0.883908 0.136113 -0.366213
v 0.872970 0.120644 -0.377151
v 0.874977 0.129575 -0.375144
v 0.883908 0.131582 -0.377151
v 0.872970 0.131582 -0.366213
v -0.366213 1.863887 -0.883908
v -0.381682 1.879356 -0.883908
v -0.366213 1.879356 -0.868439
v -0.377151 1.868418 -0.883908
v -0.375144 1.870425 -0.874977
v -0.377151 1.879356 -0.872970
v -0.366213 1.868418 -0.872970
v 0.366213 1.879356 -0.868439
v 0.381682 1.879356 -0.883908
v 0.366213 1.863887 -0.883908
v 0.377151 1.879356 -0.872970
v 0.375144 1.870425 -0.874977
v 0.377151 1.868418 -0.883908
v 0.366213 1.868418 -0.872970
v -0.366213 1.879356 0.868439
v -0.381682 1.879356 0.883908
v -0.366213 1.863887 0.883908
v -0.377151 1.879356 0.872970
v -0.375144 1.870425 0.874977
v -0.377151 1.868418 0.883908
v -0.366213 1.868418 0.872970
v 0.366213 1.879356 0.868439
v 0.366213 1.863887 0.883908
v 0.381682 1.879356 0.883908
v 0.366213 1.868418 0.872970
v 0.375144 1.870425 0.874977
v 0.377151 1.868418 0.883908
v 0.377151 1.879356 0.872970
v -0.366213 0.120644 -0.868439
v -0.381682 0.120644 -0.883908
v -0.366213 0.136113 -0.883908
v -0.377151 0.120644 -0.872970
v -0.375144 0.129575 -0.874977
v -0.377151 0.131582 -0.883908
v -0.366213 0.131582 -0.872970
v 0.366213 0.136113 -0.883908
v 0.381682 0.120644 -0.883908
v 0.366213 0.120644 -0.868439
v 0.377151 0.131582 -0.883908
v 0.375144 0.129575 -0.874977
v 0.377151 0.120644 -0.872970
v 0.366213 0.131582 -0.872970
v -0.366213 0.136113 0.883908
v -0.381682 0.120644 0.883908
v -0.366213 0.120644 0.868439
v -0.377151 0.131582 0.883908
v -0.375144 0.129575 0.874977
v -0.377151 0.120644 0.872970
v -0.366213 0.131582 0.872970
v 0.366213 0.120644 0.868439
v 0.381682 0.120644 0.883908
v 0.366213 0.136113 0.883908
v 0.377151 0.120644 0.872970
v 0.375144 0.129575 0.874977
v 0.377151 0.131582 0.883908
v 0.366213 0.131582 0.872970
v -0.679464 0.060614 -0.663402
v -0.699255 0.075467 -0.699255
v -0.663402 0.060614 -0.679464
v -0.683309 0.070360 -0.683309
v -0.674278 0.058958 -0.674278
v -0.679464 0.060614 0.663402
v -0.663402 0.060614 0.679464
v -0.699255 0.075467 0.699255
v -0.674278 0.058958 0.674278
v -0.683309 0.070360 0.683309
v -0.939386 0.320536 0.663402
v -0.924533 0.300745 0.699255
v -0.939386 0.336598 0.679464
v -0.928883 0.312949 0.681328
v -0.931154 0.318452 0.681548
v -0.928883 0.318672 0.687051
v -0.941042 0.325722 0.674278
v -0.939386 0.320536 -0.663402
v -0.939386 0.336598 -0.679464
v -0.924533 0.300745 -0.699255
v -0.941042 0.325722 -0.674278
v -0.931154 0.318452 -0.681548
v -0.928883 0.318672 -0.687051
v -0.928883 0.312949 -0.681328
v 0.663402 0.060614 -0.679464
v 0.699255 0.075467 -0.699255
v 0.679464 0.060614 -0.663402
v 0.683309 0.070360 -0.683309
v 0.674278 0.058958 -0.674278
v -0.663402 0.320536 -0.939386
v -0.699255 0.300745 -0.924533
v -0.679464 0.336598 -0.939386
v -0.681328 0.312949 -0.928883
v -0.681548 0.318452 -0.931154
v -0.687051 0.318672 -0.928883
v -0.674278 0.325722 -0.941042
v 0.663402 0.320536 -0.939386
v 0.679464 0.336598 -0.939386
v 0.699255 0.300745 -0.924533
v 0.674278 0.325722 -0.941042
v 0.681548 0.318452 -0.931154
v 0.687051 0.318672 -0.928883
v 0.681328 0.312949 -0.928883
v 0.939386 1.663402 -0.679464
v 0.924533 1.699255 -0.699255
v 0.939386 1.679464 -0.663402
v 0.928883 1.681329 -0.687051
v 0.931154 1.681548 -0.681548
v 0.928883 1.687051 -0.681328
v 0.941042 1.674278 -0.674278
v 0.939386 0.336598 -0.679464
v 0.939386 0.320536 -0.663402
v 0.924533 0.300745 -0.699255
v 0.941042 0.325722 -0.674278
v 0.931154 0.318452 -0.681548
v 0.928883 0.312949 -0.681328
v 0.928883 0.318672 -0.687051
v 0.679464 1.663402 -0.939386
v 0.663402 1.679464 -0.939386
v 0.699255 1.699255 -0.924533
v 0.674278 1.674278 -0.941042
v 0.681548 1.681548 -0.931154
v 0.681328 1.687051 -0.928883
v 0.687051 1.681328 -0.928883
v -0.679464 0.336598 0.939386
v -0.699255 0.300745 0.924533
v -0.663402 0.320536 0.939386
v -0.687051 0.318672 0.928883
v -0.681548 0.318452 0.931154
v -0.681328 0.312949 0.928883
v -0.674278 0.325722 0.941042
v -0.679464 1.663402 0.939386
v -0.663402 1.679464 0.939386
v -0.699255 1.699255 0.924533
v -0.674278 1.674278 0.941042
v -0.681548 1.681548 0.931154
v -0.681328 1.687051 0.928883
v -0.687051 1.681328 0.928883
v -0.939386 1.663402 0.679464
v -0.924533 1.699255 0.699255
v -0.939386 1.679464 0.663402
v -0.928883 1.681329 0.687051
v -0.931154 1.681548 0.681548
v -0.928883 1.687051 0.681328
v -0.941042 1.674278 0.674278
v 0.679464 1.663402 0.939386
v 0.699255 1.699255 0.924533
v 0.663402 1.679464 0.939386
v 0.687051 1.681329 0.928883
v 0.681548 1.681548 0.931154
v 0.681328 1.687051 0.928883
v 0.674278 1.674278 0.941042
v 0.679464 0.336598 0.939386
v 0.663402 0.320536 0.939386
v 0.699255 0.300745 0.924533
v 0.674278 0.325722 0.941042
v 0.681548 0.318452 0.931154
v 0.681328 0.312949 0.928883
v 0.687051 0.318672 0.928883
v 0.939386 0.336598 0.679464
v 0.924533 0.300745 0.699255
v 0.939386 0.320536 0.663402
v 0.928883 0.318672 0.687051
v 0.931154 0.318452 0.681548
v 0.928883 0.312949 0.681328
v 0.941042 0.325722 0.674278
v 0.939386 1.663402 0.679464
v 0.939386 1.679464 0.663402
v 0.924533 1.699255 0.699255
v 0.941042 1.674278 0.674278
v 0.931154 1.681548 0.681548
v 0.928883 1.687051 0.681328
v 0.928883 1.681328 0.687051
v -0.679464 1.663402 -0.939386
v -0.699255 1.699255 -0.924533
v -0.663402 1.679464 -0.939386
v -0.687051 1.681329 -0.928883
v -0.681548 1.681548 -0.931154
v -0.681328 1.687051 -0.928883
v -0.674278 1.674278 -0.941042
v -0.939386 1.663402 -0.679464
v -0.939386 1.679464 -0.663402
v -0.924533 1.699255 -0.699255
v -0.941042 1.674278 -0.674278
v -0.931154 1.681548 -0.681548
v -0.928883 1.687051 -0.681328
v -0.928883 1.681328 -0.687051
v 0.663402 1.939386 0.679464
v 0.699255 1.924533 0.699255
v 0.679464 1.939386 0.663402
v 0.683309 1.929640 0.683309
v 0.674278 1.941041 0.674278
v -0.663402 1.939386 0.679464
v -0.679464 1.939386 0.663402
v -0.699255 1.924533 0.699255
v -0.674278 1.941041 0.674278
v -0.683309 1.929640 0.683309
v 0.679464 1.939386 -0.663402
v 0.699255 1.924533 -0.699255
v 0.663402 1.939386 -0.679464
v 0.683309 1.929640 -0.683309
v 0.674278 1.941041 -0.674278
v 0.663402 0.060614 0.679464
v 0.679464 0.060614 0.663402
v 0.699255 0.075467 0.699255
v 0.674278 0.058958 0.674278
v 0.683309 0.070360 0.683309
v -0.679464 1.939386 -0.663402
v -0.663402 1.939386 -0.679464
v -0.699255 1.924533 -0.699255
v -0.674278 1.941041 -0.674278
v -0.683309 1.929640 -0.683309
v -0.767304 0.011918 -0.748959
v -0.792635 -0.000000 -0.792635
v -0.748959 0.011918 -0.767304
v -0.773705 0.004190 -0.773705
v -0.759735 0.014572 -0.759735
v -0.767304 0.011918 0.748959
v -0.748959 0.011918 0.767304
v -0.792635 0.000000 0.792635
v -0.759735 0.014572 0.759735
v -0.773705 0.004190 0.773705
v -0.988082 0.232696 0.748959
v -1.000000 0.207365 0.792635
v -0.988082 0.251041 0.767304
v -0.995810 0.226295 0.773705
v -0.985428 0.240265 0.759735
v -0.988082 0.232696 -0.748959
v -0.988082 0.251041 -0.767304
v -1.000000 0.207365 -0.792635
v -0.985428 0.240265 -0.759735
v -0.995810 0.226295 -0.773705
v 0.748959 0.011918 -0.767304
v 0.792635 -0.000000 -0.792635
v 0.767304 0.011918 -0.748959
v 0.773705 0.004190 -0.773705
v 0.759735 0.014572 -0.759735
v -0.748959 0.232696 -0.988082
v -0.792635 0.207365 -1.000000
v -0.767304 0.251041 -0.988082
v -0.773705 0.226295 -0.995810
v -0.759735 0.240265 -0.985428
v 0.748959 0.232696 -0.988082
v 0.767304 0.251041 -0.988082
v 0.792635 0.207365 -1.000000
v 0.759735 0.240265 -0.985428
v 0.773705 0.226295 -0.995810
v 0.988082 1.748959 -0.767304
v 1.000000 1.792635 -0.792635
v 0.988082 1.767304 -0.748959
v 0.995810 1.773705 -0.773705
v 0.985428 1.759735 -0.759735
v 0.988082 0.251041 -0.767304
v 0.988082 0.232696 -0.748959
v 1.000000 0.207365 -0.792635
v 0.985428 0.240265 -0.759735
v 0.995810 0.226295 -0.773705
v 0.767304 1.748959 -0.988082
v 0.748959 1.767304 -0.988082
v 0.792635 1.792635 -1.000000
v 0.759735 1.759735 -0.985428
v 0.773705 1.773705 -0.995810
v -0.767304 0.251041 0.988082
v -0.792635 0.207365 1.000000
v -0.748959 0.232696 0.988082
v -0.773705 0.226295 0.995810
v -0.759735 0.240265 0.985428
v -0.767304 1.748959 0.988082
v -0.748959 1.767304 0.988082
v -0.792635 1.792635 1.000000
v -0.759735 1.759735 0.985428
v -0.773705 1.773705 0.995810
v -0.988082 1.748959 0.767304
v -1.000000 1.792635 0.792635
v -0.988082 1.767304 0.748959
v -0.995810 1.773705 0.773705
v -0.985428 1.759735 0.759735
v 0.767304 1.748959 0.988082
v 0.792635 1.792635 1.000000
v 0.748959 1.767304 0.988082
v 0.773705 1.773705 0.995810
v 0.759735 1.759735 0.985428
v 0.767304 0.251041 0.988082
v 0.748959 0.232696 0.988082
v 0.792635 0.207365 1.000000
v 0.759735 0.240265 0.985428
v 0.773705 0.226295 0.995810
v 0.988082 0.251041 0.767304
v 1.000000 0.207365 0.792635
v 0.988082 0.232696 0.748959
v 0.995810 0.226295 0.773705
v 0.985428 0.240265 0.759735
v 0.988082 1.748959 0.767304
v 0.988082 1.767304 0.748959
v 1.000000 1.792635 0.792635
v 0.985428 1.759735 0.759735
v 0.995810 1.773705 0.773705
v -0.767304 1.748959 -0.988082
v -0.792635 1.792635 -1.000000
v -0.748959 1.767304 -0.988082
v -0.773705 1.773705 -0.995810
v -0.759735 1.759735 -0.985428
v -0.988082 1.748959 -0.767304
v -0.988082 1.767304 -0.748959
v -1.000000 1.792635 -0.792635
v -0.985428 1.759735 -0.759735
v -0.995810 1.773705 -0.773705
v 0.748959 1.988082 0.767304
v 0.792635 2.000000 0.792635
v 0.767304 1.988081 0.748959
v 0.773705 1.995810 0.773705
v 0.759735 1.985428 0.759735
v -0.748959 1.988081 0.767304
v -0.767304 1.988082 0.748959
v -0.792635 2.000000 0.792635
v -0.759735 1.985428 0.759735
v -0.773705 1.995810 0.773705
v 0.767304 1.988082 -0.748959
v 0.792635 2.000000 -0.792635
v 0.748959 1.988081 -0.767304
v 0.773705 1.995810 -0.773705
v 0.759735 1.985428 -0.759735
v 0.748959 0.011918 0.767304
v 0.767304 0.011918 0.748959
v 0.792635 0.000000 0.792635
v 0.759735 0.014572 0.759735
v 0.773705 0.004190 0.773705
v -0.767304 1.988081 -0.748959
v -0.748959 1.988082 -0.767304
v -0.792635 2.000000 -0.792635
v -0.759735 1.985428 -0.759735
v -0.773705 1.995810 -0.773705
v -0.724585 0.063549 -0.706240
v -0.706240 0.063549 -0.724585
v -0.699255 0.075467 -0.699255
v -0.717017 0.066202 -0.717017
v -0.711714 0.070981 -0.711714
v -0.702748 0.071976 -0.713082
v -0.713082 0.071976 -0.702748
v -0.699255 0.075467 0.699255
v -0.706240 0.063549 0.724585
v -0.724585 0.063549 0.706240
v -0.702748 0.071976 0.713082
v -0.711714 0.070981 0.711714
v -0.717017 0.066202 0.717017
v -0.713082 0.071976 0.702748
v -0.936451 0.275415 0.706240
v -0.936451 0.293760 0.724585
v -0.924533 0.300745 0.699255
v -0.933798 0.282983 0.717017
v -0.929019 0.288286 0.711714
v -0.928024 0.297252 0.713082
v -0.928024 0.286918 0.702748
v -0.924533 0.300745 -0.699255
v -0.936451 0.293760 -0.724585
v -0.936451 0.275415 -0.706240
v -0.928024 0.297252 -0.713082
v -0.929019 0.288286 -0.711714
v -0.933798 0.282983 -0.717017
v -0.928024 0.286918 -0.702748
v 0.706240 0.063549 -0.724585
v 0.724585 0.063549 -0.706240
v 0.699255 0.075467 -0.699255
v 0.717017 0.066202 -0.717017
v 0.711714 0.070981 -0.711714
v 0.713082 0.071976 -0.702748
v 0.702748 0.071976 -0.713082
v -0.706240 0.275415 -0.936451
v -0.724585 0.293760 -0.936451
v -0.699255 0.300745 -0.924533
v -0.717017 0.282983 -0.933798
v -0.711714 0.288286 -0.929019
v -0.713082 0.297252 -0.928024
v -0.702748 0.286918 -0.928024
v 0.699255 0.300745 -0.924533
v 0.724585 0.293760 -0.936451
v 0.706240 0.275415 -0.936451
v 0.713082 0.297252 -0.928024
v 0.711714 0.288286 -0.929019
v 0.717017 0.282983 -0.933798
v 0.702748 0.286918 -0.928024
v 0.936451 1.706240 -0.724585
v 0.936451 1.724585 -0.706240
v 0.924533 1.699255 -0.699255
v 0.933798 1.717016 -0.717017
v 0.929019 1.711714 -0.711714
v 0.928024 1.713082 -0.702748
v 0.928024 1.702748 -0.713082
v 0.924533 0.300745 -0.699255
v 0.936451 0.275415 -0.706240
v 0.936451 0.293760 -0.724585
v 0.928024 0.286918 -0.702748
v 0.929019 0.288286 -0.711714
v 0.933798 0.282983 -0.717017
v 0.928024 0.297252 -0.713082
v 0.699255 1.699255 -0.924533
v 0.706240 1.724585 -0.936451
v 0.724585 1.706240 -0.936451
v 0.702748 1.713082 -0.928024
v 0.711714 1.711715 -0.929019
v 0.717017 1.717016 -0.933798
v 0.713082 1.702748 -0.928024
v -0.724585 0.293760 0.936451
v -0.706240 0.275415 0.936451
v -0.699255 0.300745 0.924533
v -0.717017 0.282983 0.933798
v -0.711714 0.288286 0.929019
v -0.702748 0.286918 0.928024
v -0.713082 0.297252 0.928024
v -0.699255 1.699255 0.924533
v -0.706240 1.724585 0.936451
v -0.724585 1.706240 0.936451
v -0.702748 1.713082 0.928024
v -0.711714 1.711715 0.929019
v -0.717017 1.717016 0.933798
v -0.713082 1.702748 0.928024
v -0.936451 1.706240 0.724585
v -0.936451 1.724585 0.706240
v -0.924533 1.699255 0.699255
v -0.933798 1.717016 0.717017
v -0.929019 1.711714 0.711714
v -0.928024 1.713082 0.702748
v -0.928024 1.702748 0.713082
v 0.724585 1.706240 0.936451
v 0.706240 1.724585 0.936451
v 0.699255 1.699255 0.924533
v 0.717017 1.717016 0.933798
v 0.711714 1.711714 0.929019
v 0.702748 1.713082 0.928024
v 0.713082 1.702748 0.928024
v 0.699255 0.300745 0.924533
v 0.706240 0.275415 0.936451
v 0.724585 0.293760 0.936451
v 0.702748 0.286918 0.928024
v 0.711714 0.288286 0.929019
v 0.717017 0.282983 0.933798
v 0.713082 0.297252 0.928024
v 0.936451 0.293760 0.724585
v 0.936451 0.275415 0.706240
v 0.924533 0.300745 0.699255
v 0.933798 0.282983 0.717017
v 0.929019 0.288286 0.711714
v 0.928024 0.286918 0.702748
v 0.928024 0.297252 0.713082
v 0.924533 1.699255 0.699255
v 0.936451 1.724585 0.706240
v 0.936451 1.706240 0.724585
v 0.928024 1.713082 0.702748
v 0.929019 1.711715 0.711714
v 0.933798 1.717016 0.717017
v 0.928024 1.702748 0.713082
v -0.724585 1.706240 -0.936451
v -0.706240 1.724585 -0.936451
v -0.699255 1.699255 -0.924533
v -0.717017 1.717016 -0.933798
v -0.711714 1.711714 -0.929019
v -0.702748 1.713082 -0.928024
v -0.713082 1.702748 -0.928024
v -0.924533 1.699255 -0.699255
v -0.936451 1.724585 -0.706240
v -0.936451 1.706240 -0.724585
v -0.928024 1.713082 -0.702748
v -0.929019 1.711715 -0.711714
v -0.933798 1.717016 -0.717017
v -0.928024 1.702748 -0.713082
v 0.706240 1.936451 0.724585
v 0.724585 1.936451 0.706240
v 0.699255 1.924533 0.699255
v 0.717017 1.933798 0.717017
v 0.711714 1.929019 0.711714
v 0.713082 1.928024 0.702748
v 0.702748 1.928024 0.713082
v -0.699255 1.924533 0.699255
v -0.724585 1.936451 0.706240
v -0.706240 1.936451 0.724585
v -0.713082 1.928024 0.702748
v -0.711714 1.929019 0.711714
v -0.717017 1.933798 0.717017
v -0.702748 1.928024 0.713082
v 0.724585 1.936451 -0.706240
v 0.706240 1.936451 -0.724585
v 0.699255 1.924533 -0.699255
v 0.717017 1.933798 -0.717017
v 0.711714 1.929019 -0.711714
v 0.702748 1.928024 -0.713082
v 0.713082 1.928024 -0.702748
v 0.699255 0.075467 0.699255
v 0.724585 0.063549 0.706240
v 0.706240 0.063549 0.724585
v 0.713082 0.071976 0.702748
v 0.711714 0.070981 0.711714
v 0.717017 0.066202 0.717017
v 0.702748 0.071976 0.713082
v -0.699255 1.924533 -0.699255
v -0.706240 1.936451 -0.724585
v -0.724585 1.936451 -0.706240
v -0.702748 1.928024 -0.713082
v -0.711714 1.929019 -0.711714
v -0.717017 1.933798 -0.717017
v -0.713082 1.928024 -0.702748
v 0.662935 1.996188 0.646874
v 0.643144 2.011041 0.643144
v 0.646874 1.996188 0.662935
v 0.655471 2.006691 0.644114
v 0.653777 2.004764 0.653777
v 0.644114 2.006691 0.655471
v 0.658108 1.996188 0.658108
v 0.662935 1.996188 -0.646874
v 0.646874 1.996188 -0.662935
v 0.643144 2.011041 -0.643144
v 0.658108 1.996188 -0.658108
v 0.653777 2.004764 -0.653777
v 0.644114 2.006691 -0.655471
v 0.655471 2.006691 -0.644114
v -0.646874 1.996188 -0.662935
v -0.662935 1.996188 -0.646874
v -0.643144 2.011041 -0.643144
v -0.658108 1.996188 -0.658108
v -0.653777 2.004764 -0.653777
v -0.655471 2.006691 -0.644114
v -0.644114 2.006691 -0.655471
v -0.662935 1.996188 0.646874
v -0.646874 1.996188 0.662935
v -0.643144 2.011041 0.643144
v -0.658108 1.996188 0.658108
v -0.653777 2.004764 0.653777
v -0.644114 2.006691 0.655471
v -0.655471 2.006691 0.644114
v -0.646874 0.014966 -0.662935
v -0.643144 0.000113 -0.643144
v -0.662935 0.014966 -0.646874
v -0.644114 0.004463 -0.655471
v -0.653777 0.006391 -0.653777
v -0.655471 0.004463 -0.644114
v -0.658108 0.014966 -0.658108
v 0.646874 0.014966 -0.662935
v 0.662935 0.014966 -0.646874
v 0.643144 0.000113 -0.643144
v 0.658108 0.014966 -0.658108
v 0.653777 0.006391 -0.653777
v 0.655471 0.004463 -0.644114
v 0.644114 0.004463 -0.655471
v 0.662935 0.014966 0.646874
v 0.646874 0.014966 0.662935
v 0.643144 0.000113 0.643144
v 0.658108 0.014966 0.658108
v 0.653777 0.006391 0.653777
v 0.644114 0.004463 0.655471
v 0.655471 0.004463 0.644114
v -0.646874 0.014966 0.662935
v -0.662935 0.014966 0.646874
v -0.643144 0.000113 0.643144
v -0.658108 0.014966 0.658108
v -0.653777 0.006391 0.653777
v -0.655471 0.004463 0.644114
v -0.644114 0.004463 0.655471
v -0.662935 0.353126 -0.996188
v -0.643144 0.356856 -1.011041
v -0.646874 0.337065 -0.996188
v -0.655471 0.355886 -1.006691
v -0.653777 0.346223 -1.004764
v -0.644114 0.344529 -1.006691
v -0.658108 0.341892 -0.996188
v -0.662935 1.646874 -0.996188
v -0.646874 1.662935 -0.996188
v -0.643144 1.643144 -1.011041
v -0.658108 1.658108 -0.996188
v -0.653777 1.653777 -1.004764
v -0.644114 1.655471 -1.006691
v -0.655471 1.644114 -1.006691
v 0.646874 1.662935 -0.996188
v 0.662935 1.646874 -0.996188
v 0.643144 1.643144 -1.011041
v 0.658108 1.658108 -0.996188
v 0.653777 1.653777 -1.004764
v 0.655471 1.644114 -1.006691
v 0.644114 1.655471 -1.006691
v 0.662935 0.353126 -0.996188
v 0.646874 0.337065 -0.996188
v 0.643144 0.356856 -1.011041
v 0.658108 0.341892 -0.996188
v 0.653777 0.346223 -1.004764
v 0.644114 0.344529 -1.006691
v 0.655471 0.355886 -1.006691
v -0.996188 0.353126 0.662935
v -1.011041 0.356856 0.643144
v -0.996188 0.337065 0.646874
v -1.006691 0.355886 0.655471
v -1.004764 0.346223 0.653777
v -1.006691 0.344529 0.644114
v -0.996188 0.341892 0.658108
v -0.996188 1.646874 0.662935
v -0.996188 1.662935 0.646874
v -1.011041 1.643144 0.643144
v -0.996188 1.658108 0.658108
v -1.004764 1.653777 0.653777
v -1.006691 1.655471 0.644114
v -1.006691 1.644114 0.655471
v -0.996188 1.662935 -0.646874
v -0.996188 1.646874 -0.662935
v -1.011041 1.643144 -0.643144
v -0.996188 1.658108 -0.658108
v -1.004764 1.653777 -0.653777
v -1.006691 1.644114 -0.655471
v -1.006691 1.655471 -0.644114
v -0.996188 0.353126 -0.662935
v -0.996188 0.337065 -0.646874
v -1.011041 0.356856 -0.643144
v -0.996188 0.341892 -0.658108
v -1.004764 0.346223 -0.653777
v -1.006691 0.344529 -0.644114
v -1.006691 0.355886 -0.655471
v -0.646874 0.337065 0.996188
v -0.643144 0.356856 1.011041
v -0.662935 0.353126 0.996188
v -0.644114 0.344529 1.006691
v -0.653777 0.346223 1.004764
v -0.655471 0.355886 1.006691
v -0.658108 0.341892 0.996188
v 0.646874 0.337065 0.996188
v 0.662935 0.353126 0.996188
v 0.643144 0.356856 1.011041
v 0.658108 0.341892 0.996188
v 0.653777 0.346223 1.004764
v 0.655471 0.355886 1.006691
v 0.644114 0.344529 1.006691
v 0.662935 1.646874 0.996188
v 0.646874 1.662935 0.996188
v 0.643144 1.643144 1.011041
v 0.658108 1.658108 0.996188
v 0.653777 1.653777 1.004764
v 0.644114 1.655471 1.006691
v 0.655471 1.644114 1.006691
v -0.646874 1.662935 0.996188
v -0.662935 1.646874 0.996188
v -0.643144 1.643144 1.011041
v -0.658108 1.658108 0.996188
v -0.653777 1.653777 1.004764
v -0.655471 1.644114 1.006691
v -0.644114 1.655471 1.006691
v 0.996188 1.662935 -0.646874
v 1.011041 1.643144 -0.643144
v 0.996188 1.646874 -0.662935
v 1.006691 1.655471 -0.644114
v 1.004764 1.653777 -0.653777
v 1.006691 1.644114 -0.655471
v 0.996188 1.658108 -0.658108
v 0.996188 1.662935 0.646874
v 0.996188 1.646874 0.662935
v 1.011041 1.643144 0.643144
v 0.996188 1.658108 0.658108
v 1.004764 1.653777 0.653777
v 1.006691 1.644114 0.655471
v 1.006691 1.655471 0.644114
v 0.996188 0.353126 0.662935
v 0.996188 0.337065 0.646874
v 1.011041 0.356856 0.643144
v 0.996188 0.341892 0.658108
v 1.004764 0.346223 0.653777
v 1.006691 0.344529 0.644114
v 1.006691 0.355886 0.655471
v 0.996188 0.337065 -0.646874
v 0.996188 0.353126 -0.662935
v 1.011041 0.356856 -0.643144
v 0.996188 0.341892 -0.658108
v 1.004764 0.346223 -0.653777
v 1.006691 0.355886 -0.655471
v 1.006691 0.344529 -0.644114
v 0.397151 0.001961 -0.853267
v 0.366213 0.020448 -0.868439
v 0.381682 0.023828 -0.883908
v 0.381682 0.008626 -0.863995
v 0.381682 0.011752 -0.868632
v 0.377151 0.022138 -0.872970
v 0.386213 0.009753 -0.869213
v -0.397151 1.988080 -0.903333
v -0.381682 1.973508 -0.897297
v -0.386213 1.983812 -0.901565
v -0.366213 1.979552 -0.868439
v -0.381682 1.976172 -0.883908
v -0.397151 1.998039 -0.853267
v -0.377151 1.977862 -0.872970
v -0.381682 1.988248 -0.868632
v -0.386213 1.990247 -0.869213
v -0.381682 1.991374 -0.863995
v -0.397151 1.903333 -0.988080
v -0.381682 1.897297 -0.973508
v -0.386213 1.901565 -0.983812
v -0.366213 1.863887 -0.980457
v -0.397151 1.848715 -0.998944
v -0.381682 1.879356 -0.977077
v -0.381682 1.859443 -0.992280
v -0.381682 1.864079 -0.989154
v -0.386213 1.864661 -0.991153
v -0.377151 1.868418 -0.978767
v -0.397151 1.954135 -0.954135
v -0.381682 1.942983 -0.942983
v -0.386213 1.950869 -0.950869
v -0.366213 0.020448 -0.868439
v -0.397151 0.001961 -0.853267
v -0.381682 0.023828 -0.883908
v -0.381682 0.008626 -0.863995
v -0.381682 0.011752 -0.868632
v -0.386213 0.009753 -0.869213
v -0.377151 0.022138 -0.872970
v -0.397151 0.011920 -0.903333
v -0.381682 0.026492 -0.897297
v -0.386213 0.016188 -0.901565
v 0.397151 0.011920 -0.903333
v 0.381682 0.026492 -0.897297
v 0.386213 0.016188 -0.901565
v 0.397151 1.903333 -0.988080
v 0.381682 1.897297 -0.973508
v 0.386213 1.901565 -0.983812
v 0.366213 1.863887 -0.980457
v 0.381682 1.879356 -0.977077
v 0.397151 1.848715 -0.998944
v 0.377151 1.868418 -0.978767
v 0.381682 1.864079 -0.989154
v 0.386213 1.864661 -0.991153
v 0.381682 1.859443 -0.992280
v 0.366213 1.979552 -0.868439
v 0.397151 1.998039 -0.853267
v 0.381682 1.976172 -0.883908
v 0.381682 1.991374 -0.863995
v 0.381682 1.988248 -0.868632
v 0.386213 1.990247 -0.869213
v 0.377151 1.977862 -0.872970
v 0.397151 1.988080 -0.903333
v 0.381682 1.973508 -0.897297
v 0.386213 1.983812 -0.901565
v 0.397151 1.954135 -0.954135
v 0.381682 1.942983 -0.942983
v 0.386213 1.950869 -0.950869
v -0.366213 1.863887 0.980457
v -0.381682 1.879356 0.977077
v -0.397151 1.848715 0.998944
v -0.377151 1.868418 0.978767
v -0.381682 1.864079 0.989154
v -0.386213 1.864661 0.991153
v -0.381682 1.859443 0.992280
v -0.397151 1.903333 0.988080
v -0.381682 1.897297 0.973508
v -0.386213 1.901565 0.983812
v -0.397151 1.954135 0.954135
v -0.381682 1.942983 0.942983
v -0.386213 1.950869 0.950869
v -0.397151 1.988080 0.903333
v -0.381682 1.973508 0.897297
v -0.386213 1.983812 0.901565
v 0.381682 0.057017 -0.942983
v 0.397151 0.045865 -0.954135
v 0.386213 0.049131 -0.950869
v -0.366213 1.979552 0.868439
v -0.397151 1.998039 0.853267
v -0.381682 1.976172 0.883908
v -0.381682 1.991374 0.863995
v -0.381682 1.988248 0.868632
v -0.386213 1.990247 0.869213
v -0.377151 1.977862 0.872970
v -0.397151 0.045865 -0.954135
v -0.381682 0.057017 -0.942983
v -0.386213 0.049131 -0.950869
v 0.397151 1.903333 0.988080
v 0.381682 1.897297 0.973508
v 0.386213 1.901565 0.983812
v 0.366213 1.863887 0.980457
v 0.397151 1.848715 0.998944
v 0.381682 1.879356 0.977077
v 0.381682 1.859443 0.992280
v 0.381682 1.864079 0.989154
v 0.386213 1.864661 0.991153
v 0.377151 1.868418 0.978767
v 0.397151 1.954135 0.954135
v 0.381682 1.942983 0.942983
v 0.386213 1.950869 0.950869
v 0.397151 1.988080 0.903333
v 0.381682 1.973508 0.897297
v 0.386213 1.983812 0.901565
v 0.397151 1.998039 0.853267
v 0.366213 1.979552 0.868439
v 0.381682 1.976172 0.883908
v 0.381682 1.991374 0.863995
v 0.381682 1.988248 0.868632
v 0.377151 1.977862 0.872970
v 0.386213 1.990247 0.869213
v 0.397151 0.096667 -0.988080
v 0.381682 0.102703 -0.973508
v 0.386213 0.098435 -0.983812
v -0.397151 0.096667 -0.988080
v -0.381682 0.102703 -0.973508
v -0.386213 0.098435 -0.983812
v 0.366213 0.136113 -0.980457
v 0.397151 0.151285 -0.998944
v 0.381682 0.120644 -0.977077
v 0.381682 0.140557 -0.992280
v 0.381682 0.135921 -0.989154
v 0.386213 0.135340 -0.991153
v 0.377151 0.131582 -0.978767
v -0.366213 0.136113 -0.980457
v -0.381682 0.120644 -0.977077
v -0.397151 0.151285 -0.998944
v -0.377151 0.131582 -0.978767
v -0.381682 0.135921 -0.989154
v -0.386213 0.135340 -0.991153
v -0.381682 0.140557 -0.992280
v -0.397151 0.045865 0.954135
v -0.381682 0.057017 0.942983
v -0.386213 0.049131 0.950869
v -0.397151 0.096667 0.988080
v -0.381682 0.102703 0.973508
v -0.386213 0.098435 0.983812
v -0.366213 0.136113 0.980457
v -0.397151 0.151285 0.998944
v -0.381682 0.120644 0.977077
v -0.381682 0.140557 0.992280
v -0.381682 0.135921 0.989154
v -0.386213 0.135340 0.991153
v -0.377151 0.131582 0.978767
v -0.397151 0.011920 0.903333
v -0.381682 0.026492 0.897297
v -0.386213 0.016188 0.901565
v -0.366213 0.020448 0.868439
v -0.381682 0.023828 0.883908
v -0.397151 0.001961 0.853267
v -0.377151 0.022138 0.872970
v -0.381682 0.011752 0.868632
v -0.386213 0.009753 0.869213
v -0.381682 0.008626 0.863995
v 0.366213 0.136113 0.980457
v 0.381682 0.120644 0.977077
v 0.397151 0.151285 0.998944
v 0.377151 0.131582 0.978767
v 0.381682 0.135921 0.989154
v 0.386213 0.135340 0.991153
v 0.381682 0.140557 0.992280
v 0.397151 0.096667 0.988080
v 0.381682 0.102703 0.973508
v 0.386213 0.098435 0.983812
v 0.397151 0.045865 0.954135
v 0.381682 0.057017 0.942983
v 0.386213 0.049131 0.950869
v 0.397151 0.011920 0.903333
v 0.381682 0.026492 0.897297
v 0.386213 0.016188 0.901565
v 0.366213 0.020448 0.868439
v 0.397151 0.001961 0.853267
v 0.381682 0.023828 0.883908
v 0.381682 0.008626 0.863995
v 0.381682 0.011752 0.868632
v 0.386213 0.009753 0.869213
v 0.377151 0.022138 0.872970
v -0.853267 0.001961 -0.397151
v -0.868439 0.020448 -0.366213
v -0.883908 0.023828 -0.381682
v -0.863995 0.008626 -0.381682
v -0.868632 0.011752 -0.381682
v -0.872970 0.022138 -0.377151
v -0.869213 0.009753 -0.386213
v -0.980457 1.863887 0.366213
v -0.998944 1.848715 0.397151
v -0.977077 1.879356 0.381682
v -0.992280 1.859443 0.381682
v -0.989154 1.864079 0.381682
v -0.991153 1.864661 0.386213
v -0.978767 1.868418 0.377151
v -0.988080 1.903333 0.397151
v -0.973508 1.897297 0.381682
v -0.983812 1.901565 0.386213
v -0.954135 1.954135 0.397151
v -0.942983 1.942983 0.381682
v -0.950869 1.950869 0.386213
v -0.903333 1.988080 0.397151
v -0.897297 1.973508 0.381682
v -0.901565 1.983812 0.386213
v -0.853267 1.998039 0.397151
v -0.868439 1.979552 0.366213
v -0.883908 1.976172 0.381682
v -0.863995 1.991374 0.381682
v -0.868632 1.988248 0.381682
v -0.872970 1.977862 0.377151
v -0.869213 1.990247 0.386213
v -0.868439 0.020448 0.366213
v -0.853267 0.001961 0.397151
v -0.883908 0.023828 0.381682
v -0.863995 0.008626 0.381682
v -0.868632 0.011752 0.381682
v -0.869213 0.009753 0.386213
v -0.872970 0.022138 0.377151
v -0.903333 0.011920 0.397151
v -0.897297 0.026492 0.381682
v -0.901565 0.016188 0.386213
v -0.903333 0.011920 -0.397151
v -0.897297 0.026492 -0.381682
v -0.901565 0.016188 -0.386213
v -0.980457 1.863887 -0.366213
v -0.977077 1.879356 -0.381682
v -0.998944 1.848715 -0.397151
v -0.978767 1.868418 -0.377151
v -0.989154 1.864079 -0.381682
v -0.991153 1.864661 -0.386213
v -0.992280 1.859443 -0.381682
v -0.988080 1.903333 -0.397151
v -0.973508 1.897297 -0.381682
v -0.983812 1.901565 -0.386213
v -0.954135 0.045865 0.397151
v -0.942983 0.057017 0.381682
v -0.950869 0.049131 0.386213
v -0.954135 1.954135 -0.397151
v -0.942983 1.942983 -0.381682
v -0.950869 1.950869 -0.386213
v -0.903333 1.988080 -0.397151
v -0.897297 1.973508 -0.381682
v -0.901565 1.983812 -0.386213
v -0.868439 1.979552 -0.366213
v -0.853267 1.998039 -0.397151
v -0.883908 1.976172 -0.381682
v -0.863995 1.991374 -0.381682
v -0.868632 1.988248 -0.381682
v -0.869213 1.990247 -0.386213
v -0.872970 1.977862 -0.377151
v -0.942983 0.057017 -0.381682
v -0.954135 0.045865 -0.397151
v -0.950869 0.049131 -0.386213
v -0.988080 0.096667 -0.397151
v -0.973508 0.102703 -0.381682
v -0.983812 0.098435 -0.386213
v -0.988080 0.096667 0.397151
v -0.973508 0.102703 0.381682
v -0.983812 0.098435 0.386213
v -0.980457 0.136113 -0.366213
v -0.998944 0.151285 -0.397151
v -0.977077 0.120644 -0.381682
v -0.992280 0.140557 -0.381682
v -0.989154 0.135921 -0.381682
v -0.991153 0.135340 -0.386213
v -0.978767 0.131582 -0.377151
v 0.903333 1.988080 0.397151
v 0.897297 1.973508 0.381682
v 0.901565 1.983812 0.386213
v 0.868439 1.979552 0.366213
v 0.853267 1.998039 0.397151
v 0.883908 1.976172 0.381682
v 0.863995 1.991374 0.381682
v 0.868632 1.988248 0.381682
v 0.869213 1.990247 0.386213
v 0.872970 1.977862 0.377151
v 0.980457 1.863887 0.366213
v 0.977077 1.879356 0.381682
v 0.998944 1.848715 0.397151
v 0.978767 1.868418 0.377151
v 0.989154 1.864079 0.381682
v 0.991153 1.864661 0.386213
v 0.992280 1.859443 0.381682
v 0.988080 1.903333 0.397151
v 0.973508 1.897297 0.381682
v 0.983812 1.901565 0.386213
v 0.954135 1.954135 0.397151
v 0.942983 1.942983 0.381682
v 0.950869 1.950869 0.386213
v -0.980457 0.136113 0.366213
v -0.977077 0.120644 0.381682
v -0.998944 0.151285 0.397151
v -0.978767 0.131582 0.377151
v -0.989154 0.135921 0.381682
v -0.991153 0.135340 0.386213
v -0.992280 0.140557 0.381682
v 0.868439 1.979552 -0.366213
v 0.883908 1.976172 -0.381682
v 0.853267 1.998039 -0.397151
v 0.872970 1.977862 -0.377151
v 0.868632 1.988248 -0.381682
v 0.869213 1.990247 -0.386213
v 0.863995 1.991374 -0.381682
v 0.988080 1.903333 -0.397151
v 0.973508 1.897297 -0.381682
v 0.983812 1.901565 -0.386213
v 0.980457 1.863887 -0.366213
v 0.998944 1.848715 -0.397151
v 0.977077 1.879356 -0.381682
v 0.992280 1.859443 -0.381682
v 0.989154 1.864079 -0.381682
v 0.991153 1.864661 -0.386213
v 0.978767 1.868418 -0.377151
v 0.903333 1.988080 -0.397151
v 0.897297 1.973508 -0.381682
v 0.901565 1.983812 -0.386213
v 0.954135 1.954135 -0.397151
v 0.942983 1.942983 -0.381682
v 0.950869 1.950869 -0.386213
v 0.903333 0.011920 0.397151
v 0.897297 0.026492 0.381682
v 0.901565 0.016188 0.386213
v 0.868439 0.020448 0.366213
v 0.883908 0.023828 0.381682
v 0.853267 0.001961 0.397151
v 0.872970 0.022138 0.377151
v 0.868632 0.011752 0.381682
v 0.869213 0.009753 0.386213
v 0.863995 0.008626 0.381682
v 0.980457 0.136113 0.366213
v 0.998944 0.151285 0.397151
v 0.977077 0.120644 0.381682
v 0.992280 0.140557 0.381682
v 0.989154 0.135921 0.381682
v 0.991153 0.135340 0.386213
v 0.978767 0.131582 0.377151
v 0.988080 0.096667 0.397151
v 0.973508 0.102703 0.381682
v 0.983812 0.098435 0.386213
v 0.954135 0.045865 0.397151
v 0.942983 0.057017 0.381682
v 0.950869 0.049131 0.386213
v 0.988080 0.096667 -0.397151
v 0.973508 0.102703 -0.381682
v 0.983812 0.098435 -0.386213
v 0.980457 0.136113 -0.366213
v 0.977077 0.120644 -0.381682
v 0.998944 0.151285 -0.397151
v 0.978767 0.131582 -0.377151
v 0.989154 0.135921 -0.381682
v 0.991153 0.135340 -0.386213
v 0.992280 0.140557 -0.381682
v 0.868439 0.020448 -0.366213
v 0.853267 0.001961 -0.397151
v 0.883908 0.023828 -0.381682
v 0.863995 0.008626 -0.381682
v 0.868632 0.011752 -0.381682
v 0.869213 0.009753 -0.386213
v 0.872970 0.022138 -0.377151
v 0.903333 0.011920 -0.397151
v 0.897297 0.026492 -0.381682
v 0.901565 0.016188 -0.386213
v 0.954135 0.045865 -0.397151
v 0.942983 0.057017 -0.381682
v 0.950869 0.049131 -0.386213
v 0.000000 2.011041 -0.535625
v 0.000000 1.995572 -0.520081
v 0.000000 2.006511 -0.524633
v 0.000575 2.011041 -0.439132
v 0.000000 1.995572 -0.454851
v 0.000168 2.006511 -0.450247
v 0.104495 2.011041 -0.525333
v 0.101463 1.995572 -0.510088
v 0.102351 2.006511 -0.514553
v -0.174064 1.995572 0.420228
v -0.163804 2.011041 0.407455
v -0.171059 2.006511 0.416487
v -0.249915 2.011041 0.361400
v -0.252702 1.995572 0.378195
v -0.251886 2.006511 0.373276
v 0.204975 2.011041 -0.494853
v 0.199026 1.995572 -0.480492
v 0.200769 2.006511 -0.484698
v 0.378195 1.995572 -0.252702
v 0.370059 2.011041 -0.236120
v 0.375812 2.006511 -0.247845
v 0.408015 2.011041 -0.164899
v 0.420228 1.995572 -0.174064
v 0.416651 2.006511 -0.171380
v 0.297577 2.011041 -0.445356
v 0.288941 1.995572 -0.432431
v 0.291471 2.006511 -0.436217
v 0.367753 1.995572 -0.367753
v 0.378744 2.011041 -0.378744
v 0.370972 2.006511 -0.370972
v -0.304087 2.011041 0.316906
v -0.321629 1.995572 0.321628
v -0.316491 2.006511 0.320245
v 0.445356 2.011041 -0.297577
v 0.432431 1.995572 -0.288941
v 0.436217 2.006511 -0.291471
v 0.430324 2.011041 -0.091207
v 0.446111 1.995572 -0.088737
v 0.441487 2.006511 -0.089460
v 0.494853 2.011041 -0.204975
v 0.480492 1.995572 -0.199026
v 0.484698 2.006511 -0.200769
v -0.369328 2.011041 0.237341
v -0.378195 1.995572 0.252702
v -0.375598 2.006511 0.248202
v 0.525333 2.011041 -0.104495
v 0.510088 1.995572 -0.101463
v 0.514553 2.006511 -0.102351
v 0.439307 2.011041 -0.000000
v 0.454851 1.995572 -0.000000
v 0.450299 2.006511 -0.000000
v 0.535625 2.011041 -0.000000
v 0.520081 1.995572 -0.000000
v 0.524633 2.006511 -0.000000
v -0.407568 2.011041 0.165626
v -0.420228 1.995572 0.174064
v -0.416520 2.006511 0.171592
v 0.525333 2.011041 0.104495
v 0.510088 1.995572 0.101463
v 0.514553 2.006511 0.102351
v 0.430673 2.011041 0.087664
v 0.446112 1.995572 0.088737
v 0.441590 2.006511 0.088423
v 0.494853 2.011041 0.204975
v 0.480492 1.995572 0.199026
v 0.484698 2.006511 0.200768
v -0.430800 2.011041 0.088921
v -0.446112 1.995572 0.088737
v -0.441627 2.006511 0.088791
v 0.445356 2.011041 0.297577
v 0.432431 1.995572 0.288941
v 0.436217 2.006511 0.291471
v 0.407397 2.011041 0.164447
v 0.420228 1.995572 0.174064
v 0.416470 2.006511 0.171247
v 0.378744 2.011041 0.378744
v 0.367753 1.995572 0.367753
v 0.370972 2.006511 0.370972
v -0.439312 2.011041 0.002603
v -0.454851 1.995572 -0.000000
v -0.450300 2.006511 0.000762
v 0.297577 2.011041 0.445356
v 0.288941 1.995572 0.432431
v 0.291471 2.006511 0.436217
v 0.364083 2.011041 0.245513
v 0.378195 1.995572 0.252702
v 0.374062 2.006511 0.250596
v 0.204975 2.011041 0.494853
v 0.199026 1.995572 0.480492
v 0.200768 2.006511 0.484698
v -0.430358 2.011041 -0.088399
v -0.446111 1.995572 -0.088738
v -0.441497 2.006511 -0.088638
v 0.104495 2.011041 0.525333
v 0.101463 1.995572 0.510088
v 0.102351 2.006511 0.514553
v 0.308197 2.011041 0.313611
v 0.321628 1.995572 0.321628
v 0.317694 2.006511 0.319280
v 0.000000 2.011041 0.535625
v 0.000000 1.995572 0.520081
v 0.000000 2.006511 0.524633
v -0.407051 2.011041 -0.165272
v -0.420228 1.995572 -0.174065
v -0.416368 2.006511 -0.171489
v -0.104495 2.011041 0.525333
v -0.101463 1.995572 0.510087
v -0.102351 2.006511 0.514553
v 0.250403 2.011041 0.361080
v 0.252702 1.995572 0.378195
v 0.252028 2.006511 0.373182
v -0.204975 2.011041 0.494853
v -0.199027 1.995572 0.480492
v -0.200769 2.006511 0.484698
v -0.297577 2.011041 0.445356
v -0.288942 1.995572 0.432431
v -0.291471 2.006511 0.436217
v -0.378744 2.011041 0.378744
v -0.367753 1.995572 0.367752
v -0.370972 2.006511 0.370972
v -0.364345 2.011041 -0.245194
v -0.378195 1.995572 -0.252702
v -0.374138 2.006511 -0.250503
v -0.445356 2.011041 0.297577
v -0.432432 1.995572 0.288941
v -0.436217 2.006511 0.291470
v 0.163200 2.011041 0.407722
v 0.174064 1.995572 0.420228
v 0.170882 2.006511 0.416565
v -0.494853 2.011041 0.204974
v -0.480492 1.995572 0.199026
v -0.484698 2.006511 0.200768
v 0.086942 2.011041 -0.430621
v 0.088737 1.995572 -0.446112
v 0.088211 2.006511 -0.441574
v -0.525333 2.011041 0.104495
v -0.510088 1.995572 0.101462
v -0.514553 2.006511 0.102350
v -0.308424 2.011041 -0.313334
v -0.321628 1.995572 -0.321629
v -0.317761 2.006511 -0.319199
v -0.535625 2.011041 -0.000001
v -0.520081 1.995572 -0.000001
v -0.524633 2.006511 -0.000001
v 0.089247 2.011041 0.430170
v 0.088737 1.995572 0.446112
v 0.088886 2.006511 0.441442
v -0.525333 2.011041 -0.104496
v -0.510087 1.995572 -0.101463
v -0.514553 2.006511 -0.102351
v 0.164274 2.011041 -0.407157
v 0.174064 1.995572 -0.420228
v 0.171197 2.006511 -0.416400
v -0.494853 2.011041 -0.204975
v -0.480492 1.995572 -0.199027
v -0.484698 2.006511 -0.200769
v -0.249833 2.011041 -0.361453
v -0.252701 1.995572 -0.378195
v -0.251861 2.006511 -0.373292
v -0.445355 2.011041 -0.297578
v -0.432431 1.995572 -0.288942
v -0.436216 2.006511 -0.291471
v -0.000375 2.011041 0.439010
v 0.000000 1.995572 0.454851
v -0.000110 2.006511 0.450212
v -0.367752 1.995572 -0.367753
v -0.378743 2.011041 -0.378744
v -0.370971 2.006511 -0.370972
v 0.250317 2.011041 -0.361136
v 0.252702 1.995572 -0.378195
v 0.252003 2.006511 -0.373199
v -0.297577 2.011041 -0.445356
v -0.288941 1.995572 -0.432432
v -0.291470 2.006511 -0.436217
v -0.163982 2.011041 -0.407370
v -0.174063 1.995572 -0.420228
v -0.171111 2.006511 -0.416462
v -0.204974 2.011041 -0.494853
v -0.199026 1.995572 -0.480492
v -0.200768 2.006511 -0.484698
v -0.088450 2.011041 0.430325
v -0.088737 1.995572 0.446111
v -0.088653 2.006511 0.441488
v -0.104494 2.011041 -0.525333
v -0.101462 1.995572 -0.510088
v -0.102350 2.006511 -0.514553
v 0.303126 2.011041 -0.317759
v 0.321628 1.995572 -0.321628
v 0.316209 2.006511 -0.320495
v -0.088736 1.995572 -0.446112
v -0.088144 2.011041 -0.430385
v -0.088563 2.006511 -0.441505
v -0.194517 1.995572 -0.064691
v -0.179048 1.995572 -0.080160
v -0.209986 2.011041 -0.095629
v -0.189986 1.995572 -0.075629
v -0.194517 2.004504 -0.080160
v -0.194517 2.006511 -0.084691
v -0.199048 2.006511 -0.080160
v 0.194517 1.995572 -0.064691
v 0.209986 2.011041 -0.095629
v 0.179048 1.995572 -0.080160
v 0.199048 2.006511 -0.080160
v 0.194517 2.004504 -0.080160
v 0.194517 2.006511 -0.084691
v 0.189986 1.995572 -0.075629
v 0.179048 1.995572 -0.027342
v 0.209986 2.011041 -0.011873
v 0.194517 1.995572 -0.042811
v 0.194517 2.006511 -0.022811
v 0.194517 2.004504 -0.027342
v 0.199048 2.006511 -0.027342
v 0.189986 1.995572 -0.031873
v -0.179048 1.995572 -0.027342
v -0.194517 1.995572 -0.042811
v -0.209986 2.011041 -0.011873
v -0.189986 1.995572 -0.031873
v -0.194517 2.004504 -0.027342
v -0.199048 2.006511 -0.027342
v -0.194517 2.006511 -0.022811
v 0.209986 2.011041 0.095629
v 0.194517 1.995572 0.064691
v 0.179048 1.995572 0.080160
v 0.199048 2.006511 0.080160
v 0.194517 2.004504 0.080160
v 0.189986 1.995572 0.075629
v 0.194517 2.006511 0.084691
v -0.194517 1.995572 0.064691
v -0.209986 2.011041 0.095629
v -0.179048 1.995572 0.080160
v -0.199048 2.006511 0.080160
v -0.194517 2.004504 0.080160
v -0.194517 2.006511 0.084691
v -0.189986 1.995572 0.075629
v -0.179048 1.995572 0.027342
v -0.209986 2.011041 0.011873
v -0.194517 1.995572 0.042811
v -0.194517 2.006511 0.022811
v -0.194517 2.004504 0.027342
v -0.199048 2.006511 0.027342
v -0.189986 1.995572 0.031873
v 0.209986 2.011041 0.011873
v 0.179048 1.995572 0.027342
v 0.194517 1.995572 0.042811
v 0.194517 2.006511 0.022811
v 0.194517 2.004504 0.027342
v 0.189986 1.995572 0.031873
v 0.199048 2.006511 0.027342
vn 0.0981 0.3792 -0.9201
vn 0.3792 0.0981 -0.9201
vn 0.1004 0.1004 -0.9899
vn 0.0919 0.7041 -0.7041
vn 0.3674 0.3674 -0.8544
vn 0.7041 0.0919 -0.7041
vn 0.5774 0.5774 -0.5774
vn 0.6663 0.3348 -0.6663
vn 0.3790 0.9202 -0.0980
vn 0.0980 0.9201 -0.3791
vn 0.1004 0.9899 -0.1004
vn 0.7041 0.7041 -0.0919
vn 0.3673 0.8545 -0.3674
vn 0.3348 0.6663 -0.6663
vn 0.9201 0.0981 -0.3792
vn 0.9201 0.3792 -0.0981
vn 0.9899 0.1004 -0.1004
vn 0.8544 0.3674 -0.3674
vn 0.6663 0.6663 -0.3348
vn 0.0981 -0.9201 -0.3792
vn 0.3792 -0.9201 -0.0981
vn 0.1004 -0.9899 -0.1004
vn 0.0919 -0.7041 -0.7041
vn 0.3673 -0.8545 -0.3673
vn 0.7041 -0.7041 -0.0919
vn 0.5773 -0.5774 -0.5774
vn 0.6663 -0.6663 -0.3348
vn 0.3792 -0.0981 -0.9201
vn 0.0981 -0.3792 -0.9201
vn 0.1004 -0.1004 -0.9899
vn 0.7041 -0.0919 -0.7041
vn 0.3674 -0.3674 -0.8544
vn 0.3348 -0.6663 -0.6663
vn 0.9201 -0.3792 -0.0981
vn 0.9201 -0.0981 -0.3792
vn 0.9899 -0.1004 -0.1004
vn 0.8545 -0.3673 -0.3673
vn 0.6663 -0.3348 -0.6663
vn 0.9201 0.3792 0.0981
vn 0.9201 0.0981 0.3792
vn 0.9899 0.1004 0.1004
vn 0.7041 0.7041 0.0919
vn 0.8544 0.3674 0.3674
vn 0.7041 0.0919 0.7041
vn 0.5774 0.5774 0.5774
vn 0.6663 0.3348 0.6663
vn 0.0980 0.9201 0.3791
vn 0.3790 0.9202 0.0980
vn 0.1004 0.9899 0.1004
vn 0.0919 0.7041 0.7041
vn 0.3673 0.8545 0.3673
vn 0.6663 0.6663 0.3348
vn 0.3792 0.0981 0.9201
vn 0.0981 0.3792 0.9201
vn 0.1004 0.1004 0.9899
vn 0.3674 0.3674 0.8544
vn 0.3348 0.6663 0.6663
vn 0.9201 -0.0981 0.3792
vn 0.9201 -0.3792 0.0981
vn 0.9899 -0.1004 0.1004
vn 0.7041 -0.0919 0.7041
vn 0.8545 -0.3673 0.3673
vn 0.7041 -0.7041 0.0919
vn 0.5773 -0.5774 0.5774
vn 0.6663 -0.6663 0.3348
vn 0.0981 -0.3792 0.9201
vn 0.3792 -0.0981 0.9201
vn 0.1004 -0.1004 0.9899
vn 0.0919 -0.7041 0.7041
vn 0.3674 -0.3674 0.8544
vn 0.6663 -0.3348 0.6663
vn 0.3792 -0.9201 0.0981
vn 0.0981 -0.9201 0.3792
vn 0.1004 -0.9899 0.1004
vn 0.3673 -0.8545 0.3673
vn 0.3348 -0.6663 0.6663
vn -0.3792 0.0981 -0.9201
vn -0.0981 0.3792 -0.9201
vn -0.1004 0.1004 -0.9899
vn -0.7041 0.0919 -0.7041
vn -0.3674 0.3674 -0.8544
vn -0.0919 0.7041 -0.7041
vn -0.5774 0.5774 -0.5774
vn -0.3348 0.6663 -0.6663
vn -0.9201 0.3792 -0.0981
vn -0.9201 0.0981 -0.3792
vn -0.9899 0.1004 -0.1004
vn -0.7041 0.7041 -0.0919
vn -0.8544 0.3674 -0.3674
vn -0.6663 0.3348 -0.6663
vn -0.0980 0.9201 -0.3791
vn -0.3790 0.9202 -0.0980
vn -0.1004 0.9899 -0.1004
vn -0.3673 0.8545 -0.3673
vn -0.6663 0.6663 -0.3348
vn -0.9201 -0.0981 -0.3792
vn -0.9201 -0.3792 -0.0981
vn -0.9899 -0.1004 -0.1004
vn -0.7041 -0.0919 -0.7041
vn -0.8545 -0.3673 -0.3673
vn -0.7041 -0.7041 -0.0919
vn -0.5773 -0.5774 -0.5774
vn -0.6663 -0.6663 -0.3348
vn -0.0981 -0.3792 -0.9201
vn -0.3792 -0.0981 -0.9201
vn -0.1004 -0.1004 -0.9899
vn -0.0919 -0.7041 -0.7041
vn -0.3674 -0.3674 -0.8544
vn -0.6663 -0.3348 -0.6663
vn -0.3792 -0.9201 -0.0981
vn -0.0981 -0.9201 -0.3792
vn -0.1004 -0.9899 -0.1004
vn -0.3673 -0.8545 -0.3673
vn -0.3348 -0.6663 -0.6663
vn -0.9201 0.0981 0.3792
vn -0.9201 0.3792 0.0981
vn -0.9899 0.1004 0.1004
vn -0.7041 0.0919 0.7041
vn -0.8544 0.3674 0.3674
vn -0.7041 0.7041 0.0919
vn -0.5774 0.5774 0.5774
vn -0.6663 0.6663 0.3348
vn -0.0981 0.3792 0.9201
vn -0.3792 0.0981 0.9201
vn -0.1004 0.1004 0.9899
vn -0.0919 0.7041 0.7041
vn -0.3674 0.3674 0.8544
vn -0.6663 0.3347 0.6663
vn -0.3790 0.9202 0.0980
vn -0.0980 0.9201 0.3791
vn -0.1004 0.9899 0.1004
vn -0.3673 0.8545 0.3674
vn -0.3348 0.6663 0.6663
vn -0.0981 -0.9201 0.3792
vn -0.3792 -0.9201 0.0981
vn -0.1004 -0.9899 0.1004
vn -0.0919 -0.7041 0.7041
vn -0.3673 -0.8545 0.3673
vn -0.7041 -0.7041 0.0919
vn -0.5773 -0.5774 0.5774
vn -0.6663 -0.6663 0.3348
vn -0.3792 -0.0981 0.9201
vn -0.0981 -0.3792 0.9201
vn -0.1004 -0.1004 0.9899
vn -0.7041 -0.0919 0.7041
vn -0.3674 -0.3674 0.8544
vn -0.3348 -0.6663 0.6663
vn -0.9201 -0.3792 0.0981
vn -0.9201 -0.0981 0.3792
vn -0.9899 -0.1004 0.1004
vn -0.8545 -0.3673 0.3673
vn -0.6663 -0.3348 0.6663
vn 0.1013 -0.7423 0.6623
vn -0.0876 -0.7063 0.7025
vn -0.1013 -0.7423 0.6623
vn -0.7423 0.1013 -0.6623
vn -0.7063 -0.0876 -0.7025
vn -0.7423 -0.1013 -0.6623
vn -0.1013 -0.7423 -0.6623
vn 0.0876 -0.7063 -0.7025
vn 0.1013 -0.7423 -0.6623
vn 0.6623 0.1013 -0.7423
vn 0.7025 -0.0876 -0.7063
vn 0.6623 -0.1013 -0.7423
vn 0.7423 -0.6623 -0.1013
vn 0.7063 -0.7025 0.0876
vn 0.7063 -0.7025 -0.0876
vn 0.7423 0.1013 0.6623
vn 0.7063 -0.0876 0.7025
vn 0.7423 -0.1013 0.6623
vn 0.1013 0.6623 0.7423
vn -0.0876 0.7025 0.7063
vn -0.1013 0.6623 0.7423
vn -0.7423 0.1013 0.6623
vn -0.7063 -0.0876 0.7025
vn -0.7063 0.0876 0.7025
vn 0.7423 0.1013 -0.6623
vn 0.7063 -0.0876 -0.7025
vn 0.7063 0.0876 -0.7025
vn 0.1013 0.7423 -0.6623
vn -0.0876 0.7063 -0.7025
vn -0.1013 0.7423 -0.6623
vn -0.6623 0.1013 -0.7423
vn -0.7025 -0.0876 -0.7063
vn -0.7025 0.0876 -0.7063
vn -0.6623 -0.7423 0.1013
vn -0.7025 -0.7063 -0.0876
vn -0.6623 -0.7423 -0.1013
vn -0.6623 0.7423 -0.1013
vn -0.7025 0.7063 0.0876
vn -0.6623 0.7423 0.1013
vn -0.7423 -0.6623 0.1013
vn -0.7063 -0.7025 -0.0876
vn -0.7063 -0.7025 0.0876
vn 0.6623 0.7423 0.1013
vn 0.7025 0.7063 -0.0876
vn 0.6623 0.7423 -0.1013
vn 0.7423 0.6623 -0.1013
vn 0.7063 0.7025 0.0876
vn 0.7423 0.6623 0.1013
vn -0.7423 0.6623 0.1013
vn -0.7063 0.7025 -0.0876
vn -0.7423 0.6623 -0.1013
vn -0.1013 -0.6623 0.7423
vn 0.0876 -0.7025 0.7063
vn 0.1013 -0.6623 0.7423
vn -0.1013 0.7423 0.6623
vn 0.0876 0.7063 0.7025
vn 0.1013 0.7423 0.6623
vn -0.6623 0.1013 0.7423
vn -0.7025 -0.0876 0.7063
vn -0.6623 -0.1013 0.7423
vn -0.1504 0.9771 0.1504
vn 0.1504 0.9771 0.1504
vn -0.0000 0.9809 -0.1946
vn 0.6623 0.1013 0.7423
vn 0.7025 -0.0876 0.7063
vn 0.7025 0.0876 0.7063
vn -0.1013 0.6623 -0.7423
vn 0.0876 0.7025 -0.7063
vn 0.1013 0.6623 -0.7423
vn 0.1013 -0.6623 -0.7423
vn -0.0876 -0.7025 -0.7063
vn -0.1013 -0.6623 -0.7423
vn 0.0275 -0.9992 -0.0275
vn 0.0275 -0.9992 0.0275
vn -0.9992 0.0275 0.0275
vn -0.9992 0.0275 -0.0275
vn -0.0275 -0.9992 0.0275
vn -0.0275 0.0275 -0.9992
vn 0.0275 0.0275 -0.9992
vn 0.9992 0.0275 0.0275
vn 0.9992 -0.0275 0.0275
vn -0.0275 -0.0275 -0.9992
vn 0.0275 -0.0275 0.9992
vn 0.0275 0.0275 0.9992
vn -0.9992 -0.0275 -0.0275
vn -0.0275 0.0275 0.9992
vn -0.0275 -0.0275 0.9992
vn 0.9992 -0.0275 -0.0275
vn 0.9992 0.0275 -0.0275
vn 0.0275 -0.0275 -0.9992
vn -0.9992 -0.0275 0.0275
vn 0.0275 0.9992 -0.0275
vn -0.0275 0.9992 -0.0275
vn -0.0275 0.9992 0.0275
vn -0.0275 -0.9992 -0.0275
vn 0.0275 0.9992 0.0275
vn 0.1536 -0.4824 -0.8624
vn -0.1184 -0.4327 -0.8937
vn 0.1184 -0.4327 -0.8937
vn -0.5155 0.1392 0.8455
vn -0.4500 -0.1609 0.8784
vn -0.5155 -0.1392 0.8455
vn -0.1536 -0.4824 0.8624
vn 0.1184 -0.4327 0.8937
vn -0.1184 -0.4327 0.8937
vn -0.8784 0.1608 -0.4500
vn -0.8455 -0.1392 -0.5155
vn -0.8455 0.1392 -0.5155
vn 0.4500 0.8784 0.1609
vn 0.5155 0.8455 -0.1392
vn 0.5155 0.8455 0.1392
vn 0.5155 0.1392 -0.8455
vn 0.4500 -0.1609 -0.8784
vn 0.5155 -0.1392 -0.8455
vn 0.1609 -0.8784 0.4500
vn -0.1392 -0.8455 0.5155
vn 0.1392 -0.8455 0.5155
vn -0.4500 -0.1609 -0.8784
vn -0.5155 0.1392 -0.8455
vn -0.5155 -0.1392 -0.8455
vn 0.4500 -0.1609 0.8784
vn 0.5155 0.1392 0.8455
vn 0.5155 -0.1392 0.8455
vn 0.1211 0.4019 0.9077
vn -0.1609 0.4500 0.8784
vn -0.1210 0.4019 0.9077
vn 0.8784 -0.1609 -0.4499
vn 0.8455 0.1392 -0.5155
vn 0.8455 -0.1392 -0.5155
vn 0.8624 -0.4824 0.1536
vn 0.8937 -0.4327 -0.1184
vn 0.8937 -0.4327 0.1185
vn 0.8784 0.4500 -0.1609
vn 0.9077 0.4019 0.1210
vn 0.9076 0.4019 -0.1212
vn -0.4500 0.8784 -0.1609
vn -0.5155 0.8455 0.1392
vn -0.5155 0.8455 -0.1392
vn -0.8784 0.4500 0.1609
vn -0.9077 0.4019 -0.1210
vn -0.9076 0.4019 0.1212
vn 0.5155 -0.8455 -0.1392
vn 0.4500 -0.8784 0.1609
vn 0.5155 -0.8455 0.1392
vn -0.5155 -0.8455 0.1392
vn -0.4500 -0.8784 -0.1609
vn -0.5155 -0.8455 -0.1392
vn -0.1392 0.8455 0.5155
vn 0.1609 0.8784 0.4500
vn 0.1392 0.8455 0.5155
vn -0.1211 0.4019 -0.9077
vn 0.1609 0.4500 -0.8784
vn 0.1210 0.4019 -0.9077
vn 0.8784 0.1608 0.4500
vn 0.8455 -0.1392 0.5155
vn 0.8455 0.1392 0.5155
vn 0.6623 -0.7423 -0.1013
vn 0.7025 -0.7063 0.0876
vn 0.6623 -0.7423 0.1013
vn -0.8784 -0.1609 0.4499
vn -0.8455 0.1392 0.5155
vn -0.8455 -0.1392 0.5155
vn -0.1609 -0.8784 -0.4500
vn 0.1392 -0.8455 -0.5155
vn -0.1392 -0.8455 -0.5155
vn 0.1392 0.8455 -0.5155
vn -0.1609 0.8784 -0.4500
vn -0.1392 0.8455 -0.5155
vn -0.0000 -0.0000 -0.0000
vn -1.0000 -0.0000 -0.0000
vn -0.0000 -0.0000 1.0000
vn 1.0000 -0.0000 -0.0000
vn -0.1504 0.1504 -0.9771
vn 0.1504 -0.1504 -0.9771
vn -0.1504 -0.1504 -0.9771
vn -0.9771 0.1504 0.1504
vn -0.9771 -0.1504 -0.1504
vn -0.9771 -0.1504 0.1504
vn -0.0000 1.0000 -0.0000
vn -0.0000 -1.0000 -0.0000
vn 0.1504 -0.1504 0.9771
vn -0.1504 0.1504 0.9771
vn -0.1504 -0.1504 0.9771
vn 0.9771 0.1504 0.1504
vn 0.9771 -0.1504 -0.1504
vn 0.9771 0.1504 -0.1504
vn -0.0916 -0.9540 -0.2854
vn -0.9767 0.1518 -0.1518
vn -0.9767 0.0821 -0.1983
vn -0.9673 0.1794 -0.1794
vn -0.1794 0.9673 0.1794
vn 0.1447 0.9606 0.2373
vn -0.1447 0.9606 0.2373
vn 0.9767 0.1518 -0.1518
vn 0.9767 0.1983 -0.0821
vn 0.9673 0.1794 -0.1794
vn 0.1794 0.1794 -0.9673
vn -0.1448 0.2373 -0.9606
vn -0.1794 0.1794 -0.9673
vn 0.1794 0.1794 0.9673
vn -0.1448 0.2373 0.9606
vn 0.1447 0.2373 0.9606
vn 0.1794 -0.9673 -0.1794
vn -0.1448 -0.9606 -0.2373
vn -0.1794 -0.9673 -0.1794
vn -0.9767 0.1518 0.1518
vn -0.9767 0.1983 0.0821
vn -0.9673 0.1794 0.1794
vn 0.9767 0.1518 0.1518
vn 0.9767 0.0821 0.1983
vn 0.9673 0.1794 0.1794
vn 0.1794 -0.1794 -0.9673
vn -0.1448 -0.2373 -0.9606
vn 0.1447 -0.2373 -0.9606
vn -0.1794 -0.9673 0.1794
vn 0.1448 -0.9606 0.2373
vn 0.1794 -0.9673 0.1794
vn -0.9673 -0.1794 -0.1794
vn -0.9493 -0.2040 -0.2391
vn -0.9767 -0.0821 -0.1983
vn 0.9767 -0.1518 -0.1518
vn 0.9767 -0.0821 -0.1983
vn 0.9673 -0.1794 -0.1794
vn -0.9767 -0.1518 0.1518
vn -0.9767 -0.0821 0.1983
vn -0.9673 -0.1794 0.1794
vn -0.8624 -0.4824 -0.1536
vn -0.8937 -0.4327 0.1184
vn -0.8937 -0.4327 -0.1185
vn 0.9767 -0.1518 0.1518
vn 0.9767 -0.1983 0.0821
vn 0.9673 -0.1794 0.1794
vn -0.1794 -0.1794 0.9673
vn 0.1448 -0.2373 0.9606
vn -0.1447 -0.2373 0.9606
vn 0.1938 0.6937 -0.6937
vn -0.1938 -0.6937 -0.6937
vn -0.1938 0.6937 -0.6937
vn -0.1938 0.3754 0.9064
vn 0.1938 -0.6937 -0.6937
vn 0.1938 -0.3754 0.9064
vn -0.1938 -0.3754 -0.9064
vn 0.0916 0.9540 0.2854
vn -0.0916 0.9540 0.2854
vn 0.0916 -0.2854 -0.9540
vn 0.1939 0.9064 0.3754
vn -0.1938 0.6937 0.6937
vn 0.1938 0.6937 0.6937
vn -0.1938 -0.3754 0.9064
vn -0.1938 -0.6937 0.6937
vn -0.2854 -0.9540 0.0916
vn -0.0916 -0.2854 0.9540
vn -0.1939 -0.9064 0.3754
vn 0.1938 -0.6937 0.6937
vn 0.0916 -0.9540 0.2854
vn -0.0916 0.2854 -0.9540
vn 0.0916 0.2854 0.9540
vn -0.0916 0.9540 -0.2854
vn 0.0916 0.9540 -0.2854
vn -0.1939 0.9064 -0.3754
vn 0.1939 -0.9064 -0.3754
vn 0.1938 0.3754 -0.9064
vn -0.9606 0.2373 0.1448
vn 0.1794 0.9673 0.1794
vn 0.2373 0.9606 -0.1448
vn 0.2373 0.9606 0.1447
vn -0.1518 0.1518 0.9767
vn -0.1983 0.0821 0.9767
vn -0.1794 0.1794 0.9673
vn -0.1518 0.1518 -0.9767
vn -0.0821 0.1983 -0.9767
vn 0.9606 0.2373 0.1447
vn 0.9606 0.2373 -0.1447
vn -0.2373 -0.9606 0.1448
vn 0.1518 0.1518 0.9767
vn 0.0821 0.1983 0.9767
vn 0.1518 0.1518 -0.9767
vn 0.1983 0.0821 -0.9767
vn -0.9606 -0.2373 0.1448
vn -0.9606 -0.2373 -0.1447
vn 0.2373 -0.9606 -0.1448
vn -0.2391 -0.2040 0.9493
vn -0.1983 -0.0821 0.9767
vn -0.1518 -0.1518 -0.9767
vn -0.1983 -0.0821 -0.9767
vn -0.1794 -0.1794 -0.9673
vn 0.1518 -0.1518 0.9767
vn 0.1983 -0.0821 0.9767
vn 0.1794 -0.1794 0.9673
vn 0.1794 0.9673 -0.1794
vn -0.1447 0.9606 -0.2373
vn 0.1447 0.9606 -0.2373
vn 0.1518 -0.1518 -0.9767
vn 0.0821 -0.1983 -0.9767
vn 0.9606 -0.2373 -0.1448
vn 0.9606 -0.2373 0.1447
vn -0.9540 0.2854 0.0916
vn -0.3754 -0.9064 0.1938
vn -0.6937 -0.6937 0.1938
vn -0.6937 0.6937 0.1938
vn -0.3754 0.9064 0.1939
vn -0.9540 -0.2854 -0.0916
vn 0.2854 0.9540 0.0916
vn 0.6937 0.6937 -0.1938
vn 0.3754 0.9064 -0.1939
vn 0.9540 0.2854 -0.0916
vn 0.6937 -0.6937 -0.1938
vn 0.9064 0.3754 0.1938
vn 0.3754 0.9064 0.1939
vn 0.6937 0.6937 0.1938
vn -0.3754 -0.9064 -0.1938
vn -0.9064 -0.3754 0.1938
vn -0.2854 0.9540 -0.0916
vn -0.6937 -0.6937 -0.1938
vn -0.3754 0.9064 -0.1939
vn -0.6937 0.6937 -0.1938
vn -0.9064 0.3754 -0.1938
vn 0.9540 -0.2854 0.0916
vn 0.0005 0.9790 -0.2038
vn -0.0423 0.9785 -0.2018
vn 0.2854 -0.9540 -0.0916
vn 0.6937 -0.6937 0.1938
vn 0.3754 -0.9064 0.1938
vn 0.9064 -0.3754 0.1938
vn 0.9064 -0.3754 -0.1938
vn 0.1914 0.1936 0.9622
vn -0.0000 0.1983 0.9801
vn 0.1912 0.1983 0.9613
vn -0.3754 0.1936 0.9064
vn -0.5445 0.1983 0.8150
vn -0.3751 0.1983 0.9055
vn -0.5451 0.1936 0.8157
vn -0.6931 0.1983 0.6931
vn -0.8157 0.1936 0.5451
vn -0.6937 0.1936 0.6937
vn -0.9064 0.1936 0.3754
vn -0.8150 0.1983 0.5445
vn -0.9622 0.1936 0.1914
vn -0.9055 0.1983 0.3751
vn -0.9811 0.1936 -0.0000
vn -0.9613 0.1983 0.1912
vn -0.9622 0.1936 -0.1914
vn -0.9801 0.1983 -0.0000
vn -0.9064 0.1936 -0.3755
vn -0.9613 0.1983 -0.1912
vn -0.8157 0.1936 -0.5451
vn -0.9055 0.1983 -0.3751
vn -0.6937 0.1936 -0.6937
vn -0.8150 0.1983 -0.5445
vn -0.5451 0.1936 -0.8157
vn -0.6931 0.1983 -0.6931
vn -0.3754 0.1936 -0.9064
vn -0.5445 0.1983 -0.8150
vn -0.1914 0.1936 -0.9622
vn -0.3751 0.1983 -0.9055
vn -0.0000 0.1936 -0.9811
vn -0.1912 0.1983 -0.9613
vn 0.1914 0.1936 -0.9622
vn -0.0000 0.1983 -0.9801
vn 0.3754 0.1936 -0.9064
vn 0.1912 0.1983 -0.9613
vn 0.5451 0.1936 -0.8157
vn 0.3751 0.1983 -0.9055
vn 0.6937 0.1936 -0.6937
vn 0.5445 0.1983 -0.8150
vn 0.8150 0.1983 -0.5445
vn 0.6931 0.1983 -0.6931
vn 0.8157 0.1936 -0.5451
vn 0.9055 0.1983 -0.3751
vn 0.9064 0.1936 -0.3754
vn 0.9613 0.1983 -0.1912
vn 0.9622 0.1936 -0.1914
vn 0.9801 0.1983 -0.0000
vn 0.9811 0.1936 -0.0000
vn 0.9613 0.1983 0.1912
vn 0.9622 0.1936 0.1914
vn 0.9055 0.1983 0.3751
vn 0.9064 0.1936 0.3754
vn 0.8150 0.1983 0.5445
vn 0.8157 0.1936 0.5451
vn 0.6931 0.1983 0.6931
vn 0.6937 0.1936 0.6937
vn 0.5445 0.1983 0.8150
vn 0.5450 0.1936 0.8157
vn 0.3751 0.1983 0.9055
vn 0.3754 0.1936 0.9064
vn -0.2373 0.9606 -0.1448
vn -0.1794 0.9673 -0.1794
vn -0.1914 0.1936 0.9622
vn -0.1912 0.1983 0.9613
vn -0.0000 0.9832 -0.1825
vn 0.0402 0.9786 0.2019
vn -0.0356 0.9832 -0.1790
vn -0.0004 0.1955 -0.9807
vn 0.5408 0.1941 -0.8185
vn 0.6980 0.1983 -0.6881
vn 0.8112 0.1997 -0.5496
vn 0.9069 0.1855 -0.3784
vn 0.9641 0.1878 -0.1878
vn 0.9629 0.1916 0.1901
vn 0.9053 0.1938 0.3780
vn 0.8149 0.1983 0.5445
vn 0.8161 0.1957 0.5438
vn 0.6962 0.1897 0.6924
vn 0.5407 0.1941 0.8185
vn 0.3786 0.1959 0.9046
vn 0.1890 0.1938 0.9627
vn 0.0003 0.1968 0.9804
vn -0.1895 0.1937 0.9626
vn -0.3782 0.1959 0.9048
vn -0.5410 0.1940 0.8183
vn -0.6976 0.1971 0.6888
vn -0.8119 0.1985 0.5489
vn -0.9068 0.1869 0.3778
vn -0.9639 0.1871 0.1894
vn -0.9811 0.1937 -0.0018
vn -0.9626 0.1934 -0.1895
vn -0.9056 0.1937 -0.3774
vn -0.8160 0.1952 -0.5440
vn -0.6959 0.1900 -0.6925
vn -0.5411 0.1940 -0.8183
vn -0.3781 0.1960 -0.9048
vn -0.1897 0.1937 -0.9625
vn -0.0000 0.1936 0.9811
vn 0.3778 0.1969 -0.9047
vn 0.1144 0.9786 -0.1712
vn -0.0698 0.9832 0.1686
vn -0.1014 0.9832 0.1518
vn 0.1518 0.9832 -0.1014
vn -0.1902 0.9786 0.0788
vn -0.1712 0.9786 0.1144
vn -0.1291 0.9832 0.1291
vn 0.1790 0.9832 -0.0356
vn 0.1686 0.9832 -0.0698
vn -0.1518 0.9832 0.1014
vn 0.1456 0.9786 -0.1456
vn 0.1825 0.9832 -0.0000
vn -0.2019 0.9786 0.0402
vn 0.1902 0.9786 -0.0788
vn 0.1712 0.9786 -0.1144
vn -0.2019 0.9786 -0.0402
vn -0.2059 0.9786 -0.0000
vn -0.1686 0.9832 0.0698
vn 0.2019 0.9786 -0.0402
vn 0.1686 0.9832 0.0698
vn 0.1790 0.9832 0.0356
vn 0.2059 0.9786 -0.0000
vn -0.1790 0.9832 0.0356
vn -0.1825 0.9832 -0.0000
vn 0.1518 0.9832 0.1014
vn -0.1902 0.9786 -0.0788
vn -0.1790 0.9832 -0.0356
vn 0.1291 0.9832 0.1291
vn -0.1712 0.9786 -0.1144
vn 0.1902 0.9786 0.0788
vn 0.2019 0.9786 0.0402
vn -0.1144 0.9786 -0.1712
vn 0.1014 0.9832 0.1518
vn -0.1686 0.9832 -0.0699
vn 0.1712 0.9786 0.1144
vn -0.0788 0.9786 -0.1902
vn -0.0402 0.9786 0.2019
vn -0.0000 0.9786 0.2059
vn -0.1518 0.9832 -0.1014
vn 0.1456 0.9786 0.1456
vn 0.0698 0.9832 0.1686
vn -0.0402 0.9786 -0.2019
vn -0.0788 0.9786 0.1902
vn 0.0356 0.9832 -0.1790
vn 0.0698 0.9832 -0.1686
vn 0.1144 0.9786 0.1712
vn -0.1291 0.9832 -0.1291
vn -0.1014 0.9832 -0.1518
vn -0.0000 0.9786 -0.2059
vn 0.0356 0.9832 0.1790
vn -0.0000 0.9832 0.1825
vn 0.1014 0.9832 -0.1518
vn 0.0788 0.9786 0.1902
vn -0.0698 0.9832 -0.1686
vn 0.0402 0.9786 -0.2019
vn 0.1291 0.9832 -0.1291
vn -0.1144 0.9786 0.1712
vn -0.0356 0.9832 0.1790
vn 0.0788 0.9786 -0.1902
vn 0.1504 0.9771 -0.1504
vn -0.1504 0.9771 -0.1504
vn -0.0000 0.9809 0.1946
vn 0.1504 -0.9771 -0.1504
vn -0.1504 -0.9771 0.1504
vn -0.1504 -0.9771 -0.1504
vn -0.1535 0.2513 -0.9557
vn 0.9556 0.2514 0.1535
vn 0.9556 0.2513 -0.1535
vn 0.1905 0.1937 -0.9624
vn -0.9557 0.2513 0.1535
vn -0.1535 0.2513 0.9556
vn 0.1535 0.2513 0.9556
vn -0.0506 0.9974 -0.0506
vn 0.0507 0.9974 -0.0507
vn 0.0507 0.9974 0.0506
vn -0.0507 0.9974 -0.0507
vn -0.0506 0.9974 0.0506
vn -0.0507 0.9974 0.0507
vn 0.0506 0.9974 0.0506
vn 0.0412 0.9786 -0.2018
vn -0.1204 0.9780 -0.1702
vn -0.1468 0.9776 -0.1509
vn 0.0749 0.9791 -0.1891
vn -0.0750 0.9789 -0.1903
vn 0.2058 0.9786 -0.0000
vn 0.2089 0.9768 -0.0464
vn 0.1736 0.9789 -0.1076
vn 0.1411 0.9783 -0.1518
vn -0.1732 0.9789 0.1085
vn -0.1416 0.9783 0.1513
vn -0.2085 0.9770 0.0443
vn -0.1986 0.9769 0.0793
vn -0.2062 0.9785 0.0022
vn -0.2021 0.9784 -0.0425
vn -0.1916 0.9785 -0.0766
vn -0.1692 0.9789 -0.1145
vn 0.1211 0.9779 -0.1703
vn -0.1206 0.9780 0.1702
vn -0.0749 0.9788 0.1905
vn 0.2008 0.9764 -0.0793
vn 0.2040 0.9781 0.0422
vn 0.1922 0.9784 0.0761
vn 0.1211 0.9779 0.1703
vn 0.1470 0.9775 0.1515
vn 0.0746 0.9787 0.1911
vn 0.0433 0.9784 0.2020
vn -0.0003 0.9793 0.2024
vn -0.0425 0.9785 0.2019
vn 0.1687 0.9790 0.1145
vn 0.5774 0.5774 0.5773
vn 0.6965 0.1726 0.6965
vn 0.6965 0.6965 0.1725
vn 0.1726 0.6965 0.6965
vn 0.5774 0.5774 -0.5773
vn 0.6965 0.6965 -0.1725
vn 0.6965 0.1726 -0.6965
vn 0.1726 0.6965 -0.6965
vn -0.5774 0.5774 0.5773
vn -0.6965 0.6965 0.1725
vn -0.6965 0.1726 0.6965
vn -0.1726 0.6965 0.6965
vn -0.5774 0.5774 -0.5773
vn -0.6965 0.1726 -0.6965
vn -0.6965 0.6965 -0.1725
vn -0.1726 0.6965 -0.6965
vn -0.6965 0.6965 -0.1726
vn -0.6965 0.6965 0.1726
vn 0.6965 0.6965 -0.1726
vn 0.6965 0.6965 0.1726
vn -0.5774 -0.5774 -0.5773
vn -0.6965 -0.6965 -0.1726
vn -0.6965 -0.1726 -0.6965
vn -0.1726 -0.6965 -0.6965
vn -0.5774 -0.5774 0.5773
vn -0.6965 -0.6965 0.1726
vn -0.1726 -0.6965 0.6965
vn -0.6965 -0.1726 0.6965
vn 0.5774 -0.5774 -0.5773
vn 0.6965 -0.6965 -0.1726
vn 0.1726 -0.6965 -0.6965
vn 0.6965 -0.1726 -0.6965
vn 0.5774 -0.5774 0.5773
vn 0.6965 -0.6965 0.1726
vn 0.6965 -0.1726 0.6965
vn 0.1726 -0.6965 0.6965
vn 0.5773 0.5773 -0.5774
vn -0.5773 0.5773 -0.5774
vn 0.5773 0.5773 0.5774
vn -0.5773 0.5773 0.5774
vn 0.5774 -0.5773 -0.5774
vn -0.5774 -0.5773 -0.5774
vn 0.5774 -0.5773 0.5774
vn -0.5774 -0.5773 0.5774
vn -0.2742 -0.9217 -0.2742
vn -0.5540 -0.6214 -0.5540
vn -0.5540 -0.6214 0.5540
vn -0.2742 -0.9217 0.2742
vn -0.8421 -0.3813 0.3813
vn -0.6165 -0.5567 0.5567
vn -0.9167 -0.1128 0.3834
vn -0.9167 -0.3834 0.1128
vn -0.9524 0.3006 0.0503
vn -0.8421 -0.3813 -0.3813
vn -0.9167 -0.3834 -0.1128
vn -0.6165 -0.5567 -0.5567
vn -0.9167 -0.1128 -0.3834
vn -0.9524 0.3006 -0.0503
vn 0.2742 -0.9217 -0.2742
vn 0.5540 -0.6214 -0.5540
vn -0.3813 -0.3813 -0.8421
vn -0.5567 -0.5567 -0.6165
vn -0.3834 -0.1128 -0.9167
vn -0.1128 -0.3834 -0.9167
vn 0.3006 -0.0503 -0.9524
vn 0.3813 -0.3813 -0.8421
vn 0.1128 -0.3834 -0.9167
vn 0.5567 -0.5567 -0.6165
vn 0.3834 -0.1128 -0.9167
vn -0.3006 -0.0503 -0.9524
vn 0.8421 0.3814 -0.3813
vn 0.6166 0.5567 -0.5567
vn 0.9167 0.3834 -0.1128
vn 0.9167 0.1128 -0.3834
vn 0.9872 -0.1524 -0.0465
vn 0.8421 -0.3813 -0.3813
vn 0.9167 -0.1128 -0.3834
vn 0.6165 -0.5567 -0.5567
vn 0.9167 -0.3834 -0.1128
vn 0.9524 0.3006 -0.0503
vn 0.3813 0.3813 -0.8421
vn 0.3834 0.1128 -0.9167
vn 0.5567 0.5567 -0.6165
vn 0.1128 0.3834 -0.9167
vn -0.3513 0.0507 -0.9349
vn -0.3813 -0.3813 0.8421
vn -0.5567 -0.5567 0.6165
vn -0.1128 -0.3834 0.9167
vn -0.3834 -0.1128 0.9167
vn 0.3006 -0.0503 0.9524
vn -0.3813 0.3813 0.8421
vn -0.3834 0.1128 0.9167
vn -0.5567 0.5567 0.6165
vn -0.1128 0.3834 0.9167
vn 0.3513 0.0507 0.9349
vn -0.8421 0.3814 0.3813
vn -0.6166 0.5567 0.5567
vn -0.9167 0.3834 0.1128
vn -0.9167 0.1128 0.3834
vn -0.9872 -0.1524 0.0465
vn 0.3813 0.3814 0.8421
vn 0.5567 0.5567 0.6165
vn 0.1128 0.3834 0.9167
vn 0.3834 0.1128 0.9167
vn -0.3513 0.0507 0.9349
vn 0.3813 -0.3813 0.8421
vn 0.3834 -0.1128 0.9167
vn 0.5567 -0.5567 0.6165
vn 0.1128 -0.3834 0.9167
vn -0.3006 -0.0503 0.9524
vn 0.8421 -0.3813 0.3813
vn 0.6165 -0.5567 0.5567
vn 0.9167 -0.3834 0.1128
vn 0.9167 -0.1128 0.3834
vn 0.9524 0.3006 0.0503
vn 0.8421 0.3813 0.3813
vn 0.9167 0.1128 0.3834
vn 0.6165 0.5567 0.5567
vn 0.9167 0.3834 0.1128
vn 0.9872 -0.1524 0.0466
vn -0.3813 0.3814 -0.8421
vn -0.5567 0.5567 -0.6165
vn -0.1128 0.3834 -0.9167
vn -0.3834 0.1128 -0.9167
vn 0.3513 0.0507 -0.9349
vn -0.8421 0.3813 -0.3813
vn -0.9167 0.1128 -0.3834
vn -0.6165 0.5567 -0.5567
vn -0.9167 0.3834 -0.1128
vn -0.9872 -0.1524 -0.0466
vn 0.2742 0.9217 0.2742
vn 0.5718 0.5884 0.5718
vn -0.5718 0.5883 0.5718
vn -0.2742 0.9217 0.2742
vn 0.2742 0.9217 -0.2742
vn 0.5718 0.5883 -0.5718
vn 0.5540 -0.6214 0.5540
vn 0.2742 -0.9217 0.2742
vn -0.5718 0.5884 -0.5718
vn -0.2742 0.9217 -0.2742
vn 0.1841 -0.9655 0.1841
vn 0.3954 -0.8290 0.3954
vn 0.0876 -0.7063 0.7025
vn 0.7025 -0.7063 -0.0876
vn 0.3954 -0.8290 -0.3954
vn 0.1841 -0.9655 -0.1841
vn -0.9655 0.1841 -0.1841
vn -0.8290 0.3954 -0.3954
vn -0.7063 0.0876 -0.7025
vn -0.7063 0.7025 0.0876
vn -0.8290 0.3954 0.3954
vn -0.9655 0.1841 0.1841
vn -0.1841 -0.9655 0.1841
vn -0.3954 -0.8290 0.3954
vn -0.7025 -0.7063 0.0876
vn 0.1841 0.1841 -0.9655
vn 0.3954 0.3954 -0.8290
vn 0.7025 0.0876 -0.7063
vn -0.0876 0.7025 -0.7063
vn -0.3954 0.3954 -0.8290
vn -0.1841 0.1841 -0.9655
vn 0.9655 -0.1841 0.1841
vn 0.8290 -0.3954 0.3954
vn 0.7063 0.0876 0.7025
vn 0.8290 0.3954 0.3954
vn 0.9655 0.1841 0.1841
vn -0.3954 -0.3954 -0.8290
vn -0.1841 -0.1841 -0.9655
vn 0.1841 0.1841 0.9655
vn 0.3954 0.3954 0.8290
vn 0.0876 0.7025 0.7063
vn 0.3954 -0.3954 0.8290
vn 0.1841 -0.1841 0.9655
vn -0.9655 -0.1841 -0.1841
vn -0.8290 -0.3954 -0.3954
vn -0.1841 -0.1841 0.9655
vn -0.3954 -0.3954 0.8290
vn -0.0876 -0.7025 0.7063
vn -0.7025 0.0876 0.7063
vn -0.3954 0.3954 0.8290
vn -0.1841 0.1841 0.9655
vn 0.9655 0.1841 -0.1841
vn 0.8290 0.3954 -0.3954
vn 0.7063 0.7025 -0.0876
vn 0.8290 -0.3954 -0.3954
vn 0.9655 -0.1841 -0.1841
vn 0.1841 -0.1841 -0.9655
vn 0.3954 -0.3954 -0.8290
vn 0.0876 -0.7025 -0.7063
vn -0.8290 -0.3954 0.3954
vn -0.9655 -0.1841 0.1841
vn -0.1841 0.9655 -0.1841
vn -0.3954 0.8290 -0.3954
vn -0.7025 0.7063 -0.0876
vn 0.0876 0.7063 -0.7025
vn 0.3954 0.8290 -0.3954
vn 0.1841 0.9655 -0.1841
vn -0.1841 0.9655 0.1841
vn -0.3954 0.8290 0.3954
vn -0.0876 0.7063 0.7025
vn -0.0876 -0.7063 -0.7025
vn -0.3954 -0.8290 -0.3954
vn -0.1841 -0.9655 -0.1841
vn 0.7025 0.7063 0.0876
vn 0.3954 0.8290 0.3954
vn 0.1841 0.9655 0.1841
vn 0.3177 -0.8934 0.3177
vn 0.4042 -0.9103 0.0897
vn 0.4197 -0.8048 0.4197
vn 0.0896 -0.9103 0.4041
vn 0.1014 -0.9884 0.1128
vn 0.0897 -0.9103 -0.4042
vn 0.4041 -0.9103 -0.0896
vn 0.1014 -0.9884 -0.1128
vn 0.3177 -0.8934 -0.3177
vn 0.4197 -0.8048 -0.4197
vn -0.8934 0.3177 -0.3177
vn -0.9103 0.4042 -0.0897
vn -0.8048 0.4197 -0.4197
vn -0.9103 0.0897 -0.4042
vn -0.9711 0.2140 -0.1054
vn -0.9103 0.0897 0.4042
vn -0.9103 0.4042 0.0897
vn -0.9711 0.2140 0.1054
vn -0.8934 0.3177 0.3177
vn -0.8048 0.4197 0.4197
vn -0.3177 -0.8934 0.3177
vn -0.0897 -0.9103 0.4042
vn -0.4197 -0.8048 0.4197
vn -0.4041 -0.9103 0.0896
vn -0.1014 -0.9884 0.1128
vn 0.3177 0.3177 -0.8934
vn 0.0897 0.4042 -0.9103
vn 0.4197 0.4197 -0.8048
vn 0.4042 0.0897 -0.9103
vn 0.2140 0.1054 -0.9711
vn -0.4042 0.0897 -0.9103
vn -0.0897 0.4042 -0.9103
vn -0.2140 0.1054 -0.9711
vn -0.3177 0.3177 -0.8934
vn -0.4197 0.4197 -0.8048
vn 0.8934 -0.3177 0.3177
vn 0.9103 -0.0897 0.4042
vn 0.7423 -0.6623 0.1013
vn 0.8048 -0.4197 0.4197
vn 0.9103 -0.4042 0.0897
vn 0.9723 -0.2096 0.1032
vn 0.9103 0.4042 0.0897
vn 0.9103 0.0897 0.4042
vn 0.9711 0.2140 0.1054
vn 0.8934 0.3177 0.3177
vn 0.8048 0.4197 0.4197
vn -0.0897 -0.4042 -0.9103
vn -0.4042 -0.0897 -0.9103
vn -0.1671 -0.1039 -0.9804
vn -0.3177 -0.3177 -0.8934
vn -0.6623 -0.1013 -0.7423
vn -0.4198 -0.4197 -0.8048
vn 0.3177 0.3177 0.8934
vn 0.4042 0.0897 0.9103
vn 0.4197 0.4197 0.8048
vn 0.0897 0.4042 0.9103
vn 0.2140 0.1054 0.9711
vn 0.0897 -0.4042 0.9103
vn 0.4042 -0.0897 0.9103
vn 0.1671 -0.1039 0.9804
vn 0.3177 -0.3177 0.8934
vn 0.6623 -0.1013 0.7423
vn 0.4198 -0.4197 0.8048
vn -0.8934 -0.3177 -0.3177
vn -0.9103 -0.0897 -0.4042
vn -0.7423 -0.6623 -0.1013
vn -0.8048 -0.4197 -0.4197
vn -0.9103 -0.4042 -0.0897
vn -0.9723 -0.2096 -0.1032
vn -0.3177 -0.3177 0.8934
vn -0.4042 -0.0897 0.9103
vn -0.4197 -0.4197 0.8048
vn -0.0897 -0.4042 0.9103
vn -0.1671 -0.1039 0.9804
vn -0.0896 0.4041 0.9103
vn -0.4042 0.0897 0.9103
vn -0.2140 0.1054 0.9711
vn -0.3177 0.3177 0.8934
vn -0.4197 0.4197 0.8048
vn 0.8934 0.3177 -0.3177
vn 0.9103 0.0897 -0.4042
vn 0.8048 0.4197 -0.4197
vn 0.9103 0.4042 -0.0897
vn 0.9711 0.2140 -0.1054
vn 0.9103 -0.4042 -0.0897
vn 0.9103 -0.0897 -0.4042
vn 0.9723 -0.2096 -0.1032
vn 0.8934 -0.3177 -0.3177
vn 0.7423 -0.1013 -0.6623
vn 0.8048 -0.4197 -0.4198
vn 0.3177 -0.3177 -0.8934
vn 0.4042 -0.0897 -0.9103
vn 0.4197 -0.4197 -0.8048
vn 0.0897 -0.4042 -0.9103
vn 0.1671 -0.1039 -0.9804
vn -0.9103 -0.4042 0.0897
vn -0.9103 -0.0897 0.4042
vn -0.9723 -0.2096 0.1032
vn -0.8934 -0.3177 0.3177
vn -0.7423 -0.1013 0.6623
vn -0.8048 -0.4197 0.4198
vn -0.3177 0.8934 -0.3177
vn -0.0897 0.9103 -0.4042
vn -0.4197 0.8048 -0.4197
vn -0.4042 0.9103 -0.0897
vn -0.1084 0.9655 -0.2370
vn 0.4042 0.9103 -0.0897
vn 0.0897 0.9103 -0.4042
vn 0.1084 0.9655 -0.2370
vn 0.3177 0.8934 -0.3177
vn 0.4197 0.8048 -0.4197
vn -0.3177 0.8934 0.3177
vn -0.4042 0.9103 0.0897
vn -0.4197 0.8048 0.4197
vn -0.0897 0.9103 0.4042
vn -0.1084 0.9655 0.2370
vn -0.4042 -0.9103 -0.0897
vn -0.0896 -0.9103 -0.4041
vn -0.1014 -0.9884 -0.1128
vn -0.3177 -0.8934 -0.3177
vn -0.4197 -0.8048 -0.4197
vn 0.0897 0.9103 0.4042
vn 0.4042 0.9103 0.0897
vn 0.1084 0.9655 0.2370
vn 0.3177 0.8934 0.3177
vn 0.4197 0.8048 0.4197
vn 0.8784 0.4500 0.1609
vn 0.4797 0.7347 0.4797
vn 0.6168 0.4891 0.6168
vn 0.5827 0.8008 0.1387
vn 0.1609 0.4500 0.8784
vn 0.1388 0.8008 0.5827
vn 0.4797 0.7347 -0.4797
vn 0.5827 0.8008 -0.1387
vn 0.6168 0.4891 -0.6168
vn 0.1388 0.8008 -0.5827
vn -0.1609 0.4500 -0.8784
vn -0.4797 0.7347 -0.4797
vn -0.1388 0.8008 -0.5827
vn -0.8784 0.4500 -0.1609
vn -0.6168 0.4891 -0.6168
vn -0.5827 0.8008 -0.1387
vn -0.4797 0.7347 0.4797
vn -0.5827 0.8008 0.1387
vn -0.6168 0.4891 0.6168
vn -0.1388 0.8008 0.5827
vn -0.1536 -0.4824 -0.8624
vn -0.4797 -0.7347 -0.4797
vn -0.6001 -0.5289 -0.6001
vn -0.1388 -0.8008 -0.5827
vn -0.5827 -0.8008 -0.1388
vn 0.4797 -0.7347 -0.4797
vn 0.1388 -0.8008 -0.5827
vn 0.8624 -0.4824 -0.1536
vn 0.6001 -0.5289 -0.6001
vn 0.5827 -0.8008 -0.1388
vn 0.4797 -0.7347 0.4797
vn 0.5827 -0.8008 0.1388
vn 0.1536 -0.4824 0.8624
vn 0.6001 -0.5289 0.6001
vn 0.1504 -0.9771 0.1504
vn 0.1388 -0.8008 0.5827
vn -0.4797 -0.7347 0.4797
vn -0.1388 -0.8008 0.5827
vn -0.8624 -0.4824 0.1536
vn -0.6001 -0.5289 0.6001
vn -0.5827 -0.8008 0.1388
vn -0.8784 -0.1609 -0.4500
vn -0.4797 -0.4797 -0.7347
vn -0.6168 -0.6168 -0.4891
vn -0.5827 -0.1387 -0.8008
vn -0.1387 -0.5827 -0.8008
vn -0.4797 0.4797 -0.7347
vn -0.5827 0.1387 -0.8008
vn -0.6168 0.6168 -0.4891
vn -0.1388 0.5827 -0.8008
vn 0.1609 0.8784 -0.4500
vn 0.4797 0.4797 -0.7347
vn 0.1387 0.5827 -0.8008
vn 0.8784 0.1609 -0.4500
vn 0.6168 0.6168 -0.4891
vn 0.1504 0.1504 -0.9771
vn 0.5827 0.1388 -0.8008
vn 0.4797 -0.4797 -0.7347
vn 0.5827 -0.1387 -0.8008
vn 0.1608 -0.8784 -0.4500
vn 0.6168 -0.6168 -0.4891
vn 0.1388 -0.5827 -0.8008
vn -0.7347 -0.4797 0.4797
vn -0.4891 -0.6168 0.6168
vn -0.8008 -0.1388 0.5827
vn -0.4500 -0.8784 0.1608
vn -0.8008 -0.5827 0.1388
vn -0.4500 0.1609 0.8784
vn -0.7347 0.4797 0.4797
vn -0.8008 0.1388 0.5827
vn -0.4500 0.8784 0.1608
vn -0.4891 0.6168 0.6168
vn -0.8008 0.5827 0.1388
vn -0.7347 0.4797 -0.4797
vn -0.8008 0.5827 -0.1388
vn -0.4500 0.1609 -0.8784
vn -0.4891 0.6168 -0.6168
vn -0.9771 0.1504 -0.1504
vn -0.8008 0.1388 -0.5827
vn -0.7347 -0.4797 -0.4797
vn -0.8008 -0.1387 -0.5827
vn -0.4891 -0.6168 -0.6168
vn -0.8008 -0.5827 -0.1388
vn -0.1608 -0.8784 0.4500
vn -0.4796 -0.4796 0.7348
vn -0.6168 -0.6168 0.4891
vn -0.1388 -0.5827 0.8008
vn -0.5827 -0.1387 0.8008
vn 0.4797 -0.4797 0.7347
vn 0.1387 -0.5827 0.8008
vn 0.8784 -0.1609 0.4500
vn 0.6168 -0.6168 0.4891
vn 0.5827 -0.1387 0.8008
vn 0.4797 0.4797 0.7347
vn 0.5827 0.1387 0.8008
vn 0.6168 0.6168 0.4891
vn 0.1504 0.1504 0.9771
vn 0.1388 0.5827 0.8008
vn -0.1609 0.8784 0.4500
vn -0.4797 0.4797 0.7347
vn -0.1387 0.5827 0.8008
vn -0.8784 0.1609 0.4500
vn -0.6168 0.6168 0.4891
vn -0.5827 0.1388 0.8008
vn 0.4500 0.8784 -0.1608
vn 0.7347 0.4797 -0.4797
vn 0.4891 0.6168 -0.6168
vn 0.8008 0.5827 -0.1388
vn 0.4500 0.1609 -0.8784
vn 0.8008 0.1388 -0.5827
vn 0.7347 0.4797 0.4797
vn 0.8008 0.5827 0.1388
vn 0.4500 0.1609 0.8784
vn 0.4891 0.6168 0.6168
vn 0.8008 0.1388 0.5827
vn 0.7347 -0.4797 0.4797
vn 0.8008 -0.1387 0.5827
vn 0.4891 -0.6168 0.6168
vn 0.9771 -0.1504 0.1504
vn 0.8008 -0.5827 0.1388
vn 0.4500 -0.8784 -0.1608
vn 0.7347 -0.4797 -0.4797
vn 0.8008 -0.5827 -0.1388
vn 0.4891 -0.6168 -0.6168
vn 0.8008 -0.1388 -0.5827
vn -0.0916 -0.2854 -0.9540
vn -0.4605 -0.3190 -0.8283
vn -0.1480 -0.5823 -0.7994
vn -0.4715 -0.6504 -0.5956
vn -0.1480 -0.7994 -0.5823
vn -0.9493 -0.2391 -0.2040
vn -0.6189 -0.3534 -0.7015
vn 0.1447 0.2373 -0.9606
vn 0.4715 0.6504 -0.5956
vn 0.1480 0.7994 -0.5823
vn 0.9493 0.2391 -0.2040
vn 0.6189 0.3534 -0.7015
vn 0.4606 0.8283 -0.3190
vn 0.4715 0.5956 -0.6503
vn 0.6189 0.7015 -0.3534
vn 0.1481 0.5822 -0.7994
vn 0.4606 0.3190 -0.8283
vn 0.9493 0.2040 -0.2391
vn 0.4714 -0.6504 -0.5956
vn 0.6189 -0.3534 -0.7015
vn 0.4605 -0.3190 -0.8283
vn 0.1480 -0.5823 -0.7994
vn 0.9493 -0.2391 -0.2040
vn 0.4606 -0.8283 -0.3190
vn -0.4715 0.5956 -0.6503
vn -0.1481 0.5822 -0.7994
vn -0.9493 0.2040 -0.2391
vn -0.6189 0.7015 -0.3534
vn -0.4606 0.3190 -0.8283
vn -0.4715 0.6504 -0.5956
vn -0.6189 0.3534 -0.7015
vn -0.1481 0.7994 -0.5822
vn -0.4606 0.8283 -0.3190
vn -0.9493 0.2391 -0.2040
vn 0.4715 0.5956 0.6503
vn 0.1481 0.5822 0.7994
vn 0.9493 0.2040 0.2391
vn 0.6189 0.7015 0.3534
vn 0.4606 0.3190 0.8283
vn 0.4715 0.6504 0.5956
vn 0.6189 0.3534 0.7015
vn 0.9493 0.2391 0.2040
vn 0.4606 0.8283 0.3190
vn -0.4715 0.5956 0.6503
vn -0.6189 0.7015 0.3534
vn -0.1481 0.5822 0.7994
vn -0.4606 0.3190 0.8283
vn -0.9493 0.2040 0.2391
vn -0.0916 0.2854 0.9540
vn -0.4715 0.6504 0.5956
vn -0.1480 0.7994 0.5823
vn -0.9493 0.2391 0.2040
vn -0.6189 0.3534 0.7015
vn -0.4714 -0.5956 -0.6504
vn -0.6189 -0.7015 -0.3534
vn 0.1447 -0.9606 -0.2373
vn 0.4714 -0.5956 -0.6504
vn 0.9493 -0.2040 -0.2391
vn 0.6189 -0.7015 -0.3534
vn 0.4714 -0.5956 0.6504
vn 0.6189 -0.7015 0.3534
vn 0.0916 -0.2854 0.9540
vn 0.4605 -0.3190 0.8283
vn 0.1480 -0.5823 0.7994
vn 0.9493 -0.2040 0.2391
vn 0.4715 -0.6504 0.5956
vn 0.1480 -0.7994 0.5823
vn 0.9493 -0.2391 0.2040
vn 0.6189 -0.3534 0.7015
vn -0.1447 -0.9606 0.2373
vn -0.4714 -0.5956 0.6504
vn -0.1480 -0.5823 0.7994
vn -0.9493 -0.2040 0.2391
vn -0.6189 -0.7015 0.3534
vn -0.0916 -0.9540 0.2854
vn -0.4606 -0.8283 0.3190
vn -0.1481 -0.7994 0.5822
vn -0.4714 -0.6504 0.5956
vn -0.6189 -0.3534 0.7015
vn -0.9493 -0.2391 0.2040
vn -0.9540 -0.2854 0.0916
vn -0.8283 -0.3190 0.4605
vn -0.7994 -0.5823 0.1480
vn -0.5956 -0.6504 0.4715
vn -0.5823 -0.7994 0.1480
vn -0.2040 -0.2391 0.9493
vn -0.7015 -0.3534 0.6189
vn -0.6503 0.5956 -0.4715
vn -0.3534 0.7015 -0.6189
vn -0.7994 0.5822 -0.1481
vn -0.8283 0.3190 -0.4606
vn -0.2391 0.2040 -0.9493
vn -0.9540 0.2854 -0.0916
vn -0.9606 0.2373 -0.1447
vn -0.5956 0.6504 -0.4715
vn -0.5823 0.7994 -0.1480
vn -0.2040 0.2391 -0.9493
vn -0.7015 0.3534 -0.6189
vn -0.5956 -0.6504 -0.4715
vn -0.7015 -0.3534 -0.6189
vn -0.3190 -0.8283 -0.4606
vn -0.5823 -0.7994 -0.1480
vn -0.2854 -0.9540 -0.0916
vn -0.2040 -0.2391 -0.9493
vn -0.2373 0.9606 0.1447
vn -0.6503 0.5956 0.4715
vn -0.7994 0.5822 0.1481
vn -0.2392 0.2040 0.9493
vn -0.3534 0.7015 0.6189
vn -0.8283 0.3190 0.4606
vn -0.5956 0.6504 0.4715
vn -0.7015 0.3534 0.6189
vn -0.5822 0.7994 0.1481
vn -0.3190 0.8283 0.4606
vn -0.2040 0.2391 0.9493
vn -0.6504 -0.5956 0.4714
vn -0.3534 -0.7015 0.6189
vn 0.5956 0.6504 -0.4715
vn 0.7015 0.3534 -0.6189
vn 0.5822 0.7994 -0.1481
vn 0.3190 0.8283 -0.4606
vn 0.2040 0.2391 -0.9493
vn 0.6503 0.5956 -0.4715
vn 0.7994 0.5822 -0.1481
vn 0.2392 0.2040 -0.9493
vn 0.3534 0.7015 -0.6189
vn 0.8283 0.3190 -0.4606
vn -0.2373 -0.9606 -0.1447
vn -0.6504 -0.5956 -0.4714
vn -0.7994 -0.5822 -0.1480
vn -0.2392 -0.2040 -0.9493
vn -0.3534 -0.7015 -0.6189
vn -0.8283 -0.3190 -0.4605
vn 0.5956 0.6504 0.4715
vn 0.5823 0.7994 0.1480
vn 0.2040 0.2391 0.9493
vn 0.7015 0.3534 0.6189
vn 0.3190 0.8283 0.4606
vn 0.6503 0.5956 0.4715
vn 0.3534 0.7015 0.6189
vn 0.7994 0.5822 0.1481
vn 0.8283 0.3190 0.4606
vn 0.2391 0.2040 0.9493
vn 0.5956 -0.6504 -0.4715
vn 0.5823 -0.7994 -0.1480
vn 0.2040 -0.2391 -0.9493
vn 0.7015 -0.3534 -0.6189
vn 0.6504 -0.5956 -0.4714
vn 0.7994 -0.5823 -0.1480
vn 0.8283 -0.3190 -0.4605
vn 0.3534 -0.7015 -0.6189
vn 0.9540 -0.2854 -0.0916
vn 0.2392 -0.2040 -0.9493
vn 0.2373 -0.9606 0.1447
vn 0.6504 -0.5956 0.4714
vn 0.7994 -0.5823 0.1480
vn 0.2392 -0.2040 0.9493
vn 0.3534 -0.7015 0.6189
vn 0.2854 -0.9540 0.0916
vn 0.3190 -0.8283 0.4606
vn 0.5823 -0.7994 0.1480
vn 0.5956 -0.6504 0.4715
vn 0.7015 -0.3534 0.6189
vn 0.2040 -0.2391 0.9493
vn 0.4524 0.7686 0.4524
vn 0.4402 0.8862 0.1446
vn 0.6462 0.4061 0.6462
vn 0.1445 0.8862 0.4402
vn -0.4524 0.7686 0.4524
vn -0.6462 0.4061 0.6462
vn -0.1445 0.8862 0.4402
vn -0.4402 0.8862 0.1446
vn -0.4524 0.7686 -0.4524
vn -0.6462 0.4061 -0.6462
vn -0.4402 0.8862 -0.1446
vn -0.1445 0.8862 -0.4402
vn -0.9556 0.2514 -0.1535
vn 0.1535 0.2514 -0.9556
vn 0.4524 0.7686 -0.4524
vn 0.1445 0.8862 -0.4402
vn 0.6462 0.4061 -0.6462
vn 0.4402 0.8862 -0.1446
vn -0.0000 0.6965 0.7175
vn -0.1400 0.6966 0.7037
vn -0.3986 0.6965 0.5966
vn -0.2746 0.6965 0.6629
vn -0.5073 0.6966 0.5073
vn -0.1456 0.9786 0.1456
vn -0.5966 0.6965 0.3986
vn -0.6629 0.6965 0.2746
vn -0.7037 0.6966 0.1400
vn -0.7175 0.6966 -0.0000
vn -0.7037 0.6966 -0.1400
vn -0.6629 0.6965 -0.2746
vn -0.5966 0.6965 -0.3986
vn -0.5073 0.6966 -0.5073
vn -0.1456 0.9786 -0.1456
vn -0.3986 0.6965 -0.5966
vn -0.2746 0.6965 -0.6629
vn -0.1400 0.6966 -0.7037
vn -0.0000 0.6966 -0.7175
vn 0.1400 0.6965 -0.7037
vn 0.2746 0.6966 -0.6629
vn 0.3986 0.6966 -0.5966
vn 0.5074 0.6965 -0.5074
vn 0.5966 0.6966 -0.3986
vn 0.6629 0.6965 -0.2746
vn 0.7037 0.6966 -0.1400
vn 0.7175 0.6966 -0.0000
vn 0.7037 0.6965 0.1400
vn 0.6629 0.6965 0.2746
vn 0.5966 0.6966 0.3986
vn 0.5074 0.6965 0.5074
vn 0.3986 0.6966 0.5966
vn 0.1400 0.6966 0.7037
vn 0.2746 0.6966 0.6629
vn 0.1353 0.7204 -0.6802
vn -0.0000 0.7204 -0.6935
vn 0.2654 0.7204 -0.6407
vn 0.3853 0.7205 -0.5766
vn 0.4904 0.7205 -0.4904
vn 0.5766 0.7205 -0.3853
vn 0.6407 0.7204 -0.2654
vn 0.6802 0.7205 -0.1353
vn 0.6802 0.7204 0.1353
vn 0.6935 0.7204 -0.0000
vn 0.6407 0.7204 0.2654
vn 0.5766 0.7205 0.3853
vn 0.4904 0.7205 0.4904
vn 0.3853 0.7204 0.5766
vn 0.2654 0.7204 0.6407
vn 0.1353 0.7204 0.6802
vn -0.0000 0.7204 0.6935
vn -0.1353 0.7205 0.6802
vn -0.2654 0.7205 0.6407
vn -0.4904 0.7205 0.4904
vn -0.3853 0.7204 0.5767
vn -0.5766 0.7205 0.3853
vn -0.6407 0.7204 0.2654
vn -0.6802 0.7204 0.1353
vn -0.6935 0.7204 -0.0000
vn -0.6802 0.7205 -0.1353
vn -0.6407 0.7204 -0.2654
vn -0.5766 0.7204 -0.3853
vn -0.3853 0.7205 -0.5766
vn -0.4904 0.7204 -0.4904
vn -0.2654 0.7205 -0.6407
vn -0.1353 0.7204 -0.6802
vn -0.0396 -0.9992 -0.0061
vn 0.0395 -0.9992 -0.0061
vn 0.0486 0.9199 -0.3891
vn 0.0486 0.9199 0.3891
vn -0.0395 -0.9992 0.0061
vn -0.0486 0.9199 -0.3891
vn -0.0486 0.9199 0.3891
vn 0.0396 -0.9992 0.0061
vn 0.0916 0.2854 -0.9540
vn 0.6889 0.2774 -0.6697
vn 0.6888 0.5126 -0.5126
vn 0.9767 0.0821 -0.1983
vn 0.1938 0.9064 -0.3754
vn 0.6889 0.6697 -0.2774
vn -0.6889 0.6697 -0.2774
vn -0.9767 0.1983 -0.0821
vn -0.6889 0.2774 -0.6697
vn -0.6889 0.5126 -0.5126
vn -0.1939 0.3754 -0.9064
vn 0.6889 0.6697 0.2774
vn 0.9767 0.1983 0.0821
vn 0.6889 0.2774 0.6697
vn 0.6889 0.5126 0.5126
vn 0.1939 0.3754 0.9064
vn -0.6889 0.2774 0.6697
vn -0.6888 0.5126 0.5126
vn -0.9767 0.0821 0.1983
vn -0.1938 0.9064 0.3754
vn -0.6889 0.6697 0.2774
vn -0.4606 0.8283 0.3190
vn 0.1481 0.7994 0.5822
vn 0.0916 -0.9540 -0.2854
vn 0.6889 -0.6697 -0.2774
vn 0.9767 -0.1983 -0.0821
vn 0.1938 -0.3754 -0.9064
vn 0.6888 -0.5126 -0.5126
vn 0.6889 -0.2774 -0.6697
vn -0.6889 -0.6697 -0.2774
vn -0.6888 -0.5126 -0.5126
vn -0.9767 -0.1518 -0.1518
vn -0.1939 -0.9064 -0.3754
vn -0.4606 -0.8283 -0.3190
vn -0.9767 -0.1983 -0.0821
vn -0.6889 -0.2774 -0.6697
vn 0.1480 -0.7994 -0.5823
vn 0.6889 -0.2774 0.6697
vn 0.6888 -0.5126 0.5126
vn 0.9767 -0.0821 0.1983
vn 0.6889 -0.6697 0.2774
vn 0.1939 -0.9064 0.3754
vn 0.4606 -0.8283 0.3190
vn -0.6889 -0.6697 0.2774
vn -0.9767 -0.1983 0.0821
vn -0.6888 -0.5126 0.5126
vn -0.6889 -0.2774 0.6697
vn -0.4605 -0.3190 0.8283
vn -0.6697 0.2774 -0.6889
vn -0.5126 0.5126 -0.6889
vn -0.1983 0.0821 -0.9767
vn -0.2774 0.6697 -0.6889
vn -0.3190 0.8283 -0.4606
vn -0.2854 0.9540 0.0916
vn -0.2774 0.6697 0.6889
vn -0.0821 0.1983 0.9767
vn -0.9064 0.3754 0.1938
vn -0.5126 0.5126 0.6889
vn -0.6697 0.2774 0.6889
vn 0.2854 0.9540 -0.0916
vn 0.2774 0.6697 -0.6889
vn 0.0821 0.1983 -0.9767
vn 0.9064 0.3754 -0.1938
vn 0.5126 0.5126 -0.6889
vn 0.6697 0.2774 -0.6889
vn 0.9540 0.2854 0.0916
vn 0.6697 0.2774 0.6889
vn 0.5126 0.5126 0.6889
vn 0.1983 0.0821 0.9767
vn 0.2774 0.6697 0.6889
vn -0.2774 -0.6697 -0.6889
vn -0.5126 -0.5126 -0.6889
vn -0.0821 -0.1983 -0.9767
vn -0.9064 -0.3754 -0.1938
vn -0.6697 -0.2774 -0.6889
vn -0.5126 -0.5126 0.6889
vn -0.2774 -0.6697 0.6889
vn -0.1518 -0.1518 0.9767
vn -0.3190 -0.8283 0.4606
vn -0.0821 -0.1983 0.9767
vn -0.6697 -0.2774 0.6889
vn 0.6697 -0.2774 -0.6889
vn 0.5126 -0.5126 -0.6889
vn 0.1983 -0.0821 -0.9767
vn 0.3754 -0.9064 -0.1938
vn 0.2774 -0.6697 -0.6889
vn 0.3190 -0.8283 -0.4606
vn 0.2774 -0.6697 0.6889
vn 0.5126 -0.5126 0.6889
vn 0.0821 -0.1983 0.9767
vn 0.6697 -0.2774 0.6889
vn 0.8283 -0.3190 0.4605
vn -0.0380 0.9809 0.1909
vn -0.0000 0.7205 0.6935
vn -0.0745 0.9809 0.1798
vn -0.1081 0.9809 0.1618
vn -0.3853 0.7205 0.5766
vn -0.1290 0.9832 0.1290
vn -0.1618 0.9809 0.1081
vn -0.6407 0.7205 0.2654
vn -0.1798 0.9809 0.0745
vn -0.6802 0.7205 0.1353
vn -0.1909 0.9809 0.0380
vn -0.6935 0.7205 -0.0000
vn -0.1946 0.9809 -0.0000
vn -0.1909 0.9809 -0.0380
vn -0.6407 0.7205 -0.2654
vn -0.1798 0.9809 -0.0745
vn -0.5766 0.7205 -0.3853
vn -0.1618 0.9809 -0.1081
vn -0.1376 0.9809 -0.1376
vn -0.4904 0.7205 -0.4904
vn -0.1081 0.9809 -0.1618
vn -0.0745 0.9809 -0.1798
vn -0.0380 0.9809 -0.1909
vn -0.1353 0.7205 -0.6802
vn -0.0000 0.7205 -0.6935
vn 0.0380 0.9809 -0.1909
vn 0.1353 0.7205 -0.6801
vn 0.0745 0.9809 -0.1798
vn 0.2654 0.7205 -0.6407
vn 0.1081 0.9809 -0.1618
vn 0.1376 0.9809 -0.1376
vn 0.1618 0.9809 -0.1081
vn 0.1798 0.9809 -0.0745
vn 0.6407 0.7205 -0.2654
vn 0.1909 0.9809 -0.0380
vn 0.1947 0.9809 -0.0000
vn 0.6935 0.7205 -0.0000
vn 0.6801 0.7205 0.1353
vn 0.1909 0.9809 0.0380
vn 0.6407 0.7205 0.2654
vn 0.1798 0.9809 0.0745
vn 0.1618 0.9809 0.1081
vn 0.1290 0.9832 0.1290
vn 0.1081 0.9809 0.1618
vn 0.3853 0.7205 0.5766
vn 0.0745 0.9809 0.1798
vn 0.2654 0.7205 0.6407
vn 0.1353 0.7205 0.6802
vn 0.0380 0.9809 0.1909
vn -0.1404 0.6966 -0.7036
vn 0.0001 0.6994 -0.7148
vn -0.3997 0.6966 0.5958
vn -0.2726 0.6997 0.6603
vn 0.6740 0.6843 -0.2784
vn 0.5915 0.7042 -0.3927
vn -0.5033 0.7006 0.5059
vn 0.7115 0.6881 -0.1423
vn -0.5923 0.7029 0.3937
vn -0.6721 0.6863 0.2779
vn 0.7066 0.6935 0.1408
vn -0.7124 0.6872 0.1421
vn 0.6631 0.6966 0.2739
vn -0.7175 0.6966 0.0004
vn 0.5940 0.6995 0.3973
vn -0.7039 0.6962 -0.1404
vn 0.5111 0.6906 0.5117
vn -0.6630 0.6966 -0.2741
vn 0.3998 0.6966 0.5957
vn -0.5946 0.6989 -0.3976
vn 0.2726 0.6996 0.6605
vn 0.1402 0.6966 -0.7036
vn -0.5107 0.6912 -0.5113
vn 0.1406 0.6966 0.7035
vn 0.2722 0.7012 -0.6590
vn -0.3997 0.6966 -0.5958
vn -0.0001 0.7013 0.7129
vn 0.3998 0.6966 -0.5957
vn -0.2726 0.6999 -0.6602
vn -0.1404 0.6966 0.7036
vn 0.5020 0.7019 -0.5052
vn -1.0000 -0.0001 -0.0000
vn 1.0000 0.0001 -0.0000
vn -0.0001 1.0000 -0.0000
vn 0.0001 -1.0000 -0.0000
vt 0.433677 0.427701
vt 0.427070 0.434322
vt 0.426986 0.427701
vt 0.439516 0.427701
vt 0.433943 0.434488
vt 0.427307 0.439935
vt 0.437418 0.437690
vt 0.433792 0.439055
vt 0.018321 0.211311
vt 0.011700 0.204690
vt 0.018321 0.204690
vt 0.018321 0.216924
vt 0.011534 0.211477
vt 0.006087 0.204690
vt 0.008332 0.214679
vt 0.006967 0.211133
vt 0.427070 0.011700
vt 0.433678 0.018321
vt 0.426987 0.018321
vt 0.427306 0.006087
vt 0.433944 0.011534
vt 0.439516 0.018321
vt 0.437417 0.008332
vt 0.438693 0.011878
vt 0.011700 0.241332
vt 0.018321 0.234711
vt 0.018321 0.241332
vt 0.006087 0.241332
vt 0.011534 0.234545
vt 0.018321 0.229098
vt 0.008332 0.231343
vt 0.011878 0.229977
vt 0.241073 0.434322
vt 0.234465 0.427701
vt 0.240990 0.427701
vt 0.241310 0.439935
vt 0.234400 0.434488
vt 0.229101 0.427701
vt 0.231483 0.437690
vt 0.230034 0.434144
vt 0.234463 0.018321
vt 0.241071 0.011700
vt 0.240988 0.018321
vt 0.229098 0.018321
vt 0.234398 0.011534
vt 0.241307 0.006087
vt 0.231480 0.008332
vt 0.234933 0.006967
vt 0.433678 0.204690
vt 0.427070 0.211311
vt 0.426987 0.204690
vt 0.439516 0.204690
vt 0.433944 0.211477
vt 0.427307 0.216924
vt 0.437417 0.214679
vt 0.433792 0.216044
vt 0.211311 0.204690
vt 0.204690 0.211311
vt 0.204690 0.204690
vt 0.216924 0.204690
vt 0.211477 0.211477
vt 0.204690 0.216924
vt 0.214679 0.214679
vt 0.211133 0.216044
vt 0.649659 0.234711
vt 0.656266 0.241332
vt 0.649575 0.241332
vt 0.649896 0.229098
vt 0.656532 0.234545
vt 0.662105 0.241332
vt 0.660007 0.231343
vt 0.661283 0.234889
vt 0.241071 0.211311
vt 0.234463 0.204690
vt 0.240988 0.204690
vt 0.241307 0.216924
vt 0.234398 0.211477
vt 0.229098 0.204690
vt 0.231480 0.214679
vt 0.230031 0.211133
vt 0.457054 0.241332
vt 0.463662 0.234711
vt 0.463579 0.241332
vt 0.451690 0.241332
vt 0.456989 0.234545
vt 0.463899 0.229098
vt 0.454072 0.231343
vt 0.457525 0.229977
vt 0.204690 0.234711
vt 0.211311 0.241332
vt 0.204690 0.241332
vt 0.204690 0.229098
vt 0.211477 0.234545
vt 0.216924 0.241332
vt 0.214679 0.231343
vt 0.216044 0.234889
vt 0.427070 0.234711
vt 0.433677 0.241332
vt 0.426986 0.241332
vt 0.427307 0.229098
vt 0.433943 0.234545
vt 0.439516 0.241332
vt 0.437418 0.231343
vt 0.438694 0.234889
vt 0.656269 0.204690
vt 0.649661 0.211311
vt 0.649578 0.204690
vt 0.662107 0.204690
vt 0.656535 0.211477
vt 0.649898 0.216924
vt 0.660009 0.214679
vt 0.656383 0.216044
vt 0.011700 0.018321
vt 0.018321 0.011700
vt 0.018321 0.018321
vt 0.006087 0.018321
vt 0.011534 0.011534
vt 0.018321 0.006087
vt 0.008332 0.008332
vt 0.011878 0.006967
vt 0.463663 0.211311
vt 0.457055 0.204690
vt 0.463580 0.204690
vt 0.463899 0.216924
vt 0.456990 0.211477
vt 0.451690 0.204690
vt 0.454072 0.214679
vt 0.452623 0.211133
vt 0.234465 0.241332
vt 0.241073 0.234711
vt 0.240990 0.241332
vt 0.229101 0.241332
vt 0.234400 0.234545
vt 0.241310 0.229098
vt 0.231483 0.231343
vt 0.234936 0.229977
vt 0.018321 0.434322
vt 0.011700 0.427701
vt 0.018321 0.427701
vt 0.018321 0.439935
vt 0.011534 0.434488
vt 0.006087 0.427701
vt 0.008332 0.437690
vt 0.006967 0.434144
vt 0.649661 0.011700
vt 0.656269 0.018321
vt 0.649578 0.018321
vt 0.649898 0.006087
vt 0.656535 0.011534
vt 0.662107 0.018321
vt 0.660008 0.008332
vt 0.661285 0.011878
vt 0.656266 0.427701
vt 0.649659 0.434322
vt 0.649575 0.427701
vt 0.662105 0.427701
vt 0.656532 0.434488
vt 0.649896 0.439935
vt 0.660007 0.437690
vt 0.656381 0.439055
vt 0.204690 0.011700
vt 0.211311 0.018321
vt 0.204690 0.018321
vt 0.204690 0.006087
vt 0.211477 0.011534
vt 0.216924 0.018321
vt 0.214679 0.008332
vt 0.216044 0.011878
vt 0.211311 0.427701
vt 0.204690 0.434322
vt 0.204690 0.427701
vt 0.216924 0.427701
vt 0.211477 0.434488
vt 0.204690 0.439935
vt 0.214679 0.437690
vt 0.211133 0.439055
vt 0.463662 0.434322
vt 0.457054 0.427701
vt 0.463579 0.427701
vt 0.463899 0.439935
vt 0.456989 0.434488
vt 0.451690 0.427701
vt 0.454072 0.437690
vt 0.452623 0.434144
vt 0.457055 0.018321
vt 0.463663 0.011700
vt 0.463580 0.018321
vt 0.451690 0.018321
vt 0.456990 0.011534
vt 0.463899 0.006087
vt 0.454072 0.008332
vt 0.457525 0.006967
vt 0.980272 0.615622
vt 0.974877 0.454843
vt 0.980272 0.459562
vt 0.920459 0.642345
vt 0.926163 0.803101
vt 0.920459 0.798092
vt 0.980731 0.642703
vt 0.986126 0.803483
vt 0.980731 0.798763
vt 0.887203 0.013184
vt 0.892907 0.173941
vt 0.887203 0.168933
vt 0.831005 0.392611
vt 0.836710 0.231832
vt 0.836710 0.397331
vt 0.924664 0.236194
vt 0.930369 0.396950
vt 0.924664 0.391941
vt 0.831007 0.013541
vt 0.836712 0.174320
vt 0.831007 0.169600
vt 0.924666 0.169616
vt 0.930371 0.008860
vt 0.930371 0.174028
vt 0.934568 0.615638
vt 0.940272 0.454882
vt 0.940272 0.620050
vt 0.189228 0.459562
vt 0.195219 0.620342
vt 0.189228 0.615622
vt 0.905935 0.169617
vt 0.911639 0.008860
vt 0.911639 0.174030
vt 0.970372 0.169600
vt 0.964976 0.008821
vt 0.970372 0.013541
vt 0.189228 0.642703
vt 0.195218 0.803483
vt 0.189228 0.798763
vt 0.882995 0.798763
vt 0.888699 0.637984
vt 0.888699 0.803483
vt 0.215177 0.798763
vt 0.209186 0.637983
vt 0.215177 0.642703
vt 0.887201 0.236552
vt 0.892905 0.397331
vt 0.887201 0.392611
vt 0.849737 0.236552
vt 0.855442 0.397331
vt 0.849737 0.392611
vt 0.849739 0.013541
vt 0.855444 0.174320
vt 0.849739 0.169600
vt 0.208290 0.459562
vt 0.214281 0.620342
vt 0.208290 0.615622
vt 0.901727 0.642346
vt 0.907431 0.803103
vt 0.901727 0.798095
vt 0.413603 0.636611
vt 0.555720 0.636611
vt 0.484662 0.648491
vt 0.905933 0.392628
vt 0.911637 0.231871
vt 0.911637 0.397041
vt 0.875027 0.392611
vt 0.869323 0.231832
vt 0.875027 0.236552
vt 0.875029 0.169600
vt 0.869325 0.008821
vt 0.875029 0.013541
vt 0.199081 0.422091
vt 0.023930 0.422091
vt 0.469178 0.199081
vt 0.469178 0.023930
vt 0.023930 0.246941
vt 0.246588 0.422091
vt 0.246588 0.246941
vt 0.246586 0.023930
vt 0.421389 0.023930
vt 0.421388 0.422091
vt 0.643977 0.422091
vt 0.469177 0.422091
vt 0.643980 0.023930
vt 0.469177 0.246941
vt 0.643977 0.246941
vt 0.421389 0.199081
vt 0.246587 0.199081
vt 0.421388 0.246941
vt 0.643980 0.199081
vt 0.199081 0.023930
vt 0.199081 0.199081
vt 0.023930 0.199081
vt 0.199081 0.246941
vt 0.023930 0.023930
vt 0.111330 0.822416
vt 0.106412 0.967183
vt 0.106412 0.820590
vt 0.909163 0.966380
vt 0.902887 0.822018
vt 0.909163 0.820080
vt 0.092085 0.822416
vt 0.087167 0.967183
vt 0.087167 0.820590
vt 0.954460 0.598732
vt 0.960736 0.454138
vt 0.960736 0.600440
vt 0.733554 0.939012
vt 0.739830 0.794245
vt 0.739830 0.940838
vt 0.028017 0.820314
vt 0.034293 0.964676
vt 0.028017 0.966614
vt 0.760600 0.796071
vt 0.754325 0.940838
vt 0.754325 0.794245
vt 0.961121 0.781535
vt 0.967397 0.637173
vt 0.967397 0.783473
vt 0.007247 0.964676
vt 0.013523 0.820314
vt 0.013523 0.966614
vt 0.670904 0.794463
vt 0.677283 0.939231
vt 0.670904 0.941057
vt 0.940351 0.944266
vt 0.946627 0.799901
vt 0.946627 0.946203
vt 0.053594 0.822416
vt 0.048675 0.967183
vt 0.048675 0.820590
vt 0.719010 0.796290
vt 0.712632 0.941057
vt 0.712632 0.794463
vt 0.781371 0.796071
vt 0.775095 0.940838
vt 0.775095 0.794245
vt 0.698147 0.796290
vt 0.691768 0.941057
vt 0.691768 0.794463
vt 0.795865 0.794245
vt 0.802141 0.939012
vt 0.795865 0.940838
vt 0.822911 0.940838
vt 0.816635 0.796071
vt 0.822911 0.794245
vt 0.837406 0.794245
vt 0.843681 0.939012
vt 0.837406 0.940838
vt 0.650040 0.794463
vt 0.656419 0.939231
vt 0.650040 0.941057
vt 0.944559 0.152711
vt 0.950835 0.008116
vt 0.950835 0.154418
vt 0.964167 0.236552
vt 0.969562 0.397331
vt 0.964167 0.392611
vt 0.944557 0.375385
vt 0.950833 0.231022
vt 0.950833 0.377323
vt 0.858176 0.939012
vt 0.864452 0.794245
vt 0.864452 0.940838
vt 0.940351 0.637230
vt 0.946627 0.781997
vt 0.940351 0.783823
vt 0.014313 0.460334
vt 0.014313 0.614850
vt 0.168828 0.460334
vt 0.168828 0.614850
vt 0.921005 0.453471
vt 0.779172 0.595588
vt 0.779172 0.453471
vt 0.391842 0.460334
vt 0.237326 0.460334
vt 0.391842 0.614850
vt 0.237326 0.614850
vt 0.675671 0.149566
vt 0.817505 0.007449
vt 0.817505 0.149566
vt 0.392014 0.643475
vt 0.237808 0.643475
vt 0.392014 0.797991
vt 0.237808 0.797991
vt 0.727599 0.636611
vt 0.869432 0.778728
vt 0.727599 0.778728
vt 0.757957 0.460334
vt 0.603749 0.460334
vt 0.757957 0.614850
vt 0.603749 0.614850
vt 0.675668 0.230460
vt 0.817503 0.372577
vt 0.675668 0.372577
vt 0.014794 0.643475
vt 0.014794 0.797991
vt 0.169001 0.643475
vt 0.169001 0.797991
vt 0.017231 0.290637
vt 0.575156 0.614850
vt 0.575156 0.460334
vt 0.420947 0.614850
vt 0.420947 0.460334
vt 0.737323 0.198631
vt 0.734153 0.193463
vt 0.744124 0.191880
vt 0.383696 0.901022
vt 0.394363 0.820099
vt 0.394363 0.901022
vt 0.737320 0.391676
vt 0.742230 0.388112
vt 0.744121 0.398426
vt 0.125847 0.820099
vt 0.136895 0.901022
vt 0.125847 0.901022
vt 0.151641 0.901022
vt 0.162689 0.820099
vt 0.162689 0.901022
vt 0.538992 0.905151
vt 0.549660 0.986073
vt 0.538992 0.986073
vt 0.737320 0.418309
vt 0.742230 0.414745
vt 0.744121 0.425060
vt 0.737323 0.171998
vt 0.734153 0.166830
vt 0.744124 0.165247
vt 0.307282 0.901022
vt 0.318330 0.820099
vt 0.318330 0.901022
vt 0.564348 0.905151
vt 0.575015 0.986073
vt 0.564348 0.986073
vt 0.794451 0.175345
vt 0.784163 0.175697
vt 0.784489 0.173706
vt 0.787686 0.394982
vt 0.784487 0.389832
vt 0.794448 0.388192
vt 0.787688 0.198468
vt 0.784489 0.193319
vt 0.794451 0.191679
vt 0.067979 0.965357
vt 0.072898 0.820590
vt 0.072898 0.967183
vt 0.787686 0.418201
vt 0.792616 0.414665
vt 0.794448 0.424990
vt 0.292759 0.820099
vt 0.281711 0.901022
vt 0.281711 0.820099
vt 0.006087 0.067626
vt 0.006087 0.290637
vt 0.439516 0.378396
vt 0.656266 0.290637
vt 0.229101 0.290637
vt 0.457054 0.378396
vt 0.234465 0.378396
vt 0.205780 0.067626
vt 0.205780 0.155385
vt 0.240412 0.290637
vt 0.211311 0.067626
vt 0.216924 0.155385
vt 0.662105 0.378396
vt 0.457054 0.290637
vt 0.451690 0.290637
vt 0.067626 0.428790
vt 0.463001 0.290637
vt 0.211311 0.290637
vt 0.216924 0.378396
vt 0.205780 0.378396
vt 0.427579 0.378396
vt 0.650168 0.378396
vt 0.017231 0.155385
vt 0.017231 0.067626
vt 0.011700 0.155385
vt 0.011700 0.378396
vt 0.433677 0.290637
vt 0.203229 0.820099
vt 0.214277 0.901022
vt 0.203229 0.901022
vt 0.589704 0.986073
vt 0.600371 0.905151
vt 0.600371 0.986073
vt 0.762479 0.395009
vt 0.759310 0.389841
vt 0.769280 0.388258
vt 0.762479 0.418309
vt 0.767389 0.414745
vt 0.769280 0.425060
vt 0.177435 0.901022
vt 0.188483 0.820099
vt 0.188483 0.901022
vt 0.615059 0.905151
vt 0.625726 0.986073
vt 0.615059 0.986073
vt 0.762482 0.195298
vt 0.767391 0.191734
vt 0.769282 0.202049
vt 0.762482 0.171998
vt 0.759312 0.166830
vt 0.769282 0.165247
vt 0.255944 0.901022
vt 0.266992 0.820099
vt 0.266992 0.901022
vt 0.332984 0.820099
vt 0.343652 0.901022
vt 0.332984 0.901022
vt 0.844780 0.424990
vt 0.834493 0.425341
vt 0.834819 0.423350
vt 0.812852 0.421615
vt 0.809653 0.416465
vt 0.819614 0.414826
vt 0.812854 0.198468
vt 0.809655 0.193319
vt 0.819617 0.191679
vt 0.981940 0.901022
vt 0.992607 0.820099
vt 0.992607 0.901022
vt 0.838020 0.195054
vt 0.842950 0.191518
vt 0.844783 0.201843
vt 0.241422 0.820099
vt 0.230373 0.901022
vt 0.230373 0.820099
vt 0.650171 0.155385
vt 0.067626 0.434322
vt 0.067626 0.439935
vt 0.662107 0.155385
vt 0.067626 0.006087
vt 0.067626 0.011700
vt 0.463002 0.067626
vt 0.067626 0.205780
vt 0.155385 0.216924
vt 0.155385 0.211311
vt 0.427580 0.155385
vt 0.155385 0.229098
vt 0.433678 0.067626
vt 0.067626 0.211311
vt 0.067626 0.216924
vt 0.439516 0.155385
vt 0.155385 0.434322
vt 0.457055 0.155385
vt 0.155385 0.017231
vt 0.451690 0.067626
vt 0.155385 0.011700
vt 0.155385 0.006087
vt 0.656269 0.067626
vt 0.240410 0.067626
vt 0.562474 0.818086
vt 0.544457 0.818949
vt 0.549930 0.810760
vt 0.155385 0.240242
vt 0.067626 0.229098
vt 0.067626 0.234711
vt 0.234463 0.067626
vt 0.229098 0.067626
vt 0.234463 0.155385
vt 0.966335 0.827453
vt 0.964136 0.838663
vt 0.964206 0.827453
vt 0.966541 0.860653
vt 0.964748 0.870587
vt 0.964412 0.860653
vt 0.966877 0.870587
vt 0.965200 0.879295
vt 0.966876 0.900888
vt 0.965197 0.892180
vt 0.967326 0.892180
vt 0.966541 0.910822
vt 0.964747 0.900888
vt 0.966334 0.921602
vt 0.964412 0.910822
vt 0.966265 0.932812
vt 0.964206 0.921602
vt 0.966334 0.944022
vt 0.964136 0.932812
vt 0.966541 0.954801
vt 0.964206 0.944022
vt 0.966876 0.964736
vt 0.964412 0.954801
vt 0.967326 0.973443
vt 0.964746 0.964736
vt 0.886974 0.827454
vt 0.885297 0.818746
vt 0.887426 0.818746
vt 0.886639 0.837388
vt 0.884845 0.827454
vt 0.886432 0.848167
vt 0.884510 0.837388
vt 0.886362 0.859378
vt 0.884303 0.848167
vt 0.886432 0.870588
vt 0.884233 0.859378
vt 0.886639 0.881367
vt 0.884303 0.870588
vt 0.886974 0.891302
vt 0.884510 0.881367
vt 0.887426 0.900009
vt 0.884845 0.891302
vt 0.986973 0.006442
vt 0.984393 0.015150
vt 0.984844 0.006442
vt 0.986522 0.015150
vt 0.984059 0.025085
vt 0.986188 0.025085
vt 0.983853 0.035864
vt 0.985981 0.035864
vt 0.983783 0.047074
vt 0.985912 0.047074
vt 0.983853 0.058284
vt 0.985981 0.058284
vt 0.984059 0.069064
vt 0.986188 0.069064
vt 0.984393 0.078998
vt 0.986522 0.078998
vt 0.984844 0.087706
vt 0.967329 0.798032
vt 0.964748 0.806740
vt 0.965200 0.798032
vt 0.966877 0.806740
vt 0.964412 0.816674
vt 0.966541 0.816674
vt 0.358340 0.820099
vt 0.369007 0.901022
vt 0.358340 0.901022
vt 0.966335 0.849874
vt 0.964206 0.849874
vt 0.444426 0.803113
vt 0.452744 0.795604
vt 0.453839 0.799214
vt 0.177495 0.940992
vt 0.179564 0.950796
vt 0.177435 0.950796
vt 0.177680 0.970028
vt 0.180103 0.978716
vt 0.177975 0.978716
vt 0.180500 0.986331
vt 0.178371 0.986331
vt 0.884763 0.920509
vt 0.887284 0.912894
vt 0.886891 0.920509
vt 0.884471 0.929198
vt 0.886600 0.929198
vt 0.884292 0.938625
vt 0.886421 0.938625
vt 0.884233 0.948430
vt 0.886362 0.948429
vt 0.884295 0.958234
vt 0.886424 0.958234
vt 0.884477 0.967661
vt 0.886606 0.967661
vt 0.884771 0.976350
vt 0.886900 0.976349
vt 0.885166 0.983965
vt 0.887295 0.983965
vt 0.152174 0.922876
vt 0.154698 0.915260
vt 0.154303 0.922876
vt 0.151881 0.931564
vt 0.154010 0.931564
vt 0.151701 0.940992
vt 0.153830 0.940992
vt 0.151641 0.950796
vt 0.153770 0.950796
vt 0.151703 0.960600
vt 0.153832 0.960600
vt 0.151885 0.970028
vt 0.154014 0.970027
vt 0.152180 0.978716
vt 0.154308 0.978716
vt 0.152575 0.986331
vt 0.154704 0.986331
vt 0.126771 0.915260
vt 0.128507 0.922876
vt 0.126378 0.922876
vt 0.128215 0.931564
vt 0.126086 0.931564
vt 0.128036 0.940992
vt 0.125907 0.940992
vt 0.127976 0.950796
vt 0.125847 0.950796
vt 0.128038 0.960600
vt 0.125909 0.960600
vt 0.128220 0.970028
vt 0.126091 0.970028
vt 0.128514 0.978716
vt 0.126385 0.978716
vt 0.128909 0.986331
vt 0.126780 0.986331
vt 0.178361 0.915260
vt 0.180096 0.922876
vt 0.177967 0.922876
vt 0.179804 0.931564
vt 0.177675 0.931564
vt 0.179624 0.940992
vt 0.966265 0.838663
vt 0.177498 0.960600
vt 0.179809 0.970027
vt 0.518088 0.875226
vt 0.509101 0.881919
vt 0.514761 0.873448
vt 0.417204 0.843854
vt 0.413450 0.854412
vt 0.413450 0.843484
vt 0.518660 0.864035
vt 0.419192 0.864035
vt 0.417204 0.854042
vt 0.520648 0.854042
vt 0.522270 0.865130
vt 0.423091 0.873448
vt 0.415582 0.865130
vt 0.524402 0.843484
vt 0.524402 0.854412
vt 0.425835 0.884312
vt 0.419764 0.875226
vt 0.520648 0.843854
vt 0.522270 0.832767
vt 0.435955 0.889123
vt 0.428751 0.881919
vt 0.518088 0.822671
vt 0.518660 0.833862
vt 0.514761 0.824449
vt 0.444426 0.894784
vt 0.433562 0.892039
vt 0.509101 0.815978
vt 0.453839 0.898683
vt 0.442648 0.898110
vt 0.504290 0.805857
vt 0.512017 0.813585
vt 0.463462 0.904424
vt 0.463832 0.900670
vt 0.501897 0.808773
vt 0.495203 0.799786
vt 0.474390 0.904424
vt 0.433562 0.805857
vt 0.442648 0.799786
vt 0.493425 0.803113
vt 0.485108 0.795604
vt 0.474020 0.900670
vt 0.485108 0.902292
vt 0.425835 0.813585
vt 0.435955 0.808773
vt 0.428751 0.815978
vt 0.474390 0.793472
vt 0.484013 0.799214
vt 0.474020 0.797226
vt 0.495204 0.898110
vt 0.484013 0.898683
vt 0.493425 0.894784
vt 0.423091 0.824449
vt 0.463462 0.793472
vt 0.463832 0.797226
vt 0.504290 0.892039
vt 0.419192 0.833862
vt 0.419764 0.822671
vt 0.501897 0.889123
vt 0.512017 0.884312
vt 0.555720 0.778728
vt 0.413603 0.778728
vt 0.484662 0.766849
vt 0.570618 0.636611
vt 0.712735 0.778728
vt 0.570618 0.778728
vt 0.681396 0.427386
vt 0.675516 0.387821
vt 0.681396 0.387821
vt 0.809538 0.387350
vt 0.811955 0.393230
vt 0.809538 0.393230
vt 0.179627 0.960600
vt 0.716545 0.426885
vt 0.718963 0.387321
vt 0.718963 0.426885
vt 0.799979 0.610361
vt 0.797562 0.616241
vt 0.797562 0.610361
vt 0.675519 0.204375
vt 0.681399 0.164810
vt 0.681399 0.204375
vt 0.781970 0.610361
vt 0.779552 0.616241
vt 0.779552 0.610361
vt 0.809540 0.164339
vt 0.811957 0.170219
vt 0.809540 0.170219
vt 0.701925 0.427386
vt 0.696046 0.387821
vt 0.701925 0.387821
vt 0.701928 0.164810
vt 0.696048 0.204375
vt 0.696048 0.164810
vt 0.585653 0.867209
vt 0.587736 0.875110
vt 0.579665 0.874322
vt 0.597055 0.820689
vt 0.604991 0.815188
vt 0.599369 0.821926
vt 0.609494 0.818801
vt 0.607530 0.826289
vt 0.575179 0.861609
vt 0.577492 0.862846
vt 0.567018 0.857246
vt 0.559118 0.859752
vt 0.556123 0.853619
vt 0.574245 0.872594
vt 0.594037 0.810498
vt 0.599543 0.812261
vt 0.568870 0.869735
vt 0.588894 0.816326
vt 0.585643 0.809722
vt 0.564402 0.866200
vt 0.617127 0.830019
vt 0.594488 0.874218
vt 0.614654 0.825173
vt 0.580229 0.810377
vt 0.554406 0.833177
vt 0.621297 0.849165
vt 0.612263 0.866804
vt 0.540787 0.827807
vt 0.565069 0.798596
vt 0.572810 0.795394
vt 0.539045 0.836564
vt 0.556123 0.804569
vt 0.564390 0.884572
vt 0.555971 0.878945
vt 0.544991 0.865525
vt 0.540523 0.854750
vt 0.629638 0.818145
vt 0.633992 0.828646
vt 0.618379 0.804424
vt 0.624642 0.810683
vt 0.610412 0.799098
vt 0.601078 0.795230
vt 0.592374 0.793497
vt 0.582362 0.793495
vt 0.539047 0.847345
vt 0.635505 0.836242
vt 0.635507 0.847032
vt 0.549953 0.872933
vt 0.573381 0.888297
vt 0.582075 0.890029
vt 0.609412 0.884974
vt 0.601777 0.888133
vt 0.618499 0.878907
vt 0.624539 0.872871
vt 0.630069 0.864599
vt 0.633810 0.855565
vt 0.592230 0.890031
vt 0.811957 0.164339
vt 0.812944 0.163309
vt 0.813166 0.164307
vt 0.716548 0.164310
vt 0.715561 0.163323
vt 0.716548 0.163101
vt 0.702958 0.163824
vt 0.703166 0.164810
vt 0.808551 0.386320
vt 0.809538 0.386112
vt 0.702956 0.428373
vt 0.701957 0.428594
vt 0.719949 0.386334
vt 0.720171 0.387321
vt 0.796575 0.609330
vt 0.797562 0.609123
vt 0.701928 0.204375
vt 0.702958 0.205362
vt 0.701959 0.205583
vt 0.716548 0.203874
vt 0.715561 0.204861
vt 0.715339 0.203874
vt 0.782957 0.609330
vt 0.783178 0.610329
vt 0.719949 0.427872
vt 0.718963 0.428094
vt 0.702956 0.386835
vt 0.703163 0.387821
vt 0.674488 0.205362
vt 0.674281 0.204375
vt 0.811955 0.387350
vt 0.812942 0.386320
vt 0.813164 0.387318
vt 0.716545 0.387321
vt 0.715558 0.386334
vt 0.716545 0.386112
vt 0.682427 0.428373
vt 0.681428 0.428594
vt 0.718965 0.164310
vt 0.719952 0.163323
vt 0.720174 0.164310
vt 0.808553 0.163309
vt 0.809540 0.163101
vt 0.675519 0.164810
vt 0.674488 0.163824
vt 0.675487 0.163602
vt 0.715558 0.427872
vt 0.715337 0.426885
vt 0.778566 0.609330
vt 0.779552 0.609123
vt 0.682427 0.386835
vt 0.682634 0.387821
vt 0.800966 0.609330
vt 0.801188 0.610329
vt 0.718965 0.203874
vt 0.719952 0.204861
vt 0.718965 0.205083
vt 0.202199 0.819113
vt 0.203198 0.818891
vt 0.357353 0.902009
vt 0.357132 0.901022
vt 0.770307 0.426050
vt 0.769329 0.426296
vt 0.202199 0.902009
vt 0.201991 0.901022
vt 0.770307 0.387268
vt 0.770489 0.388274
vt 0.357353 0.819113
vt 0.358340 0.818891
vt 0.176405 0.902009
vt 0.176197 0.901022
vt 0.770309 0.164257
vt 0.770491 0.165263
vt 0.589704 0.905151
vt 0.588717 0.904164
vt 0.589704 0.903942
vt 0.588717 0.987060
vt 0.588495 0.986073
vt 0.770309 0.203039
vt 0.769332 0.203285
vt 0.177435 0.820099
vt 0.176405 0.819113
vt 0.177404 0.818891
vt 0.255005 0.902009
vt 0.254770 0.901022
vt 0.820633 0.413921
vt 0.820821 0.414899
vt 0.614072 0.904164
vt 0.615059 0.903942
vt 0.614072 0.987060
vt 0.613851 0.986073
vt 0.845799 0.425895
vt 0.844820 0.426163
vt 0.255944 0.820099
vt 0.255005 0.819113
vt 0.255976 0.818891
vt 0.331998 0.902009
vt 0.331776 0.901022
vt 0.845801 0.202748
vt 0.844823 0.203017
vt 0.241422 0.901022
vt 0.242361 0.902009
vt 0.241390 0.902231
vt 0.242361 0.819113
vt 0.242596 0.820099
vt 0.820635 0.190774
vt 0.820823 0.191752
vt 0.331998 0.819113
vt 0.332984 0.818891
vt 0.980953 0.902009
vt 0.980731 0.901022
vt 0.745148 0.399417
vt 0.744170 0.399663
vt 0.124817 0.819113
vt 0.125815 0.818891
vt 0.124817 0.902009
vt 0.124609 0.901022
vt 0.745150 0.190890
vt 0.745332 0.191897
vt 0.981940 0.820099
vt 0.980953 0.819113
vt 0.981940 0.818891
vt 0.150611 0.902009
vt 0.150403 0.901022
vt 0.745150 0.164257
vt 0.745332 0.165264
vt 0.383696 0.820099
vt 0.382709 0.819113
vt 0.383696 0.818891
vt 0.151641 0.820099
vt 0.150611 0.819113
vt 0.151610 0.818891
vt 0.382709 0.902009
vt 0.382487 0.901022
vt 0.745148 0.426050
vt 0.744170 0.426296
vt 0.306343 0.902009
vt 0.306107 0.901022
vt 0.795467 0.387287
vt 0.795655 0.388265
vt 0.538006 0.904164
vt 0.538992 0.903942
vt 0.538006 0.987060
vt 0.537784 0.986073
vt 0.795469 0.176251
vt 0.794491 0.176519
vt 0.307282 0.820099
vt 0.306343 0.819113
vt 0.307313 0.818891
vt 0.563361 0.987060
vt 0.563139 0.986073
vt 0.795467 0.425895
vt 0.794488 0.426164
vt 0.292759 0.901022
vt 0.293698 0.902009
vt 0.292728 0.902231
vt 0.293698 0.819113
vt 0.293934 0.820099
vt 0.795469 0.190774
vt 0.795657 0.191752
vt 0.563361 0.904164
vt 0.564348 0.903942
vt 0.815717 0.611633
vt 0.813862 0.610378
vt 0.815273 0.610378
vt 0.815717 0.609123
vt 0.829747 0.609123
vt 0.829302 0.610378
vt 0.827891 0.610378
vt 0.829747 0.611633
vt 0.605827 0.464296
vt 0.605655 0.462291
vt 0.606388 0.463094
vt 0.605695 0.461683
vt 0.605064 0.462315
vt 0.607598 0.462521
vt 0.605827 0.610889
vt 0.605655 0.612894
vt 0.605064 0.612870
vt 0.607599 0.612664
vt 0.606388 0.612091
vt 0.605695 0.613502
vt 0.843776 0.611633
vt 0.841920 0.610378
vt 0.843331 0.610378
vt 0.843776 0.609123
vt 0.239886 0.647436
vt 0.239714 0.645432
vt 0.240447 0.646235
vt 0.239754 0.644824
vt 0.239123 0.645456
vt 0.241657 0.645662
vt 0.239886 0.794030
vt 0.239714 0.796035
vt 0.239123 0.796010
vt 0.241657 0.795804
vt 0.240447 0.795231
vt 0.239754 0.796643
vt 0.571099 0.462521
vt 0.573157 0.462291
vt 0.572287 0.463094
vt 0.573780 0.462315
vt 0.573149 0.461683
vt 0.572870 0.464296
vt 0.424797 0.462521
vt 0.422854 0.462291
vt 0.422894 0.461683
vt 0.423026 0.464296
vt 0.423586 0.463094
vt 0.422263 0.462315
vt 0.387957 0.795804
vt 0.390016 0.796035
vt 0.390007 0.796643
vt 0.389728 0.794030
vt 0.389145 0.795231
vt 0.390638 0.796010
vt 0.018643 0.795804
vt 0.016700 0.796035
vt 0.017433 0.795231
vt 0.016109 0.796010
vt 0.016740 0.796643
vt 0.016872 0.794030
vt 0.164944 0.795804
vt 0.167002 0.796035
vt 0.166994 0.796643
vt 0.166715 0.794030
vt 0.166131 0.795231
vt 0.167625 0.796010
vt 0.753900 0.462521
vt 0.755958 0.462291
vt 0.755088 0.463094
vt 0.756581 0.462315
vt 0.755950 0.461683
vt 0.755671 0.464296
vt 0.164944 0.645662
vt 0.167002 0.645431
vt 0.166131 0.646235
vt 0.167625 0.645456
vt 0.166994 0.644823
vt 0.166715 0.647436
vt 0.018643 0.645662
vt 0.016700 0.645431
vt 0.016740 0.644823
vt 0.016872 0.647436
vt 0.017433 0.646235
vt 0.016109 0.645456
vt 0.424797 0.612664
vt 0.422854 0.612894
vt 0.423586 0.612091
vt 0.422263 0.612870
vt 0.422894 0.613502
vt 0.423026 0.610889
vt 0.571099 0.612664
vt 0.573157 0.612894
vt 0.573149 0.613502
vt 0.572870 0.610889
vt 0.572287 0.612091
vt 0.573780 0.612870
vt 0.387957 0.645662
vt 0.390016 0.645432
vt 0.389145 0.646235
vt 0.390638 0.645456
vt 0.390007 0.644824
vt 0.389728 0.647436
vt 0.753900 0.612664
vt 0.755958 0.612894
vt 0.755950 0.613502
vt 0.755671 0.610889
vt 0.755088 0.612091
vt 0.756581 0.612870
vt 0.669803 0.792264
vt 0.671123 0.793262
vt 0.712851 0.942258
vt 0.711530 0.943256
vt 0.671123 0.942258
vt 0.669803 0.943256
vt 0.690667 0.792264
vt 0.691987 0.793262
vt 0.711530 0.792264
vt 0.712850 0.793262
vt 0.650259 0.942258
vt 0.648939 0.943256
vt 0.857805 0.609123
vt 0.857360 0.610378
vt 0.855949 0.610378
vt 0.857805 0.611633
vt 0.691987 0.942258
vt 0.690667 0.943256
vt 0.648939 0.792264
vt 0.650259 0.793262
vt 0.229808 0.454843
vt 0.229101 0.452109
vt 0.230644 0.453652
vt 0.231835 0.452816
vt 0.229808 0.620342
vt 0.230644 0.621532
vt 0.229101 0.623076
vt 0.231835 0.622369
vt 0.595802 0.454843
vt 0.595043 0.452109
vt 0.596655 0.453652
vt 0.597825 0.452816
vt 0.595802 0.620342
vt 0.596655 0.621532
vt 0.595043 0.623076
vt 0.597825 0.622369
vt 0.397334 0.452816
vt 0.400068 0.452109
vt 0.398524 0.453652
vt 0.399361 0.454843
vt 0.229860 0.637984
vt 0.229101 0.635249
vt 0.230713 0.636793
vt 0.231883 0.635957
vt 0.229860 0.803483
vt 0.230713 0.804673
vt 0.229101 0.806217
vt 0.231883 0.805510
vt 0.580194 0.452816
vt 0.582869 0.452109
vt 0.581401 0.453652
vt 0.582217 0.454843
vt 0.415024 0.452816
vt 0.413854 0.453652
vt 0.412241 0.452109
vt 0.413001 0.454843
vt 0.397051 0.805510
vt 0.398258 0.804673
vt 0.399726 0.806217
vt 0.399074 0.803483
vt 0.008869 0.805509
vt 0.006087 0.806217
vt 0.007700 0.804673
vt 0.006847 0.803483
vt 0.174037 0.805509
vt 0.175244 0.804673
vt 0.176712 0.806217
vt 0.176060 0.803483
vt 0.762995 0.452816
vt 0.765670 0.452109
vt 0.764202 0.453652
vt 0.765018 0.454843
vt 0.174037 0.635957
vt 0.176712 0.635249
vt 0.175244 0.636793
vt 0.176060 0.637984
vt 0.008869 0.635957
vt 0.007700 0.636793
vt 0.006087 0.635249
vt 0.006847 0.637983
vt 0.415024 0.622369
vt 0.412242 0.623076
vt 0.413854 0.621532
vt 0.413001 0.620342
vt 0.580194 0.622369
vt 0.581401 0.621532
vt 0.582869 0.623076
vt 0.582217 0.620342
vt 0.397051 0.635957
vt 0.399726 0.635249
vt 0.398258 0.636793
vt 0.399074 0.637984
vt 0.762995 0.622369
vt 0.764202 0.621532
vt 0.765670 0.623076
vt 0.765018 0.620342
vt 0.008821 0.622369
vt 0.006087 0.623076
vt 0.007630 0.621532
vt 0.006794 0.620342
vt 0.174320 0.622369
vt 0.175511 0.621532
vt 0.177054 0.623076
vt 0.176347 0.620342
vt 0.006794 0.454843
vt 0.006087 0.452109
vt 0.007630 0.453652
vt 0.008821 0.452816
vt 0.397334 0.622369
vt 0.398524 0.621532
vt 0.400068 0.623076
vt 0.399361 0.620342
vt 0.176347 0.454843
vt 0.175511 0.453652
vt 0.177054 0.452109
vt 0.174320 0.452816
vt 0.234528 0.459563
vt 0.235950 0.458958
vt 0.235799 0.459948
vt 0.236555 0.457536
vt 0.235364 0.458372
vt 0.236940 0.458807
vt 0.236940 0.616378
vt 0.235799 0.615236
vt 0.236555 0.617649
vt 0.235950 0.616227
vt 0.234528 0.615622
vt 0.235364 0.616813
vt 0.600872 0.459563
vt 0.602343 0.458958
vt 0.602200 0.459948
vt 0.602895 0.457536
vt 0.601726 0.458372
vt 0.603339 0.458807
vt 0.603339 0.616378
vt 0.602200 0.615236
vt 0.602895 0.617649
vt 0.602344 0.616227
vt 0.600873 0.615622
vt 0.601726 0.616813
vt 0.392614 0.457536
vt 0.393219 0.458958
vt 0.392228 0.458807
vt 0.394641 0.459563
vt 0.393805 0.458372
vt 0.393370 0.459948
vt 0.234931 0.642703
vt 0.236403 0.642099
vt 0.236259 0.643089
vt 0.236954 0.640677
vt 0.235785 0.641513
vt 0.237398 0.641948
vt 0.237398 0.799519
vt 0.236259 0.798377
vt 0.236954 0.800790
vt 0.236403 0.799368
vt 0.234931 0.798763
vt 0.235785 0.799953
vt 0.575843 0.457536
vt 0.576499 0.458958
vt 0.575517 0.458807
vt 0.577866 0.459563
vt 0.577050 0.458372
vt 0.576656 0.459948
vt 0.419398 0.459948
vt 0.420538 0.458807
vt 0.418071 0.459563
vt 0.419542 0.458958
vt 0.420094 0.457536
vt 0.418924 0.458372
vt 0.393515 0.798377
vt 0.392375 0.799519
vt 0.394724 0.798763
vt 0.393357 0.799368
vt 0.392701 0.800790
vt 0.393908 0.799953
vt 0.013940 0.800790
vt 0.013389 0.799368
vt 0.014384 0.799519
vt 0.011918 0.798763
vt 0.012771 0.799953
vt 0.013245 0.798377
vt 0.170501 0.798377
vt 0.169361 0.799519
vt 0.171710 0.798763
vt 0.170343 0.799368
vt 0.169688 0.800790
vt 0.170894 0.799953
vt 0.758644 0.457536
vt 0.759299 0.458958
vt 0.758318 0.458807
vt 0.760667 0.459563
vt 0.759851 0.458372
vt 0.759457 0.459948
vt 0.169688 0.640676
vt 0.170343 0.642098
vt 0.169361 0.641947
vt 0.171710 0.642703
vt 0.170894 0.641513
vt 0.170501 0.643089
vt 0.013245 0.643089
vt 0.014384 0.641947
vt 0.011918 0.642703
vt 0.013389 0.642098
vt 0.013940 0.640676
vt 0.012771 0.641513
vt 0.420094 0.617649
vt 0.419542 0.616227
vt 0.420538 0.616378
vt 0.418071 0.615622
vt 0.418924 0.616813
vt 0.419398 0.615236
vt 0.576656 0.615236
vt 0.575517 0.616378
vt 0.577866 0.615622
vt 0.576499 0.616227
vt 0.575843 0.617649
vt 0.577050 0.616813
vt 0.392701 0.640677
vt 0.393357 0.642099
vt 0.392375 0.641948
vt 0.394724 0.642703
vt 0.393908 0.641513
vt 0.393515 0.643089
vt 0.759457 0.615236
vt 0.758318 0.616378
vt 0.760667 0.615622
vt 0.759300 0.616227
vt 0.758644 0.617649
vt 0.759851 0.616813
vt 0.013541 0.617649
vt 0.012936 0.616227
vt 0.013927 0.616378
vt 0.011514 0.615622
vt 0.012350 0.616812
vt 0.012785 0.615236
vt 0.170356 0.615236
vt 0.169214 0.616378
vt 0.171627 0.615622
vt 0.170205 0.616227
vt 0.169600 0.617649
vt 0.170791 0.616813
vt 0.011514 0.459562
vt 0.012936 0.458958
vt 0.012785 0.459948
vt 0.013541 0.457536
vt 0.012350 0.458372
vt 0.013927 0.458807
vt 0.393370 0.615236
vt 0.392228 0.616378
vt 0.394641 0.615622
vt 0.393219 0.616227
vt 0.392614 0.617649
vt 0.393805 0.616813
vt 0.169214 0.458807
vt 0.170356 0.459948
vt 0.169600 0.457536
vt 0.170205 0.458958
vt 0.171627 0.459562
vt 0.170791 0.458372
vt 0.719010 0.939231
vt 0.720020 0.939993
vt 0.719044 0.940472
vt 0.556895 0.635437
vt 0.557082 0.636504
vt 0.677283 0.796290
vt 0.678293 0.795527
vt 0.678493 0.796594
vt 0.720020 0.795527
vt 0.720220 0.796594
vt 0.657429 0.939993
vt 0.656453 0.940472
vt 0.556895 0.779903
vt 0.555828 0.780090
vt 0.656419 0.796289
vt 0.657429 0.795527
vt 0.657629 0.796594
vt 0.698147 0.939231
vt 0.699156 0.939993
vt 0.698180 0.940472
vt 0.412429 0.779903
vt 0.412242 0.778835
vt 0.699156 0.795527
vt 0.699357 0.796594
vt 0.678293 0.939993
vt 0.677317 0.940472
vt 0.412429 0.635437
vt 0.413496 0.635249
vt 0.111330 0.965357
vt 0.112211 0.966120
vt 0.111296 0.966598
vt 0.569443 0.779903
vt 0.569256 0.778836
vt 0.067098 0.966119
vt 0.066873 0.965052
vt 0.112211 0.821653
vt 0.112436 0.822721
vt 0.053594 0.965357
vt 0.054475 0.966120
vt 0.053560 0.966598
vt 0.569443 0.635437
vt 0.570511 0.635249
vt 0.054475 0.821653
vt 0.054700 0.822721
vt 0.092085 0.965357
vt 0.092966 0.966120
vt 0.092051 0.966598
vt 0.712735 0.636611
vt 0.713910 0.635437
vt 0.714097 0.636504
vt 0.092966 0.821653
vt 0.093191 0.822721
vt 0.067979 0.822416
vt 0.067097 0.821653
vt 0.068013 0.821174
vt 0.713910 0.779903
vt 0.712842 0.780090
vt 0.954460 0.456076
vt 0.953513 0.455378
vt 0.954460 0.454871
vt 0.778044 0.452296
vt 0.779096 0.452109
vt 0.857228 0.939775
vt 0.857015 0.938707
vt 0.953513 0.599557
vt 0.953300 0.598480
vt 0.947574 0.782760
vt 0.946627 0.783239
vt 0.922221 0.452296
vt 0.922394 0.453364
vt 0.946627 0.639056
vt 0.947574 0.638294
vt 0.947787 0.639361
vt 0.940351 0.801609
vt 0.939404 0.800784
vt 0.940351 0.800336
vt 0.921005 0.595588
vt 0.922221 0.596762
vt 0.921142 0.596950
vt 0.939404 0.944963
vt 0.939191 0.943910
vt 0.858176 0.796071
vt 0.857228 0.795308
vt 0.858176 0.794829
vt 0.778044 0.596762
vt 0.777843 0.595695
vt 0.901940 0.821320
vt 0.902887 0.820812
vt 0.818633 0.150741
vt 0.817581 0.150928
vt 0.816635 0.939012
vt 0.815688 0.939775
vt 0.815475 0.938707
vt 0.902887 0.964673
vt 0.901940 0.965498
vt 0.901727 0.964420
vt 0.781371 0.939012
vt 0.782318 0.939775
vt 0.781371 0.940253
vt 0.674455 0.150740
vt 0.674281 0.149673
vt 0.782318 0.795308
vt 0.782531 0.796376
vt 0.961121 0.638880
vt 0.960174 0.638055
vt 0.961121 0.637608
vt 0.675671 0.007449
vt 0.674454 0.006274
vt 0.675533 0.006087
vt 0.960174 0.782232
vt 0.959961 0.781179
vt 0.815688 0.795308
vt 0.816635 0.794829
vt 0.818633 0.006274
vt 0.818834 0.007342
vt 0.760600 0.939012
vt 0.761548 0.939775
vt 0.760600 0.940253
vt 0.726471 0.779903
vt 0.726270 0.778836
vt 0.943609 0.376083
vt 0.943396 0.375029
vt 0.761548 0.795308
vt 0.761761 0.796376
vt 0.944559 0.010054
vt 0.943611 0.009356
vt 0.944559 0.008849
vt 0.726471 0.635437
vt 0.727523 0.635249
vt 0.943611 0.153536
vt 0.943398 0.152459
vt 0.844629 0.939775
vt 0.843681 0.940253
vt 0.869432 0.636611
vt 0.870648 0.635437
vt 0.870822 0.636504
vt 0.843681 0.796071
vt 0.844629 0.795308
vt 0.844842 0.796376
vt 0.944557 0.232729
vt 0.943609 0.231904
vt 0.944557 0.231456
vt 0.870648 0.779903
vt 0.869569 0.780090
vt 0.733554 0.796071
vt 0.732607 0.795308
vt 0.733554 0.794829
vt 0.674452 0.373751
vt 0.674279 0.372684
vt 0.034293 0.822021
vt 0.035241 0.821196
vt 0.035454 0.822273
vt 0.732607 0.939775
vt 0.732394 0.938707
vt 0.007247 0.822021
vt 0.006300 0.821196
vt 0.007247 0.820748
vt 0.674452 0.229285
vt 0.675531 0.229098
vt 0.006300 0.965373
vt 0.006087 0.964319
vt 0.803088 0.939775
vt 0.802141 0.940253
vt 0.817503 0.230460
vt 0.818631 0.229285
vt 0.818832 0.230353
vt 0.802141 0.796071
vt 0.803088 0.795308
vt 0.803301 0.796376
vt 0.035241 0.965373
vt 0.034293 0.965881
vt 0.818631 0.373751
vt 0.817579 0.373939
vt 0.240412 0.378396
vt 0.238708 0.377187
vt 0.239275 0.376687
vt 0.319290 0.818390
vt 0.319602 0.818390
vt 0.013846 0.292346
vt 0.015534 0.292346
vt 0.015054 0.292846
vt 0.136895 0.820099
vt 0.137853 0.818390
vt 0.138230 0.818390
vt 0.743696 0.387759
vt 0.745330 0.386361
vt 0.744898 0.387557
vt 0.015534 0.069335
vt 0.015470 0.068834
vt 0.016046 0.069335
vt 0.993568 0.902731
vt 0.992420 0.902231
vt 0.429341 0.292346
vt 0.428808 0.292346
vt 0.429392 0.291845
vt 0.733835 0.398836
vt 0.732569 0.400572
vt 0.732345 0.400485
vt 0.319290 0.902731
vt 0.318175 0.902231
vt 0.238708 0.291845
vt 0.239275 0.292346
vt 0.013846 0.376687
vt 0.015534 0.376687
vt 0.015470 0.377187
vt 0.993568 0.818390
vt 0.993913 0.818390
vt 0.733838 0.191471
vt 0.732572 0.189735
vt 0.733701 0.190227
vt 0.429341 0.376687
vt 0.429392 0.377187
vt 0.428808 0.376687
vt 0.137853 0.902731
vt 0.136677 0.902231
vt 0.015534 0.153676
vt 0.016046 0.153676
vt 0.015470 0.154177
vt 0.743699 0.202547
vt 0.745332 0.203945
vt 0.745258 0.204194
vt 0.395324 0.818390
vt 0.395669 0.818390
vt 0.733838 0.164837
vt 0.732572 0.163101
vt 0.733701 0.163593
vt 0.651930 0.376687
vt 0.651981 0.377187
vt 0.651397 0.376687
vt 0.163647 0.902731
vt 0.162471 0.902231
vt 0.743699 0.175914
vt 0.745332 0.177312
vt 0.745258 0.177561
vt 0.395324 0.902731
vt 0.394176 0.902231
vt 0.651930 0.292346
vt 0.651397 0.292346
vt 0.651981 0.291845
vt 0.733835 0.425469
vt 0.732569 0.427205
vt 0.732345 0.427119
vt 0.650168 0.290637
vt 0.163647 0.818390
vt 0.164024 0.818390
vt 0.743696 0.414393
vt 0.745330 0.412995
vt 0.744898 0.414190
vt 0.550620 0.987783
vt 0.549473 0.987282
vt 0.238786 0.376687
vt 0.782887 0.177426
vt 0.782665 0.177401
vt 0.549660 0.905151
vt 0.550620 0.903441
vt 0.550966 0.903441
vt 0.784160 0.387841
vt 0.782884 0.386112
vt 0.784014 0.386661
vt 0.238786 0.292346
vt 0.575976 0.987783
vt 0.574829 0.987282
vt 0.463001 0.378396
vt 0.461297 0.377187
vt 0.461864 0.376687
vt 0.784160 0.425341
vt 0.782884 0.427070
vt 0.782663 0.427045
vt 0.280751 0.902731
vt 0.280439 0.902731
vt 0.209165 0.376687
vt 0.207477 0.376687
vt 0.207956 0.376186
vt 0.461375 0.376687
vt 0.575015 0.905151
vt 0.575976 0.903442
vt 0.576321 0.903442
vt 0.784163 0.191328
vt 0.782887 0.189599
vt 0.784016 0.190148
vt 0.205780 0.290637
vt 0.207541 0.291845
vt 0.206965 0.292346
vt 0.280751 0.818390
vt 0.281866 0.818891
vt 0.207477 0.292346
vt 0.209165 0.292346
vt 0.463002 0.155385
vt 0.461298 0.154177
vt 0.461865 0.153676
vt 0.267953 0.818390
vt 0.268265 0.818390
vt 0.069335 0.432176
vt 0.069335 0.430488
vt 0.069835 0.430967
vt 0.369968 0.902731
vt 0.368821 0.902231
vt 0.651933 0.069335
vt 0.651400 0.069335
vt 0.651983 0.068834
vt 0.758994 0.425469
vt 0.757728 0.427205
vt 0.757504 0.427119
vt 0.650171 0.067626
vt 0.214277 0.820099
vt 0.215235 0.818390
vt 0.215612 0.818390
vt 0.768855 0.414393
vt 0.770489 0.412995
vt 0.770057 0.414190
vt 0.267953 0.902731
vt 0.266838 0.902231
vt 0.154177 0.430552
vt 0.153676 0.429976
vt 0.155385 0.428790
vt 0.153676 0.432176
vt 0.153676 0.430488
vt 0.369007 0.820099
vt 0.369968 0.818390
vt 0.370314 0.818390
vt 0.758994 0.387848
vt 0.757728 0.386112
vt 0.758857 0.386604
vt 0.651933 0.153676
vt 0.651983 0.154177
vt 0.651400 0.153676
vt 0.215235 0.902731
vt 0.214059 0.902231
vt 0.069335 0.015534
vt 0.069335 0.016046
vt 0.068834 0.015470
vt 0.768855 0.398925
vt 0.770489 0.400323
vt 0.770415 0.400572
vt 0.626687 0.987783
vt 0.625540 0.987282
vt 0.461376 0.153676
vt 0.833217 0.427070
vt 0.832995 0.427045
vt 0.189441 0.902731
vt 0.188265 0.902231
vt 0.153676 0.207477
vt 0.153676 0.206965
vt 0.154177 0.207541
vt 0.768858 0.175914
vt 0.770491 0.177312
vt 0.770417 0.177561
vt 0.601332 0.903441
vt 0.601677 0.903441
vt 0.758997 0.164837
vt 0.757730 0.163101
vt 0.758859 0.163593
vt 0.429342 0.153676
vt 0.429392 0.154177
vt 0.428809 0.153676
vt 0.625726 0.905151
vt 0.626687 0.903441
vt 0.627033 0.903441
vt 0.809326 0.414475
vt 0.808050 0.412746
vt 0.809180 0.413294
vt 0.461865 0.069335
vt 0.461298 0.068834
vt 0.189441 0.818390
vt 0.189818 0.818390
vt 0.768858 0.191382
vt 0.770491 0.189984
vt 0.770059 0.191179
vt 0.069335 0.207477
vt 0.068834 0.207541
vt 0.069335 0.206965
vt 0.601332 0.987783
vt 0.600184 0.987282
vt 0.429342 0.069335
vt 0.428809 0.069335
vt 0.429392 0.068834
vt 0.758997 0.202458
vt 0.757730 0.204194
vt 0.757506 0.204107
vt 0.229413 0.902731
vt 0.229101 0.902731
vt 0.153676 0.236857
vt 0.153676 0.238545
vt 0.153175 0.238065
vt 0.238784 0.153676
vt 0.239274 0.153676
vt 0.238706 0.154177
vt 0.344613 0.902731
vt 0.343465 0.902231
vt 0.240410 0.155385
vt 0.834495 0.202195
vt 0.833219 0.203924
vt 0.832997 0.203899
vt 0.343652 0.820099
vt 0.344613 0.818390
vt 0.344958 0.818390
vt 0.809329 0.191328
vt 0.808053 0.189599
vt 0.809182 0.190148
vt 0.067626 0.240242
vt 0.068834 0.238480
vt 0.069335 0.239057
vt 0.229413 0.818390
vt 0.230528 0.818891
vt 0.069335 0.238545
vt 0.069335 0.236857
vt 0.591103 0.819445
vt 0.589596 0.818639
vt 0.589832 0.818197
vt 0.588790 0.820146
vt 0.589801 0.819316
vt 0.589154 0.818403
vt 0.570838 0.857350
vt 0.569331 0.856545
vt 0.570008 0.856339
vt 0.568889 0.856309
vt 0.569095 0.856986
vt 0.570137 0.855037
vt 0.575283 0.857789
vt 0.574477 0.859296
vt 0.574272 0.858618
vt 0.574241 0.859737
vt 0.574919 0.859532
vt 0.572970 0.858490
vt 0.593937 0.822897
vt 0.594742 0.821390
vt 0.595184 0.821626
vt 0.593235 0.820584
vt 0.594065 0.821596
vt 0.594978 0.820949
vt 0.584716 0.865337
vt 0.585393 0.865132
vt 0.583445 0.864090
vt 0.584952 0.864896
vt 0.585758 0.863389
vt 0.584746 0.864218
vt 0.603710 0.826184
vt 0.605217 0.826990
vt 0.604539 0.827195
vt 0.605658 0.827226
vt 0.605453 0.826549
vt 0.604411 0.828497
vt 0.599265 0.825746
vt 0.600070 0.824239
vt 0.600276 0.824916
vt 0.600306 0.823797
vt 0.599629 0.824003
vt 0.601578 0.825045
vt 0.579364 0.861908
vt 0.579569 0.862586
vt 0.580611 0.860637
vt 0.579805 0.862144
vt 0.581313 0.862950
vt 0.580483 0.861939
vt 0.674281 0.164810
vt 0.715337 0.387321
vt 0.682634 0.427386
vt 0.720174 0.203874
vt 0.718965 0.163101
vt 0.811957 0.163101
vt 0.718963 0.386112
vt 0.811955 0.386112
vt 0.781970 0.609123
vt 0.716545 0.428094
vt 0.716548 0.205083
vt 0.799979 0.609123
vt 0.703163 0.427386
vt 0.720171 0.426885
vt 0.703166 0.204375
vt 0.715339 0.164310
vt 0.442076 0.798715
vt 0.967503 0.838663
vt 0.432792 0.804919
vt 0.967572 0.849776
vt 0.418693 0.822098
vt 0.424896 0.812814
vt 0.967777 0.860461
vt 0.414420 0.832414
vt 0.968557 0.878939
vt 0.968110 0.870308
vt 0.415582 0.832767
vt 0.968555 0.892536
vt 0.412241 0.843365
vt 0.967776 0.911015
vt 0.968108 0.901167
vt 0.414420 0.865483
vt 0.412241 0.854531
vt 0.967572 0.921700
vt 0.418693 0.875798
vt 0.967503 0.932812
vt 0.424896 0.885082
vt 0.967572 0.943924
vt 0.432792 0.892978
vt 0.967776 0.954609
vt 0.442076 0.899181
vt 0.452392 0.903454
vt 0.968555 0.973087
vt 0.968108 0.964456
vt 0.452744 0.902292
vt 0.888655 0.819102
vt 0.463343 0.905633
vt 0.887874 0.837580
vt 0.888207 0.827733
vt 0.474509 0.905633
vt 0.485460 0.903454
vt 0.887669 0.848266
vt 0.495776 0.899181
vt 0.887600 0.859378
vt 0.505060 0.892978
vt 0.887874 0.881175
vt 0.887669 0.870490
vt 0.519159 0.875798
vt 0.512956 0.885083
vt 0.888207 0.891022
vt 0.523432 0.865483
vt 0.888655 0.899653
vt 0.525610 0.854531
vt 0.987755 0.015430
vt 0.988201 0.006798
vt 0.525610 0.843365
vt 0.987423 0.025277
vt 0.523432 0.832414
vt 0.987219 0.035962
vt 0.987150 0.047074
vt 0.512955 0.812814
vt 0.519159 0.822098
vt 0.987219 0.058186
vt 0.505060 0.804919
vt 0.987423 0.068871
vt 0.495776 0.798715
vt 0.987755 0.078719
vt 0.986973 0.087706
vt 0.485460 0.794442
vt 0.968557 0.798388
vt 0.474509 0.792264
vt 0.968110 0.807019
vt 0.452392 0.794442
vt 0.463343 0.792264
vt 0.967777 0.816866
vt 0.967572 0.827551
vt 0.176260 0.960698
vt 0.176197 0.950796
vt 0.436725 0.809712
vt 0.444999 0.804184
vt 0.176444 0.970220
vt 0.429690 0.816748
vt 0.176742 0.978996
vt 0.424162 0.825021
vt 0.177142 0.986687
vt 0.420354 0.834214
vt 0.883927 0.912538
vt 0.885155 0.912894
vt 0.883530 0.920230
vt 0.418413 0.843973
vt 0.883236 0.929006
vt 0.418413 0.853923
vt 0.883055 0.938527
vt 0.420354 0.863683
vt 0.883058 0.958332
vt 0.882995 0.948430
vt 0.429690 0.881149
vt 0.424161 0.872875
vt 0.883241 0.967854
vt 0.436725 0.888185
vt 0.883538 0.976629
vt 0.444999 0.893713
vt 0.883937 0.984321
vt 0.454192 0.897520
vt 0.151340 0.914905
vt 0.152569 0.915260
vt 0.150942 0.922597
vt 0.463951 0.899462
vt 0.150646 0.931372
vt 0.483660 0.897520
vt 0.473901 0.899462
vt 0.150464 0.940894
vt 0.492853 0.893713
vt 0.150466 0.960698
vt 0.150403 0.950796
vt 0.501126 0.888185
vt 0.508162 0.881149
vt 0.150650 0.970220
vt 0.151347 0.986687
vt 0.150947 0.978996
vt 0.517498 0.863683
vt 0.513690 0.872875
vt 0.125145 0.922597
vt 0.125542 0.914905
vt 0.519439 0.853923
vt 0.519439 0.843973
vt 0.124851 0.931372
vt 0.517498 0.834214
vt 0.124670 0.940894
vt 0.513690 0.825021
vt 0.124672 0.960699
vt 0.124609 0.950796
vt 0.124855 0.970220
vt 0.508162 0.816748
vt 0.501126 0.809712
vt 0.125152 0.978996
vt 0.492853 0.804184
vt 0.176735 0.922597
vt 0.177133 0.914905
vt 0.473901 0.798435
vt 0.483660 0.800376
vt 0.176439 0.931372
vt 0.463951 0.798435
vt 0.176258 0.940894
vt 0.454192 0.800376
vt 0.201991 0.820099
vt 0.357132 0.820099
vt 0.588495 0.905151
vt 0.176197 0.820099
vt 0.613851 0.905151
vt 0.254770 0.820099
vt 0.242596 0.901022
vt 0.331776 0.820099
vt 0.124609 0.820099
vt 0.980731 0.820099
vt 0.382487 0.820099
vt 0.150403 0.820099
vt 0.537784 0.905151
vt 0.306107 0.820099
vt 0.293934 0.901022
vt 0.563139 0.905151
vt 0.969562 0.231832
vt 0.970370 0.400065
vt 0.196989 0.420000
vt 0.026022 0.420000
vt 0.855442 0.231832
vt 0.856295 0.400065
vt 0.471295 0.196989
vt 0.471295 0.026022
vt 0.974877 0.620342
vt 0.974070 0.452109
vt 0.026022 0.249033
vt 0.869323 0.397331
vt 0.868469 0.229098
vt 0.248705 0.420000
vt 0.248705 0.249033
vt 0.930369 0.231782
vt 0.931223 0.399723
vt 0.248703 0.026022
vt 0.419330 0.026022
vt 0.912493 0.176714
vt 0.419330 0.420000
vt 0.912491 0.399725
vt 0.641919 0.420000
vt 0.471294 0.420000
vt 0.926163 0.637933
vt 0.927017 0.805875
vt 0.641922 0.026022
vt 0.907431 0.637933
vt 0.908285 0.805876
vt 0.471294 0.249033
vt 0.641919 0.249033
vt 0.941126 0.622734
vt 0.419330 0.196989
vt 0.248703 0.196989
vt 0.892907 0.008771
vt 0.893761 0.176714
vt 0.419330 0.249033
vt 0.931225 0.176712
vt 0.641922 0.196989
vt 0.196116 0.452109
vt 0.196116 0.623076
vt 0.196989 0.026022
vt 0.196989 0.196989
vt 0.855444 0.008821
vt 0.856297 0.177054
vt 0.196115 0.635249
vt 0.196115 0.806217
vt 0.026022 0.196989
vt 0.837564 0.400065
vt 0.986126 0.637984
vt 0.986933 0.806217
vt 0.196989 0.249033
vt 0.836712 0.008821
vt 0.837566 0.177054
vt 0.208290 0.806217
vt 0.208290 0.635249
vt 0.026022 0.026022
vt 0.889553 0.806217
vt 0.215178 0.452109
vt 0.215178 0.623076
vt 0.869325 0.174320
vt 0.868471 0.006087
vt 0.964976 0.174320
vt 0.964169 0.006087
vt 0.892905 0.231832
vt 0.893759 0.400065
vt 0.073945 0.969382
vt 0.239088 0.613088
vt 0.239088 0.462096
vt 0.824072 0.942819
vt 0.105364 0.818390
vt 0.390080 0.462096
vt 0.865612 0.942819
vt 0.026857 0.968644
vt 0.026857 0.818390
vt 0.947787 0.948233
vt 0.951993 0.379353
vt 0.910324 0.818050
vt 0.910324 0.968303
vt 0.951995 0.006087
vt 0.951995 0.156342
vt 0.014683 0.968644
vt 0.961896 0.452109
vt 0.961896 0.602364
vt 0.968557 0.785503
vt 0.167067 0.613088
vt 0.016074 0.613088
vt 0.836245 0.792264
vt 0.016074 0.462096
vt 0.740991 0.942819
vt 0.086119 0.818390
vt 0.390080 0.613088
vt 0.753164 0.792264
vt 0.167067 0.462096
vt 0.773934 0.792264
vt 0.939191 0.635249
vt 0.047627 0.818390
vt 0.794705 0.792264
vt 0.557082 0.778835
vt 0.720220 0.938926
vt 0.413496 0.780090
vt 0.657629 0.938926
vt 0.412242 0.636504
vt 0.699357 0.938926
vt 0.555828 0.635249
vt 0.678493 0.938926
vt 0.719044 0.795048
vt 0.677317 0.795048
vt 0.656453 0.795048
vt 0.698180 0.795048
vt 0.569256 0.636504
vt 0.112436 0.965052
vt 0.712842 0.635249
vt 0.054700 0.965052
vt 0.714097 0.778836
vt 0.093191 0.965052
vt 0.570511 0.780090
vt 0.066873 0.822721
vt 0.048822 0.968385
vt 0.111296 0.821174
vt 0.106558 0.819388
vt 0.068013 0.966598
vt 0.087313 0.968385
vt 0.053560 0.821175
vt 0.048822 0.819388
vt 0.072751 0.819388
vt 0.092051 0.821175
vt 0.087313 0.819388
vt 0.921142 0.452109
vt 0.953300 0.456432
vt 0.922394 0.595695
vt 0.947787 0.781692
vt 0.779096 0.596950
vt 0.777843 0.453364
vt 0.857015 0.796376
vt 0.940534 0.785025
vt 0.954460 0.600005
vt 0.960553 0.601675
vt 0.858176 0.940253
vt 0.946444 0.798666
vt 0.946627 0.637815
vt 0.940534 0.636028
vt 0.864269 0.793043
vt 0.940351 0.945471
vt 0.946444 0.947367
vt 0.675533 0.150928
vt 0.901727 0.822374
vt 0.674281 0.007342
vt 0.782531 0.938707
vt 0.817581 0.006087
vt 0.818834 0.149673
vt 0.815475 0.796376
vt 0.775278 0.942040
vt 0.902887 0.965945
vt 0.908980 0.967615
vt 0.816635 0.940253
vt 0.967214 0.635938
vt 0.781371 0.794829
vt 0.775278 0.793043
vt 0.822728 0.793043
vt 0.961121 0.782740
vt 0.967214 0.784636
vt 0.726270 0.636504
vt 0.761761 0.938707
vt 0.869569 0.635249
vt 0.943398 0.010410
vt 0.870822 0.778836
vt 0.844842 0.938707
vt 0.727523 0.780090
vt 0.950652 0.006953
vt 0.760600 0.794829
vt 0.754507 0.793043
vt 0.944557 0.376591
vt 0.837588 0.942040
vt 0.944559 0.153983
vt 0.950652 0.155654
vt 0.950650 0.229786
vt 0.843681 0.794829
vt 0.837588 0.793043
vt 0.674279 0.230353
vt 0.732394 0.796376
vt 0.817579 0.229098
vt 0.818832 0.372684
vt 0.803301 0.938707
vt 0.675531 0.373939
vt 0.035454 0.964319
vt 0.013340 0.819078
vt 0.733554 0.940253
vt 0.739647 0.942040
vt 0.034293 0.820748
vt 0.796048 0.942040
vt 0.007247 0.965881
vt 0.013340 0.967777
vt 0.028200 0.967777
vt 0.802141 0.794829
vt 0.796048 0.793043
vt 0.136677 0.818891
vt 0.745330 0.398410
vt 0.981940 0.902231
vt 0.427579 0.290637
vt 0.732993 0.396387
vt 0.439179 0.291845
vt 0.433512 0.291845
vt 0.734151 0.396843
vt 0.011700 0.067626
vt 0.006448 0.068834
vt 0.741712 0.386963
vt 0.736414 0.390810
vt 0.011895 0.068834
vt 0.992420 0.818891
vt 0.744173 0.190644
vt 0.125815 0.902231
vt 0.741715 0.203343
vt 0.006087 0.155385
vt 0.011895 0.154177
vt 0.742232 0.202195
vt 0.433512 0.377187
vt 0.439179 0.377187
vt 0.732996 0.193920
vt 0.736416 0.199497
vt 0.433677 0.378396
vt 0.138230 0.902731
vt 0.993913 0.902731
vt 0.394176 0.818891
vt 0.744173 0.164010
vt 0.151610 0.902231
vt 0.207541 0.068834
vt 0.741715 0.176710
vt 0.216924 0.067626
vt 0.211116 0.068834
vt 0.742232 0.175562
vt 0.656101 0.377187
vt 0.661768 0.377187
vt 0.732996 0.167286
vt 0.736416 0.172863
vt 0.656266 0.378396
vt 0.383696 0.902231
vt 0.732993 0.423020
vt 0.661768 0.291845
vt 0.656101 0.291845
vt 0.734151 0.423477
vt 0.211311 0.155385
vt 0.216563 0.154177
vt 0.741712 0.413597
vt 0.736414 0.417443
vt 0.207541 0.154177
vt 0.211116 0.154177
vt 0.162471 0.818891
vt 0.745330 0.425043
vt 0.206965 0.153676
vt 0.164024 0.902731
vt 0.395669 0.902731
vt 0.549473 0.903942
vt 0.794488 0.387018
vt 0.307313 0.902231
vt 0.794084 0.398862
vt 0.017231 0.378396
vt 0.792107 0.399606
vt 0.795655 0.400437
vt 0.006087 0.378396
vt 0.011895 0.377187
vt 0.792616 0.398518
vt 0.234465 0.290637
vt 0.229484 0.291845
vt 0.783334 0.390232
vt 0.786787 0.395789
vt 0.234690 0.291845
vt 0.011895 0.291845
vt 0.006448 0.291845
vt 0.792109 0.163932
vt 0.787688 0.168556
vt 0.786789 0.167749
vt 0.011700 0.290637
vt 0.015470 0.291845
vt 0.794087 0.164676
vt 0.792618 0.165020
vt 0.318175 0.818891
vt 0.795657 0.175273
vt 0.795287 0.164417
vt 0.538992 0.987282
vt 0.783337 0.173306
vt 0.229484 0.377187
vt 0.234690 0.377187
vt 0.016046 0.292346
vt 0.319602 0.902731
vt 0.550966 0.987783
vt 0.281866 0.902231
vt 0.795655 0.424917
vt 0.794084 0.414321
vt 0.795285 0.414062
vt 0.564348 0.987282
vt 0.783334 0.422950
vt 0.452073 0.377187
vt 0.457279 0.377187
vt 0.784487 0.423350
vt 0.211116 0.377187
vt 0.216563 0.377187
vt 0.792107 0.413577
vt 0.786787 0.417393
vt 0.211311 0.378396
vt 0.207541 0.377187
vt 0.574829 0.903942
vt 0.794491 0.190505
vt 0.292728 0.818891
vt 0.794087 0.202349
vt 0.792109 0.203092
vt 0.795657 0.203924
vt 0.216924 0.290637
vt 0.211116 0.291845
vt 0.792618 0.202005
vt 0.452073 0.291845
vt 0.783337 0.193719
vt 0.786789 0.199276
vt 0.461297 0.291845
vt 0.457279 0.291845
vt 0.206965 0.376687
vt 0.280439 0.818390
vt 0.461864 0.292346
vt 0.576321 0.987783
vt 0.358340 0.902231
vt 0.758152 0.423020
vt 0.661770 0.068834
vt 0.656104 0.068834
vt 0.759310 0.423477
vt 0.154177 0.011895
vt 0.154177 0.006448
vt 0.766871 0.413597
vt 0.761573 0.417443
vt 0.154177 0.015470
vt 0.214059 0.818891
vt 0.770489 0.425043
vt 0.368821 0.818891
vt 0.769329 0.387021
vt 0.203198 0.902231
vt 0.067626 0.017231
vt 0.766871 0.399721
vt 0.068834 0.011895
vt 0.767389 0.398573
vt 0.656269 0.155385
vt 0.661770 0.154177
vt 0.758152 0.390298
vt 0.761573 0.395874
vt 0.656104 0.154177
vt 0.153676 0.016046
vt 0.215612 0.902731
vt 0.370314 0.902731
vt 0.600184 0.903942
vt 0.769332 0.164010
vt 0.177404 0.902231
vt 0.155385 0.205780
vt 0.766874 0.176710
vt 0.154177 0.211116
vt 0.767391 0.175562
vt 0.433678 0.155385
vt 0.439179 0.154177
vt 0.758155 0.167286
vt 0.761575 0.172863
vt 0.433513 0.154177
vt 0.188265 0.818891
vt 0.770491 0.202032
vt 0.589704 0.987282
vt 0.427580 0.067626
vt 0.758155 0.200009
vt 0.439179 0.068834
vt 0.433513 0.068834
vt 0.759312 0.200466
vt 0.068834 0.211116
vt 0.068834 0.216563
vt 0.766874 0.190586
vt 0.761575 0.194432
vt 0.189818 0.902731
vt 0.601677 0.987783
vt 0.625540 0.903942
vt 0.819654 0.413652
vt 0.255976 0.902231
vt 0.819250 0.425495
vt 0.817273 0.426239
vt 0.820821 0.427070
vt 0.154177 0.439574
vt 0.154177 0.434127
vt 0.817782 0.425151
vt 0.457055 0.067626
vt 0.452073 0.068834
vt 0.808500 0.416865
vt 0.811953 0.422422
vt 0.457280 0.068834
vt 0.068834 0.439574
vt 0.842439 0.413577
vt 0.838018 0.418201
vt 0.837119 0.417393
vt 0.068834 0.430552
vt 0.068834 0.434127
vt 0.844416 0.414320
vt 0.842948 0.414664
vt 0.266838 0.818891
vt 0.845987 0.424917
vt 0.845617 0.414061
vt 0.615059 0.987282
vt 0.833666 0.422950
vt 0.452073 0.154177
vt 0.457280 0.154177
vt 0.069335 0.429976
vt 0.268265 0.902731
vt 0.627033 0.987783
vt 0.230528 0.902231
vt 0.845990 0.201771
vt 0.844419 0.191174
vt 0.845619 0.190915
vt 0.332984 0.902231
vt 0.833669 0.199804
vt 0.229481 0.154177
vt 0.234688 0.154177
vt 0.834822 0.200204
vt 0.155385 0.234711
vt 0.154177 0.229459
vt 0.842441 0.190430
vt 0.837121 0.194247
vt 0.154177 0.238480
vt 0.154177 0.234906
vt 0.343465 0.818891
vt 0.819657 0.190506
vt 0.241390 0.818891
vt 0.819253 0.202348
vt 0.817275 0.203092
vt 0.820823 0.203923
vt 0.068834 0.229459
vt 0.068834 0.234906
vt 0.817784 0.202004
vt 0.229481 0.068834
vt 0.808503 0.193719
vt 0.811955 0.199276
vt 0.238706 0.068834
vt 0.234688 0.068834
vt 0.153676 0.239057
vt 0.229101 0.818390
vt 0.239274 0.069335
vt 0.344958 0.902731
vt 0.496207 0.765712
vt 0.484662 0.765635
vt 0.495970 0.764521
vt 0.962968 0.849972
vt 0.507309 0.762344
vt 0.506844 0.761222
vt 0.963177 0.860846
vt 0.517540 0.756875
vt 0.516865 0.755866
vt 0.963516 0.870867
vt 0.526508 0.749516
vt 0.525649 0.748657
vt 0.963971 0.879651
vt 0.532858 0.739873
vt 0.533868 0.740548
vt 0.963514 0.900608
vt 0.538214 0.729852
vt 0.539336 0.730317
vt 0.963176 0.910630
vt 0.541513 0.718978
vt 0.542704 0.719215
vt 0.962968 0.921503
vt 0.542627 0.707670
vt 0.543841 0.707670
vt 0.962898 0.932812
vt 0.542704 0.696125
vt 0.541513 0.696361
vt 0.962968 0.944120
vt 0.538214 0.685488
vt 0.539336 0.685023
vt 0.963176 0.954994
vt 0.532858 0.675466
vt 0.533868 0.674792
vt 0.963514 0.965015
vt 0.526508 0.665824
vt 0.525649 0.666683
vt 0.965197 0.973443
vt 0.963969 0.973799
vt 0.516865 0.659474
vt 0.517540 0.658464
vt 0.883613 0.827174
vt 0.507309 0.652995
vt 0.506844 0.654117
vt 0.883274 0.837195
vt 0.496207 0.649628
vt 0.495970 0.650819
vt 0.883065 0.848069
vt 0.484662 0.649705
vt 0.882995 0.859378
vt 0.473117 0.649628
vt 0.473354 0.650819
vt 0.883065 0.870686
vt 0.462015 0.652996
vt 0.462480 0.654117
vt 0.883274 0.881560
vt 0.451784 0.658464
vt 0.452459 0.659474
vt 0.883613 0.891581
vt 0.442816 0.665824
vt 0.443675 0.666683
vt 0.884069 0.900365
vt 0.885297 0.900009
vt 0.435456 0.674792
vt 0.436466 0.675466
vt 0.983161 0.014871
vt 0.429988 0.685023
vt 0.431110 0.685488
vt 0.982823 0.024892
vt 0.426620 0.696125
vt 0.427811 0.696362
vt 0.982615 0.035766
vt 0.425483 0.707670
vt 0.426697 0.707670
vt 0.982545 0.047074
vt 0.427811 0.718978
vt 0.426620 0.719215
vt 0.982615 0.058383
vt 0.431110 0.729852
vt 0.429988 0.730317
vt 0.982823 0.069256
vt 0.435456 0.740548
vt 0.436466 0.739873
vt 0.983161 0.079278
vt 0.443675 0.748657
vt 0.442816 0.749516
vt 0.983615 0.088061
vt 0.451784 0.756876
vt 0.452459 0.755866
vt 0.963971 0.797676
vt 0.963516 0.806460
vt 0.462015 0.762344
vt 0.462480 0.761222
vt 0.963177 0.816481
vt 0.473354 0.764521
vt 0.473117 0.765712
vt 0.962968 0.827355
vt 0.962898 0.838663
vt 0.548869 0.810140
vt 0.180803 0.950814
vt 0.180862 0.941011
vt 0.636765 0.836669
vt 0.636765 0.846795
vt 0.155246 0.969695
vt 0.548872 0.873437
vt 0.543549 0.865474
vt 0.888114 0.921046
vt 0.155920 0.985763
vt 0.155549 0.978625
vt 0.887660 0.938545
vt 0.887831 0.929494
vt 0.634963 0.827612
vt 0.129731 0.923373
vt 0.128900 0.915260
vt 0.130142 0.915413
vt 0.555560 0.880124
vt 0.887600 0.948429
vt 0.625690 0.810122
vt 0.631023 0.818100
vt 0.572887 0.889400
vt 0.563818 0.885643
vt 0.129273 0.940986
vt 0.129447 0.931837
vt 0.887838 0.967350
vt 0.887662 0.958199
vt 0.618930 0.803362
vt 0.129214 0.950711
vt 0.582265 0.891267
vt 0.888135 0.976116
vt 0.601635 0.794132
vt 0.610805 0.797932
vt 0.601834 0.889354
vt 0.592206 0.891268
vt 0.129453 0.969743
vt 0.129277 0.960589
vt 0.155544 0.922950
vt 0.155920 0.915695
vt 0.592254 0.792265
vt 0.129748 0.978473
vt 0.610507 0.885763
vt 0.155242 0.931916
vt 0.539654 0.827360
vt 0.543395 0.818330
vt 0.572725 0.794179
vt 0.582355 0.792264
vt 0.625656 0.873423
vt 0.618961 0.880117
vt 0.181042 0.969710
vt 0.180864 0.960542
vt 0.181337 0.922968
vt 0.180490 0.915260
vt 0.181714 0.915687
vt 0.155009 0.950808
vt 0.155069 0.940975
vt 0.537784 0.846881
vt 0.537784 0.836757
vt 0.564021 0.797782
vt 0.181036 0.931890
vt 0.634909 0.856127
vt 0.631146 0.865208
vt 0.181714 0.985732
vt 0.181345 0.978638
vt 0.555609 0.803401
vt 0.155071 0.960591
vt 0.539575 0.855883
vt 0.888528 0.913019
vt 0.813164 0.393198
vt 0.675487 0.205583
vt 0.681367 0.205583
vt 0.778344 0.610329
vt 0.681367 0.163602
vt 0.682636 0.206084
vt 0.682636 0.163101
vt 0.808329 0.387318
vt 0.696077 0.428594
vt 0.783178 0.616209
vt 0.781970 0.616241
vt 0.701957 0.386613
vt 0.696077 0.386613
vt 0.808331 0.164307
vt 0.675548 0.428594
vt 0.674279 0.386112
vt 0.675516 0.427386
vt 0.674279 0.429095
vt 0.801188 0.616209
vt 0.799979 0.616241
vt 0.681428 0.386613
vt 0.675548 0.386613
vt 0.701959 0.163602
vt 0.813166 0.170187
vt 0.807831 0.171457
vt 0.813667 0.171457
vt 0.807829 0.394468
vt 0.813664 0.394468
vt 0.777843 0.617478
vt 0.783679 0.617478
vt 0.795853 0.617478
vt 0.801688 0.617478
vt 0.696079 0.205583
vt 0.796353 0.610329
vt 0.796353 0.616209
vt 0.694810 0.163101
vt 0.694810 0.206084
vt 0.694808 0.386112
vt 0.696046 0.427386
vt 0.694808 0.429095
vt 0.153676 0.015534
vt 0.207477 0.069335
vt 0.206965 0.069335
vt 0.207477 0.153676
vt 0.461375 0.292346
vt 0.238784 0.069335
vt 0.016046 0.376687
vt 0.461376 0.069335
vt 0.438694 0.434144
vt 0.011878 0.216044
vt 0.433792 0.006967
vt 0.006967 0.234889
vt 0.234936 0.439055
vt 0.230031 0.011878
vt 0.438693 0.211133
vt 0.216044 0.211133
vt 0.656381 0.229977
vt 0.234933 0.216044
vt 0.452623 0.234889
vt 0.211133 0.229977
vt 0.433792 0.229977
vt 0.661285 0.211133
vt 0.006967 0.011878
vt 0.457525 0.216044
vt 0.230034 0.234889
vt 0.011878 0.439055
vt 0.656383 0.006967
vt 0.661283 0.434144
vt 0.211133 0.006967
vt 0.216044 0.434144
vt 0.457525 0.439055
vt 0.452623 0.011878
vt 0.831005 0.236552
vt 0.924666 0.013869
vt 0.934568 0.459891
vt 0.195219 0.454843
vt 0.905935 0.013868
vt 0.195218 0.637984
vt 0.882995 0.642703
vt 0.209186 0.803483
vt 0.214281 0.454843
vt 0.905933 0.236879
vt 0.662105 0.290637
vt 0.451690 0.378396
vt 0.229101 0.378396
vt 0.439516 0.290637
vt 0.439516 0.067626
vt 0.155385 0.439935
vt 0.451690 0.155385
vt 0.662107 0.067626
vt 0.229098 0.155385
vt 0.967329 0.879295
vt 0.939191 0.801861
vt 0.959961 0.639132
vt 0.943396 0.232981
vt 0.006087 0.822273
vt 0.745256 0.386112
vt 0.733698 0.400080
vt 0.015054 0.376186
vt 0.732347 0.189821
vt 0.744900 0.202750
vt 0.732347 0.163188
vt 0.744900 0.176117
vt 0.733698 0.426713
vt 0.745256 0.412746
vt 0.784016 0.176877
vt 0.782663 0.386137
vt 0.784014 0.426521
vt 0.782665 0.189624
vt 0.207956 0.292846
vt 0.758857 0.426713
vt 0.770415 0.412746
vt 0.153175 0.430967
vt 0.757504 0.386199
vt 0.770057 0.399128
vt 0.834346 0.426521
vt 0.770059 0.176117
vt 0.757506 0.163188
vt 0.807829 0.412770
vt 0.770417 0.189735
vt 0.758859 0.203702
vt 0.834348 0.203375
vt 0.807831 0.189624
vt 0.069835 0.238065
vt 0.988201 0.087350
vt 0.125551 0.986687
vt 0.970370 0.229098
vt 0.856295 0.229098
vt 0.974070 0.623076
vt 0.868469 0.400065
vt 0.931223 0.229098
vt 0.912493 0.006087
vt 0.912491 0.229098
vt 0.927017 0.635249
vt 0.908285 0.635249
vt 0.941126 0.452109
vt 0.893761 0.006087
vt 0.931225 0.006087
vt 0.856297 0.006087
vt 0.837564 0.229098
vt 0.986933 0.635249
vt 0.837566 0.006087
vt 0.889553 0.635249
vt 0.868471 0.177054
vt 0.964169 0.177054
vt 0.893759 0.229098
vt 0.073945 0.818390
vt 0.824072 0.792264
vt 0.105364 0.969382
vt 0.865612 0.792264
vt 0.947787 0.797978
vt 0.951993 0.229098
vt 0.014683 0.818390
vt 0.968557 0.635249
vt 0.836245 0.942819
vt 0.740991 0.792264
vt 0.086119 0.969383
vt 0.753164 0.942819
vt 0.773934 0.942819
vt 0.939191 0.785804
vt 0.047627 0.969382
vt 0.794705 0.942819
vt 0.072751 0.968385
vt 0.106558 0.968385
vt 0.864269 0.942040
vt 0.960553 0.452975
vt 0.822728 0.942040
vt 0.908980 0.818917
vt 0.950650 0.378486
vt 0.754508 0.942040
vt 0.028200 0.819078
vt 0.739647 0.793043
vt 0.006448 0.154177
vt 0.216563 0.068834
vt 0.795285 0.399121
vt 0.006448 0.377187
vt 0.795657 0.163101
vt 0.795655 0.412746
vt 0.795287 0.202608
vt 0.216563 0.291845
vt 0.068834 0.006448
vt 0.154177 0.216563
vt 0.820451 0.425754
vt 0.845987 0.412746
vt 0.845990 0.189599
vt 0.820453 0.202608
vt 0.963969 0.891824
vt 0.884069 0.818390
vt 0.983615 0.006087
vt 0.888528 0.983705
vt 0.130142 0.986063
vt 0.778344 0.616209
vt 0.808329 0.393198
vt 0.808331 0.170187
vt 0.696079 0.163602
s 1
usemtl Material.001
f 1/1/1 3/2/2 138/3/3
f 2/4/4 4/5/5 1/1/1
f 4/5/5 13/6/6 3/2/2
f 4/5/5 6/7/7 16/8/8
f 7/9/9 9/10/10 150/11/11
f 8/12/12 10/13/13 7/9/9
f 10/13/13 2/14/4 9/10/10
f 10/13/13 6/15/7 5/16/14
f 12/17/15 14/18/16 136/19/17
f 13/20/6 15/21/18 12/17/15
f 15/21/18 8/22/12 14/18/16
f 15/21/18 6/23/7 11/24/19
f 17/25/20 19/26/21 133/27/22
f 18/28/23 20/29/24 17/25/20
f 20/29/24 29/30/25 19/26/21
f 20/29/24 22/31/26 32/32/27
f 23/33/28 25/34/29 135/35/30
f 24/36/31 26/37/32 23/33/28
f 26/37/32 18/38/23 25/34/29
f 26/37/32 22/39/26 21/40/33
f 28/41/34 30/42/35 137/43/36
f 29/44/25 31/45/37 28/41/34
f 31/45/37 24/46/31 30/42/35
f 31/45/37 22/47/26 27/48/38
f 33/49/39 35/50/40 145/51/41
f 34/52/42 36/53/43 33/49/39
f 36/53/43 45/54/44 35/50/40
f 36/53/43 38/55/45 48/56/46
f 39/57/47 41/58/48 148/59/49
f 40/60/50 42/61/51 39/57/47
f 42/61/51 34/62/42 41/58/48
f 42/61/51 38/63/45 37/64/52
f 44/65/53 46/66/54 142/67/55
f 45/68/44 47/69/56 44/65/53
f 47/69/56 40/70/50 46/66/54
f 47/69/56 38/71/45 43/72/57
f 49/73/58 51/74/59 144/75/60
f 50/76/61 52/77/62 49/73/58
f 52/77/62 61/78/63 51/74/59
f 52/77/62 54/79/64 64/80/65
f 55/81/66 57/82/67 143/83/68
f 56/84/69 58/85/70 55/81/66
f 58/85/70 50/86/61 57/82/67
f 58/85/70 54/87/64 53/88/71
f 60/89/72 62/90/73 151/91/74
f 61/92/63 63/93/75 60/89/72
f 63/93/75 56/94/69 62/90/73
f 63/93/75 54/95/64 59/96/76
f 65/97/77 67/98/78 146/99/79
f 66/100/80 68/101/81 65/97/77
f 68/101/81 77/102/82 67/98/78
f 68/101/81 70/103/83 80/104/84
f 71/105/85 73/106/86 147/107/87
f 72/108/88 74/109/89 71/105/85
f 74/109/89 66/110/80 73/106/86
f 74/109/89 70/111/83 69/112/90
f 76/113/91 78/114/92 152/115/93
f 77/116/82 79/117/94 76/113/91
f 79/117/94 72/118/88 78/114/92
f 79/117/94 70/119/83 75/120/95
f 81/121/96 83/122/97 132/123/98
f 82/124/99 84/125/100 81/121/96
f 84/125/100 93/126/101 83/122/97
f 84/125/100 86/127/102 96/128/103
f 87/129/104 89/130/105 134/131/106
f 88/132/107 90/133/108 87/129/104
f 90/133/108 82/134/99 89/130/105
f 90/133/108 86/135/102 85/136/109
f 92/137/110 94/138/111 129/139/112
f 93/140/101 95/141/113 92/137/110
f 95/141/113 88/142/107 94/138/111
f 95/141/113 86/143/102 91/144/114
f 97/145/115 99/146/116 141/147/117
f 98/148/118 100/149/119 97/145/115
f 100/149/119 109/150/120 99/146/116
f 100/149/119 102/151/121 112/152/122
f 103/153/123 105/154/124 140/155/125
f 104/156/126 106/157/127 103/153/123
f 106/157/127 98/158/118 105/154/124
f 106/157/127 102/159/121 101/160/128
f 108/161/129 110/162/130 149/163/131
f 109/164/120 111/165/132 108/161/129
f 111/165/132 104/166/126 110/162/130
f 111/165/132 102/167/121 107/168/133
f 113/169/134 115/170/135 130/171/136
f 114/172/137 116/173/138 113/169/134
f 116/173/138 125/174/139 115/170/135
f 116/173/138 118/175/140 128/176/141
f 119/177/142 121/178/143 139/179/144
f 120/180/145 122/181/146 119/177/142
f 122/181/146 114/182/137 121/178/143
f 122/181/146 118/183/140 117/184/147
f 124/185/148 126/186/149 131/187/150
f 125/188/139 127/189/151 124/185/148
f 127/189/151 120/190/145 126/186/149
f 127/189/151 118/191/140 123/192/152
f 137/43/36 12/17/15 136/19/17
f 30/42/35 13/20/6 12/17/15
f 24/36/31 3/2/2 13/6/6
f 23/33/28 138/3/3 3/2/2
f 140/155/125 119/177/142 139/179/144
f 105/154/124 120/180/145 119/177/142
f 98/148/118 126/186/149 120/190/145
f 97/145/115 131/187/150 126/186/149
f 143/83/68 44/65/53 142/67/55
f 57/82/67 45/68/44 44/65/53
f 50/76/61 35/50/40 45/54/44
f 49/73/58 145/51/41 35/50/40
f 134/131/106 65/97/77 146/99/79
f 89/130/105 66/100/80 65/97/77
f 82/124/99 73/106/86 66/110/80
f 81/121/96 147/107/87 73/106/86
f 806/193/153 705/194/154 833/195/155
f 820/196/156 745/197/157 889/198/158
f 961/199/159 691/200/160 813/201/161
f 841/202/162 770/203/163 924/204/164
f 918/205/165 722/206/166 766/207/167
f 863/208/168 720/209/169 854/210/170
f 876/211/171 756/212/172 904/213/173
f 827/214/174 775/215/175 701/216/176
f 910/217/177 765/218/178 760/219/179
f 947/220/180 780/221/181 938/222/182
f 848/223/183 730/224/184 716/225/185
f 834/226/186 796/227/187 960/228/188
f 939/229/189 790/230/190 952/231/191
f 932/232/192 747/233/193 776/234/194
f 968/235/195 786/236/196 946/237/197
f 911/238/198 726/239/199 862/240/200
f 828/241/201 695/242/202 819/243/203
f 897/244/204 741/245/205 883/246/206
f 953/247/207 801/248/208 967/249/209
f 905/250/210 750/251/211 896/252/212
f 996/253/213 974/254/214 1608/255/215
f 875/256/216 740/257/217 735/258/218
f 849/259/219 710/260/220 840/261/221
f 925/262/222 731/263/223 869/264/224
f 692/265/225 129/139/112 686/266/226
f 702/267/227 131/187/150 696/268/228
f 686/266/226 133/27/22 706/269/229
f 717/270/230 134/131/106 711/271/231
f 727/272/232 136/19/17 721/273/233
f 732/274/234 135/35/30 717/270/230
f 742/275/235 139/179/144 736/276/236
f 696/268/228 141/147/117 746/277/237
f 757/278/238 142/67/55 751/279/239
f 767/280/240 144/75/60 761/281/241
f 711/271/231 146/99/79 771/282/242
f 777/283/243 132/123/98 702/267/227
f 787/284/244 148/59/49 781/285/245
f 751/279/239 140/155/125 742/275/235
f 781/285/245 150/11/11 791/286/246
f 721/273/233 145/51/41 767/280/240
f 797/287/247 130/171/136 692/265/225
f 736/276/236 143/83/68 757/278/238
f 802/288/248 149/163/131 787/284/244
f 746/277/237 147/107/87 777/283/243
f 791/286/246 152/115/93 802/288/248
f 771/282/242 138/3/3 732/274/234
f 706/269/229 151/91/74 797/287/247
f 761/281/241 137/43/36 727/272/232
f 1008/289/249 535/290/250 557/291/251
f 611/292/252 1057/293/253 545/294/254
f 1022/295/255 675/296/256 539/297/257
f 1036/298/258 564/299/259 646/300/260
f 1120/301/261 578/302/262 640/303/263
f 576/304/264 1135/305/265 583/306/266
f 1092/307/267 599/308/268 626/309/269
f 1078/310/270 653/311/271 551/312/272
f 1127/313/273 639/314/274 632/315/275
f 660/316/276 995/317/277 665/318/278
f 1050/319/279 590/320/280 570/321/281
f 1015/322/282 559/323/283 676/324/284
f 980/325/285 662/326/286 670/327/287
f 1071/328/288 613/329/289 654/330/290
f 994/331/291 680/332/292 666/333/293
f 584/334/294 1128/335/295 634/336/296
f 543/337/297 1079/338/298 550/339/299
f 605/340/300 1100/341/301 620/342/302
f 681/343/303 981/344/304 672/345/305
f 1099/346/306 625/347/307 618/348/308
f 814/349/309 685/350/310 805/351/311
f 1087/352/312 604/353/313 597/354/314
f 1031/355/315 569/356/316 562/357/317
f 591/358/318 1037/359/319 648/360/320
s 0
f 671/361/321 940/362/321 954/361/321
f 682/363/322 954/361/322 966/363/323
f 667/364/321 966/363/321 945/364/321
f 661/362/324 945/364/324 940/362/323
s 1
f 1038/365/325 1052/366/326 1030/367/327
s 0
f 558/368/324 807/369/324 835/368/323
f 677/370/321 835/368/321 959/370/321
f 540/371/322 959/370/322 812/371/323
f 534/369/321 812/371/321 807/369/321
s 1
f 1066/372/328 1080/373/329 1058/374/330
s 0
f 647/375/331 842/376/331 926/375/323
f 592/377/322 926/375/324 868/377/323
f 571/378/332 868/377/332 847/378/323
f 563/376/324 847/378/322 842/376/323
s 1
f 1094/379/333 1108/380/334 1086/381/335
s 0
f 612/382/332 821/383/331 891/382/323
f 655/384/321 891/382/321 931/384/321
f 552/385/331 931/384/332 826/385/323
f 544/383/321 826/385/321 821/383/321
s 1
f 1122/386/336 1136/387/337 1114/388/338
s 0
f 627/389/322 877/390/324 903/389/323
f 619/391/331 903/389/331 898/391/323
f 606/392/324 898/391/322 882/392/323
f 598/390/332 882/392/332 877/390/323
s 1
f 133/27/22 129/139/112 1141/393/339
s 0
f 641/394/321 856/395/321 917/394/321
f 633/396/331 917/394/332 912/396/323
f 585/397/321 912/396/321 861/397/321
f 577/395/332 861/397/331 856/395/323
s 1
f 1205/398/340 1185/399/341 485/400/342
f 499/401/343 1207/402/344 1239/403/345
f 1169/404/346 1149/405/347 478/406/348
f 479/407/349 1194/408/350 484/409/351
f 491/410/352 1253/411/353 1226/412/354
f 507/413/355 1265/414/356 512/415/357
f 1247/416/358 1250/417/359 500/418/360
f 1218/419/361 1215/420/362 492/421/363
f 505/422/364 1142/423/365 1171/424/366
f 528/425/367 1285/426/368 519/427/369
f 513/428/370 1267/429/371 1260/430/372
f 1234/431/373 1263/432/374 506/433/375
f 1313/434/376 1310/435/377 527/436/378
f 1003/437/379 538/438/380 533/439/381
f 1280/440/382 1293/441/383 520/442/384
f 526/443/385 1295/444/386 1318/445/387
f 76/113/91 1168/446/388 77/116/82
f 17/25/20 1224/447/389 18/28/23
f 1/1/1 1204/448/390 2/4/4
f 40/70/50 1236/449/391 46/66/54
f 87/129/104 1233/450/392 88/132/107
f 114/182/137 1282/451/393 121/178/143
f 18/38/23 1259/452/394 25/34/29
f 1227/453/395 1252/454/396 148/59/49
f 134/131/106 135/35/30 1274/455/397
f 104/166/126 1220/456/398 110/162/130
f 39/57/47 1246/457/399 40/60/50
f 103/153/123 1217/458/400 104/156/126
f 56/84/69 1309/459/401 1312/460/402
f 129/139/112 130/171/136 1325/461/403
f 143/83/68 139/179/144 1304/462/404
f 56/94/69 1315/463/405 62/90/73
f 113/169/134 1279/464/406 114/172/137
f 130/171/136 151/91/74 1297/465/407
f 138/3/3 146/99/79 1189/466/408
f 140/155/125 142/67/55 1209/467/409
f 1195/468/410 1153/469/411 152/115/93
f 2/14/4 1201/470/412 9/10/10
f 88/142/107 1178/471/413 94/138/111
f 77/102/82 1158/472/414 67/98/78
f 421/473/342 1387/474/415 428/475/360
f 442/476/416 1420/477/417 1450/478/418
f 1382/479/419 1376/480/420 429/481/421
f 1343/482/422 1346/483/423 423/484/351
f 435/485/348 1440/486/424 1413/487/425
f 451/488/357 1403/489/426 456/490/367
f 1461/491/427 1458/492/428 443/493/352
f 1431/494/429 1428/495/430 436/496/349
f 449/497/370 1326/498/431 1355/499/432
f 472/500/369 1473/501/433 463/502/355
f 457/503/385 1405/504/434 1398/505/435
f 1379/506/436 1401/507/437 450/508/438
f 1507/509/439 1487/510/440 471/511/441
f 477/512/442 1187/513/443 1161/514/444
f 1484/515/445 1464/516/446 464/517/364
f 470/518/384 1466/519/447 1496/520/448
f 147/107/87 141/147/117 1370/521/449
f 93/140/101 1365/522/450 1395/523/451
f 71/105/85 1381/524/452 72/108/88
f 78/114/92 1381/525/452 1384/526/453
f 131/187/150 132/123/98 1435/527/454
f 150/11/11 148/59/49 1442/528/455
f 41/58/48 1430/529/456 1410/530/457
f 145/51/41 136/19/17 1422/531/458
f 60/89/72 1483/532/459 61/92/63
f 8/22/12 1447/533/460 14/18/16
f 8/12/12 1457/534/461 1460/535/462
f 33/49/39 1430/536/456 34/52/42
f 125/174/139 1362/537/463 115/170/135
f 93/126/101 1397/538/464 83/122/97
f 149/163/131 152/115/93 1348/539/465
f 124/185/148 1378/540/466 125/188/139
f 109/164/120 1345/541/467 1342/542/468
f 109/150/120 1339/543/469 99/146/116
f 137/43/36 144/75/60 1491/544/470
f 169/545/331 1512/546/471 1699/547/472
f 151/91/74 133/27/22 1468/548/473
f 19/26/21 1506/549/474 1503/550/475
f 29/44/25 1486/551/476 1506/552/474
f 61/78/63 1480/553/477 51/74/59
f 419/554/478 1510/555/479 1693/556/480
f 332/557/481 1534/558/482 1525/559/483
f 335/560/484 1536/561/485 1534/558/482
f 341/562/486 1536/563/485 338/564/487
f 344/565/488 1543/566/489 341/562/486
f 347/567/490 1549/568/491 344/565/488
f 350/569/492 1555/570/493 347/567/490
f 353/571/494 1561/572/495 350/569/492
f 356/573/496 1567/574/497 353/571/494
f 359/575/498 1573/576/499 356/573/496
f 362/577/500 1579/578/501 359/575/498
f 365/579/502 1585/580/503 362/581/500
f 368/582/504 1591/583/505 365/579/502
f 371/584/506 1597/585/507 368/582/504
f 374/586/508 1603/587/509 371/584/506
f 377/588/510 1609/589/511 374/586/508
f 380/590/512 1615/591/513 377/588/510
f 383/592/514 1621/593/515 380/590/512
f 386/594/516 1624/595/517 383/592/514
f 386/596/516 1633/597/518 1627/598/519
f 389/599/520 1639/600/521 1633/597/518
f 392/601/522 1645/602/523 1639/600/521
f 395/603/524 1651/604/525 1645/602/523
f 398/605/526 1657/606/527 1651/604/525
f 401/607/528 1663/608/529 1657/606/527
f 404/609/530 1669/610/531 1663/608/529
f 407/611/532 1674/612/533 1669/610/531
f 410/613/534 1681/614/535 1674/615/533
f 413/616/536 1687/617/537 1681/614/535
f 416/618/538 1693/556/480 1687/617/537
f 430/619/343 1332/620/539 422/621/540
f 329/622/541 1525/559/483 1516/623/542
f 229/624/543 418/625/544 323/626/545
f 322/627/509 1513/628/546 230/629/511
f 235/630/515 1678/631/547 238/632/517
f 238/632/517 1696/633/548 241/634/519
f 244/635/518 1696/636/548 1527/637/549
f 247/638/521 1527/637/549 1531/639/550
f 250/640/523 1531/639/550 1546/641/551
f 253/642/525 1546/641/551 1558/643/526
f 256/644/527 1558/643/526 1570/645/552
f 259/646/529 1570/645/552 1582/647/553
f 262/648/554 1582/647/553 1594/649/555
f 265/650/533 1594/649/555 1606/651/556
f 268/652/535 1606/653/556 1618/654/557
f 271/655/537 1618/654/557 1636/656/558
f 274/657/480 1636/656/558 1654/658/559
f 277/659/479 1654/658/559 1672/660/560
f 280/661/542 1672/660/560 1690/662/561
f 283/663/483 1690/662/561 1518/664/562
f 286/665/482 1518/664/562 1522/666/563
f 289/667/485 1522/666/563 1540/668/564
f 289/669/485 1552/670/565 292/671/489
f 292/671/489 1564/672/566 295/673/491
f 295/673/491 1576/674/567 298/675/493
f 298/675/493 1588/676/568 301/677/495
f 301/677/495 1600/678/569 304/679/497
f 304/679/497 1612/680/570 307/681/499
f 307/681/499 1630/682/571 310/683/501
f 310/683/501 1648/684/572 313/685/503
f 313/686/503 1666/687/573 316/688/505
f 316/688/505 1684/689/574 319/690/507
f 319/690/507 1698/691/575 322/627/509
f 325/692/576 1516/623/542 1510/555/479
f 232/693/513 1660/694/577 235/630/515
f 382/695/578 284/696/579 287/697/580
f 245/698/581 343/699/582 340/700/583
f 290/701/584 382/695/578 287/697/580
f 251/702/585 343/699/582 248/703/586
f 293/704/587 385/705/588 290/701/584
f 254/706/589 346/707/590 251/702/585
f 293/704/587 391/708/591 388/709/592
f 254/706/589 352/710/593 349/711/594
f 296/712/595 394/713/596 391/708/591
f 260/714/597 352/710/593 257/715/598
f 397/716/599 299/717/600 302/718/601
f 263/719/602 355/720/603 260/714/597
f 305/721/604 397/716/599 302/718/601
f 266/722/605 358/723/606 263/719/602
f 305/721/604 403/724/607 400/725/608
f 364/726/609 266/722/605 269/727/610
f 308/728/611 406/729/612 403/724/607
f 269/727/610 367/730/613 364/726/609
f 229/624/543 328/731/614 326/732/615
f 311/733/616 409/734/617 406/729/612
f 272/735/618 370/736/619 367/730/613
f 331/737/620 233/738/621 236/739/622
f 412/740/623 314/741/624 317/742/625
f 373/743/626 275/744/627 278/745/628
f 239/746/629 331/737/620 236/739/622
f 415/747/630 317/742/625 320/748/631
f 278/745/628 376/749/632 373/743/626
f 242/750/633 334/751/634 239/746/629
f 323/626/545 415/747/630 320/748/631
f 281/752/635 379/753/636 376/749/632
f 340/700/583 242/750/633 245/698/581
f 982/754/637 989/755/638 1509/756/639
f 1010/757/640 1024/758/641 1002/759/642
f 208/760/349 1731/761/643 222/762/351
f 180/763/348 1701/764/644 1723/765/645
f 230/629/511 1642/766/646 232/693/513
f 216/767/343 182/768/442 195/769/540
f 223/770/342 1752/771/647 187/772/360
f 201/773/352 1710/774/648 1702/775/649
f 194/776/342 1708/777/647 217/778/360
f 210/779/348 1745/780/644 1736/781/645
f 181/782/349 1715/783/643 196/784/351
f 175/785/352 1751/786/648 1743/787/649
f 1729/788/650 167/789/331 165/790/331
f 1724/791/651 160/792/331 1744/793/652
f 1744/793/652 159/794/331 1737/795/651
f 1716/796/653 1744/793/652 1750/797/654
f 1709/798/655 168/799/331 156/800/331
f 1750/797/654 165/790/331 166/801/331
f 1724/791/651 157/802/331 158/803/331
f 1716/796/653 166/801/331 164/804/331
f 1703/805/656 162/806/331 157/802/331
f 1716/796/653 163/807/331 1709/798/655
f 1729/788/650 154/808/331 153/809/331
f 1737/795/651 161/810/331 154/808/331
f 155/811/331 170/812/331 169/545/331
f 153/809/331 172/813/331 171/814/331
f 170/812/331 1641/815/657 1512/546/471
f 155/811/331 1665/816/658 1647/817/659
f 170/812/331 156/800/331 1659/818/660
f 169/545/331 1699/547/472 1683/819/661
f 164/804/331 1557/820/662 1545/821/663
f 1528/822/664 1695/823/665 163/807/331
f 1551/824/666 1539/825/667 159/794/331
f 163/807/331 164/804/331 1545/821/663
f 159/794/331 1575/826/668 1563/827/669
f 160/792/331 1587/828/670 1575/826/668
f 1587/828/670 160/792/331 1599/829/671
f 157/802/331 1611/830/672 1599/829/671
f 157/802/331 1629/831/673 1611/830/672
f 162/806/331 1647/817/659 1629/831/673
f 170/812/331 1659/818/660 1641/815/657
f 156/800/331 1677/832/674 1659/818/660
f 156/800/331 1695/823/665 1677/832/674
f 154/808/331 1539/825/667 1521/833/675
f 172/813/331 154/808/331 1519/834/676
f 163/807/331 1530/835/677 1528/822/664
f 166/801/331 1569/836/678 1557/820/662
f 165/790/331 1581/837/679 1569/836/678
f 159/794/331 160/792/331 1575/826/668
f 1709/798/655 155/811/331 1703/805/656
f 153/809/331 1617/838/680 1605/839/681
f 153/809/331 1635/840/682 1617/838/680
f 171/814/331 1653/841/683 1635/840/682
f 171/814/331 1671/842/684 1653/841/683
f 172/813/331 1689/843/685 1671/842/684
f 156/800/331 168/799/331 1695/823/665
f 170/812/331 1512/546/471 169/545/331
f 154/808/331 1521/833/675 1519/834/676
f 155/811/331 1683/819/661 1665/816/658
f 1695/823/665 168/799/331 163/807/331
f 163/807/331 1545/821/663 1530/835/677
f 159/794/331 1563/827/669 1551/824/666
f 166/801/331 1557/820/662 164/804/331
f 165/790/331 1569/836/678 166/801/331
f 167/789/331 1593/844/686 165/790/331
f 153/809/331 1605/839/681 167/789/331
f 171/814/331 1635/840/682 153/809/331
f 172/813/331 1671/842/684 171/814/331
f 172/813/331 1519/834/676 1689/843/685
f 1539/825/667 161/810/331 159/794/331
f 154/808/331 161/810/331 1539/825/667
f 165/790/331 1593/844/686 1581/837/679
f 167/789/331 1605/839/681 1593/844/686
f 160/792/331 158/803/331 1599/829/671
f 162/806/331 1629/831/673 157/802/331
f 155/811/331 1647/817/659 162/806/331
f 169/545/331 1683/819/661 155/811/331
f 157/802/331 1599/829/671 158/803/331
f 173/845/363 177/846/687 179/847/688
f 174/848/416 177/849/687 176/850/689
f 175/785/352 177/851/687 178/852/690
f 180/763/348 184/853/691 186/854/692
f 181/782/349 184/855/691 183/856/693
f 182/768/442 184/857/691 185/858/694
f 187/772/360 191/859/695 193/860/696
f 188/861/421 191/862/695 190/863/697
f 189/864/343 191/865/695 192/866/698
f 194/776/342 198/867/699 200/868/700
f 195/769/540 198/869/699 197/870/701
f 196/784/351 198/871/699 199/872/702
f 201/773/352 205/873/687 207/874/690
f 202/875/363 205/876/687 204/877/688
f 203/878/416 205/879/687 206/880/689
f 208/760/349 212/881/691 214/882/693
f 209/883/442 212/884/691 211/885/694
f 210/779/348 212/886/691 213/887/692
f 215/888/421 219/889/695 221/890/697
f 216/767/343 219/891/695 218/892/698
f 217/778/360 219/893/695 220/894/696
f 222/762/351 226/895/699 228/896/702
f 223/770/342 226/897/699 225/898/700
f 224/899/540 226/900/699 227/901/701
f 421/473/342 425/902/699 427/903/700
f 422/621/540 425/904/699 424/905/703
f 423/484/351 425/906/699 426/907/702
f 428/475/360 432/908/695 434/909/704
f 429/481/421 432/910/695 431/911/697
f 430/619/343 432/912/695 433/913/698
f 435/485/348 439/914/691 441/915/705
f 436/496/349 439/916/691 438/917/693
f 437/918/442 439/919/691 440/920/694
f 442/476/416 446/921/687 448/922/706
f 443/493/352 446/923/687 445/924/690
f 444/925/363 446/926/687 447/927/688
f 449/497/370 453/928/707 455/929/708
f 450/508/438 453/930/707 452/931/709
f 451/488/357 453/932/707 454/933/710
f 456/490/367 460/934/711 462/935/712
f 457/503/385 460/936/711 459/937/713
f 458/938/378 460/939/711 461/940/714
f 463/502/355 467/941/715 469/942/716
f 464/517/364 467/943/715 466/944/717
f 465/945/375 467/946/715 468/947/718
f 470/518/384 474/948/719 476/949/720
f 471/511/441 474/950/719 473/951/721
f 472/500/369 474/952/719 475/953/722
f 477/512/442 481/954/723 483/955/694
f 478/406/348 481/956/723 480/957/705
f 479/407/349 481/958/723 482/959/693
f 484/409/351 488/960/724 490/961/702
f 485/400/342 488/962/724 487/963/700
f 486/964/540 488/965/724 489/966/703
f 491/410/352 495/967/725 497/968/690
f 492/421/363 495/969/725 494/970/688
f 493/971/416 495/972/725 496/973/706
f 498/974/421 502/975/726 504/976/697
f 499/401/343 502/977/726 501/978/698
f 500/418/360 502/979/726 503/980/704
f 505/422/364 509/981/727 511/982/717
f 506/433/375 509/983/727 508/984/718
f 507/413/355 509/985/727 510/986/716
f 512/415/357 516/987/728 518/988/710
f 513/428/370 516/989/728 515/990/708
f 514/991/438 516/992/728 517/993/709
f 519/427/369 523/994/729 525/995/722
f 520/442/384 523/996/729 522/997/720
f 521/998/441 523/999/729 524/1000/721
f 526/443/385 530/1001/730 532/1002/713
f 527/436/378 530/1003/730 529/1004/714
f 528/425/367 530/1005/730 531/1006/712
f 533/1007/381 536/1008/731 537/1009/732
f 535/1010/250 537/1009/732 536/1008/731
f 538/1011/380 541/1012/733 542/1013/734
f 539/1014/257 542/1013/734 541/1012/733
f 543/1015/297 547/1016/735 549/1017/736
f 548/1018/737 546/1019/738 544/383/739
f 545/1020/254 547/1016/735 548/1018/737
f 550/1021/299 554/1022/740 556/1023/741
f 551/1024/272 554/1022/740 553/1025/742
f 556/1023/741 555/1026/743 552/385/744
f 557/1027/251 560/1028/745 561/1029/746
f 559/1030/283 561/1029/746 560/1028/745
f 562/1031/317 566/1032/747 568/1033/748
f 567/1034/749 565/1035/750 563/376/751
f 564/1036/259 566/1032/747 567/1034/749
f 569/1037/316 573/1038/752 575/1039/753
f 570/1040/281 573/1038/752 572/1041/754
f 575/1039/753 574/1042/755 571/378/756
f 576/1043/264 580/1044/757 582/1045/758
f 581/1046/759 579/1047/760 577/395/761
f 578/1048/262 580/1044/757 581/1046/759
f 583/1049/266 587/1050/762 589/1051/763
f 584/1052/294 587/1050/762 586/1053/764
f 589/1051/763 588/1054/765 585/397/766
f 590/1055/280 594/1056/767 596/1057/768
f 591/1058/318 594/1056/767 593/1059/769
f 596/1057/768 595/1060/770 592/377/771
f 597/1061/314 601/1062/772 603/1063/773
f 602/1064/774 600/1065/775 598/390/776
f 599/1066/268 601/1062/772 602/1064/774
f 604/1067/313 608/1068/777 610/1069/778
f 605/1070/300 608/1068/777 607/1071/779
f 610/1069/778 609/1072/780 606/392/781
f 611/1073/252 615/1074/782 617/1075/783
f 616/1076/784 614/1077/785 612/382/786
f 613/1078/289 615/1074/782 616/1076/784
f 618/1079/308 622/1080/787 624/1081/788
f 623/1082/789 621/1083/790 619/391/791
f 620/1084/302 622/1080/787 623/1082/789
f 625/1085/307 629/1086/792 631/1087/793
f 626/1088/269 629/1086/792 628/1089/794
f 631/1087/793 630/1090/795 627/389/796
f 632/1091/275 636/1092/797 638/1093/798
f 637/1094/799 635/1095/800 633/396/801
f 634/1096/296 636/1092/797 637/1094/799
f 639/1097/274 643/1098/802 645/1099/803
f 640/1100/263 643/1098/802 642/1101/804
f 645/1099/803 644/1102/805 641/394/806
f 646/1103/260 650/1104/807 652/1105/808
f 651/1106/809 649/1107/810 647/375/811
f 648/1108/320 650/1104/807 651/1106/809
f 653/1109/271 657/1110/812 659/1111/813
f 654/1112/290 657/1110/812 656/1113/814
f 659/1111/813 658/1114/815 655/384/816
f 660/316/276 663/1115/817 664/1116/818
f 662/326/286 664/1117/818 663/1118/817
f 665/318/278 668/1119/819 669/1120/820
f 666/333/293 669/1121/820 668/1122/819
f 670/327/287 673/1123/821 674/1124/822
f 672/345/305 674/1125/822 673/1126/821
f 675/1127/256 678/1128/823 679/1129/824
f 676/1130/284 679/1129/824 678/1128/823
f 680/332/292 683/1131/825 684/1132/826
f 681/343/303 684/1133/826 683/1134/825
f 685/1135/310 688/1136/827 689/1137/828
f 687/1138/829 689/1137/828 688/1136/827
f 690/1139/830 693/1140/831 694/1141/832
f 691/1142/160 694/1141/832 693/1140/831
f 695/1143/202 698/1144/833 699/1145/834
f 697/1146/835 699/1145/834 698/1144/833
f 700/1147/836 703/1148/837 704/1149/838
f 701/1150/176 704/1149/838 703/1148/837
f 705/1151/154 708/1152/839 709/1153/840
f 707/1154/841 709/1153/840 708/1152/839
f 710/1155/220 713/1156/842 714/1157/843
f 712/1158/844 714/1157/843 713/1156/842
f 715/1159/845 718/1160/846 719/1161/847
f 716/1162/185 719/1161/847 718/1160/846
f 720/1163/169 723/1164/848 724/1165/849
f 722/1166/166 724/1165/849 723/1164/848
f 725/1167/850 728/1168/851 729/1169/852
f 726/1170/199 729/1169/852 728/1168/851
f 730/1171/184 733/1172/853 734/1173/854
f 731/1174/223 734/1173/854 733/1172/853
f 735/1175/218 738/1176/855 739/1177/856
f 737/1178/857 739/1177/856 738/1176/855
f 740/1179/217 743/1180/858 744/1181/859
f 741/1182/205 744/1181/859 743/1180/858
f 745/1183/157 748/1184/860 749/1185/861
f 747/1186/193 749/1185/861 748/1184/860
f 750/1187/211 753/1188/862 754/1189/863
f 752/1190/864 754/1189/863 753/1188/862
f 755/1191/865 758/1192/866 759/1193/867
f 756/1194/172 759/1193/867 758/1192/866
f 760/1195/179 763/1196/868 764/1197/869
f 762/1198/870 764/1197/869 763/1196/868
f 765/1199/178 768/1200/871 769/1201/872
f 766/1202/167 769/1201/872 768/1200/871
f 770/1203/163 773/1204/873 774/1205/874
f 772/1206/875 774/1205/874 773/1204/873
f 775/1207/175 778/1208/876 779/1209/877
f 776/1210/194 779/1209/877 778/1208/876
f 780/1211/181 783/1212/878 784/1213/879
f 782/1214/880 784/1213/879 783/1212/878
f 785/1215/881 788/1216/882 789/1217/883
f 786/1218/196 789/1217/883 788/1216/882
f 790/1219/190 793/1220/884 794/1221/885
f 792/1222/886 794/1221/885 793/1220/884
f 795/1223/887 798/1224/888 799/1225/889
f 796/1226/187 799/1225/889 798/1224/888
f 800/1227/890 803/1228/891 804/1229/892
f 801/1230/208 804/1229/892 803/1228/891
f 805/1231/311 809/1232/893 811/1233/894
f 806/1234/153 809/1232/893 808/1235/895
f 811/1233/894 810/1236/896 807/369/897
f 815/1237/898 818/1238/899 812/371/900
f 813/1239/161 816/1240/901 815/1237/898
f 814/1241/309 816/1240/901 817/1242/902
f 819/1243/203 823/1244/903 825/1245/904
f 820/1246/156 823/1244/903 822/1247/905
f 825/1245/904 824/1248/906 821/383/907
f 829/1249/908 832/1250/909 826/385/910
f 827/1251/174 830/1252/911 829/1249/908
f 828/1253/201 830/1252/911 831/1254/912
f 833/1255/155 837/1256/913 839/1257/914
f 834/1258/186 837/1256/913 836/1259/915
f 839/1257/914 838/1260/916 835/368/917
f 840/1261/221 844/1262/918 846/1263/919
f 841/1264/162 844/1262/918 843/1265/920
f 846/1263/919 845/1266/921 842/376/922
f 850/1267/923 853/1268/924 847/378/925
f 848/1269/183 851/1270/926 850/1267/923
f 849/1271/219 851/1270/926 852/1272/927
f 854/1273/170 858/1274/928 860/1275/929
f 855/1276/930 858/1274/928 857/1277/931
f 860/1275/929 859/1278/932 856/395/933
f 864/1279/934 867/1280/935 861/397/936
f 862/1281/200 865/1282/937 864/1279/934
f 863/1283/168 865/1282/937 866/1284/938
f 871/1285/939 874/1286/940 868/377/941
f 869/1287/224 872/1288/942 871/1285/939
f 870/1289/943 872/1288/942 873/1290/944
f 875/1291/216 879/1292/945 881/1293/946
f 876/1294/171 879/1292/945 878/1295/947
f 881/1293/946 880/1296/948 877/390/949
f 885/1297/950 888/1298/951 882/392/952
f 883/1299/206 886/1300/953 885/1297/950
f 884/1301/954 886/1300/953 887/1302/955
f 889/1303/158 893/1304/956 895/1305/957
f 890/1306/958 893/1304/956 892/1307/959
f 895/1305/957 894/1308/960 891/382/961
f 896/1309/212 900/1310/962 902/1311/963
f 897/1312/204 900/1310/962 899/1313/964
f 902/1311/963 901/1314/965 898/391/966
f 906/1315/967 909/1316/968 903/389/969
f 904/1317/173 907/1318/970 906/1315/967
f 905/1319/210 907/1318/970 908/1320/971
f 910/1321/177 914/1322/972 916/1323/973
f 911/1324/198 914/1322/972 913/1325/974
f 916/1323/973 915/1326/975 912/396/976
f 920/1327/977 923/1328/978 917/394/979
f 918/1329/165 921/1330/980 920/1327/977
f 919/1331/981 921/1330/980 922/1332/982
f 924/1333/164 928/1334/983 930/1335/984
f 925/1336/222 928/1334/983 927/1337/985
f 930/1335/984 929/1338/986 926/375/987
f 934/1339/988 937/1340/989 931/384/990
f 932/1341/192 935/1342/991 934/1339/988
f 933/1343/992 935/1342/991 936/1344/993
f 938/1345/182 942/1346/994 944/1347/995
f 939/1348/189 942/1346/994 941/1349/996
f 944/1347/995 943/1350/997 940/362/998
f 948/1351/999 951/1352/1000 945/364/1001
f 946/1353/197 949/1354/1002 948/1351/999
f 947/1355/180 949/1354/1002 950/1356/1003
f 952/1357/191 956/1358/1004 958/1359/1005
f 953/1360/207 956/1358/1004 955/1361/1006
f 958/1359/1005 957/1362/1007 954/361/1008
f 962/1363/1009 965/1364/1010 959/370/1011
f 960/1365/188 963/1366/1012 962/1363/1009
f 961/1367/159 963/1366/1012 964/1368/1013
f 969/1369/1014 972/1370/1015 966/363/1016
f 967/1371/209 970/1372/1017 969/1369/1014
f 968/1373/195 970/1372/1017 971/1374/1018
f 973/1375/1019 977/1376/1020 979/1377/1021
f 974/254/214 977/1378/1020 976/1379/1022
f 975/1380/1023 977/1381/1020 978/1382/1024
f 980/325/285 984/1383/1025 986/1384/1026
f 981/344/304 984/1385/1025 983/1386/1027
f 982/754/637 984/1387/1025 985/1388/1028
f 987/1389/1029 991/1390/1030 993/1391/1031
f 988/1392/1032 991/1393/1030 990/1394/1033
f 989/755/638 991/1395/1030 992/1396/1034
f 994/331/291 998/1397/1035 1000/1398/1036
f 995/317/277 998/1399/1035 997/1400/1037
f 996/253/213 998/1401/1035 999/1402/1038
f 1001/1403/1039 1005/1404/1040 1007/1405/1041
f 1002/759/642 1005/1406/1040 1004/1407/1042
f 1003/437/379 1005/1408/1040 1006/1409/1043
f 1008/289/249 1012/1410/1044 1014/1411/1045
f 1009/1412/1046 1012/1413/1044 1011/1414/1047
f 1010/757/640 1012/1415/1044 1013/1416/1048
f 1015/322/282 1019/1417/1049 1021/1418/1050
f 1016/1419/1051 1019/1420/1049 1018/1421/1052
f 1017/1422/1053 1019/1423/1049 1020/1424/1054
f 1022/295/255 1026/1425/1055 1028/1426/1056
f 1023/1427/1057 1026/1428/1055 1025/1429/1058
f 1024/758/641 1026/1430/1055 1027/1431/1059
f 1029/1432/1060 1033/1433/1061 1035/1434/1062
f 1030/367/327 1033/1435/1061 1032/1436/1063
f 1031/355/315 1033/1437/1061 1034/1438/1064
f 1036/298/258 1040/1439/1065 1042/1440/1066
f 1037/359/319 1040/1441/1065 1039/1442/1067
f 1038/365/325 1040/1443/1065 1041/1444/1068
f 1043/1445/1069 1047/1446/1070 1049/1447/1071
f 1044/1448/1072 1047/1449/1070 1046/1450/1073
f 1045/1451/1074 1047/1452/1070 1048/1453/1075
f 1050/319/279 1054/1454/1076 1056/1455/1077
f 1051/1456/1078 1054/1457/1076 1053/1458/1079
f 1052/366/326 1054/1459/1076 1055/1460/1080
f 1057/293/253 1061/1461/1081 1063/1462/1082
f 1058/374/330 1061/1463/1081 1060/1464/1083
f 1059/1465/1084 1061/1466/1081 1062/1467/1085
f 1064/1468/1086 1068/1469/1087 1070/1470/1088
f 1065/1471/1089 1068/1472/1087 1067/1473/1090
f 1066/372/328 1068/1474/1087 1069/1475/1091
f 1071/328/288 1075/1476/1092 1077/1477/1093
f 1072/1478/1094 1075/1479/1092 1074/1480/1095
f 1073/1481/1096 1075/1482/1092 1076/1483/1097
f 1078/310/270 1082/1484/1098 1084/1485/1099
f 1079/338/298 1082/1486/1098 1081/1487/1100
f 1080/373/329 1082/1488/1098 1083/1489/1101
f 1085/1490/1102 1089/1491/1103 1091/1492/1104
f 1086/381/335 1089/1493/1103 1088/1494/1105
f 1087/352/312 1089/1495/1103 1090/1496/1106
f 1092/307/267 1096/1497/1107 1098/1498/1108
f 1093/1499/1109 1096/1500/1107 1095/1501/1110
f 1094/379/333 1096/1502/1107 1097/1503/1111
f 1099/346/306 1103/1504/1112 1105/1505/1113
f 1100/341/301 1103/1506/1112 1102/1507/1114
f 1101/1508/1115 1103/1509/1112 1104/1510/1116
f 1106/1511/1117 1110/1512/1118 1112/1513/1119
f 1107/1514/1120 1110/1515/1118 1109/1516/1121
f 1108/380/334 1110/1517/1118 1111/1518/1122
f 1113/1519/1123 1117/1520/1124 1119/1521/1125
f 1114/388/338 1117/1522/1124 1116/1523/1126
f 1115/1524/1127 1117/1525/1124 1118/1526/1128
f 1120/301/261 1124/1527/1129 1126/1528/1130
f 1121/1529/1131 1124/1530/1129 1123/1531/1132
f 1122/386/336 1124/1532/1129 1125/1533/1133
f 1127/313/273 1131/1534/1134 1133/1535/1135
f 1128/335/295 1131/1536/1134 1130/1537/1136
f 1129/1538/1137 1131/1539/1134 1132/1540/1138
f 1134/1541/1139 1138/1542/1140 1140/1543/1141
f 1135/305/265 1138/1544/1140 1137/1545/1142
f 1136/387/337 1138/1546/1140 1139/1547/1143
f 1266/1548/1144 1270/1549/1145 1268/1550/1146
f 1142/423/365 1145/1551/1147 1144/1552/1148
f 1143/1553/1149 1145/1554/1147 1146/1555/1150
f 1151/1556/1151 1155/1557/1152 1157/1558/1153
f 1152/1559/1154 1155/1560/1152 1154/1561/1155
f 1155/1562/1152 1156/1563/1156 1157/1564/1153
f 1161/514/444 1165/1565/1157 1167/1566/1158
f 1165/1567/1157 1164/1568/1159 1166/1569/1160
f 1163/1570/1161 1165/1571/1157 1166/1572/1160
f 1171/424/366 1175/1573/1162 1177/1574/1163
f 1277/1575/1164 1274/455/397 1278/1576/1165
f 1173/1577/1166 1175/1578/1162 1176/1579/1167
f 1187/513/443 1191/1580/1168 1193/1581/1169
f 1188/1582/1170 1191/1583/1168 1190/1584/1171
f 1191/1585/1168 1192/1586/1172 1193/1587/1169
f 1194/408/350 1198/1588/1173 1200/1589/1174
f 1198/1590/1173 1197/1591/1175 1199/1592/1176
f 1196/1593/1177 1198/1594/1173 1199/1595/1176
f 1207/402/344 1211/1596/1178 1213/1597/1179
f 1208/1598/1180 1211/1599/1178 1210/1600/1181
f 1211/1601/1178 1212/1602/1182 1213/1603/1179
f 1226/412/354 1230/1604/1183 1232/1605/1184
f 1212/1602/1182 1209/467/409 1213/1603/1179
f 1228/1606/1185 1230/1607/1183 1231/1608/1186
f 1239/403/345 1243/1609/1187 1245/1610/1188
f 1243/1611/1187 1242/1612/1189 1244/1613/1190
f 1241/1614/1191 1243/1615/1187 1244/1616/1190
f 1240/1617/1192 1244/1613/1190 1242/1612/1189
f 1253/411/353 1256/1618/1193 1255/1619/1194
f 1254/1620/1195 1256/1621/1193 1257/1622/1196
f 1265/414/356 1269/1623/1197 1271/1624/1198
f 1269/1625/1197 1268/1550/1146 1270/1549/1145
f 1267/429/371 1269/1626/1197 1270/1627/1145
f 1272/1628/1199 1276/1629/1200 1278/1630/1165
f 1273/1631/1201 1276/1632/1200 1275/1633/1202
f 1276/1634/1200 1277/1575/1164 1278/1576/1165
f 1285/426/368 1289/1635/1203 1291/1636/1204
f 1286/1637/1205 1290/1638/1206 1288/1639/1207
f 1287/1640/1208 1289/1641/1203 1290/1642/1206
f 1295/444/386 1299/1643/1209 1301/1644/1210
f 1296/1645/1211 1299/1646/1209 1298/1647/1212
f 1289/1648/1203 1288/1639/1207 1290/1638/1206
f 1302/1649/1213 1306/1650/1214 1308/1651/1215
f 1303/1652/1216 1306/1653/1214 1305/1654/1217
f 1319/1655/1218 1323/1656/1219 1321/1657/1220
f 1318/445/387 1322/1658/1221 1324/1659/1222
f 1322/1660/1221 1321/1657/1220 1323/1656/1219
f 1320/1661/1223 1322/1660/1221 1323/1656/1219
f 1404/1662/1224 1408/1663/1225 1406/1664/1226
f 1326/498/431 1329/1665/1227 1328/1666/1228
f 1327/1667/1229 1329/1668/1227 1330/1669/1230
f 1332/620/539 1336/1670/1231 1338/1671/1232
f 1336/1672/1231 1335/1673/1233 1337/1674/1234
f 1334/1675/1235 1336/1676/1231 1337/1677/1234
f 1333/1678/1236 1337/1674/1234 1335/1673/1233
f 1349/1679/1237 1352/1680/1238 1351/1681/1239
f 1350/1682/1240 1352/1683/1238 1353/1684/1241
f 1355/499/432 1359/1685/1242 1361/1686/1243
f 1360/1687/1244 1358/1688/1245 1356/1689/1246
f 1357/1690/1247 1359/1691/1242 1360/1687/1244
f 1368/1692/1248 1372/1693/1249 1374/1694/1250
f 1369/1695/1251 1372/1696/1249 1371/1697/1252
f 1372/1698/1249 1373/1699/1253 1374/1700/1250
f 1387/474/415 1391/1701/1254 1393/1702/1255
f 1391/1703/1254 1390/1704/1256 1392/1705/1257
f 1389/1706/1258 1391/1707/1254 1392/1708/1257
f 1403/489/426 1407/1709/1259 1409/1710/1260
f 1407/1711/1259 1406/1664/1226 1408/1663/1225
f 1405/504/434 1407/1712/1259 1408/1713/1225
f 1413/487/425 1417/1714/1261 1419/1715/1262
f 1417/1716/1261 1416/1717/1263 1418/1718/1264
f 1415/1719/1265 1417/1720/1261 1418/1721/1264
f 1420/477/417 1424/1722/1266 1426/1723/1267
f 1421/1724/1268 1424/1725/1266 1423/1726/1269
f 1424/1727/1266 1425/1728/1270 1426/1729/1267
f 1433/1730/1271 1437/1731/1272 1439/1732/1273
f 1434/1733/1274 1437/1734/1272 1436/1735/1275
f 1439/1736/1273 1438/1737/1276 1435/527/454
f 1440/486/424 1444/1738/1277 1446/1739/1278
f 1441/1740/1279 1444/1741/1277 1443/1742/1280
f 1444/1743/1277 1445/1744/1281 1446/1745/1278
f 1450/478/418 1454/1746/1282 1456/1747/1283
f 1454/1748/1282 1453/1749/1284 1455/1750/1285
f 1452/1751/1286 1454/1752/1282 1455/1753/1285
f 1466/519/447 1470/1754/1287 1472/1755/1288
f 1467/1756/1289 1470/1757/1287 1469/1758/1290
f 1477/1759/1291 1476/1760/1292 1478/1761/1293
f 1473/501/433 1477/1762/1291 1479/1763/1294
f 1474/1764/1295 1478/1761/1293 1476/1760/1292
f 1475/1765/1296 1477/1766/1291 1478/1767/1293
f 1489/1768/1297 1493/1769/1298 1495/1770/1299
f 1490/1771/1300 1493/1772/1298 1492/1773/1301
f 1497/1774/1302 1501/1775/1303 1499/1776/1304
f 1496/520/448 1500/1777/1305 1502/1778/1306
f 1500/1779/1305 1499/1776/1304 1501/1775/1303
f 1498/1780/1307 1500/1779/1305 1501/1775/1303
f 1701/1781/644 1705/1782/1308 1707/1783/1309
f 1702/1784/649 1705/1782/1308 1704/1785/1310
f 1707/1783/1309 1706/1786/1311 1703/805/656
f 1708/1787/647 1712/1788/1312 1714/1789/1313
f 1713/1790/1314 1711/1791/1315 1709/798/655
f 1710/1792/648 1712/1788/1312 1713/1790/1314
f 1715/1793/643 1719/1794/1316 1721/1795/1317
f 1720/1796/1318 1718/1797/1319 1716/796/653
f 1717/1798/1320 1719/1794/1316 1720/1796/1318
f 1722/1799/1321 1726/1800/1322 1728/1801/1323
f 1723/1802/645 1726/1800/1322 1725/1803/1324
f 1728/1801/1323 1727/1804/1325 1724/791/651
f 1732/1805/1318 1735/1806/1319 1729/788/650
f 1730/1807/1320 1733/1808/1316 1732/1805/1318
f 1731/1809/643 1733/1808/1316 1734/1810/1317
f 1736/1811/645 1740/1812/1322 1742/1813/1324
f 1741/1814/1323 1739/1815/1325 1737/795/651
f 1738/1816/1321 1740/1812/1322 1741/1814/1323
f 1743/1817/649 1747/1818/1308 1749/1819/1310
f 1748/1820/1309 1746/1821/1311 1744/793/652
f 1745/1822/644 1747/1818/1308 1748/1820/1309
f 1753/1823/1314 1756/1824/1315 1750/797/654
f 1751/1825/648 1754/1826/1312 1753/1823/1314
f 1752/1827/647 1754/1826/1312 1755/1828/1313
f 201/773/352 218/1829/698 215/888/421
f 207/1830/690 216/767/343 218/892/698
f 222/762/351 211/1831/694 208/760/349
f 228/1832/702 209/883/442 211/885/694
f 174/848/416 213/1833/692 209/883/442
f 176/1834/689 210/779/348 213/887/692
f 203/878/416 186/1835/692 182/768/442
f 206/1836/689 180/763/348 186/854/692
f 217/778/360 197/1837/701 194/776/342
f 220/1838/696 195/769/540 197/870/701
f 224/899/540 193/1839/696 189/864/343
f 227/1840/701 187/772/360 193/860/696
f 196/784/351 185/1841/694 181/782/349
f 199/1842/702 182/768/442 185/858/694
f 175/785/352 192/1843/698 188/861/421
f 178/1844/690 189/864/343 192/866/698
f 328/731/614 327/1845/1326 326/732/615
f 327/1846/1326 329/622/541 325/692/576
f 331/737/620 330/1847/1327 328/731/614
f 330/1848/1327 332/557/481 329/622/541
f 331/737/620 336/1849/1328 333/1850/1329
f 333/1851/1329 335/560/484 332/557/481
f 334/751/634 339/1852/1330 336/1849/1328
f 339/1853/1330 335/560/484 336/1854/1328
f 340/700/583 339/1852/1330 337/1855/1331
f 339/1856/1330 341/562/486 338/564/487
f 343/699/582 342/1857/1332 340/700/583
f 345/1858/1333 341/562/486 342/1859/1332
f 343/699/582 348/1860/1334 345/1861/1333
f 348/1862/1334 344/565/488 345/1858/1333
f 346/707/590 351/1863/1335 348/1860/1334
f 351/1864/1335 347/567/490 348/1862/1334
f 349/711/594 354/1865/1336 351/1863/1335
f 354/1866/1336 350/569/492 351/1864/1335
f 352/710/593 357/1867/1337 354/1865/1336
f 357/1868/1337 353/571/494 354/1866/1336
f 355/720/603 360/1869/1338 357/1867/1337
f 357/1868/1337 359/575/498 356/573/496
f 358/723/606 363/1870/1339 360/1869/1338
f 363/1871/1339 359/575/498 360/1872/1338
f 364/726/609 363/1870/1339 361/1873/1340
f 363/1874/1339 365/579/502 362/581/500
f 367/730/613 366/1875/1341 364/726/609
f 369/1876/1342 365/579/502 366/1877/1341
f 370/736/619 369/1878/1342 367/730/613
f 369/1876/1342 371/584/506 368/582/504
f 373/743/626 372/1879/1343 370/736/619
f 372/1880/1343 374/586/508 371/584/506
f 376/749/632 375/1881/1344 373/743/626
f 375/1882/1344 377/588/510 374/586/508
f 379/753/636 378/1883/1345 376/749/632
f 381/1884/1346 377/588/510 378/1885/1345
f 379/753/636 384/1886/1347 381/1887/1346
f 384/1888/1347 380/590/512 381/1884/1346
f 382/695/578 387/1889/1348 384/1886/1347
f 387/1890/1348 383/592/514 384/1888/1347
f 385/705/588 390/1891/1349 387/1889/1348
f 390/1892/1349 386/596/516 387/1893/1348
f 388/709/592 393/1894/1350 390/1891/1349
f 393/1895/1350 389/599/520 390/1892/1349
f 391/708/591 396/1896/1351 393/1894/1350
f 396/1897/1351 392/601/522 393/1895/1350
f 397/716/599 396/1896/1351 394/713/596
f 399/1898/1352 395/603/524 396/1897/1351
f 397/716/599 402/1899/1353 399/1900/1352
f 402/1901/1353 398/605/526 399/1898/1352
f 403/724/607 402/1899/1353 400/725/608
f 402/1901/1353 404/609/530 401/607/528
f 406/729/612 405/1902/1354 403/724/607
f 405/1903/1354 407/611/532 404/609/530
f 409/734/617 408/1904/1355 406/729/612
f 408/1905/1355 410/1906/534 407/611/532
f 412/740/623 411/1907/1356 409/734/617
f 411/1908/1356 413/616/536 410/613/534
f 415/747/630 414/1909/1357 412/740/623
f 414/1910/1357 416/618/538 413/616/536
f 415/747/630 420/1911/1358 417/1912/1359
f 417/1913/1359 419/554/478 416/618/538
f 418/625/544 327/1845/1326 420/1911/1358
f 327/1846/1326 419/554/478 420/1914/1358
f 230/629/511 234/1915/1360 231/1916/1361
f 234/1917/1360 229/624/543 231/1918/1361
f 232/693/513 237/1919/1362 234/1915/1360
f 237/1920/1362 233/738/621 234/1917/1360
f 235/630/515 240/1921/1363 237/1919/1362
f 240/1922/1363 236/739/622 237/1920/1362
f 238/632/517 243/1923/1364 240/1921/1363
f 243/1924/1364 239/746/629 240/1922/1363
f 244/635/518 243/1925/1364 241/1926/519
f 243/1924/1364 245/698/581 242/750/633
f 247/638/521 246/1927/1365 244/635/518
f 246/1928/1365 248/703/586 245/698/581
f 250/640/523 249/1929/1366 247/638/521
f 249/1930/1366 251/702/585 248/703/586
f 253/642/525 252/1931/1367 250/640/523
f 252/1932/1367 254/706/589 251/702/585
f 253/642/525 258/1933/1368 255/1934/1369
f 258/1935/1368 254/706/589 255/1936/1369
f 256/644/527 261/1937/1370 258/1933/1368
f 261/1938/1370 257/715/598 258/1935/1368
f 259/646/529 264/1939/1371 261/1937/1370
f 264/1940/1371 260/714/597 261/1938/1370
f 262/648/554 267/1941/1372 264/1939/1371
f 267/1942/1372 263/719/602 264/1940/1371
f 268/652/535 267/1943/1372 265/1944/533
f 267/1942/1372 269/727/610 266/722/605
f 271/655/537 270/1945/1373 268/652/535
f 270/1946/1373 272/735/618 269/727/610
f 274/657/480 273/1947/1374 271/655/537
f 276/1948/1375 272/735/618 273/1949/1374
f 277/659/479 276/1950/1375 274/657/480
f 279/1951/1376 275/744/627 276/1948/1375
f 277/659/479 282/1952/1377 279/1953/1376
f 282/1954/1377 278/745/628 279/1951/1376
f 283/663/483 282/1952/1377 280/661/542
f 285/1955/1378 281/752/635 282/1954/1377
f 286/665/482 285/1956/1378 283/663/483
f 285/1955/1378 287/697/580 284/696/579
f 286/665/482 291/1957/1379 288/1958/1380
f 291/1959/1379 287/697/580 288/1960/1380
f 289/669/485 294/1961/1381 291/1962/1379
f 294/1963/1381 290/701/584 291/1959/1379
f 295/673/491 294/1961/1381 292/671/489
f 297/1964/1382 293/704/587 294/1963/1381
f 298/675/493 297/1965/1382 295/673/491
f 300/1966/1383 296/712/595 297/1964/1382
f 301/677/495 300/1967/1383 298/675/493
f 303/1968/1384 299/717/600 300/1966/1383
f 301/677/495 306/1969/1385 303/1970/1384
f 303/1968/1384 305/721/604 302/718/601
f 304/679/497 309/1971/1386 306/1969/1385
f 306/1972/1385 308/728/611 305/721/604
f 310/683/501 309/1971/1386 307/681/499
f 309/1973/1386 311/733/616 308/728/611
f 313/685/503 312/1974/1387 310/683/501
f 312/1975/1387 314/741/624 311/733/616
f 313/686/503 318/1976/1388 315/1977/1389
f 318/1978/1388 314/741/624 315/1979/1389
f 316/688/505 321/1980/1390 318/1976/1388
f 321/1981/1390 317/742/625 318/1978/1388
f 319/690/507 324/1982/1391 321/1980/1390
f 324/1983/1391 320/748/631 321/1981/1390
f 322/627/509 231/1916/1361 324/1982/1391
f 231/1918/1361 323/626/545 324/1983/1391
f 428/475/360 424/1984/703 421/473/342
f 434/1985/704 422/621/540 424/905/703
f 442/476/416 441/1986/705 437/918/442
f 448/1987/706 435/485/348 441/915/705
f 456/490/367 455/1988/708 451/488/357
f 462/1989/712 449/497/370 455/929/708
f 470/518/384 469/1990/716 465/945/375
f 476/1991/720 463/502/355 469/942/716
f 484/409/351 483/1992/694 479/407/349
f 490/1993/702 477/512/442 483/955/694
f 499/401/343 497/1994/690 493/971/416
f 501/1995/698 491/410/352 497/968/690
f 512/415/357 511/1996/717 507/413/355
f 518/1997/710 505/422/364 511/982/717
f 526/443/385 525/1998/722 521/998/441
f 532/1999/713 519/427/369 525/995/722
f 690/2000/830 688/2001/827 685/350/310
f 694/2002/832 686/266/226 688/2003/827
f 700/2004/836 698/2005/833 695/242/202
f 704/2006/838 696/268/228 698/2007/833
f 687/2008/829 708/2009/839 705/194/154
f 688/2003/827 706/269/229 708/2010/839
f 715/2011/845 713/2012/842 710/260/220
f 719/2013/847 711/271/231 713/2014/842
f 725/2015/850 723/2016/848 720/209/169
f 729/2017/852 721/273/233 723/2018/848
f 730/224/184 719/2019/847 716/225/185
f 734/2020/854 717/270/230 719/2013/847
f 740/257/217 738/2021/855 735/258/218
f 744/2022/859 736/276/236 738/2023/855
f 697/2024/835 748/2025/860 745/197/157
f 698/2007/833 746/277/237 748/2026/860
f 755/2027/865 753/2028/862 750/251/211
f 759/2029/867 751/279/239 753/2030/862
f 765/218/178 763/2031/868 760/219/179
f 769/2032/872 761/281/241 763/2033/868
f 712/2034/844 773/2035/873 770/203/163
f 713/2014/842 771/282/242 773/2036/873
f 775/215/175 704/2037/838 701/216/176
f 779/2038/877 702/267/227 704/2006/838
f 780/221/181 789/2039/883 783/2040/878
f 789/2041/883 781/285/245 783/2042/878
f 752/2043/864 744/2044/859 741/245/205
f 753/2030/862 742/275/235 744/2022/859
f 790/230/190 783/2045/878 793/2046/884
f 783/2042/878 791/286/246 793/2047/884
f 722/206/166 769/2048/872 766/207/167
f 723/2018/848 767/280/240 769/2032/872
f 795/2049/887 694/2050/832 691/200/160
f 799/2051/889 692/265/225 694/2002/832
f 737/2052/857 759/2053/867 756/212/172
f 738/2023/855 757/278/238 759/2029/867
f 786/236/196 804/2054/892 789/2055/883
f 804/2056/892 787/284/244 789/2041/883
f 747/233/193 779/2057/877 776/234/194
f 748/2026/860 777/283/243 779/2038/877
f 801/248/208 793/2058/884 804/2059/892
f 793/2047/884 802/288/248 804/2056/892
f 772/2060/875 734/2061/854 731/263/223
f 773/2036/873 732/274/234 734/2020/854
f 707/2062/841 799/2063/889 796/227/187
f 708/2010/839 797/287/247 799/2051/889
f 762/2064/870 729/2065/852 726/239/199
f 763/2033/868 727/272/232 729/2017/852
f 812/371/900 811/1233/894 807/369/897
f 818/1238/899 805/1231/311 811/1233/894
f 826/385/910 825/1245/904 821/383/907
f 832/1250/909 819/1243/203 825/1245/904
f 807/369/897 839/1257/914 835/368/917
f 810/1236/896 833/1255/155 839/1257/914
f 847/378/925 846/1263/919 842/376/922
f 853/1268/924 840/1261/221 846/1263/919
f 861/397/936 860/1275/929 856/395/933
f 867/1280/935 854/1273/170 860/1275/929
f 868/377/941 850/1267/923 847/378/925
f 874/1286/940 848/1269/183 850/1267/923
f 882/392/952 881/1293/946 877/390/949
f 888/1298/951 875/1291/216 881/1293/946
f 821/383/907 895/1305/957 891/382/961
f 824/1248/906 889/1303/158 895/1305/957
f 903/389/969 902/1311/963 898/391/966
f 909/1316/968 896/1309/212 902/1311/963
f 917/394/979 916/1323/973 912/396/976
f 923/1328/978 910/1321/177 916/1323/973
f 842/376/922 930/1335/984 926/375/987
f 845/1266/921 924/1333/164 930/1335/984
f 931/384/990 829/1249/908 826/385/910
f 937/1340/989 827/1251/174 829/1249/908
f 945/364/1001 944/1347/995 940/362/998
f 951/1352/1000 938/1345/182 944/1347/995
f 898/391/966 885/1297/950 882/392/952
f 901/1314/965 883/1299/206 885/1297/950
f 940/362/998 958/1359/1005 954/361/1008
f 943/1350/997 952/1357/191 958/1359/1005
f 856/395/933 920/1327/977 917/394/979
f 859/1278/932 918/1329/165 920/1327/977
f 959/370/1011 815/1237/898 812/371/900
f 965/1364/1010 813/1239/161 815/1237/898
f 877/390/949 906/1315/967 903/389/969
f 880/1296/948 904/1317/173 906/1315/967
f 966/363/1016 948/1351/999 945/364/1001
f 972/1370/1015 946/1353/197 948/1351/999
f 891/382/961 934/1339/988 931/384/990
f 894/1308/960 932/1341/192 934/1339/988
f 954/361/1008 969/1369/1014 966/363/1016
f 957/1362/1007 967/1371/209 969/1369/1014
f 926/375/987 871/1285/939 868/377/941
f 929/1338/986 869/1287/224 871/1285/939
f 835/368/917 962/1363/1009 959/370/1011
f 838/1260/916 960/1365/188 962/1363/1009
f 912/396/976 864/1279/934 861/397/936
f 915/1326/975 862/1281/200 864/1279/934
f 687/1138/829 808/1235/895 689/1137/828
f 808/1235/895 685/1135/310 689/1137/828
f 691/1142/160 817/1242/902 813/1239/161
f 817/1242/902 690/1139/830 814/1241/309
f 697/1146/835 822/1247/905 699/1145/834
f 822/1247/905 695/1143/202 699/1145/834
f 701/1150/176 831/1254/912 827/1251/174
f 831/1254/912 700/1147/836 828/1253/201
f 707/1154/841 836/1259/915 709/1153/840
f 836/1259/915 705/1151/154 709/1153/840
f 712/1158/844 843/1265/920 714/1157/843
f 843/1265/920 710/1155/220 714/1157/843
f 716/1162/185 852/1272/927 848/1269/183
f 852/1272/927 715/1159/845 849/1271/219
f 722/1166/166 857/1277/931 724/1165/849
f 857/1277/931 720/1163/169 724/1165/849
f 726/1170/199 866/1284/938 862/1281/200
f 866/1284/938 725/1167/850 863/1283/168
f 731/1174/223 873/1290/944 869/1287/224
f 873/1290/944 730/1171/184 870/1289/943
f 737/1178/857 878/1295/947 739/1177/856
f 878/1295/947 735/1175/218 739/1177/856
f 741/1182/205 887/1302/955 883/1299/206
f 887/1302/955 740/1179/217 884/1301/954
f 747/1186/193 892/1307/959 749/1185/861
f 892/1307/959 745/1183/157 749/1185/861
f 752/1190/864 899/1313/964 754/1189/863
f 899/1313/964 750/1187/211 754/1189/863
f 756/1194/172 908/1320/971 904/1317/173
f 908/1320/971 755/1191/865 905/1319/210
f 762/1198/870 913/1325/974 764/1197/869
f 913/1325/974 760/1195/179 764/1197/869
f 766/1202/167 922/1332/982 918/1329/165
f 922/1332/982 765/1199/178 919/1331/981
f 772/1206/875 927/1337/985 774/1205/874
f 927/1337/985 770/1203/163 774/1205/874
f 776/1210/194 936/1344/993 932/1341/192
f 936/1344/993 775/1207/175 933/1343/992
f 782/1214/880 941/1349/996 784/1213/879
f 941/1349/996 780/1211/181 784/1213/879
f 786/1218/196 950/1356/1003 946/1353/197
f 950/1356/1003 785/1215/881 947/1355/180
f 792/1222/886 955/1361/1006 794/1221/885
f 955/1361/1006 790/1219/190 794/1221/885
f 796/1226/187 964/1368/1013 960/1365/188
f 964/1368/1013 795/1223/887 961/1367/159
f 801/1230/208 971/1374/1018 967/1371/209
f 971/1374/1018 800/1227/890 968/1373/195
f 538/438/380 536/2066/731 533/439/381
f 542/2067/734 534/369/1392 536/2068/731
f 550/339/299 546/2069/738 543/337/297
f 556/1023/741 544/383/739 546/1019/738
f 535/290/250 560/2070/745 557/291/251
f 536/2068/731 558/368/1393 560/2071/745
f 569/356/316 565/2072/750 562/357/317
f 575/1039/753 563/376/751 565/1035/750
f 576/304/264 589/2073/763 579/2074/760
f 589/1051/763 577/395/761 579/1047/760
f 590/320/280 574/2075/755 570/321/281
f 574/1042/755 592/377/771 571/378/756
f 604/353/313 600/2076/775 597/354/314
f 600/1065/775 606/392/781 598/390/776
f 611/292/252 548/2077/737 614/2078/785
f 548/1018/737 612/382/786 614/1077/785
f 618/348/308 631/2079/793 621/2080/790
f 631/1087/793 619/391/791 621/1083/790
f 639/314/274 635/2081/800 632/315/275
f 635/1095/800 641/394/806 633/396/801
f 646/300/260 567/2082/749 649/2083/810
f 567/1034/749 647/375/811 649/1107/810
f 653/311/271 555/2084/743 551/312/272
f 555/1026/743 655/384/816 552/385/744
f 665/318/278 663/1115/817 660/316/276
f 669/2085/820 661/362/1394 663/2086/817
f 620/342/302 609/2087/780 605/340/300
f 623/1082/789 606/392/781 609/1072/780
f 662/326/286 673/1123/821 670/327/287
f 663/2086/817 671/361/1395 673/2088/821
f 578/302/262 644/2089/805 640/303/263
f 644/1102/805 577/395/761 641/394/806
f 675/296/256 542/2090/734 539/297/257
f 679/2091/824 540/371/1396 542/2067/734
f 599/308/268 630/2092/795 626/309/269
f 602/1064/774 627/389/796 630/1090/795
f 680/332/292 669/1121/820 666/333/293
f 684/2093/826 667/364/1397 669/2085/820
f 613/329/289 658/2094/815 654/330/290
f 658/1114/815 612/382/786 655/384/816
f 672/345/305 684/1133/826 681/343/303
f 673/2088/821 682/363/1398 684/2093/826
f 648/360/320 595/2095/770 591/358/318
f 651/1106/809 592/377/771 595/1060/770
f 559/323/283 679/2096/824 676/324/284
f 560/2071/745 677/370/1399 679/2091/824
f 634/336/296 588/2097/765 584/334/294
f 637/1094/799 585/397/766 588/1054/765
f 974/254/214 986/2098/1026 982/754/637
f 976/2099/1022 980/325/285 986/1384/1026
f 982/754/637 993/2100/1031 989/755/638
f 985/2101/1028 987/1389/1029 993/1391/1031
f 989/755/638 1000/2102/1036 996/253/213
f 992/2103/1034 994/331/291 1000/1398/1036
f 996/253/213 978/2104/1024 974/254/214
f 999/2105/1038 975/1380/1023 978/1382/1024
f 672/345/305 983/1386/1027 674/1125/822
f 983/2106/1027 670/327/287 674/1124/822
f 660/316/276 979/2107/1021 975/1380/1023
f 979/1377/1021 662/326/286 973/1375/1019
f 680/332/292 990/1394/1033 683/1131/825
f 990/2108/1033 681/343/303 683/1134/825
f 665/318/278 997/1400/1037 668/1119/819
f 997/2109/1037 666/333/293 668/1122/819
f 1010/757/640 1004/1407/1042 1014/2110/1045
f 1004/2111/1042 1008/289/249 1014/1411/1045
f 1017/1422/1053 1013/1416/1048 1021/2112/1050
f 1013/2113/1048 1015/322/282 1021/1418/1050
f 1024/758/641 1020/1424/1054 1028/2114/1056
f 1020/2115/1054 1022/295/255 1028/1426/1056
f 1002/759/642 1027/1431/1059 1006/2116/1043
f 1027/2117/1059 1003/437/379 1006/1409/1043
f 559/323/283 1011/1414/1047 561/2118/746
f 1011/2119/1047 557/291/251 561/2120/746
f 533/439/381 1007/2121/1041 1003/437/379
f 1007/1405/1041 535/290/250 1001/1403/1039
f 675/296/256 1018/1421/1052 678/2122/823
f 1018/2123/1052 676/324/284 678/2124/823
f 538/438/380 1025/1429/1058 541/2125/733
f 1025/2126/1058 539/297/257 541/2127/733
f 1038/365/325 1032/1436/1063 1042/2128/1066
f 1032/2129/1063 1036/298/258 1042/1440/1066
f 1038/365/325 1049/2130/1071 1045/1451/1074
f 1041/2131/1068 1043/1445/1069 1049/1447/1071
f 1045/1451/1074 1056/2132/1077 1052/366/326
f 1056/1455/1077 1044/1448/1072 1050/319/279
f 1052/366/326 1034/2133/1064 1030/367/327
f 1055/2134/1080 1031/355/315 1034/1438/1064
f 648/360/320 1039/1442/1067 652/2135/808
f 1039/2136/1067 646/300/260 652/2137/808
f 562/357/317 1035/2138/1062 1031/355/315
f 1035/1434/1062 564/299/259 1029/1432/1060
f 590/320/280 1046/1450/1073 593/2139/769
f 1046/2140/1073 591/358/318 593/2141/769
f 569/356/316 1053/1458/1079 572/2142/754
f 1053/2143/1079 570/321/281 572/2144/754
f 1058/374/330 1070/2145/1088 1066/372/328
f 1060/2146/1083 1064/1468/1086 1070/1470/1088
f 1066/372/328 1077/2147/1093 1073/1481/1096
f 1069/2148/1091 1071/328/288 1077/1477/1093
f 1073/1481/1096 1084/2149/1099 1080/373/329
f 1084/1485/1099 1072/1478/1094 1078/310/270
f 1080/373/329 1062/2150/1085 1058/374/330
f 1083/2151/1101 1059/1465/1084 1062/1467/1085
f 613/329/289 1067/1473/1090 617/2152/783
f 1067/2153/1090 611/292/252 617/2154/783
f 543/337/297 1063/2155/1082 1059/1465/1084
f 1063/1462/1082 545/294/254 1057/293/253
f 653/311/271 1074/1480/1095 656/2156/814
f 1074/2157/1095 654/330/290 656/2158/814
f 550/339/299 1081/1487/1100 553/2159/742
f 1081/2160/1100 551/312/272 553/2161/742
f 1086/381/335 1098/2162/1108 1094/379/333
f 1088/2163/1105 1092/307/267 1098/1498/1108
f 1101/1508/1115 1097/1503/1111 1105/2164/1113
f 1097/2165/1111 1099/346/306 1105/1505/1113
f 1101/1508/1115 1112/2166/1119 1108/380/334
f 1104/2167/1116 1106/1511/1117 1112/1513/1119
f 1108/380/334 1090/2168/1106 1086/381/335
f 1090/1496/1106 1107/1514/1120 1087/352/312
f 625/347/307 1095/1501/1110 628/2169/794
f 1095/2170/1110 626/309/269 628/2171/794
f 597/354/314 1091/2172/1104 1087/352/312
f 1091/1492/1104 599/308/268 1085/1490/1102
f 620/342/302 1102/1507/1114 624/2173/788
f 1102/2174/1114 618/348/308 624/2175/788
f 604/353/313 1109/1516/1121 607/2176/779
f 1109/2177/1121 605/340/300 607/2178/779
f 1114/388/338 1126/2179/1130 1122/386/336
f 1116/2180/1126 1120/301/261 1126/1528/1130
f 1122/386/336 1133/2181/1135 1129/1538/1137
f 1133/1535/1135 1121/1529/1131 1127/313/273
f 1129/1538/1137 1140/2182/1141 1136/387/337
f 1132/2183/1138 1134/1541/1139 1140/1543/1141
f 1136/387/337 1118/2184/1128 1114/388/338
f 1139/2185/1143 1115/1524/1127 1118/1526/1128
f 639/314/274 1123/1531/1132 642/2186/804
f 1123/2187/1132 640/303/263 642/2188/804
f 576/304/264 1119/2189/1125 1115/1524/1127
f 1119/1521/1125 578/302/262 1113/1519/1123
f 634/336/296 1130/1537/1136 638/2190/798
f 1130/2191/1136 632/315/275 638/2192/798
f 583/306/266 1137/1545/1142 586/2193/764
f 1137/2194/1142 584/334/294 586/2195/764
f 479/407/349 1154/2196/1155 1151/1556/1151
f 482/2197/693 1152/1559/1154 1154/1561/1155
f 477/512/442 1167/1566/1158 480/2198/705
f 480/957/705 1163/1570/1161 478/406/348
f 1158/472/414 1166/1569/1160 1162/2199/1400
f 1160/2200/1401 1163/1570/1161 1166/1572/1160
f 1158/472/414 1170/2201/1402 1160/2202/1401
f 1160/2200/1401 1169/404/346 1159/2203/1403
f 1148/2204/1404 1170/2205/1402 1168/446/388
f 1150/2206/1405 1169/404/346 1170/2207/1402
f 1148/2204/1404 1156/1563/1156 1150/2208/1405
f 1150/2206/1405 1152/1559/1154 1149/405/347
f 486/964/540 1190/2209/1171 1187/513/443
f 489/2210/703 1188/1582/1170 1190/1584/1171
f 484/409/351 1200/1589/1174 487/2211/700
f 487/963/700 1196/1593/1177 485/400/342
f 1201/470/412 1199/1592/1176 1195/468/410
f 1203/2212/1406 1196/1593/1177 1199/1595/1176
f 1204/2213/390 1203/2214/1406 1201/470/412
f 1203/2212/1406 1205/398/340 1202/2215/1407
f 1204/448/390 1186/2216/1408 1206/2217/1409
f 1186/2218/1408 1205/398/340 1206/2219/1409
f 1184/2220/1410 1192/1586/1172 1186/2216/1408
f 1186/2218/1408 1188/1582/1170 1185/399/341
f 1195/468/410 1157/1564/1153 1153/469/411
f 1197/2221/1175 1151/1556/1151 1157/1558/1153
f 1162/2199/1400 1193/1587/1169 1189/466/408
f 1164/2222/1159 1187/513/443 1193/1581/1169
f 493/971/416 1210/2223/1181 1207/402/344
f 496/2224/706 1208/1598/1180 1210/1600/1181
f 491/410/352 1232/1605/1184 494/2225/688
f 494/970/688 1228/1606/1185 492/421/363
f 1220/456/398 1231/2226/1186 1227/453/395
f 1222/2227/1411 1228/1606/1185 1231/1608/1186
f 1217/2228/400 1222/2229/1411 1220/456/398
f 1222/2227/1411 1218/419/361 1221/2230/1412
f 1217/458/400 1216/2231/1413 1219/2232/1414
f 1216/2233/1413 1218/419/361 1219/2234/1414
f 1214/2235/1415 1212/1602/1182 1216/2231/1413
f 1216/2233/1413 1208/1598/1180 1215/420/362
f 499/401/343 1245/1610/1188 503/2236/704
f 503/980/704 1241/1614/1191 500/418/360
f 1236/449/391 1244/1613/1190 1240/1617/1192
f 1238/2237/1416 1241/1614/1191 1244/1616/1190
f 1236/449/391 1248/2238/1417 1238/2239/1416
f 1238/2237/1416 1247/416/358 1237/2240/1418
f 1249/2241/1419 1248/2242/1417 1246/457/399
f 1251/2243/1420 1247/416/358 1248/2244/1417
f 1249/2241/1419 1258/2245/1421 1251/2246/1420
f 1251/2243/1420 1254/1620/1195 1250/417/359
f 498/974/421 1257/2247/1196 1253/411/353
f 504/2248/697 1254/1620/1195 1257/1622/1196
f 1227/453/395 1255/2249/1194 1252/454/396
f 1229/2250/1422 1253/411/353 1255/1619/1194
f 1240/1617/1192 1213/1603/1179 1209/467/409
f 1242/2251/1189 1207/402/344 1213/1597/1179
f 507/413/355 1275/2252/1202 1272/1628/1199
f 510/2253/716 1273/1631/1201 1275/1633/1202
f 505/422/364 1177/1574/1163 508/2254/718
f 508/984/718 1173/2255/1166 506/433/375
f 1178/471/413 1176/1579/1167 1172/2256/1423
f 1180/2257/1424 1173/2255/1166 1176/2258/1167
f 1233/2259/392 1180/2260/1424 1178/471/413
f 1180/2257/1424 1234/431/373 1179/2261/1425
f 1262/2262/1426 1235/2263/1427 1233/450/392
f 1264/2264/1428 1234/431/373 1235/2265/1427
f 1262/2262/1426 1277/1575/1164 1264/2266/1428
f 1264/2264/1428 1273/1631/1201 1263/432/374
f 1224/447/389 1183/2267/1429 1225/2268/1430
f 1183/2269/1429 1223/2270/1431 1225/2271/1430
f 1181/2272/1432 1147/2273/1433 1183/2267/1429
f 1183/2269/1429 1143/2274/1149 1182/2275/1434
f 514/991/438 1146/2276/1150 1142/423/365
f 517/2277/709 1143/2274/1149 1146/2278/1150
f 512/415/357 1271/1624/1198 515/2279/708
f 515/990/708 1267/429/371 513/428/370
f 1259/452/394 1270/1549/1145 1266/1548/1144
f 1261/2280/1435 1267/429/371 1270/1627/1145
f 1259/452/394 1225/2281/1430 1261/2282/1435
f 1261/2280/1435 1223/2270/1431 1260/430/372
f 1172/2256/1423 1144/2283/1148 1141/393/339
f 1174/2284/1436 1142/423/365 1144/1552/1148
f 1266/1548/1144 1278/1576/1165 1274/455/397
f 1268/2285/1146 1272/1628/1199 1278/1630/1165
f 521/998/441 1298/2286/1212 1295/444/386
f 524/2287/721 1296/2288/1211 1298/2289/1212
f 519/427/369 1291/1636/1204 522/2290/720
f 522/997/720 1287/1640/1208 520/442/384
f 1282/451/393 1290/1638/1206 1286/1637/1205
f 1284/2291/1437 1287/1640/1208 1290/1642/1206
f 1282/451/393 1281/2292/1438 1284/2293/1437
f 1284/2291/1437 1280/440/382 1283/2294/1439
f 1279/464/406 1294/2295/1440 1281/2296/1438
f 1294/2297/1440 1280/440/382 1281/2298/1438
f 1292/2299/1441 1300/2300/1442 1294/2295/1440
f 1294/2297/1440 1296/2288/1211 1293/441/383
f 528/425/367 1305/2301/1217 1302/1649/1213
f 531/2302/712 1303/1652/1216 1305/1654/1217
f 526/443/385 1324/1659/1222 529/2303/714
f 529/1004/714 1320/2304/1223 527/436/378
f 1315/463/405 1323/1656/1219 1319/1655/1218
f 1317/2305/1443 1320/2304/1223 1323/2306/1219
f 1312/2307/402 1317/2308/1443 1315/463/405
f 1317/2305/1443 1313/434/376 1316/2309/1444
f 1309/459/401 1314/2310/1445 1312/460/402
f 1311/2311/1446 1313/434/376 1314/2312/1445
f 1309/459/401 1307/2313/1447 1311/2314/1446
f 1311/2311/1446 1303/1652/1216 1310/435/377
f 1319/1655/1218 1301/2315/1210 1297/465/407
f 1321/2316/1220 1295/444/386 1301/1644/1210
f 1286/1637/1205 1308/2317/1215 1304/462/404
f 1288/2318/1207 1302/1649/1213 1308/1651/1215
f 422/621/540 1338/1671/1232 426/2319/702
f 426/907/702 1334/1675/1235 423/484/351
f 1339/543/469 1337/1674/1234 1333/1678/1236
f 1341/2320/1448 1334/1675/1235 1337/1677/1234
f 1339/543/469 1344/2321/1449 1341/2322/1448
f 1341/2320/1448 1343/482/422 1340/2323/1450
f 1342/542/468 1347/2324/1451 1344/2325/1449
f 1347/2326/1451 1343/482/422 1344/2327/1449
f 1345/541/467 1354/2328/1452 1347/2324/1451
f 1347/2326/1451 1350/1682/1240 1346/483/423
f 421/473/342 1353/2329/1241 1349/1679/1237
f 427/2330/700 1350/1682/1240 1353/1684/1241
f 430/619/343 1371/2331/1252 1368/1692/1248
f 433/2332/698 1369/1695/1251 1371/1697/1252
f 428/475/360 1393/1702/1255 431/2333/697
f 431/911/697 1389/1706/1258 429/481/421
f 1384/526/453 1392/1705/1257 1388/2334/1453
f 1386/2335/1454 1389/1706/1258 1392/1708/1257
f 1381/525/452 1386/2336/1454 1384/526/453
f 1386/2335/1454 1382/479/419 1385/2337/1455
f 1375/2338/1456 1383/2339/1457 1381/524/452
f 1377/2340/1458 1382/479/419 1383/2341/1457
f 1375/2338/1456 1373/1699/1253 1377/2342/1458
f 1377/2340/1458 1369/1695/1251 1376/480/420
f 1388/2334/1453 1351/2343/1239 1348/539/465
f 1390/2344/1256 1349/1679/1237 1351/1681/1239
f 1333/1678/1236 1374/1700/1250 1370/521/449
f 1335/2345/1233 1368/1692/1248 1374/1694/1250
f 437/918/442 1423/2346/1269 1420/477/417
f 440/2347/694 1421/1724/1268 1423/1726/1269
f 435/485/348 1419/1715/1262 438/2348/693
f 438/917/693 1415/1719/1265 436/496/349
f 1410/530/457 1418/1718/1264 1414/2349/1459
f 1412/2350/1460 1415/1719/1265 1418/1721/1264
f 1430/529/456 1412/2351/1460 1410/530/457
f 1412/2350/1460 1431/494/429 1411/2352/1461
f 1427/2353/1462 1432/2354/1463 1430/536/456
f 1429/2355/1464 1431/494/429 1432/2356/1463
f 1427/2353/1462 1425/1728/1270 1429/2357/1464
f 1429/2355/1464 1421/1724/1268 1428/495/430
f 444/925/363 1443/2358/1280 1440/486/424
f 447/2359/688 1441/1740/1279 1443/1742/1280
f 442/476/416 1456/1747/1283 445/2360/690
f 445/924/690 1452/1751/1286 443/493/352
f 1447/533/460 1455/1750/1285 1451/2361/1465
f 1449/2362/1466 1452/1751/1286 1455/1753/1285
f 1447/533/460 1462/2363/1467 1449/2364/1466
f 1449/2362/1466 1461/491/427 1448/2365/1468
f 1460/535/462 1459/2366/1469 1462/2367/1467
f 1459/2368/1469 1461/491/427 1462/2369/1467
f 1457/534/461 1445/1744/1281 1459/2366/1469
f 1459/2368/1469 1441/1740/1279 1458/492/428
f 1414/2349/1459 1446/1745/1278 1442/528/455
f 1416/2370/1263 1440/486/424 1446/1739/1278
f 1451/2361/1465 1426/1729/1267 1422/531/458
f 1453/2371/1284 1420/477/417 1426/1723/1267
f 451/488/357 1436/2372/1275 1433/1730/1271
f 454/2373/710 1434/1733/1274 1436/1735/1275
f 449/497/370 1361/1686/1243 452/2374/709
f 452/931/709 1357/2375/1247 450/508/438
f 1362/537/463 1360/1687/1244 1356/1689/1246
f 1364/2376/1470 1357/2375/1247 1360/2377/1244
f 1362/537/463 1380/2378/1471 1364/2379/1470
f 1364/2376/1470 1379/506/436 1363/2380/1472
f 1400/2381/1473 1380/2382/1471 1378/540/466
f 1402/2383/1474 1379/506/436 1380/2384/1471
f 1400/2381/1473 1438/1737/1276 1402/2385/1474
f 1402/2383/1474 1434/1733/1274 1401/507/437
f 1365/522/450 1396/2386/1475 1395/523/451
f 1367/2387/1476 1394/2388/1477 1396/2389/1475
f 1365/522/450 1331/2390/1478 1367/2391/1476
f 1367/2387/1476 1327/2392/1229 1366/2393/1479
f 458/938/378 1330/2394/1230 1326/498/431
f 461/2395/714 1327/2392/1229 1330/2396/1230
f 456/490/367 1409/1710/1260 459/2397/713
f 459/937/713 1405/504/434 457/503/385
f 1397/538/464 1408/1663/1225 1404/1662/1224
f 1399/2398/1480 1405/504/434 1408/1713/1225
f 1397/538/464 1396/2399/1475 1399/2400/1480
f 1399/2398/1480 1394/2388/1477 1398/505/435
f 1356/1689/1246 1328/2401/1228 1325/461/403
f 1358/2402/1245 1326/498/431 1328/1666/1228
f 1404/1662/1224 1439/1736/1273 1435/527/454
f 1406/2403/1226 1433/1730/1271 1439/1732/1273
f 465/945/375 1469/2404/1290 1466/519/447
f 468/2405/718 1467/2406/1289 1469/2407/1290
f 463/502/355 1479/1763/1294 466/2408/717
f 466/944/717 1475/1765/1296 464/517/364
f 1480/553/477 1478/1761/1293 1474/1764/1295
f 1482/2409/1481 1475/1765/1296 1478/1767/1293
f 1480/553/477 1485/2410/1482 1482/2411/1481
f 1482/2409/1481 1484/515/445 1481/2412/1483
f 1463/2413/1484 1485/2414/1482 1483/532/459
f 1465/2415/1485 1484/515/445 1485/2416/1482
f 1463/2413/1484 1471/2417/1486 1465/2418/1485
f 1465/2415/1485 1467/2406/1289 1464/516/446
f 472/500/369 1492/2419/1301 1489/1768/1297
f 475/2420/722 1490/1771/1300 1492/1773/1301
f 470/518/384 1502/1778/1306 473/2421/721
f 473/951/721 1498/2422/1307 471/511/441
f 1503/550/475 1501/1775/1303 1497/1774/1302
f 1505/2423/1487 1498/2422/1307 1501/2424/1303
f 1503/550/475 1508/2425/1488 1505/2426/1487
f 1505/2423/1487 1507/509/439 1504/2427/1489
f 1486/551/476 1508/2428/1488 1506/552/474
f 1488/2429/1490 1507/509/439 1508/2430/1488
f 1486/551/476 1494/2431/1491 1488/2432/1490
f 1488/2429/1490 1490/1771/1300 1487/510/440
f 1497/1774/1302 1472/2433/1288 1468/548/473
f 1499/2434/1304 1466/519/447 1472/1755/1288
f 1474/1764/1295 1495/2435/1299 1491/544/470
f 1476/2436/1292 1489/1768/1297 1495/1770/1299
f 1515/2437/1492 1511/2438/1493 1517/2439/1377
f 1517/2440/1377 1510/555/479 1516/623/542
f 1524/2441/1494 1517/2439/1377 1526/2442/1378
f 1517/2440/1377 1525/559/483 1526/2443/1378
f 1533/2444/1495 1526/2442/1378 1535/2445/1496
f 1526/2443/1378 1534/558/482 1535/2446/1496
f 1537/2447/1497 1535/2445/1496 1538/2448/1379
f 1535/2446/1496 1536/561/485 1538/2449/1379
f 1537/2447/1497 1544/2450/1381 1542/2451/1498
f 1544/2452/1381 1536/563/485 1543/566/489
f 1542/2451/1498 1550/2453/1499 1548/2454/1500
f 1550/2455/1499 1543/566/489 1549/568/491
f 1548/2454/1500 1556/2456/1501 1554/2457/1502
f 1556/2458/1501 1549/568/491 1555/570/493
f 1554/2457/1502 1562/2459/1503 1560/2460/1504
f 1556/2458/1501 1561/572/495 1562/2461/1503
f 1566/2462/1505 1562/2459/1503 1568/2463/1385
f 1568/2464/1385 1561/572/495 1567/574/497
f 1566/2462/1505 1574/2465/1506 1572/2466/1507
f 1574/2467/1506 1567/574/497 1573/576/499
f 1572/2466/1507 1580/2468/1508 1578/2469/1509
f 1574/2467/1506 1579/578/501 1580/2470/1508
f 1584/2471/1510 1580/2468/1508 1586/2472/1511
f 1580/2470/1508 1585/2473/503 1586/2474/1511
f 1584/2471/1510 1592/2475/1388 1590/2476/1512
f 1592/2477/1388 1585/580/503 1591/583/505
f 1596/2478/1513 1592/2475/1388 1598/2479/1390
f 1598/2480/1390 1591/583/505 1597/585/507
f 1602/2481/1514 1598/2479/1390 1604/2482/1515
f 1598/2480/1390 1603/587/509 1604/2483/1515
f 1602/2481/1514 1610/2484/1516 1608/255/215
f 1604/2483/1515 1609/589/511 1610/2485/1516
f 1614/2486/1517 1610/2484/1516 1616/2487/1518
f 1616/2488/1518 1609/589/511 1615/591/513
f 1620/2489/1519 1616/2487/1518 1622/2490/1520
f 1622/2491/1520 1615/591/513 1621/593/515
f 1623/2492/1521 1622/2490/1520 1625/2493/1363
f 1625/2494/1363 1621/593/515 1624/595/517
f 1626/2495/1522 1625/2493/1363 1628/2496/1364
f 1628/2497/1364 1624/595/517 1627/2498/519
f 1632/2499/1523 1628/2496/1364 1634/2500/1365
f 1634/2501/1365 1627/598/519 1633/597/518
f 1638/2502/1524 1634/2500/1365 1640/2503/1525
f 1634/2501/1365 1639/600/521 1640/2504/1525
f 1644/2505/1526 1640/2503/1525 1646/2506/1367
f 1640/2504/1525 1645/602/523 1646/2507/1367
f 1650/2508/1527 1646/2506/1367 1652/2509/1528
f 1646/2507/1367 1651/604/525 1652/2510/1528
f 1650/2508/1527 1658/2511/1529 1656/2512/1530
f 1658/2513/1529 1651/604/525 1657/606/527
f 1656/2512/1530 1664/2514/1531 1662/2515/1532
f 1664/2516/1531 1657/606/527 1663/608/529
f 1668/2517/1533 1664/2514/1531 1670/2518/1371
f 1670/2519/1371 1663/608/529 1669/610/531
f 1668/2517/1533 1676/2520/1372 1675/2521/1534
f 1676/2522/1372 1669/610/531 1674/612/533
f 1680/2523/1535 1676/2520/1372 1682/2524/1536
f 1676/2525/1372 1681/614/535 1682/2526/1536
f 1686/2527/1537 1682/2524/1536 1688/2528/1538
f 1682/2526/1536 1687/617/537 1688/2529/1538
f 1686/2527/1537 1694/2530/1539 1692/2531/1540
f 1688/2529/1538 1693/556/480 1694/2532/1539
f 1692/2531/1540 1511/2438/1493 1509/756/639
f 1694/2532/1539 1510/555/479 1511/2533/1493
f 1512/546/471 1700/2534/1541 1699/547/472
f 1514/2535/1542 1698/691/575 1700/2536/1541
f 1519/834/676 1523/2537/1543 1520/2538/1544
f 1520/2539/1544 1522/666/563 1518/664/562
f 1528/822/664 1532/2540/1545 1529/2541/1546
f 1529/2542/1546 1531/639/550 1527/637/549
f 1539/825/667 1523/2537/1543 1521/833/675
f 1541/2543/1547 1522/666/563 1523/2544/1543
f 1545/821/663 1532/2540/1545 1530/835/677
f 1547/2545/1548 1531/639/550 1532/2546/1545
f 1551/824/666 1541/2547/1547 1539/825/667
f 1553/2548/1549 1540/2549/564 1541/2550/1547
f 1557/820/662 1547/2551/1548 1545/821/663
f 1559/2552/1352 1546/641/551 1547/2545/1548
f 1551/824/666 1565/2553/1550 1553/2554/1549
f 1553/2548/1549 1564/672/566 1552/670/565
f 1557/820/662 1571/2555/1551 1559/2556/1352
f 1559/2552/1352 1570/645/552 1558/643/526
f 1575/826/668 1565/2553/1550 1563/827/669
f 1577/2557/1552 1564/672/566 1565/2558/1550
f 1581/837/679 1571/2555/1551 1569/836/678
f 1583/2559/1553 1570/645/552 1571/2560/1551
f 1587/828/670 1577/2561/1552 1575/826/668
f 1589/2562/1554 1576/674/567 1577/2557/1552
f 1593/844/686 1583/2563/1553 1581/837/679
f 1595/2564/1555 1582/647/553 1583/2559/1553
f 1587/828/670 1601/2565/1556 1589/2566/1554
f 1589/2562/1554 1600/678/569 1588/676/568
f 1593/844/686 1607/2567/1557 1595/2568/1555
f 1595/2564/1555 1606/651/556 1594/649/555
f 1611/830/672 1601/2565/1556 1599/829/671
f 1613/2569/1558 1600/678/569 1601/2570/1556
f 1617/838/680 1607/2567/1557 1605/839/681
f 1619/2571/1559 1606/653/556 1607/2572/1557
f 1629/831/673 1613/2573/1558 1611/830/672
f 1631/2574/1560 1612/680/570 1613/2569/1558
f 1635/840/682 1619/2575/1559 1617/838/680
f 1637/2576/1561 1618/654/557 1619/2571/1559
f 1512/546/471 1643/2577/1562 1514/2578/1542
f 1514/2535/1542 1642/766/646 1513/628/546
f 1629/831/673 1649/2579/1563 1631/2580/1560
f 1631/2574/1560 1648/684/572 1630/682/571
f 1635/840/682 1655/2581/1564 1637/2582/1561
f 1637/2576/1561 1654/658/559 1636/656/558
f 1659/818/660 1643/2577/1562 1641/815/657
f 1661/2583/1565 1642/766/646 1643/2584/1562
f 1665/816/658 1649/2579/1563 1647/817/659
f 1667/2585/1566 1648/2586/572 1649/2587/1563
f 1671/842/684 1655/2581/1564 1653/841/683
f 1673/2588/1567 1654/658/559 1655/2589/1564
f 1659/818/660 1679/2590/1568 1661/2591/1565
f 1661/2583/1565 1678/631/547 1660/694/577
f 1683/819/661 1667/2592/1566 1665/816/658
f 1685/2593/1569 1666/687/573 1667/2585/1566
f 1671/842/684 1691/2594/1570 1673/2595/1567
f 1673/2588/1567 1690/662/561 1672/660/560
f 1695/823/665 1679/2590/1568 1677/832/674
f 1697/2596/1571 1678/631/547 1679/2597/1568
f 1683/819/661 1700/2534/1541 1685/2598/1569
f 1685/2593/1569 1698/691/575 1684/689/574
f 1519/834/676 1691/2594/1570 1689/843/685
f 1520/2539/1544 1690/662/561 1691/2599/1570
f 1528/822/664 1697/2600/1571 1695/823/665
f 1529/2542/1546 1696/636/548 1697/2601/1571
f 202/875/363 1704/2602/1310 1701/764/644
f 204/2603/688 1702/775/649 1704/2604/1310
f 1708/777/647 221/2605/697 217/778/360
f 1714/2606/1313 215/888/421 221/890/697
f 1703/805/656 1713/1790/1314 1709/798/655
f 1706/2607/1311 1710/774/648 1713/2608/1314
f 1723/765/645 183/2609/693 180/763/348
f 1725/2610/1324 181/782/349 183/856/693
f 194/776/342 1721/2611/1317 1717/2612/1320
f 200/2613/700 1715/783/643 1721/2614/1317
f 1736/781/645 214/2615/693 210/779/348
f 1742/2616/1324 208/760/349 214/882/693
f 1729/788/650 1741/1814/1323 1737/795/651
f 1735/2617/1319 1738/2618/1321 1741/2619/1323
f 223/770/342 1734/2620/1317 1730/2621/1320
f 225/2622/700 1731/761/643 1734/2623/1317
f 1743/787/649 179/2624/688 175/785/352
f 1749/2625/1310 173/845/363 179/847/688
f 1744/793/652 1739/1815/1325 1748/1820/1309
f 1739/2626/1325 1745/780/644 1748/2627/1309
f 1724/791/651 1707/1783/1309 1703/805/656
f 1727/2628/1325 1701/764/644 1707/2629/1309
f 1716/796/653 1711/1791/1315 1720/1796/1318
f 1711/2630/1315 1717/2612/1320 1720/2631/1318
f 1750/797/654 1732/1805/1318 1729/788/650
f 1756/2632/1315 1730/2621/1320 1732/2633/1318
f 188/861/421 1755/2634/1313 1751/786/648
f 190/2635/697 1752/771/647 1755/2636/1313
f 1744/793/652 1753/1823/1314 1750/797/654
f 1746/2637/1311 1751/786/648 1753/2638/1314
f 1716/796/653 1728/1801/1323 1724/791/651
f 1718/2639/1319 1722/2640/1321 1728/2641/1323
f 209/883/442 189/864/343 174/848/416
f 1414/2349/1459 1418/1718/1264 1416/1717/1263
f 1425/1728/1270 1422/531/458 1426/1729/1267
f 1451/2361/1465 1455/1750/1285 1453/1749/1284
f 1445/1744/1281 1442/528/455 1446/1745/1278
f 1195/468/410 1199/1592/1176 1197/1591/1175
f 1192/1586/1172 1189/466/408 1193/1587/1169
f 1162/2199/1400 1166/1569/1160 1164/1568/1159
f 1156/1563/1156 1153/469/411 1157/1564/1153
f 1388/2334/1453 1392/1705/1257 1390/1704/1256
f 1373/1699/1253 1370/521/449 1374/1700/1250
f 1352/2642/1238 1354/2328/1452 1351/2343/1239
f 1354/2328/1452 1348/539/465 1351/2343/1239
f 1230/2643/1183 1229/2644/1422 1231/2226/1186
f 1227/453/395 1231/2226/1186 1229/2644/1422
f 1256/2645/1193 1258/2245/1421 1255/2249/1194
f 1258/2245/1421 1252/454/396 1255/2249/1194
f 1299/1646/1209 1300/2300/1442 1301/2315/1210
f 1300/2300/1442 1297/465/407 1301/2315/1210
f 1306/2646/1214 1307/2313/1447 1308/2317/1215
f 1307/2313/1447 1304/462/404 1308/2317/1215
f 1470/1757/1287 1471/2417/1486 1472/2433/1288
f 1471/2417/1486 1468/548/473 1472/2433/1288
f 1493/2647/1298 1494/2431/1491 1495/2435/1299
f 1494/2431/1491 1491/544/470 1495/2435/1299
f 1145/1554/1147 1147/2273/1433 1144/2283/1148
f 1147/2273/1433 1141/393/339 1144/2283/1148
f 1175/1578/1162 1174/2648/1436 1176/1579/1167
f 1172/2256/1423 1176/1579/1167 1174/2648/1436
f 1329/1668/1227 1331/2390/1478 1328/2401/1228
f 1331/2390/1478 1325/461/403 1328/2401/1228
f 1439/1736/1273 1437/2649/1272 1438/1737/1276
f 1360/1687/1244 1359/1691/1242 1358/1688/1245
f 1/1/1 4/5/5 3/2/2
f 2/4/4 5/2650/14 4/5/5
f 4/5/5 16/8/8 13/6/6
f 4/5/5 5/2650/14 6/7/7
f 7/9/9 10/13/13 9/10/10
f 8/12/12 11/2651/19 10/13/13
f 10/13/13 5/16/14 2/14/4
f 10/13/13 11/2651/19 6/15/7
f 12/17/15 15/21/18 14/18/16
f 13/20/6 16/2652/8 15/21/18
f 15/21/18 11/24/19 8/22/12
f 15/21/18 16/2652/8 6/23/7
f 17/25/20 20/29/24 19/26/21
f 18/28/23 21/2653/33 20/29/24
f 20/29/24 32/32/27 29/30/25
f 20/29/24 21/2653/33 22/31/26
f 23/33/28 26/37/32 25/34/29
f 24/36/31 27/2654/38 26/37/32
f 26/37/32 21/40/33 18/38/23
f 26/37/32 27/2654/38 22/39/26
f 28/41/34 31/45/37 30/42/35
f 29/44/25 32/2655/27 31/45/37
f 31/45/37 27/48/38 24/46/31
f 31/45/37 32/2655/27 22/47/26
f 33/49/39 36/53/43 35/50/40
f 34/52/42 37/2656/52 36/53/43
f 36/53/43 48/56/46 45/54/44
f 36/53/43 37/2656/52 38/55/45
f 39/57/47 42/61/51 41/58/48
f 40/60/50 43/2657/57 42/61/51
f 42/61/51 37/64/52 34/62/42
f 42/61/51 43/2657/57 38/63/45
f 44/65/53 47/69/56 46/66/54
f 45/68/44 48/2658/46 47/69/56
f 47/69/56 43/72/57 40/70/50
f 47/69/56 48/2658/46 38/71/45
f 49/73/58 52/77/62 51/74/59
f 50/76/61 53/2659/71 52/77/62
f 52/77/62 64/80/65 61/78/63
f 52/77/62 53/2659/71 54/79/64
f 55/81/66 58/85/70 57/82/67
f 56/84/69 59/2660/76 58/85/70
f 58/85/70 53/88/71 50/86/61
f 58/85/70 59/2660/76 54/87/64
f 60/89/72 63/93/75 62/90/73
f 61/92/63 64/2661/65 63/93/75
f 63/93/75 59/96/76 56/94/69
f 63/93/75 64/2661/65 54/95/64
f 65/97/77 68/101/81 67/98/78
f 66/100/80 69/2662/90 68/101/81
f 68/101/81 80/104/84 77/102/82
f 68/101/81 69/2662/90 70/103/83
f 71/105/85 74/109/89 73/106/86
f 72/108/88 75/2663/95 74/109/89
f 74/109/89 69/112/90 66/110/80
f 74/109/89 75/2663/95 70/111/83
f 76/113/91 79/117/94 78/114/92
f 77/116/82 80/2664/84 79/117/94
f 79/117/94 75/120/95 72/118/88
f 79/117/94 80/2664/84 70/119/83
f 81/121/96 84/125/100 83/122/97
f 82/124/99 85/2665/109 84/125/100
f 84/125/100 96/128/103 93/126/101
f 84/125/100 85/2665/109 86/127/102
f 87/129/104 90/133/108 89/130/105
f 88/132/107 91/2666/114 90/133/108
f 90/133/108 85/136/109 82/134/99
f 90/133/108 91/2666/114 86/135/102
f 92/137/110 95/141/113 94/138/111
f 93/140/101 96/2667/103 95/141/113
f 95/141/113 91/144/114 88/142/107
f 95/141/113 96/2667/103 86/143/102
f 97/145/115 100/149/119 99/146/116
f 98/148/118 101/2668/128 100/149/119
f 100/149/119 112/152/122 109/150/120
f 100/149/119 101/2668/128 102/151/121
f 103/153/123 106/157/127 105/154/124
f 104/156/126 107/2669/133 106/157/127
f 106/157/127 101/160/128 98/158/118
f 106/157/127 107/2669/133 102/159/121
f 108/161/129 111/165/132 110/162/130
f 109/164/120 112/2670/122 111/165/132
f 111/165/132 107/168/133 104/166/126
f 111/165/132 112/2670/122 102/167/121
f 113/169/134 116/173/138 115/170/135
f 114/172/137 117/2671/147 116/173/138
f 116/173/138 128/176/141 125/174/139
f 116/173/138 117/2671/147 118/175/140
f 119/177/142 122/181/146 121/178/143
f 120/180/145 123/2672/152 122/181/146
f 122/181/146 117/184/147 114/182/137
f 122/181/146 123/2672/152 118/183/140
f 124/185/148 127/189/151 126/186/149
f 125/188/139 128/2673/141 127/189/151
f 127/189/151 123/192/152 120/190/145
f 127/189/151 128/2673/141 118/191/140
f 137/43/36 30/42/35 12/17/15
f 30/42/35 24/46/31 13/20/6
f 24/36/31 23/33/28 3/2/2
f 23/33/28 135/35/30 138/3/3
f 140/155/125 105/154/124 119/177/142
f 105/154/124 98/158/118 120/180/145
f 98/148/118 97/145/115 126/186/149
f 97/145/115 141/147/117 131/187/150
f 143/83/68 57/82/67 44/65/53
f 57/82/67 50/86/61 45/68/44
f 50/76/61 49/73/58 35/50/40
f 49/73/58 144/75/60 145/51/41
f 134/131/106 89/130/105 65/97/77
f 89/130/105 82/134/99 66/100/80
f 82/124/99 81/121/96 73/106/86
f 81/121/96 132/123/98 147/107/87
f 806/193/153 687/2008/829 705/194/154
f 820/196/156 697/2024/835 745/197/157
f 961/199/159 795/2049/887 691/200/160
f 841/202/162 712/2034/844 770/203/163
f 918/205/165 855/2674/930 722/206/166
f 863/208/168 725/2015/850 720/209/169
f 876/211/171 737/2052/857 756/212/172
f 827/214/174 933/2675/992 775/215/175
f 910/217/177 919/2676/981 765/218/178
f 947/220/180 785/2677/881 780/221/181
f 848/223/183 870/2678/943 730/224/184
f 834/226/186 707/2062/841 796/227/187
f 939/229/189 782/2679/880 790/230/190
f 932/232/192 890/2680/958 747/233/193
f 968/235/195 800/2681/890 786/236/196
f 911/238/198 762/2064/870 726/239/199
f 828/241/201 700/2004/836 695/242/202
f 897/244/204 752/2043/864 741/245/205
f 953/247/207 792/2682/886 801/248/208
f 905/250/210 755/2027/865 750/251/211
f 1668/2517/1533 1675/2521/1534 989/755/638
f 982/754/637 1537/2447/1497 1542/2451/1498
f 982/754/637 1542/2451/1498 1548/2454/1500
f 1662/2515/1532 1668/2517/1533 989/755/638
f 1656/2512/1530 1662/2515/1532 989/755/638
f 982/754/637 1548/2454/1500 1554/2457/1502
f 982/754/637 1554/2457/1502 1560/2460/1504
f 1656/2512/1530 989/755/638 1650/2508/1527
f 989/755/638 996/253/213 1650/2508/1527
f 974/254/214 982/754/637 1560/2460/1504
f 974/254/214 1560/2460/1504 1566/2462/1505
f 1644/2505/1526 1650/2508/1527 996/253/213
f 1638/2502/1524 1644/2505/1526 996/253/213
f 974/254/214 1566/2462/1505 1572/2466/1507
f 974/254/214 1572/2466/1507 1578/2469/1509
f 1632/2499/1523 1638/2502/1524 996/253/213
f 1626/2495/1522 1632/2499/1523 996/253/213
f 974/254/214 1578/2469/1509 1584/2471/1510
f 974/254/214 1584/2471/1510 1590/2476/1512
f 1623/2492/1521 1626/2495/1522 996/253/213
f 1620/2489/1519 1623/2492/1521 996/253/213
f 974/254/214 1590/2476/1512 1596/2478/1513
f 974/254/214 1596/2478/1513 1602/2481/1514
f 1614/2486/1517 1620/2489/1519 996/253/213
f 974/254/214 1602/2481/1514 1608/255/215
f 1608/255/215 1614/2486/1517 996/253/213
f 875/256/216 884/2683/954 740/257/217
f 849/259/219 715/2011/845 710/260/220
f 925/262/222 772/2060/875 731/263/223
f 692/265/225 130/171/136 129/139/112
f 702/267/227 132/123/98 131/187/150
f 686/266/226 129/139/112 133/27/22
f 717/270/230 135/35/30 134/131/106
f 727/272/232 137/43/36 136/19/17
f 732/274/234 138/3/3 135/35/30
f 742/275/235 140/155/125 139/179/144
f 696/268/228 131/187/150 141/147/117
f 757/278/238 143/83/68 142/67/55
f 767/280/240 145/51/41 144/75/60
f 711/271/231 134/131/106 146/99/79
f 777/283/243 147/107/87 132/123/98
f 787/284/244 149/163/131 148/59/49
f 751/279/239 142/67/55 140/155/125
f 781/285/245 148/59/49 150/11/11
f 721/273/233 136/19/17 145/51/41
f 797/287/247 151/91/74 130/171/136
f 736/276/236 139/179/144 143/83/68
f 802/288/248 152/115/93 149/163/131
f 746/277/237 141/147/117 147/107/87
f 791/286/246 150/11/11 152/115/93
f 771/282/242 146/99/79 138/3/3
f 706/269/229 133/27/22 151/91/74
f 761/281/241 144/75/60 137/43/36
f 1008/289/249 1001/1403/1039 535/290/250
f 611/292/252 1064/1468/1086 1057/293/253
f 1022/295/255 1016/1419/1051 675/296/256
f 1036/298/258 1029/1432/1060 564/299/259
f 1120/301/261 1113/1519/1123 578/302/262
f 576/304/264 1115/1524/1127 1135/305/265
f 1092/307/267 1085/1490/1102 599/308/268
f 1078/310/270 1072/1478/1094 653/311/271
f 1127/313/273 1121/1529/1131 639/314/274
f 660/316/276 975/1380/1023 995/317/277
f 1050/319/279 1044/1448/1072 590/320/280
f 1015/322/282 1009/1412/1046 559/323/283
f 980/325/285 973/1375/1019 662/326/286
f 1071/328/288 1065/1471/1089 613/329/289
f 994/331/291 988/1392/1032 680/332/292
f 584/334/294 1134/1541/1139 1128/335/295
f 543/337/297 1059/1465/1084 1079/338/298
f 605/340/300 1106/1511/1117 1100/341/301
f 681/343/303 987/1389/1029 981/344/304
f 1099/346/306 1093/1499/1109 625/347/307
f 814/349/309 690/2000/830 685/350/310
f 1087/352/312 1107/1514/1120 604/353/313
f 1031/355/315 1051/1456/1078 569/356/316
f 591/358/318 1043/1445/1069 1037/359/319
s 0
f 671/361/321 661/362/321 940/362/321
f 682/363/1572 671/361/323 954/361/322
f 667/364/321 682/363/321 966/363/321
f 661/362/1573 667/364/323 945/364/324
s 1
f 1038/365/325 1045/1451/1074 1052/366/326
s 0
f 558/368/1573 534/369/323 807/369/324
f 677/370/321 558/368/321 835/368/321
f 540/371/1572 677/370/323 959/370/322
f 534/369/321 540/371/321 812/371/321
s 1
f 1066/372/328 1073/1481/1096 1080/373/329
s 0
f 647/375/1574 563/376/323 842/376/331
f 592/377/322 647/375/323 926/375/324
f 571/378/1575 592/377/323 868/377/332
f 563/376/324 571/378/323 847/378/322
s 1
f 1094/379/333 1101/1508/1115 1108/380/334
s 0
f 612/382/332 544/383/323 821/383/331
f 655/384/321 612/382/321 891/382/321
f 552/385/331 655/384/323 931/384/332
f 544/383/321 552/385/321 826/385/321
s 1
f 1122/386/336 1129/1538/1137 1136/387/337
s 0
f 627/389/322 598/390/323 877/390/324
f 619/391/1574 627/389/323 903/389/331
f 606/392/324 619/391/323 898/391/322
f 598/390/1575 606/392/323 882/392/332
s 1
f 1141/393/339 1181/2272/1432 17/25/20
f 129/139/112 94/138/111 1172/2256/1423
f 94/138/111 1178/471/413 1172/2256/1423
f 1141/393/339 17/25/20 133/27/22
f 129/139/112 1172/2256/1423 1141/393/339
s 0
f 641/394/321 577/395/321 856/395/321
f 633/396/331 641/394/323 917/394/332
f 585/397/321 633/396/321 912/396/321
f 577/395/332 585/397/323 861/397/331
s 1
f 1185/399/341 1188/1582/1170 485/400/342
f 485/400/342 1196/1593/1177 1202/2215/1407
f 1202/2215/1407 1205/398/340 485/400/342
f 499/401/343 493/971/416 1207/402/344
f 1149/405/347 1152/1559/1154 478/406/348
f 478/406/348 1163/1570/1161 1159/2203/1403
f 1159/2203/1403 1169/404/346 478/406/348
f 479/407/349 1151/1556/1151 1194/408/350
f 491/410/352 498/974/421 1253/411/353
f 507/413/355 1272/1628/1199 1265/414/356
f 1254/1620/1195 500/418/360 1250/417/359
f 500/418/360 1241/1614/1191 1237/2240/1418
f 1247/416/358 500/418/360 1237/2240/1418
f 1215/420/362 1208/1598/1180 492/421/363
f 492/421/363 1228/1606/1185 1221/2230/1412
f 1221/2230/1412 1218/419/361 492/421/363
f 505/422/364 514/991/438 1142/423/365
f 528/425/367 1302/1649/1213 1285/426/368
f 1260/430/372 1223/2270/1431 513/428/370
f 1223/2270/1431 1182/2275/1434 513/428/370
f 1182/2275/1434 1143/2274/1149 513/428/370
f 1263/432/374 1273/1631/1201 506/433/375
f 506/433/375 1173/2255/1166 1179/2261/1425
f 1179/2261/1425 1234/431/373 506/433/375
f 1310/435/377 1303/1652/1216 527/436/378
f 527/436/378 1320/2304/1223 1316/2309/1444
f 1316/2309/1444 1313/434/376 527/436/378
f 1003/437/379 1023/1427/1057 538/438/380
f 1293/441/383 1296/2288/1211 520/442/384
f 520/442/384 1287/1640/1208 1283/2294/1439
f 1283/2294/1439 1280/440/382 520/442/384
f 526/443/385 521/998/441 1295/444/386
f 76/113/91 1148/2204/1404 1168/446/388
f 17/25/20 1181/2272/1432 1224/447/389
f 1/1/1 1184/2220/1410 1204/448/390
f 40/70/50 1246/2684/399 1236/449/391
f 87/129/104 1262/2262/1426 1233/450/392
f 114/182/137 1279/2685/406 1282/451/393
f 18/38/23 1224/2686/389 1259/452/394
f 1252/454/396 1249/2241/1419 39/57/47
f 149/163/131 110/162/130 1227/453/395
f 110/162/130 1220/456/398 1227/453/395
f 1252/454/396 39/57/47 148/59/49
f 149/163/131 1227/453/395 148/59/49
f 1262/2262/1426 87/129/104 1274/455/397
f 87/129/104 134/131/106 1274/455/397
f 135/35/30 25/34/29 1266/1548/1144
f 25/34/29 1259/452/394 1266/1548/1144
f 135/35/30 1266/1548/1144 1274/455/397
f 104/166/126 1217/2228/400 1220/456/398
f 39/57/47 1249/2241/1419 1246/457/399
f 103/153/123 1214/2235/1415 1217/458/400
f 56/84/69 55/81/66 1309/459/401
f 1365/522/450 92/137/110 1325/461/403
f 92/137/110 129/139/112 1325/461/403
f 130/171/136 115/170/135 1356/1689/1246
f 115/170/135 1362/537/463 1356/1689/1246
f 130/171/136 1356/1689/1246 1325/461/403
f 1309/459/401 55/81/66 1304/462/404
f 55/81/66 143/83/68 1304/462/404
f 139/179/144 121/178/143 1286/1637/1205
f 121/178/143 1282/451/393 1286/1637/1205
f 139/179/144 1286/1637/1205 1304/462/404
f 56/94/69 1312/2307/402 1315/463/405
f 113/169/134 1292/2299/1441 1279/464/406
f 1292/2299/1441 113/169/134 1297/465/407
f 113/169/134 130/171/136 1297/465/407
f 151/91/74 62/90/73 1319/1655/1218
f 62/90/73 1315/463/405 1319/1655/1218
f 151/91/74 1319/1655/1218 1297/465/407
f 1184/2220/1410 1/1/1 1189/466/408
f 1/1/1 138/3/3 1189/466/408
f 146/99/79 67/98/78 1162/2199/1400
f 67/98/78 1158/472/414 1162/2199/1400
f 146/99/79 1162/2199/1400 1189/466/408
f 1214/2235/1415 103/153/123 1209/467/409
f 103/153/123 140/155/125 1209/467/409
f 142/67/55 46/66/54 1240/1617/1192
f 46/66/54 1236/449/391 1240/1617/1192
f 142/67/55 1240/1617/1192 1209/467/409
f 1148/2204/1404 76/113/91 1153/469/411
f 76/113/91 152/115/93 1153/469/411
f 150/11/11 9/10/10 1195/468/410
f 9/10/10 1201/470/412 1195/468/410
f 150/11/11 1195/468/410 152/115/93
f 2/14/4 1204/2213/390 1201/470/412
f 88/142/107 1233/2259/392 1178/471/413
f 77/102/82 1168/2687/388 1158/472/414
f 421/473/342 1349/1679/1237 1387/474/415
f 442/476/416 437/918/442 1420/477/417
f 1376/480/420 1369/1695/1251 429/481/421
f 429/481/421 1389/1706/1258 1385/2337/1455
f 1385/2337/1455 1382/479/419 429/481/421
f 1350/1682/1240 423/484/351 1346/483/423
f 423/484/351 1334/1675/1235 1340/2323/1450
f 1343/482/422 423/484/351 1340/2323/1450
f 435/485/348 444/925/363 1440/486/424
f 451/488/357 1433/1730/1271 1403/489/426
f 1458/492/428 1441/1740/1279 443/493/352
f 443/493/352 1452/1751/1286 1448/2365/1468
f 1448/2365/1468 1461/491/427 443/493/352
f 1428/495/430 1421/1724/1268 436/496/349
f 436/496/349 1415/1719/1265 1411/2352/1461
f 1411/2352/1461 1431/494/429 436/496/349
f 449/497/370 458/938/378 1326/498/431
f 472/500/369 1489/1768/1297 1473/501/433
f 1398/505/435 1394/2388/1477 457/503/385
f 1394/2388/1477 1366/2393/1479 457/503/385
f 1366/2393/1479 1327/2392/1229 457/503/385
f 1401/507/437 1434/1733/1274 450/508/438
f 450/508/438 1357/2375/1247 1363/2380/1472
f 1363/2380/1472 1379/506/436 450/508/438
f 1487/510/440 1490/1771/1300 471/511/441
f 471/511/441 1498/2422/1307 1504/2427/1489
f 1504/2427/1489 1507/509/439 471/511/441
f 477/512/442 486/964/540 1187/513/443
f 1464/516/446 1467/2406/1289 464/517/364
f 464/517/364 1475/1765/1296 1481/2412/1483
f 1481/2412/1483 1484/515/445 464/517/364
f 470/518/384 465/945/375 1466/519/447
f 1375/2338/1456 71/105/85 1370/521/449
f 71/105/85 147/107/87 1370/521/449
f 141/147/117 99/146/116 1333/1678/1236
f 99/146/116 1339/543/469 1333/1678/1236
f 141/147/117 1333/1678/1236 1370/521/449
f 93/140/101 92/137/110 1365/522/450
f 71/105/85 1375/2338/1456 1381/524/452
f 78/114/92 72/118/88 1381/525/452
f 1400/2381/1473 124/185/148 1435/527/454
f 124/185/148 131/187/150 1435/527/454
f 132/123/98 83/122/97 1404/1662/1224
f 83/122/97 1397/538/464 1404/1662/1224
f 132/123/98 1404/1662/1224 1435/527/454
f 1442/528/455 1457/534/461 7/9/9
f 148/59/49 41/58/48 1414/2349/1459
f 41/58/48 1410/530/457 1414/2349/1459
f 1442/528/455 7/9/9 150/11/11
f 148/59/49 1414/2349/1459 1442/528/455
f 41/58/48 34/62/42 1430/529/456
f 1427/2353/1462 33/49/39 1422/531/458
f 33/49/39 145/51/41 1422/531/458
f 136/19/17 14/18/16 1451/2361/1465
f 14/18/16 1447/533/460 1451/2361/1465
f 136/19/17 1451/2361/1465 1422/531/458
f 60/89/72 1463/2413/1484 1483/532/459
f 8/22/12 1460/2688/462 1447/533/460
f 8/12/12 7/9/9 1457/534/461
f 33/49/39 1427/2353/1462 1430/536/456
f 125/174/139 1378/2689/466 1362/537/463
f 93/126/101 1395/2690/451 1397/538/464
f 1348/539/465 1345/541/467 108/161/129
f 152/115/93 78/114/92 1388/2334/1453
f 78/114/92 1384/526/453 1388/2334/1453
f 1348/539/465 108/161/129 149/163/131
f 152/115/93 1388/2334/1453 1348/539/465
f 124/185/148 1400/2381/1473 1378/540/466
f 109/164/120 108/161/129 1345/541/467
f 109/150/120 1342/2691/468 1339/543/469
f 1486/551/476 28/41/34 1491/544/470
f 28/41/34 137/43/36 1491/544/470
f 144/75/60 51/74/59 1474/1764/1295
f 51/74/59 1480/553/477 1474/1764/1295
f 144/75/60 1474/1764/1295 1491/544/470
f 1463/2413/1484 60/89/72 1468/548/473
f 60/89/72 151/91/74 1468/548/473
f 133/27/22 19/26/21 1497/1774/1302
f 19/26/21 1503/550/475 1497/1774/1302
f 133/27/22 1497/1774/1302 1468/548/473
f 19/26/21 29/30/25 1506/549/474
f 29/44/25 28/41/34 1486/551/476
f 61/78/63 1483/2692/459 1480/553/477
f 419/554/478 325/692/576 1510/555/479
f 332/557/481 335/560/484 1534/558/482
f 335/560/484 338/2693/487 1536/561/485
f 341/562/486 1543/566/489 1536/563/485
f 344/565/488 1549/568/491 1543/566/489
f 347/567/490 1555/570/493 1549/568/491
f 350/569/492 1561/572/495 1555/570/493
f 353/571/494 1567/574/497 1561/572/495
f 356/573/496 1573/576/499 1567/574/497
f 359/575/498 1579/578/501 1573/576/499
f 362/577/500 1585/2473/503 1579/578/501
f 365/579/502 1591/583/505 1585/580/503
f 368/582/504 1597/585/507 1591/583/505
f 371/584/506 1603/587/509 1597/585/507
f 374/586/508 1609/589/511 1603/587/509
f 377/588/510 1615/591/513 1609/589/511
f 380/590/512 1621/593/515 1615/591/513
f 383/592/514 1624/595/517 1621/593/515
f 386/594/516 1627/2498/519 1624/595/517
f 386/596/516 389/599/520 1633/597/518
f 389/599/520 392/601/522 1639/600/521
f 392/601/522 395/603/524 1645/602/523
f 395/603/524 398/605/526 1651/604/525
f 398/605/526 401/607/528 1657/606/527
f 401/607/528 404/609/530 1663/608/529
f 404/609/530 407/611/532 1669/610/531
f 407/611/532 410/1906/534 1674/612/533
f 410/613/534 413/616/536 1681/614/535
f 413/616/536 416/618/538 1687/617/537
f 416/618/538 419/554/478 1693/556/480
f 430/619/343 1368/1692/1248 1332/620/539
f 329/622/541 332/557/481 1525/559/483
f 229/624/543 326/732/615 418/625/544
f 322/627/509 1698/691/575 1513/628/546
f 235/630/515 1660/694/577 1678/631/547
f 238/632/517 1678/631/547 1696/633/548
f 244/635/518 241/1926/519 1696/636/548
f 247/638/521 244/635/518 1527/637/549
f 250/640/523 247/638/521 1531/639/550
f 253/642/525 250/640/523 1546/641/551
f 256/644/527 253/642/525 1558/643/526
f 259/646/529 256/644/527 1570/645/552
f 262/648/554 259/646/529 1582/647/553
f 265/650/533 262/648/554 1594/649/555
f 268/652/535 265/1944/533 1606/653/556
f 271/655/537 268/652/535 1618/654/557
f 274/657/480 271/655/537 1636/656/558
f 277/659/479 274/657/480 1654/658/559
f 280/661/542 277/659/479 1672/660/560
f 283/663/483 280/661/542 1690/662/561
f 286/665/482 283/663/483 1518/664/562
f 289/667/485 286/665/482 1522/666/563
f 289/669/485 1540/2549/564 1552/670/565
f 292/671/489 1552/670/565 1564/672/566
f 295/673/491 1564/672/566 1576/674/567
f 298/675/493 1576/674/567 1588/676/568
f 301/677/495 1588/676/568 1600/678/569
f 304/679/497 1600/678/569 1612/680/570
f 307/681/499 1612/680/570 1630/682/571
f 310/683/501 1630/682/571 1648/684/572
f 313/686/503 1648/2586/572 1666/687/573
f 316/688/505 1666/687/573 1684/689/574
f 319/690/507 1684/689/574 1698/691/575
f 325/692/576 329/622/541 1516/623/542
f 232/693/513 1642/766/646 1660/694/577
f 382/695/578 379/753/636 284/696/579
f 245/698/581 248/703/586 343/699/582
f 290/701/584 385/705/588 382/695/578
f 251/702/585 346/707/590 343/699/582
f 293/704/587 388/709/592 385/705/588
f 254/706/589 349/711/594 346/707/590
f 293/704/587 296/712/595 391/708/591
f 254/706/589 257/715/598 352/710/593
f 296/712/595 299/717/600 394/713/596
f 260/714/597 355/720/603 352/710/593
f 397/716/599 394/713/596 299/717/600
f 263/719/602 358/723/606 355/720/603
f 305/721/604 400/725/608 397/716/599
f 266/722/605 361/1873/1340 358/723/606
f 305/721/604 308/728/611 403/724/607
f 364/726/609 361/1873/1340 266/722/605
f 308/728/611 311/733/616 406/729/612
f 269/727/610 272/735/618 367/730/613
f 229/624/543 233/738/621 328/731/614
f 311/733/616 314/741/624 409/734/617
f 272/735/618 275/744/627 370/736/619
f 331/737/620 328/731/614 233/738/621
f 412/740/623 409/734/617 314/741/624
f 373/743/626 370/736/619 275/744/627
f 239/746/629 334/751/634 331/737/620
f 415/747/630 412/740/623 317/742/625
f 278/745/628 281/752/635 376/749/632
f 242/750/633 337/1855/1331 334/751/634
f 323/626/545 418/625/544 415/747/630
f 281/752/635 284/696/579 379/753/636
f 340/700/583 337/1855/1331 242/750/633
f 1533/2444/1495 1537/2447/1497 982/754/637
f 989/755/638 1675/2521/1534 1680/2523/1535
f 989/755/638 1680/2523/1535 1686/2527/1537
f 1524/2441/1494 1533/2444/1495 982/754/637
f 1515/2437/1492 1524/2441/1494 982/754/637
f 989/755/638 1686/2527/1537 1692/2531/1540
f 1509/756/639 1515/2437/1492 982/754/637
f 989/755/638 1692/2531/1540 1509/756/639
f 1010/757/640 1017/1422/1053 1024/758/641
f 208/760/349 1738/2618/1321 1731/761/643
f 180/763/348 202/875/363 1701/764/644
f 230/629/511 1513/628/546 1642/766/646
f 216/767/343 203/878/416 182/768/442
f 223/770/342 1730/2621/1320 1752/771/647
f 201/773/352 215/888/421 1710/774/648
f 194/776/342 1717/2612/1320 1708/777/647
f 210/779/348 173/845/363 1745/780/644
f 181/782/349 1722/2640/1321 1715/783/643
f 175/785/352 188/861/421 1751/786/648
f 1729/788/650 153/809/331 167/789/331
f 1724/791/651 158/803/331 160/792/331
f 1744/793/652 160/792/331 159/794/331
f 1716/796/653 1724/791/651 1744/793/652
f 1709/798/655 163/807/331 168/799/331
f 1750/797/654 1729/788/650 165/790/331
f 1724/791/651 1703/805/656 157/802/331
f 1716/796/653 1750/797/654 166/801/331
f 1703/805/656 155/811/331 162/806/331
f 1716/796/653 164/804/331 163/807/331
f 1729/788/650 1737/795/651 154/808/331
f 1737/795/651 159/794/331 161/810/331
f 155/811/331 156/800/331 170/812/331
f 153/809/331 154/808/331 172/813/331
f 1709/798/655 156/800/331 155/811/331
f 173/845/363 176/1834/689 177/846/687
f 174/848/416 178/1844/690 177/849/687
f 175/785/352 179/2624/688 177/851/687
f 180/763/348 183/2609/693 184/853/691
f 181/782/349 185/1841/694 184/855/691
f 182/768/442 186/1835/692 184/857/691
f 187/772/360 190/2635/697 191/859/695
f 188/861/421 192/1843/698 191/862/695
f 189/864/343 193/1839/696 191/865/695
f 194/776/342 197/1837/701 198/867/699
f 195/769/540 199/1842/702 198/869/699
f 196/784/351 200/2613/700 198/871/699
f 201/773/352 204/2603/688 205/873/687
f 202/875/363 206/1836/689 205/876/687
f 203/878/416 207/1830/690 205/879/687
f 208/760/349 211/1831/694 212/881/691
f 209/883/442 213/1833/692 212/884/691
f 210/779/348 214/2615/693 212/886/691
f 215/888/421 218/1829/698 219/889/695
f 216/767/343 220/1838/696 219/891/695
f 217/778/360 221/2605/697 219/893/695
f 222/762/351 225/2622/700 226/895/699
f 223/770/342 227/1840/701 226/897/699
f 224/899/540 228/1832/702 226/900/699
f 421/473/342 424/1984/703 425/902/699
f 422/621/540 426/2319/702 425/904/699
f 423/484/351 427/2330/700 425/906/699
f 428/475/360 431/2333/697 432/908/695
f 429/481/421 433/2332/698 432/910/695
f 430/619/343 434/1985/704 432/912/695
f 435/485/348 438/2348/693 439/914/691
f 436/496/349 440/2347/694 439/916/691
f 437/918/442 441/1986/705 439/919/691
f 442/476/416 445/2360/690 446/921/687
f 443/493/352 447/2359/688 446/923/687
f 444/925/363 448/1987/706 446/926/687
f 449/497/370 452/2374/709 453/928/707
f 450/508/438 454/2373/710 453/930/707
f 451/488/357 455/1988/708 453/932/707
f 456/490/367 459/2397/713 460/934/711
f 457/503/385 461/2395/714 460/936/711
f 458/938/378 462/1989/712 460/939/711
f 463/502/355 466/2408/717 467/941/715
f 464/517/364 468/2405/718 467/943/715
f 465/945/375 469/1990/716 467/946/715
f 470/518/384 473/2421/721 474/948/719
f 471/511/441 475/2420/722 474/950/719
f 472/500/369 476/1991/720 474/952/719
f 477/512/442 480/2198/705 481/954/723
f 478/406/348 482/2197/693 481/956/723
f 479/407/349 483/1992/694 481/958/723
f 484/409/351 487/2211/700 488/960/724
f 485/400/342 489/2210/703 488/962/724
f 486/964/540 490/1993/702 488/965/724
f 491/410/352 494/2225/688 495/967/725
f 492/421/363 496/2224/706 495/969/725
f 493/971/416 497/1994/690 495/972/725
f 498/974/421 501/1995/698 502/975/726
f 499/401/343 503/2236/704 502/977/726
f 500/418/360 504/2248/697 502/979/726
f 505/422/364 508/2254/718 509/981/727
f 506/433/375 510/2253/716 509/983/727
f 507/413/355 511/1996/717 509/985/727
f 512/415/357 515/2279/708 516/987/728
f 513/428/370 517/2277/709 516/989/728
f 514/991/438 518/1997/710 516/992/728
f 519/427/369 522/2290/720 523/994/729
f 520/442/384 524/2287/721 523/996/729
f 521/998/441 525/1998/722 523/999/729
f 526/443/385 529/2303/714 530/1001/730
f 527/436/378 531/2302/712 530/1003/730
f 528/425/367 532/1999/713 530/1005/730
f 543/1015/297 546/1019/738 547/1016/735
f 548/1018/737 547/1016/735 546/1019/738
f 545/1020/254 549/1017/736 547/1016/735
f 550/1021/299 553/1025/742 554/1022/740
f 551/1024/272 555/1026/743 554/1022/740
f 556/1023/741 554/1022/740 555/1026/743
f 562/1031/317 565/1035/750 566/1032/747
f 567/1034/749 566/1032/747 565/1035/750
f 564/1036/259 568/1033/748 566/1032/747
f 569/1037/316 572/1041/754 573/1038/752
f 570/1040/281 574/1042/755 573/1038/752
f 575/1039/753 573/1038/752 574/1042/755
f 576/1043/264 579/1047/760 580/1044/757
f 581/1046/759 580/1044/757 579/1047/760
f 578/1048/262 582/1045/758 580/1044/757
f 583/1049/266 586/1053/764 587/1050/762
f 584/1052/294 588/1054/765 587/1050/762
f 589/1051/763 587/1050/762 588/1054/765
f 590/1055/280 593/1059/769 594/1056/767
f 591/1058/318 595/1060/770 594/1056/767
f 596/1057/768 594/1056/767 595/1060/770
f 597/1061/314 600/1065/775 601/1062/772
f 602/1064/774 601/1062/772 600/1065/775
f 599/1066/268 603/1063/773 601/1062/772
f 604/1067/313 607/1071/779 608/1068/777
f 605/1070/300 609/1072/780 608/1068/777
f 610/1069/778 608/1068/777 609/1072/780
f 611/1073/252 614/1077/785 615/1074/782
f 616/1076/784 615/1074/782 614/1077/785
f 613/1078/289 617/1075/783 615/1074/782
f 618/1079/308 621/1083/790 622/1080/787
f 623/1082/789 622/1080/787 621/1083/790
f 620/1084/302 624/1081/788 622/1080/787
f 625/1085/307 628/1089/794 629/1086/792
f 626/1088/269 630/1090/795 629/1086/792
f 631/1087/793 629/1086/792 630/1090/795
f 632/1091/275 635/1095/800 636/1092/797
f 637/1094/799 636/1092/797 635/1095/800
f 634/1096/296 638/1093/798 636/1092/797
f 639/1097/274 642/1101/804 643/1098/802
f 640/1100/263 644/1102/805 643/1098/802
f 645/1099/803 643/1098/802 644/1102/805
f 646/1103/260 649/1107/810 650/1104/807
f 651/1106/809 650/1104/807 649/1107/810
f 648/1108/320 652/1105/808 650/1104/807
f 653/1109/271 656/1113/814 657/1110/812
f 654/1112/290 658/1114/815 657/1110/812
f 659/1111/813 657/1110/812 658/1114/815
f 805/1231/311 808/1235/895 809/1232/893
f 806/1234/153 810/1236/896 809/1232/893
f 811/1233/894 809/1232/893 810/1236/896
f 815/1237/898 816/1240/901 818/1238/899
f 813/1239/161 817/1242/902 816/1240/901
f 814/1241/309 818/1238/899 816/1240/901
f 819/1243/203 822/1247/905 823/1244/903
f 820/1246/156 824/1248/906 823/1244/903
f 825/1245/904 823/1244/903 824/1248/906
f 829/1249/908 830/1252/911 832/1250/909
f 827/1251/174 831/1254/912 830/1252/911
f 828/1253/201 832/1250/909 830/1252/911
f 833/1255/155 836/1259/915 837/1256/913
f 834/1258/186 838/1260/916 837/1256/913
f 839/1257/914 837/1256/913 838/1260/916
f 840/1261/221 843/1265/920 844/1262/918
f 841/1264/162 845/1266/921 844/1262/918
f 846/1263/919 844/1262/918 845/1266/921
f 850/1267/923 851/1270/926 853/1268/924
f 848/1269/183 852/1272/927 851/1270/926
f 849/1271/219 853/1268/924 851/1270/926
f 854/1273/170 857/1277/931 858/1274/928
f 855/1276/930 859/1278/932 858/1274/928
f 860/1275/929 858/1274/928 859/1278/932
f 864/1279/934 865/1282/937 867/1280/935
f 862/1281/200 866/1284/938 865/1282/937
f 863/1283/168 867/1280/935 865/1282/937
f 871/1285/939 872/1288/942 874/1286/940
f 869/1287/224 873/1290/944 872/1288/942
f 870/1289/943 874/1286/940 872/1288/942
f 875/1291/216 878/1295/947 879/1292/945
f 876/1294/171 880/1296/948 879/1292/945
f 881/1293/946 879/1292/945 880/1296/948
f 885/1297/950 886/1300/953 888/1298/951
f 883/1299/206 887/1302/955 886/1300/953
f 884/1301/954 888/1298/951 886/1300/953
f 889/1303/158 892/1307/959 893/1304/956
f 890/1306/958 894/1308/960 893/1304/956
f 895/1305/957 893/1304/956 894/1308/960
f 896/1309/212 899/1313/964 900/1310/962
f 897/1312/204 901/1314/965 900/1310/962
f 902/1311/963 900/1310/962 901/1314/965
f 906/1315/967 907/1318/970 909/1316/968
f 904/1317/173 908/1320/971 907/1318/970
f 905/1319/210 909/1316/968 907/1318/970
f 910/1321/177 913/1325/974 914/1322/972
f 911/1324/198 915/1326/975 914/1322/972
f 916/1323/973 914/1322/972 915/1326/975
f 920/1327/977 921/1330/980 923/1328/978
f 918/1329/165 922/1332/982 921/1330/980
f 919/1331/981 923/1328/978 921/1330/980
f 924/1333/164 927/1337/985 928/1334/983
f 925/1336/222 929/1338/986 928/1334/983
f 930/1335/984 928/1334/983 929/1338/986
f 934/1339/988 935/1342/991 937/1340/989
f 932/1341/192 936/1344/993 935/1342/991
f 933/1343/992 937/1340/989 935/1342/991
f 938/1345/182 941/1349/996 942/1346/994
f 939/1348/189 943/1350/997 942/1346/994
f 944/1347/995 942/1346/994 943/1350/997
f 948/1351/999 949/1354/1002 951/1352/1000
f 946/1353/197 950/1356/1003 949/1354/1002
f 947/1355/180 951/1352/1000 949/1354/1002
f 952/1357/191 955/1361/1006 956/1358/1004
f 953/1360/207 957/1362/1007 956/1358/1004
f 958/1359/1005 956/1358/1004 957/1362/1007
f 962/1363/1009 963/1366/1012 965/1364/1010
f 960/1365/188 964/1368/1013 963/1366/1012
f 961/1367/159 965/1364/1010 963/1366/1012
f 969/1369/1014 970/1372/1017 972/1370/1015
f 967/1371/209 971/1374/1018 970/1372/1017
f 968/1373/195 972/1370/1015 970/1372/1017
f 973/1375/1019 976/2099/1022 977/1376/1020
f 974/254/214 978/2104/1024 977/1378/1020
f 975/1380/1023 979/2107/1021 977/1381/1020
f 980/325/285 983/2106/1027 984/1383/1025
f 981/344/304 985/2101/1028 984/1385/1025
f 982/754/637 986/2098/1026 984/1387/1025
f 987/1389/1029 990/2108/1033 991/1390/1030
f 988/1392/1032 992/2103/1034 991/1393/1030
f 989/755/638 993/2100/1031 991/1395/1030
f 994/331/291 997/2109/1037 998/1397/1035
f 995/317/277 999/2105/1038 998/1399/1035
f 996/253/213 1000/2102/1036 998/1401/1035
f 1001/1403/1039 1004/2111/1042 1005/1404/1040
f 1002/759/642 1006/2116/1043 1005/1406/1040
f 1003/437/379 1007/2121/1041 1005/1408/1040
f 1008/289/249 1011/2119/1047 1012/1410/1044
f 1009/1412/1046 1013/2113/1048 1012/1413/1044
f 1010/757/640 1014/2110/1045 1012/1415/1044
f 1015/322/282 1018/2123/1052 1019/1417/1049
f 1016/1419/1051 1020/2115/1054 1019/1420/1049
f 1017/1422/1053 1021/2112/1050 1019/1423/1049
f 1022/295/255 1025/2126/1058 1026/1425/1055
f 1023/1427/1057 1027/2117/1059 1026/1428/1055
f 1024/758/641 1028/2114/1056 1026/1430/1055
f 1029/1432/1060 1032/2129/1063 1033/1433/1061
f 1030/367/327 1034/2133/1064 1033/1435/1061
f 1031/355/315 1035/2138/1062 1033/1437/1061
f 1036/298/258 1039/2136/1067 1040/1439/1065
f 1037/359/319 1041/2131/1068 1040/1441/1065
f 1038/365/325 1042/2128/1066 1040/1443/1065
f 1043/1445/1069 1046/2140/1073 1047/1446/1070
f 1044/1448/1072 1048/2694/1075 1047/1449/1070
f 1045/1451/1074 1049/2130/1071 1047/1452/1070
f 1050/319/279 1053/2143/1079 1054/1454/1076
f 1051/1456/1078 1055/2134/1080 1054/1457/1076
f 1052/366/326 1056/2132/1077 1054/1459/1076
f 1057/293/253 1060/2146/1083 1061/1461/1081
f 1058/374/330 1062/2150/1085 1061/1463/1081
f 1059/1465/1084 1063/2155/1082 1061/1466/1081
f 1064/1468/1086 1067/2153/1090 1068/1469/1087
f 1065/1471/1089 1069/2148/1091 1068/1472/1087
f 1066/372/328 1070/2145/1088 1068/1474/1087
f 1071/328/288 1074/2157/1095 1075/1476/1092
f 1072/1478/1094 1076/2695/1097 1075/1479/1092
f 1073/1481/1096 1077/2147/1093 1075/1482/1092
f 1078/310/270 1081/2160/1100 1082/1484/1098
f 1079/338/298 1083/2151/1101 1082/1486/1098
f 1080/373/329 1084/2149/1099 1082/1488/1098
f 1085/1490/1102 1088/2163/1105 1089/1491/1103
f 1086/381/335 1090/2168/1106 1089/1493/1103
f 1087/352/312 1091/2172/1104 1089/1495/1103
f 1092/307/267 1095/2170/1110 1096/1497/1107
f 1093/1499/1109 1097/2165/1111 1096/1500/1107
f 1094/379/333 1098/2162/1108 1096/1502/1107
f 1099/346/306 1102/2174/1114 1103/1504/1112
f 1100/341/301 1104/2167/1116 1103/1506/1112
f 1101/1508/1115 1105/2164/1113 1103/1509/1112
f 1106/1511/1117 1109/2177/1121 1110/1512/1118
f 1107/1514/1120 1111/2696/1122 1110/1515/1118
f 1108/380/334 1112/2166/1119 1110/1517/1118
f 1113/1519/1123 1116/2180/1126 1117/1520/1124
f 1114/388/338 1118/2184/1128 1117/1522/1124
f 1115/1524/1127 1119/2189/1125 1117/1525/1124
f 1120/301/261 1123/2187/1132 1124/1527/1129
f 1121/1529/1131 1125/2697/1133 1124/1530/1129
f 1122/386/336 1126/2179/1130 1124/1532/1129
f 1127/313/273 1130/2191/1136 1131/1534/1134
f 1128/335/295 1132/2183/1138 1131/1536/1134
f 1129/1538/1137 1133/2181/1135 1131/1539/1134
f 1134/1541/1139 1137/2194/1142 1138/1542/1140
f 1135/305/265 1139/2185/1143 1138/1544/1140
f 1136/387/337 1140/2182/1141 1138/1546/1140
f 1142/423/365 1146/2276/1150 1145/1551/1147
f 1143/1553/1149 1147/2273/1433 1145/1554/1147
f 1151/1556/1151 1154/2196/1155 1155/1557/1152
f 1152/1559/1154 1156/2698/1156 1155/1560/1152
f 1161/514/444 1164/2222/1159 1165/1565/1157
f 1163/1570/1161 1167/2699/1158 1165/1571/1157
f 1171/424/366 1174/2284/1436 1175/1573/1162
f 1173/1577/1166 1177/2700/1163 1175/1578/1162
f 1187/513/443 1190/2209/1171 1191/1580/1168
f 1188/1582/1170 1192/2701/1172 1191/1583/1168
f 1194/408/350 1197/2221/1175 1198/1588/1173
f 1196/1593/1177 1200/2702/1174 1198/1594/1173
f 1207/402/344 1210/2223/1181 1211/1596/1178
f 1208/1598/1180 1212/2703/1182 1211/1599/1178
f 1226/412/354 1229/2250/1422 1230/1604/1183
f 1228/1606/1185 1232/2704/1184 1230/1607/1183
f 1239/403/345 1242/2251/1189 1243/1609/1187
f 1241/1614/1191 1245/2705/1188 1243/1615/1187
f 1253/411/353 1257/2247/1196 1256/1618/1193
f 1254/1620/1195 1258/2706/1421 1256/1621/1193
f 1265/414/356 1268/2285/1146 1269/1623/1197
f 1267/429/371 1271/2707/1198 1269/1626/1197
f 1272/1628/1199 1275/2252/1202 1276/1629/1200
f 1273/1631/1201 1277/2708/1164 1276/1632/1200
f 1285/426/368 1288/2318/1207 1289/1635/1203
f 1287/1640/1208 1291/2709/1204 1289/1641/1203
f 1295/444/386 1298/2286/1212 1299/1643/1209
f 1296/1645/1211 1300/2300/1442 1299/1646/1209
f 1302/1649/1213 1305/2301/1217 1306/1650/1214
f 1303/1652/1216 1307/2710/1447 1306/1653/1214
f 1318/445/387 1321/2316/1220 1322/1658/1221
f 1320/1661/1223 1324/2711/1222 1322/1660/1221
f 1326/498/431 1330/2394/1230 1329/1665/1227
f 1327/1667/1229 1331/2390/1478 1329/1668/1227
f 1332/620/539 1335/2345/1233 1336/1670/1231
f 1334/1675/1235 1338/2712/1232 1336/1676/1231
f 1349/1679/1237 1353/2329/1241 1352/1680/1238
f 1350/1682/1240 1354/2713/1452 1352/1683/1238
f 1355/499/432 1358/2402/1245 1359/1685/1242
f 1357/1690/1247 1361/2714/1243 1359/1691/1242
f 1368/1692/1248 1371/2331/1252 1372/1693/1249
f 1369/1695/1251 1373/2715/1253 1372/1696/1249
f 1387/474/415 1390/2344/1256 1391/1701/1254
f 1389/1706/1258 1393/2716/1255 1391/1707/1254
f 1403/489/426 1406/2403/1226 1407/1709/1259
f 1405/504/434 1409/2717/1260 1407/1712/1259
f 1413/487/425 1416/2370/1263 1417/1714/1261
f 1415/1719/1265 1419/2718/1262 1417/1720/1261
f 1420/477/417 1423/2346/1269 1424/1722/1266
f 1421/1724/1268 1425/2719/1270 1424/1725/1266
f 1433/1730/1271 1436/2372/1275 1437/1731/1272
f 1434/1733/1274 1438/2720/1276 1437/1734/1272
f 1440/486/424 1443/2358/1280 1444/1738/1277
f 1441/1740/1279 1445/2721/1281 1444/1741/1277
f 1450/478/418 1453/2371/1284 1454/1746/1282
f 1452/1751/1286 1456/2722/1283 1454/1752/1282
f 1466/519/447 1469/2404/1290 1470/1754/1287
f 1467/1756/1289 1471/2417/1486 1470/1757/1287
f 1473/501/433 1476/2436/1292 1477/1762/1291
f 1475/1765/1296 1479/2723/1294 1477/1766/1291
f 1489/1768/1297 1492/2419/1301 1493/1769/1298
f 1490/1771/1300 1494/2724/1491 1493/1772/1298
f 1496/520/448 1499/2434/1304 1500/1777/1305
f 1498/1780/1307 1502/2725/1306 1500/1779/1305
f 1701/1781/644 1704/1785/1310 1705/1782/1308
f 1702/1784/649 1706/1786/1311 1705/1782/1308
f 1707/1783/1309 1705/1782/1308 1706/1786/1311
f 1708/1787/647 1711/1791/1315 1712/1788/1312
f 1713/1790/1314 1712/1788/1312 1711/1791/1315
f 1710/1792/648 1714/1789/1313 1712/1788/1312
f 1715/1793/643 1718/1797/1319 1719/1794/1316
f 1720/1796/1318 1719/1794/1316 1718/1797/1319
f 1717/1798/1320 1721/1795/1317 1719/1794/1316
f 1722/1799/1321 1725/1803/1324 1726/1800/1322
f 1723/1802/645 1727/1804/1325 1726/1800/1322
f 1728/1801/1323 1726/1800/1322 1727/1804/1325
f 1732/1805/1318 1733/1808/1316 1735/1806/1319
f 1730/1807/1320 1734/1810/1317 1733/1808/1316
f 1731/1809/643 1735/1806/1319 1733/1808/1316
f 1736/1811/645 1739/1815/1325 1740/1812/1322
f 1741/1814/1323 1740/1812/1322 1739/1815/1325
f 1738/1816/1321 1742/1813/1324 1740/1812/1322
f 1743/1817/649 1746/1821/1311 1747/1818/1308
f 1748/1820/1309 1747/1818/1308 1746/1821/1311
f 1745/1822/644 1749/1819/1310 1747/1818/1308
f 1753/1823/1314 1754/1826/1312 1756/1824/1315
f 1751/1825/648 1755/1828/1313 1754/1826/1312
f 1752/1827/647 1756/1824/1315 1754/1826/1312
f 201/773/352 207/874/690 218/1829/698
f 207/1830/690 203/878/416 216/767/343
f 222/762/351 228/896/702 211/1831/694
f 228/1832/702 224/899/540 209/883/442
f 174/848/416 176/850/689 213/1833/692
f 176/1834/689 173/845/363 210/779/348
f 203/878/416 206/880/689 186/1835/692
f 206/1836/689 202/875/363 180/763/348
f 217/778/360 220/894/696 197/1837/701
f 220/1838/696 216/767/343 195/769/540
f 224/899/540 227/901/701 193/1839/696
f 227/1840/701 223/770/342 187/772/360
f 196/784/351 199/872/702 185/1841/694
f 199/1842/702 195/769/540 182/768/442
f 175/785/352 178/852/690 192/1843/698
f 178/1844/690 174/848/416 189/864/343
f 328/731/614 330/1847/1327 327/1845/1326
f 327/1846/1326 330/1848/1327 329/622/541
f 331/737/620 333/1850/1329 330/1847/1327
f 330/1848/1327 333/1851/1329 332/557/481
f 331/737/620 334/751/634 336/1849/1328
f 333/1851/1329 336/1854/1328 335/560/484
f 334/751/634 337/1855/1331 339/1852/1330
f 339/1853/1330 338/2693/487 335/560/484
f 340/700/583 342/1857/1332 339/1852/1330
f 339/1856/1330 342/1859/1332 341/562/486
f 343/699/582 345/1861/1333 342/1857/1332
f 345/1858/1333 344/565/488 341/562/486
f 343/699/582 346/707/590 348/1860/1334
f 348/1862/1334 347/567/490 344/565/488
f 346/707/590 349/711/594 351/1863/1335
f 351/1864/1335 350/569/492 347/567/490
f 349/711/594 352/710/593 354/1865/1336
f 354/1866/1336 353/571/494 350/569/492
f 352/710/593 355/720/603 357/1867/1337
f 357/1868/1337 356/573/496 353/571/494
f 355/720/603 358/723/606 360/1869/1338
f 357/1868/1337 360/1872/1338 359/575/498
f 358/723/606 361/1873/1340 363/1870/1339
f 363/1871/1339 362/577/500 359/575/498
f 364/726/609 366/1875/1341 363/1870/1339
f 363/1874/1339 366/1877/1341 365/579/502
f 367/730/613 369/1878/1342 366/1875/1341
f 369/1876/1342 368/582/504 365/579/502
f 370/736/619 372/1879/1343 369/1878/1342
f 369/1876/1342 372/1880/1343 371/584/506
f 373/743/626 375/1881/1344 372/1879/1343
f 372/1880/1343 375/1882/1344 374/586/508
f 376/749/632 378/1883/1345 375/1881/1344
f 375/1882/1344 378/1885/1345 377/588/510
f 379/753/636 381/1887/1346 378/1883/1345
f 381/1884/1346 380/590/512 377/588/510
f 379/753/636 382/695/578 384/1886/1347
f 384/1888/1347 383/592/514 380/590/512
f 382/695/578 385/705/588 387/1889/1348
f 387/1890/1348 386/594/516 383/592/514
f 385/705/588 388/709/592 390/1891/1349
f 390/1892/1349 389/599/520 386/596/516
f 388/709/592 391/708/591 393/1894/1350
f 393/1895/1350 392/601/522 389/599/520
f 391/708/591 394/713/596 396/1896/1351
f 396/1897/1351 395/603/524 392/601/522
f 397/716/599 399/1900/1352 396/1896/1351
f 399/1898/1352 398/605/526 395/603/524
f 397/716/599 400/725/608 402/1899/1353
f 402/1901/1353 401/607/528 398/605/526
f 403/724/607 405/1902/1354 402/1899/1353
f 402/1901/1353 405/1903/1354 404/609/530
f 406/729/612 408/1904/1355 405/1902/1354
f 405/1903/1354 408/1905/1355 407/611/532
f 409/734/617 411/1907/1356 408/1904/1355
f 408/1905/1355 411/2726/1356 410/1906/534
f 412/740/623 414/1909/1357 411/1907/1356
f 411/1908/1356 414/1910/1357 413/616/536
f 415/747/630 417/1912/1359 414/1909/1357
f 414/1910/1357 417/1913/1359 416/618/538
f 415/747/630 418/625/544 420/1911/1358
f 417/1913/1359 420/1914/1358 419/554/478
f 418/625/544 326/732/615 327/1845/1326
f 327/1846/1326 325/692/576 419/554/478
f 230/629/511 232/693/513 234/1915/1360
f 234/1917/1360 233/738/621 229/624/543
f 232/693/513 235/630/515 237/1919/1362
f 237/1920/1362 236/739/622 233/738/621
f 235/630/515 238/632/517 240/1921/1363
f 240/1922/1363 239/746/629 236/739/622
f 238/632/517 241/634/519 243/1923/1364
f 243/1924/1364 242/750/633 239/746/629
f 244/635/518 246/1927/1365 243/1925/1364
f 243/1924/1364 246/1928/1365 245/698/581
f 247/638/521 249/1929/1366 246/1927/1365
f 246/1928/1365 249/1930/1366 248/703/586
f 250/640/523 252/1931/1367 249/1929/1366
f 249/1930/1366 252/1932/1367 251/702/585
f 253/642/525 255/1934/1369 252/1931/1367
f 252/1932/1367 255/1936/1369 254/706/589
f 253/642/525 256/644/527 258/1933/1368
f 258/1935/1368 257/715/598 254/706/589
f 256/644/527 259/646/529 261/1937/1370
f 261/1938/1370 260/714/597 257/715/598
f 259/646/529 262/648/554 264/1939/1371
f 264/1940/1371 263/719/602 260/714/597
f 262/648/554 265/650/533 267/1941/1372
f 267/1942/1372 266/722/605 263/719/602
f 268/652/535 270/1945/1373 267/1943/1372
f 267/1942/1372 270/1946/1373 269/727/610
f 271/655/537 273/1947/1374 270/1945/1373
f 270/1946/1373 273/1949/1374 272/735/618
f 274/657/480 276/1950/1375 273/1947/1374
f 276/1948/1375 275/744/627 272/735/618
f 277/659/479 279/1953/1376 276/1950/1375
f 279/1951/1376 278/745/628 275/744/627
f 277/659/479 280/661/542 282/1952/1377
f 282/1954/1377 281/752/635 278/745/628
f 283/663/483 285/1956/1378 282/1952/1377
f 285/1955/1378 284/696/579 281/752/635
f 286/665/482 288/1958/1380 285/1956/1378
f 285/1955/1378 288/1960/1380 287/697/580
f 286/665/482 289/667/485 291/1957/1379
f 291/1959/1379 290/701/584 287/697/580
f 289/669/485 292/671/489 294/1961/1381
f 294/1963/1381 293/704/587 290/701/584
f 295/673/491 297/1965/1382 294/1961/1381
f 297/1964/1382 296/712/595 293/704/587
f 298/675/493 300/1967/1383 297/1965/1382
f 300/1966/1383 299/717/600 296/712/595
f 301/677/495 303/1970/1384 300/1967/1383
f 303/1968/1384 302/718/601 299/717/600
f 301/677/495 304/679/497 306/1969/1385
f 303/1968/1384 306/1972/1385 305/721/604
f 304/679/497 307/681/499 309/1971/1386
f 306/1972/1385 309/1973/1386 308/728/611
f 310/683/501 312/1974/1387 309/1971/1386
f 309/1973/1386 312/1975/1387 311/733/616
f 313/685/503 315/2727/1389 312/1974/1387
f 312/1975/1387 315/1979/1389 314/741/624
f 313/686/503 316/688/505 318/1976/1388
f 318/1978/1388 317/742/625 314/741/624
f 316/688/505 319/690/507 321/1980/1390
f 321/1981/1390 320/748/631 317/742/625
f 319/690/507 322/627/509 324/1982/1391
f 324/1983/1391 323/626/545 320/748/631
f 322/627/509 230/629/511 231/1916/1361
f 231/1918/1361 229/624/543 323/626/545
f 428/475/360 434/909/704 424/1984/703
f 434/1985/704 430/619/343 422/621/540
f 442/476/416 448/922/706 441/1986/705
f 448/1987/706 444/925/363 435/485/348
f 456/490/367 462/935/712 455/1988/708
f 462/1989/712 458/938/378 449/497/370
f 470/518/384 476/949/720 469/1990/716
f 476/1991/720 472/500/369 463/502/355
f 484/409/351 490/961/702 483/1992/694
f 490/1993/702 486/964/540 477/512/442
f 499/401/343 501/978/698 497/1994/690
f 501/1995/698 498/974/421 491/410/352
f 512/415/357 518/988/710 511/1996/717
f 518/1997/710 514/991/438 505/422/364
f 526/443/385 532/1002/713 525/1998/722
f 532/1999/713 528/425/367 519/427/369
f 690/2000/830 694/2728/832 688/2001/827
f 694/2002/832 692/265/225 686/266/226
f 700/2004/836 704/2729/838 698/2005/833
f 704/2006/838 702/267/227 696/268/228
f 687/2008/829 688/2730/827 708/2009/839
f 688/2003/827 686/266/226 706/269/229
f 715/2011/845 719/2731/847 713/2012/842
f 719/2013/847 717/270/230 711/271/231
f 725/2015/850 729/2732/852 723/2016/848
f 729/2017/852 727/272/232 721/273/233
f 730/224/184 734/2733/854 719/2019/847
f 734/2020/854 732/274/234 717/270/230
f 740/257/217 744/2734/859 738/2021/855
f 744/2022/859 742/275/235 736/276/236
f 697/2024/835 698/2735/833 748/2025/860
f 698/2007/833 696/268/228 746/277/237
f 755/2027/865 759/2736/867 753/2028/862
f 759/2029/867 757/278/238 751/279/239
f 765/218/178 769/2737/872 763/2031/868
f 769/2032/872 767/280/240 761/281/241
f 712/2034/844 713/2738/842 773/2035/873
f 713/2014/842 711/271/231 771/282/242
f 775/215/175 779/2739/877 704/2037/838
f 779/2038/877 777/283/243 702/267/227
f 780/221/181 785/2677/881 789/2039/883
f 789/2041/883 787/284/244 781/285/245
f 752/2043/864 753/2740/862 744/2044/859
f 753/2030/862 751/279/239 742/275/235
f 790/230/190 782/2679/880 783/2045/878
f 783/2042/878 781/285/245 791/286/246
f 722/206/166 723/2741/848 769/2048/872
f 723/2018/848 721/273/233 767/280/240
f 795/2049/887 799/2742/889 694/2050/832
f 799/2051/889 797/287/247 692/265/225
f 737/2052/857 738/2743/855 759/2053/867
f 738/2023/855 736/276/236 757/278/238
f 786/236/196 800/2681/890 804/2054/892
f 804/2056/892 802/288/248 787/284/244
f 747/233/193 748/2744/860 779/2057/877
f 748/2026/860 746/277/237 777/283/243
f 801/248/208 792/2682/886 793/2058/884
f 793/2047/884 791/286/246 802/288/248
f 772/2060/875 773/2745/873 734/2061/854
f 773/2036/873 771/282/242 732/274/234
f 707/2062/841 708/2746/839 799/2063/889
f 708/2010/839 706/269/229 797/287/247
f 762/2064/870 763/2747/868 729/2065/852
f 763/2033/868 761/281/241 727/272/232
f 812/371/900 818/1238/899 811/1233/894
f 818/1238/899 814/1241/309 805/1231/311
f 826/385/910 832/1250/909 825/1245/904
f 832/1250/909 828/1253/201 819/1243/203
f 807/369/897 810/1236/896 839/1257/914
f 810/1236/896 806/1234/153 833/1255/155
f 847/378/925 853/1268/924 846/1263/919
f 853/1268/924 849/1271/219 840/1261/221
f 861/397/936 867/1280/935 860/1275/929
f 867/1280/935 863/1283/168 854/1273/170
f 868/377/941 874/1286/940 850/1267/923
f 874/1286/940 870/1289/943 848/1269/183
f 882/392/952 888/1298/951 881/1293/946
f 888/1298/951 884/1301/954 875/1291/216
f 821/383/907 824/1248/906 895/1305/957
f 824/1248/906 820/1246/156 889/1303/158
f 903/389/969 909/1316/968 902/1311/963
f 909/1316/968 905/1319/210 896/1309/212
f 917/394/979 923/1328/978 916/1323/973
f 923/1328/978 919/1331/981 910/1321/177
f 842/376/922 845/1266/921 930/1335/984
f 845/1266/921 841/1264/162 924/1333/164
f 931/384/990 937/1340/989 829/1249/908
f 937/1340/989 933/1343/992 827/1251/174
f 945/364/1001 951/1352/1000 944/1347/995
f 951/1352/1000 947/1355/180 938/1345/182
f 898/391/966 901/1314/965 885/1297/950
f 901/1314/965 897/1312/204 883/1299/206
f 940/362/998 943/1350/997 958/1359/1005
f 943/1350/997 939/1348/189 952/1357/191
f 856/395/933 859/1278/932 920/1327/977
f 859/1278/932 855/1276/930 918/1329/165
f 959/370/1011 965/1364/1010 815/1237/898
f 965/1364/1010 961/1367/159 813/1239/161
f 877/390/949 880/1296/948 906/1315/967
f 880/1296/948 876/1294/171 904/1317/173
f 966/363/1016 972/1370/1015 948/1351/999
f 972/1370/1015 968/1373/195 946/1353/197
f 891/382/961 894/1308/960 934/1339/988
f 894/1308/960 890/1306/958 932/1341/192
f 954/361/1008 957/1362/1007 969/1369/1014
f 957/1362/1007 953/1360/207 967/1371/209
f 926/375/987 929/1338/986 871/1285/939
f 929/1338/986 925/1336/222 869/1287/224
f 835/368/917 838/1260/916 962/1363/1009
f 838/1260/916 834/1258/186 960/1365/188
f 912/396/976 915/1326/975 864/1279/934
f 915/1326/975 911/1324/198 862/1281/200
f 687/1138/829 806/1234/153 808/1235/895
f 808/1235/895 805/1231/311 685/1135/310
f 691/1142/160 693/1140/831 817/1242/902
f 817/1242/902 693/1140/831 690/1139/830
f 697/1146/835 820/1246/156 822/1247/905
f 822/1247/905 819/1243/203 695/1143/202
f 701/1150/176 703/1148/837 831/1254/912
f 831/1254/912 703/1148/837 700/1147/836
f 707/1154/841 834/1258/186 836/1259/915
f 836/1259/915 833/1255/155 705/1151/154
f 712/1158/844 841/1264/162 843/1265/920
f 843/1265/920 840/1261/221 710/1155/220
f 716/1162/185 718/1160/846 852/1272/927
f 852/1272/927 718/1160/846 715/1159/845
f 722/1166/166 855/1276/930 857/1277/931
f 857/1277/931 854/1273/170 720/1163/169
f 726/1170/199 728/1168/851 866/1284/938
f 866/1284/938 728/1168/851 725/1167/850
f 731/1174/223 733/1172/853 873/1290/944
f 873/1290/944 733/1172/853 730/1171/184
f 737/1178/857 876/1294/171 878/1295/947
f 878/1295/947 875/1291/216 735/1175/218
f 741/1182/205 743/1180/858 887/1302/955
f 887/1302/955 743/1180/858 740/1179/217
f 747/1186/193 890/1306/958 892/1307/959
f 892/1307/959 889/1303/158 745/1183/157
f 752/1190/864 897/1312/204 899/1313/964
f 899/1313/964 896/1309/212 750/1187/211
f 756/1194/172 758/1192/866 908/1320/971
f 908/1320/971 758/1192/866 755/1191/865
f 762/1198/870 911/1324/198 913/1325/974
f 913/1325/974 910/1321/177 760/1195/179
f 766/1202/167 768/1200/871 922/1332/982
f 922/1332/982 768/1200/871 765/1199/178
f 772/1206/875 925/1336/222 927/1337/985
f 927/1337/985 924/1333/164 770/1203/163
f 776/1210/194 778/1208/876 936/1344/993
f 936/1344/993 778/1208/876 775/1207/175
f 782/1214/880 939/1348/189 941/1349/996
f 941/1349/996 938/1345/182 780/1211/181
f 786/1218/196 788/1216/882 950/1356/1003
f 950/1356/1003 788/1216/882 785/1215/881
f 792/1222/886 953/1360/207 955/1361/1006
f 955/1361/1006 952/1357/191 790/1219/190
f 796/1226/187 798/1224/888 964/1368/1013
f 964/1368/1013 798/1224/888 795/1223/887
f 801/1230/208 803/1228/891 971/1374/1018
f 971/1374/1018 803/1228/891 800/1227/890
f 538/438/380 542/2748/734 536/2066/731
f 542/2067/734 540/371/1396 534/369/1392
f 550/339/299 556/2749/741 546/2069/738
f 556/1023/741 552/385/744 544/383/739
f 535/290/250 536/2750/731 560/2070/745
f 536/2068/731 534/369/1392 558/368/1393
f 569/356/316 575/2751/753 565/2072/750
f 575/1039/753 571/378/756 563/376/751
f 576/304/264 583/306/266 589/2073/763
f 589/1051/763 585/397/766 577/395/761
f 590/320/280 596/2752/768 574/2075/755
f 574/1042/755 596/1057/768 592/377/771
f 604/353/313 610/2753/778 600/2076/775
f 600/1065/775 610/1069/778 606/392/781
f 611/292/252 545/294/254 548/2077/737
f 548/1018/737 544/383/739 612/382/786
f 618/348/308 625/347/307 631/2079/793
f 631/1087/793 627/389/796 619/391/791
f 639/314/274 645/2754/803 635/2081/800
f 635/1095/800 645/1099/803 641/394/806
f 646/300/260 564/299/259 567/2082/749
f 567/1034/749 563/376/751 647/375/811
f 653/311/271 659/2755/813 555/2084/743
f 555/1026/743 659/1111/813 655/384/816
f 665/318/278 669/1120/820 663/1115/817
f 669/2085/820 667/364/1397 661/362/1394
f 620/342/302 623/2756/789 609/2087/780
f 623/1082/789 619/391/791 606/392/781
f 662/326/286 663/1118/817 673/1123/821
f 663/2086/817 661/362/1394 671/361/1395
f 578/302/262 581/2757/759 644/2089/805
f 644/1102/805 581/1046/759 577/395/761
f 675/296/256 679/2758/824 542/2090/734
f 679/2091/824 677/370/1399 540/371/1396
f 599/308/268 602/2759/774 630/2092/795
f 602/1064/774 598/390/776 627/389/796
f 680/332/292 684/1132/826 669/1121/820
f 684/2093/826 682/363/1398 667/364/1397
f 613/329/289 616/2760/784 658/2094/815
f 658/1114/815 616/1076/784 612/382/786
f 672/345/305 673/1126/821 684/1133/826
f 673/2088/821 671/361/1395 682/363/1398
f 648/360/320 651/2761/809 595/2095/770
f 651/1106/809 647/375/811 592/377/771
f 559/323/283 560/2762/745 679/2096/824
f 560/2071/745 558/368/1393 677/370/1399
f 634/336/296 637/2763/799 588/2097/765
f 637/1094/799 633/396/801 585/397/766
f 974/254/214 976/1379/1022 986/2098/1026
f 976/2099/1022 973/1375/1019 980/325/285
f 982/754/637 985/1388/1028 993/2100/1031
f 985/2101/1028 981/344/304 987/1389/1029
f 989/755/638 992/1396/1034 1000/2102/1036
f 992/2103/1034 988/1392/1032 994/331/291
f 996/253/213 999/1402/1038 978/2104/1024
f 999/2105/1038 995/317/277 975/1380/1023
f 672/345/305 981/344/304 983/1386/1027
f 983/2106/1027 980/325/285 670/327/287
f 660/316/276 664/1116/818 979/2107/1021
f 979/1377/1021 664/1117/818 662/326/286
f 680/332/292 988/1392/1032 990/1394/1033
f 990/2108/1033 987/1389/1029 681/343/303
f 665/318/278 995/317/277 997/1400/1037
f 997/2109/1037 994/331/291 666/333/293
f 1010/757/640 1002/759/642 1004/1407/1042
f 1004/2111/1042 1001/1403/1039 1008/289/249
f 1017/1422/1053 1010/757/640 1013/1416/1048
f 1013/2113/1048 1009/1412/1046 1015/322/282
f 1024/758/641 1017/1422/1053 1020/1424/1054
f 1020/2115/1054 1016/1419/1051 1022/295/255
f 1002/759/642 1024/758/641 1027/1431/1059
f 1027/2117/1059 1023/1427/1057 1003/437/379
f 559/323/283 1009/1412/1046 1011/1414/1047
f 1011/2119/1047 1008/289/249 557/291/251
f 533/439/381 537/2764/732 1007/2121/1041
f 1007/1405/1041 537/2765/732 535/290/250
f 675/296/256 1016/1419/1051 1018/1421/1052
f 1018/2123/1052 1015/322/282 676/324/284
f 538/438/380 1023/1427/1057 1025/1429/1058
f 1025/2126/1058 1022/295/255 539/297/257
f 1038/365/325 1030/367/327 1032/1436/1063
f 1032/2129/1063 1029/1432/1060 1036/298/258
f 1038/365/325 1041/1444/1068 1049/2130/1071
f 1041/2131/1068 1037/359/319 1043/1445/1069
f 1045/1451/1074 1048/1453/1075 1056/2132/1077
f 1056/1455/1077 1048/2694/1075 1044/1448/1072
f 1052/366/326 1055/1460/1080 1034/2133/1064
f 1055/2134/1080 1051/1456/1078 1031/355/315
f 648/360/320 1037/359/319 1039/1442/1067
f 1039/2136/1067 1036/298/258 646/300/260
f 562/357/317 568/2766/748 1035/2138/1062
f 1035/1434/1062 568/2767/748 564/299/259
f 590/320/280 1044/1448/1072 1046/1450/1073
f 1046/2140/1073 1043/1445/1069 591/358/318
f 569/356/316 1051/1456/1078 1053/1458/1079
f 1053/2143/1079 1050/319/279 570/321/281
f 1058/374/330 1060/1464/1083 1070/2145/1088
f 1060/2146/1083 1057/293/253 1064/1468/1086
f 1066/372/328 1069/1475/1091 1077/2147/1093
f 1069/2148/1091 1065/1471/1089 1071/328/288
f 1073/1481/1096 1076/1483/1097 1084/2149/1099
f 1084/1485/1099 1076/2695/1097 1072/1478/1094
f 1080/373/329 1083/1489/1101 1062/2150/1085
f 1083/2151/1101 1079/338/298 1059/1465/1084
f 613/329/289 1065/1471/1089 1067/1473/1090
f 1067/2153/1090 1064/1468/1086 611/292/252
f 543/337/297 549/2768/736 1063/2155/1082
f 1063/1462/1082 549/2769/736 545/294/254
f 653/311/271 1072/1478/1094 1074/1480/1095
f 1074/2157/1095 1071/328/288 654/330/290
f 550/339/299 1079/338/298 1081/1487/1100
f 1081/2160/1100 1078/310/270 551/312/272
f 1086/381/335 1088/1494/1105 1098/2162/1108
f 1088/2163/1105 1085/1490/1102 1092/307/267
f 1101/1508/1115 1094/379/333 1097/1503/1111
f 1097/2165/1111 1093/1499/1109 1099/346/306
f 1101/1508/1115 1104/1510/1116 1112/2166/1119
f 1104/2167/1116 1100/341/301 1106/1511/1117
f 1108/380/334 1111/1518/1122 1090/2168/1106
f 1090/1496/1106 1111/2696/1122 1107/1514/1120
f 625/347/307 1093/1499/1109 1095/1501/1110
f 1095/2170/1110 1092/307/267 626/309/269
f 597/354/314 603/2770/773 1091/2172/1104
f 1091/1492/1104 603/2771/773 599/308/268
f 620/342/302 1100/341/301 1102/1507/1114
f 1102/2174/1114 1099/346/306 618/348/308
f 604/353/313 1107/1514/1120 1109/1516/1121
f 1109/2177/1121 1106/1511/1117 605/340/300
f 1114/388/338 1116/1523/1126 1126/2179/1130
f 1116/2180/1126 1113/1519/1123 1120/301/261
f 1122/386/336 1125/1533/1133 1133/2181/1135
f 1133/1535/1135 1125/2697/1133 1121/1529/1131
f 1129/1538/1137 1132/1540/1138 1140/2182/1141
f 1132/2183/1138 1128/335/295 1134/1541/1139
f 1136/387/337 1139/1547/1143 1118/2184/1128
f 1139/2185/1143 1135/305/265 1115/1524/1127
f 639/314/274 1121/1529/1131 1123/1531/1132
f 1123/2187/1132 1120/301/261 640/303/263
f 576/304/264 582/2772/758 1119/2189/1125
f 1119/1521/1125 582/2773/758 578/302/262
f 634/336/296 1128/335/295 1130/1537/1136
f 1130/2191/1136 1127/313/273 632/315/275
f 583/306/266 1135/305/265 1137/1545/1142
f 1137/2194/1142 1134/1541/1139 584/334/294
f 479/407/349 482/959/693 1154/2196/1155
f 482/2197/693 478/406/348 1152/1559/1154
f 477/512/442 1161/514/444 1167/1566/1158
f 480/957/705 1167/2699/1158 1163/1570/1161
f 1158/472/414 1160/2202/1401 1166/1569/1160
f 1160/2200/1401 1159/2203/1403 1163/1570/1161
f 1158/472/414 1168/2687/388 1170/2201/1402
f 1160/2200/1401 1170/2207/1402 1169/404/346
f 1148/2204/1404 1150/2208/1405 1170/2205/1402
f 1150/2206/1405 1149/405/347 1169/404/346
f 1148/2204/1404 1153/469/411 1156/1563/1156
f 1150/2206/1405 1156/2698/1156 1152/1559/1154
f 486/964/540 489/966/703 1190/2209/1171
f 489/2210/703 485/400/342 1188/1582/1170
f 484/409/351 1194/408/350 1200/1589/1174
f 487/963/700 1200/2702/1174 1196/1593/1177
f 1201/470/412 1203/2214/1406 1199/1592/1176
f 1203/2212/1406 1202/2215/1407 1196/1593/1177
f 1204/2213/390 1206/2774/1409 1203/2214/1406
f 1203/2212/1406 1206/2219/1409 1205/398/340
f 1204/448/390 1184/2220/1410 1186/2216/1408
f 1186/2218/1408 1185/399/341 1205/398/340
f 1184/2220/1410 1189/466/408 1192/1586/1172
f 1186/2218/1408 1192/2701/1172 1188/1582/1170
f 1195/468/410 1197/1591/1175 1157/1564/1153
f 1197/2221/1175 1194/408/350 1151/1556/1151
f 1162/2199/1400 1164/1568/1159 1193/1587/1169
f 1164/2222/1159 1161/514/444 1187/513/443
f 493/971/416 496/973/706 1210/2223/1181
f 496/2224/706 492/421/363 1208/1598/1180
f 491/410/352 1226/412/354 1232/1605/1184
f 494/970/688 1232/2704/1184 1228/1606/1185
f 1220/456/398 1222/2229/1411 1231/2226/1186
f 1222/2227/1411 1221/2230/1412 1228/1606/1185
f 1217/2228/400 1219/2775/1414 1222/2229/1411
f 1222/2227/1411 1219/2234/1414 1218/419/361
f 1217/458/400 1214/2235/1415 1216/2231/1413
f 1216/2233/1413 1215/420/362 1218/419/361
f 1214/2235/1415 1209/467/409 1212/1602/1182
f 1216/2233/1413 1212/2703/1182 1208/1598/1180
f 499/401/343 1239/403/345 1245/1610/1188
f 503/980/704 1245/2705/1188 1241/1614/1191
f 1236/449/391 1238/2239/1416 1244/1613/1190
f 1238/2237/1416 1237/2240/1418 1241/1614/1191
f 1236/449/391 1246/2684/399 1248/2238/1417
f 1238/2237/1416 1248/2244/1417 1247/416/358
f 1249/2241/1419 1251/2246/1420 1248/2242/1417
f 1251/2243/1420 1250/417/359 1247/416/358
f 1249/2241/1419 1252/454/396 1258/2245/1421
f 1251/2243/1420 1258/2706/1421 1254/1620/1195
f 498/974/421 504/976/697 1257/2247/1196
f 504/2248/697 500/418/360 1254/1620/1195
f 1227/453/395 1229/2644/1422 1255/2249/1194
f 1229/2250/1422 1226/412/354 1253/411/353
f 1240/1617/1192 1242/1612/1189 1213/1603/1179
f 1242/2251/1189 1239/403/345 1207/402/344
f 507/413/355 510/986/716 1275/2252/1202
f 510/2253/716 506/433/375 1273/1631/1201
f 505/422/364 1171/424/366 1177/1574/1163
f 508/984/718 1177/2776/1163 1173/2255/1166
f 1178/471/413 1180/2260/1424 1176/1579/1167
f 1180/2257/1424 1179/2261/1425 1173/2255/1166
f 1233/2259/392 1235/2777/1427 1180/2260/1424
f 1180/2257/1424 1235/2265/1427 1234/431/373
f 1262/2262/1426 1264/2266/1428 1235/2263/1427
f 1264/2264/1428 1263/432/374 1234/431/373
f 1262/2262/1426 1274/455/397 1277/1575/1164
f 1264/2264/1428 1277/2708/1164 1273/1631/1201
f 1224/447/389 1181/2272/1432 1183/2267/1429
f 1183/2269/1429 1182/2275/1434 1223/2270/1431
f 1181/2272/1432 1141/393/339 1147/2273/1433
f 1183/2269/1429 1147/2778/1433 1143/2274/1149
f 514/991/438 517/993/709 1146/2276/1150
f 517/2277/709 513/428/370 1143/2274/1149
f 512/415/357 1265/414/356 1271/1624/1198
f 515/990/708 1271/2707/1198 1267/429/371
f 1259/452/394 1261/2282/1435 1270/1549/1145
f 1261/2280/1435 1260/430/372 1267/429/371
f 1259/452/394 1224/2686/389 1225/2281/1430
f 1261/2280/1435 1225/2271/1430 1223/2270/1431
f 1172/2256/1423 1174/2648/1436 1144/2283/1148
f 1174/2284/1436 1171/424/366 1142/423/365
f 1266/1548/1144 1268/1550/1146 1278/1576/1165
f 1268/2285/1146 1265/414/356 1272/1628/1199
f 521/998/441 524/1000/721 1298/2286/1212
f 524/2287/721 520/442/384 1296/2288/1211
f 519/427/369 1285/426/368 1291/1636/1204
f 522/997/720 1291/2709/1204 1287/1640/1208
f 1282/451/393 1284/2293/1437 1290/1638/1206
f 1284/2291/1437 1283/2294/1439 1287/1640/1208
f 1282/451/393 1279/2685/406 1281/2292/1438
f 1284/2291/1437 1281/2298/1438 1280/440/382
f 1279/464/406 1292/2299/1441 1294/2295/1440
f 1294/2297/1440 1293/441/383 1280/440/382
f 1292/2299/1441 1297/465/407 1300/2300/1442
f 1294/2297/1440 1300/2779/1442 1296/2288/1211
f 528/425/367 531/1006/712 1305/2301/1217
f 531/2302/712 527/436/378 1303/1652/1216
f 526/443/385 1318/445/387 1324/1659/1222
f 529/1004/714 1324/2780/1222 1320/2304/1223
f 1315/463/405 1317/2308/1443 1323/1656/1219
f 1317/2305/1443 1316/2309/1444 1320/2304/1223
f 1312/2307/402 1314/2781/1445 1317/2308/1443
f 1317/2305/1443 1314/2312/1445 1313/434/376
f 1309/459/401 1311/2314/1446 1314/2310/1445
f 1311/2311/1446 1310/435/377 1313/434/376
f 1309/459/401 1304/462/404 1307/2313/1447
f 1311/2311/1446 1307/2710/1447 1303/1652/1216
f 1319/1655/1218 1321/1657/1220 1301/2315/1210
f 1321/2316/1220 1318/445/387 1295/444/386
f 1286/1637/1205 1288/1639/1207 1308/2317/1215
f 1288/2318/1207 1285/426/368 1302/1649/1213
f 422/621/540 1332/620/539 1338/1671/1232
f 426/907/702 1338/2712/1232 1334/1675/1235
f 1339/543/469 1341/2322/1448 1337/1674/1234
f 1341/2320/1448 1340/2323/1450 1334/1675/1235
f 1339/543/469 1342/2691/468 1344/2321/1449
f 1341/2320/1448 1344/2327/1449 1343/482/422
f 1342/542/468 1345/541/467 1347/2324/1451
f 1347/2326/1451 1346/483/423 1343/482/422
f 1345/541/467 1348/539/465 1354/2328/1452
f 1347/2326/1451 1354/2713/1452 1350/1682/1240
f 421/473/342 427/903/700 1353/2329/1241
f 427/2330/700 423/484/351 1350/1682/1240
f 430/619/343 433/913/698 1371/2331/1252
f 433/2332/698 429/481/421 1369/1695/1251
f 428/475/360 1387/474/415 1393/1702/1255
f 431/911/697 1393/2716/1255 1389/1706/1258
f 1384/526/453 1386/2336/1454 1392/1705/1257
f 1386/2335/1454 1385/2337/1455 1389/1706/1258
f 1381/525/452 1383/2782/1457 1386/2336/1454
f 1386/2335/1454 1383/2341/1457 1382/479/419
f 1375/2338/1456 1377/2342/1458 1383/2339/1457
f 1377/2340/1458 1376/480/420 1382/479/419
f 1375/2338/1456 1370/521/449 1373/1699/1253
f 1377/2340/1458 1373/2715/1253 1369/1695/1251
f 1388/2334/1453 1390/1704/1256 1351/2343/1239
f 1390/2344/1256 1387/474/415 1349/1679/1237
f 1333/1678/1236 1335/1673/1233 1374/1700/1250
f 1335/2345/1233 1332/620/539 1368/1692/1248
f 437/918/442 440/920/694 1423/2346/1269
f 440/2347/694 436/496/349 1421/1724/1268
f 435/485/348 1413/487/425 1419/1715/1262
f 438/917/693 1419/2718/1262 1415/1719/1265
f 1410/530/457 1412/2351/1460 1418/1718/1264
f 1412/2350/1460 1411/2352/1461 1415/1719/1265
f 1430/529/456 1432/2783/1463 1412/2351/1460
f 1412/2350/1460 1432/2356/1463 1431/494/429
f 1427/2353/1462 1429/2357/1464 1432/2354/1463
f 1429/2355/1464 1428/495/430 1431/494/429
f 1427/2353/1462 1422/531/458 1425/1728/1270
f 1429/2355/1464 1425/2719/1270 1421/1724/1268
f 444/925/363 447/927/688 1443/2358/1280
f 447/2359/688 443/493/352 1441/1740/1279
f 442/476/416 1450/478/418 1456/1747/1283
f 445/924/690 1456/2722/1283 1452/1751/1286
f 1447/533/460 1449/2364/1466 1455/1750/1285
f 1449/2362/1466 1448/2365/1468 1452/1751/1286
f 1447/533/460 1460/2688/462 1462/2363/1467
f 1449/2362/1466 1462/2369/1467 1461/491/427
f 1460/535/462 1457/534/461 1459/2366/1469
f 1459/2368/1469 1458/492/428 1461/491/427
f 1457/534/461 1442/528/455 1445/1744/1281
f 1459/2368/1469 1445/2721/1281 1441/1740/1279
f 1414/2349/1459 1416/1717/1263 1446/1745/1278
f 1416/2370/1263 1413/487/425 1440/486/424
f 1451/2361/1465 1453/1749/1284 1426/1729/1267
f 1453/2371/1284 1450/478/418 1420/477/417
f 451/488/357 454/933/710 1436/2372/1275
f 454/2373/710 450/508/438 1434/1733/1274
f 449/497/370 1355/499/432 1361/1686/1243
f 452/931/709 1361/2784/1243 1357/2375/1247
f 1362/537/463 1364/2379/1470 1360/1687/1244
f 1364/2376/1470 1363/2380/1472 1357/2375/1247
f 1362/537/463 1378/2689/466 1380/2378/1471
f 1364/2376/1470 1380/2384/1471 1379/506/436
f 1400/2381/1473 1402/2385/1474 1380/2382/1471
f 1402/2383/1474 1401/507/437 1379/506/436
f 1400/2381/1473 1435/527/454 1438/1737/1276
f 1402/2383/1474 1438/2720/1276 1434/1733/1274
f 1365/522/450 1367/2391/1476 1396/2386/1475
f 1367/2387/1476 1366/2393/1479 1394/2388/1477
f 1365/522/450 1325/461/403 1331/2390/1478
f 1367/2387/1476 1331/2785/1478 1327/2392/1229
f 458/938/378 461/940/714 1330/2394/1230
f 461/2395/714 457/503/385 1327/2392/1229
f 456/490/367 1403/489/426 1409/1710/1260
f 459/937/713 1409/2717/1260 1405/504/434
f 1397/538/464 1399/2400/1480 1408/1663/1225
f 1399/2398/1480 1398/505/435 1405/504/434
f 1397/538/464 1395/2690/451 1396/2399/1475
f 1399/2398/1480 1396/2389/1475 1394/2388/1477
f 1356/1689/1246 1358/1688/1245 1328/2401/1228
f 1358/2402/1245 1355/499/432 1326/498/431
f 1404/1662/1224 1406/1664/1226 1439/1736/1273
f 1406/2403/1226 1403/489/426 1433/1730/1271
f 465/945/375 468/947/718 1469/2404/1290
f 468/2405/718 464/517/364 1467/2406/1289
f 463/502/355 1473/501/433 1479/1763/1294
f 466/944/717 1479/2723/1294 1475/1765/1296
f 1480/553/477 1482/2411/1481 1478/1761/1293
f 1482/2409/1481 1481/2412/1483 1475/1765/1296
f 1480/553/477 1483/2692/459 1485/2410/1482
f 1482/2409/1481 1485/2416/1482 1484/515/445
f 1463/2413/1484 1465/2418/1485 1485/2414/1482
f 1465/2415/1485 1464/516/446 1484/515/445
f 1463/2413/1484 1468/548/473 1471/2417/1486
f 1465/2415/1485 1471/2786/1486 1467/2406/1289
f 472/500/369 475/953/722 1492/2419/1301
f 475/2420/722 471/511/441 1490/1771/1300
f 470/518/384 1496/520/448 1502/1778/1306
f 473/951/721 1502/2787/1306 1498/2422/1307
f 1503/550/475 1505/2426/1487 1501/1775/1303
f 1505/2423/1487 1504/2427/1489 1498/2422/1307
f 1503/550/475 1506/549/474 1508/2425/1488
f 1505/2423/1487 1508/2430/1488 1507/509/439
f 1486/551/476 1488/2432/1490 1508/2428/1488
f 1488/2429/1490 1487/510/440 1507/509/439
f 1486/551/476 1491/544/470 1494/2431/1491
f 1488/2429/1490 1494/2724/1491 1490/1771/1300
f 1497/1774/1302 1499/1776/1304 1472/2433/1288
f 1499/2434/1304 1496/520/448 1466/519/447
f 1474/1764/1295 1476/1760/1292 1495/2435/1299
f 1476/2436/1292 1473/501/433 1489/1768/1297
f 1515/2437/1492 1509/756/639 1511/2438/1493
f 1517/2440/1377 1511/2533/1493 1510/555/479
f 1524/2441/1494 1515/2437/1492 1517/2439/1377
f 1517/2440/1377 1516/623/542 1525/559/483
f 1533/2444/1495 1524/2441/1494 1526/2442/1378
f 1526/2443/1378 1525/559/483 1534/558/482
f 1537/2447/1497 1533/2444/1495 1535/2445/1496
f 1535/2446/1496 1534/558/482 1536/561/485
f 1537/2447/1497 1538/2448/1379 1544/2450/1381
f 1544/2452/1381 1538/2788/1379 1536/563/485
f 1542/2451/1498 1544/2450/1381 1550/2453/1499
f 1550/2455/1499 1544/2452/1381 1543/566/489
f 1548/2454/1500 1550/2453/1499 1556/2456/1501
f 1556/2458/1501 1550/2455/1499 1549/568/491
f 1554/2457/1502 1556/2456/1501 1562/2459/1503
f 1556/2458/1501 1555/570/493 1561/572/495
f 1566/2462/1505 1560/2460/1504 1562/2459/1503
f 1568/2464/1385 1562/2461/1503 1561/572/495
f 1566/2462/1505 1568/2463/1385 1574/2465/1506
f 1574/2467/1506 1568/2464/1385 1567/574/497
f 1572/2466/1507 1574/2465/1506 1580/2468/1508
f 1574/2467/1506 1573/576/499 1579/578/501
f 1584/2471/1510 1578/2469/1509 1580/2468/1508
f 1580/2470/1508 1579/578/501 1585/2473/503
f 1584/2471/1510 1586/2472/1511 1592/2475/1388
f 1592/2477/1388 1586/2789/1511 1585/580/503
f 1596/2478/1513 1590/2476/1512 1592/2475/1388
f 1598/2480/1390 1592/2477/1388 1591/583/505
f 1602/2481/1514 1596/2478/1513 1598/2479/1390
f 1598/2480/1390 1597/585/507 1603/587/509
f 1602/2481/1514 1604/2482/1515 1610/2484/1516
f 1604/2483/1515 1603/587/509 1609/589/511
f 1614/2486/1517 1608/255/215 1610/2484/1516
f 1616/2488/1518 1610/2485/1516 1609/589/511
f 1620/2489/1519 1614/2486/1517 1616/2487/1518
f 1622/2491/1520 1616/2488/1518 1615/591/513
f 1623/2492/1521 1620/2489/1519 1622/2490/1520
f 1625/2494/1363 1622/2491/1520 1621/593/515
f 1626/2495/1522 1623/2492/1521 1625/2493/1363
f 1628/2497/1364 1625/2494/1363 1624/595/517
f 1632/2499/1523 1626/2495/1522 1628/2496/1364
f 1634/2501/1365 1628/2790/1364 1627/598/519
f 1638/2502/1524 1632/2499/1523 1634/2500/1365
f 1634/2501/1365 1633/597/518 1639/600/521
f 1644/2505/1526 1638/2502/1524 1640/2503/1525
f 1640/2504/1525 1639/600/521 1645/602/523
f 1650/2508/1527 1644/2505/1526 1646/2506/1367
f 1646/2507/1367 1645/602/523 1651/604/525
f 1650/2508/1527 1652/2509/1528 1658/2511/1529
f 1658/2513/1529 1652/2510/1528 1651/604/525
f 1656/2512/1530 1658/2511/1529 1664/2514/1531
f 1664/2516/1531 1658/2513/1529 1657/606/527
f 1668/2517/1533 1662/2515/1532 1664/2514/1531
f 1670/2519/1371 1664/2516/1531 1663/608/529
f 1668/2517/1533 1670/2518/1371 1676/2520/1372
f 1676/2522/1372 1670/2519/1371 1669/610/531
f 1680/2523/1535 1675/2521/1534 1676/2520/1372
f 1676/2525/1372 1674/615/533 1681/614/535
f 1686/2527/1537 1680/2523/1535 1682/2524/1536
f 1682/2526/1536 1681/614/535 1687/617/537
f 1686/2527/1537 1688/2528/1538 1694/2530/1539
f 1688/2529/1538 1687/617/537 1693/556/480
f 1692/2531/1540 1694/2530/1539 1511/2438/1493
f 1694/2532/1539 1693/556/480 1510/555/479
f 1512/546/471 1514/2578/1542 1700/2534/1541
f 1514/2535/1542 1513/628/546 1698/691/575
f 1519/834/676 1521/833/675 1523/2537/1543
f 1520/2539/1544 1523/2544/1543 1522/666/563
f 1528/822/664 1530/835/677 1532/2540/1545
f 1529/2542/1546 1532/2546/1545 1531/639/550
f 1539/825/667 1541/2547/1547 1523/2537/1543
f 1541/2543/1547 1540/668/564 1522/666/563
f 1545/821/663 1547/2551/1548 1532/2540/1545
f 1547/2545/1548 1546/641/551 1531/639/550
f 1551/824/666 1553/2554/1549 1541/2547/1547
f 1553/2548/1549 1552/670/565 1540/2549/564
f 1557/820/662 1559/2556/1352 1547/2551/1548
f 1559/2552/1352 1558/643/526 1546/641/551
f 1551/824/666 1563/827/669 1565/2553/1550
f 1553/2548/1549 1565/2558/1550 1564/672/566
f 1557/820/662 1569/836/678 1571/2555/1551
f 1559/2552/1352 1571/2560/1551 1570/645/552
f 1575/826/668 1577/2561/1552 1565/2553/1550
f 1577/2557/1552 1576/674/567 1564/672/566
f 1581/837/679 1583/2563/1553 1571/2555/1551
f 1583/2559/1553 1582/647/553 1570/645/552
f 1587/828/670 1589/2566/1554 1577/2561/1552
f 1589/2562/1554 1588/676/568 1576/674/567
f 1593/844/686 1595/2568/1555 1583/2563/1553
f 1595/2564/1555 1594/649/555 1582/647/553
f 1587/828/670 1599/829/671 1601/2565/1556
f 1589/2562/1554 1601/2570/1556 1600/678/569
f 1593/844/686 1605/839/681 1607/2567/1557
f 1595/2564/1555 1607/2791/1557 1606/651/556
f 1611/830/672 1613/2573/1558 1601/2565/1556
f 1613/2569/1558 1612/680/570 1600/678/569
f 1617/838/680 1619/2575/1559 1607/2567/1557
f 1619/2571/1559 1618/654/557 1606/653/556
f 1629/831/673 1631/2580/1560 1613/2573/1558
f 1631/2574/1560 1630/682/571 1612/680/570
f 1635/840/682 1637/2582/1561 1619/2575/1559
f 1637/2576/1561 1636/656/558 1618/654/557
f 1512/546/471 1641/815/657 1643/2577/1562
f 1514/2535/1542 1643/2584/1562 1642/766/646
f 1629/831/673 1647/817/659 1649/2579/1563
f 1631/2574/1560 1649/2792/1563 1648/684/572
f 1635/840/682 1653/841/683 1655/2581/1564
f 1637/2576/1561 1655/2589/1564 1654/658/559
f 1659/818/660 1661/2591/1565 1643/2577/1562
f 1661/2583/1565 1660/694/577 1642/766/646
f 1665/816/658 1667/2592/1566 1649/2579/1563
f 1667/2585/1566 1666/687/573 1648/2586/572
f 1671/842/684 1673/2595/1567 1655/2581/1564
f 1673/2588/1567 1672/660/560 1654/658/559
f 1659/818/660 1677/832/674 1679/2590/1568
f 1661/2583/1565 1679/2597/1568 1678/631/547
f 1683/819/661 1685/2598/1569 1667/2592/1566
f 1685/2593/1569 1684/689/574 1666/687/573
f 1671/842/684 1689/843/685 1691/2594/1570
f 1673/2588/1567 1691/2599/1570 1690/662/561
f 1695/823/665 1697/2600/1571 1679/2590/1568
f 1697/2596/1571 1696/633/548 1678/631/547
f 1683/819/661 1699/547/472 1700/2534/1541
f 1685/2593/1569 1700/2536/1541 1698/691/575
f 1519/834/676 1520/2538/1544 1691/2594/1570
f 1520/2539/1544 1518/664/562 1690/662/561
f 1528/822/664 1529/2541/1546 1697/2600/1571
f 1529/2542/1546 1527/637/549 1696/636/548
f 202/875/363 204/877/688 1704/2602/1310
f 204/2603/688 201/773/352 1702/775/649
f 1708/777/647 1714/2793/1313 221/2605/697
f 1714/2606/1313 1710/774/648 215/888/421
f 1703/805/656 1706/1786/1311 1713/1790/1314
f 1706/2607/1311 1702/775/649 1710/774/648
f 1723/765/645 1725/2794/1324 183/2609/693
f 1725/2610/1324 1722/2640/1321 181/782/349
f 194/776/342 200/868/700 1721/2611/1317
f 200/2613/700 196/784/351 1715/783/643
f 1736/781/645 1742/2795/1324 214/2615/693
f 1742/2616/1324 1738/2618/1321 208/760/349
f 1729/788/650 1735/1806/1319 1741/1814/1323
f 1735/2617/1319 1731/761/643 1738/2618/1321
f 223/770/342 225/898/700 1734/2620/1317
f 225/2622/700 222/762/351 1731/761/643
f 1743/787/649 1749/2796/1310 179/2624/688
f 1749/2625/1310 1745/780/644 173/845/363
f 1744/793/652 1737/795/651 1739/1815/1325
f 1739/2626/1325 1736/781/645 1745/780/644
f 1724/791/651 1727/1804/1325 1707/1783/1309
f 1727/2628/1325 1723/765/645 1701/764/644
f 1716/796/653 1709/798/655 1711/1791/1315
f 1711/2630/1315 1708/777/647 1717/2612/1320
f 1750/797/654 1756/1824/1315 1732/1805/1318
f 1756/2632/1315 1752/771/647 1730/2621/1320
f 188/861/421 190/863/697 1755/2634/1313
f 190/2635/697 187/772/360 1752/771/647
f 1744/793/652 1746/1821/1311 1753/1823/1314
f 1746/2637/1311 1743/787/649 1751/786/648
f 1716/796/653 1718/1797/1319 1728/1801/1323
f 1718/2639/1319 1715/783/643 1722/2640/1321
f 209/883/442 224/899/540 189/864/343
