# Blender 5.0.1
# www.blender.org
mtllib teleporter.mtl
o tech_pedestal_Circle.001
v 0.000001 -0.000001 -11.129910
v -2.317160 -0.000001 -10.901689
v -4.545273 -0.000001 -10.225798
v -6.598714 -0.000001 -9.128211
v -8.398570 -0.000001 -7.651107
v -9.875675 -0.000000 -5.851250
v -10.973261 -0.000000 -3.797809
v -11.649152 -0.000000 -1.569696
v -11.877374 0.000000 0.747464
v -11.649153 0.000000 3.064624
v -10.973262 0.000000 5.292738
v -9.875675 0.000001 7.346180
v -8.398570 0.000001 9.146036
v -6.598713 0.000001 10.623141
v -4.545271 0.000001 11.720729
v -2.317157 0.000001 12.396619
v 0.000005 0.000001 12.624839
v 2.317167 0.000001 12.396618
v 4.545281 0.000001 11.720725
v 6.598723 0.000001 10.623137
v 8.398579 0.000001 9.146031
v 9.875682 0.000001 7.346174
v 10.973269 0.000000 5.292731
v 11.649157 0.000000 3.064615
v 11.877376 0.000000 0.747453
v 11.649153 -0.000000 -1.569708
v 10.973259 -0.000000 -3.797821
v 9.875669 -0.000000 -5.851263
v 8.398562 -0.000001 -7.651117
v 6.598704 -0.000001 -9.128220
v 4.545260 -0.000001 -10.225805
v 2.317144 -0.000001 -10.901692
v 0.000002 3.207656 -9.204890
v -1.611985 3.207656 -9.047212
v -3.882396 2.386463 -8.625471
v -5.636366 2.386464 -7.687955
v -7.173733 2.386464 -6.426270
v -8.435419 2.386464 -4.888902
v -9.372935 2.386464 -3.134932
v -9.794675 3.207657 -0.864521
v -9.952354 3.207657 0.747464
v -9.794677 3.207657 2.359449
v -9.372934 2.386465 4.629861
v -8.435419 2.386465 6.383831
v -7.173733 2.386465 7.921200
v -5.636365 2.386465 9.182885
v -3.882395 2.386466 10.120400
v -1.611982 3.207658 10.542145
v 0.000004 3.207658 10.699820
v 1.611991 3.207658 10.542144
v 3.882404 2.386465 10.120399
v 5.636374 2.386465 9.182881
v 7.173742 2.386465 7.921195
v 8.435425 2.386465 6.383827
v 9.372941 2.386464 4.629855
v 9.794682 3.207657 2.359442
v 9.952356 3.207657 0.747455
v 9.794677 3.207657 -0.864532
v 9.372932 2.386464 -3.134943
v 8.435413 2.386464 -4.888913
v 7.173728 2.386464 -6.426280
v 5.636358 2.386464 -7.687963
v 3.882385 2.386463 -8.625478
v 1.611972 3.207656 -9.047216
v 0.003248 2.330474 -8.682712
v -2.695150 2.235547 -9.663260
v 0.000001 2.451421 -11.075793
v -4.131870 2.236834 -9.227754
v -5.998545 2.236834 -8.229995
v -7.634699 2.236835 -6.887237
v -8.977459 2.236835 -5.251081
v -9.975217 2.236835 -3.384405
v -11.654154 2.451422 -1.200033
v -11.823257 2.451422 0.747464
v -10.410727 2.235548 3.442614
v -9.975219 2.236835 4.879334
v -8.977459 2.236835 6.746010
v -7.634699 2.236836 8.382166
v -5.998545 2.236836 9.724924
v -4.131868 2.236836 10.722683
v -1.947494 2.451423 12.401621
v 0.000005 2.451423 12.570723
v 2.695156 2.235550 11.158190
v 4.131877 2.236836 10.722681
v 5.998553 2.236836 9.724920
v 7.634708 2.236836 8.382161
v 8.977466 2.236835 6.746005
v 9.975223 2.236835 4.879327
v 11.654158 2.451422 2.694952
v 11.823259 2.451422 0.747453
v 10.410725 2.235548 -1.947697
v 9.975215 2.236835 -3.384417
v 8.977452 2.236835 -5.251092
v 7.634693 2.236835 -6.887247
v 5.998536 2.236834 -8.230003
v 4.131858 2.236834 -9.227759
v 1.947481 2.451421 -10.906693
v 0.000002 2.668598 -6.529350
v -1.419635 2.668598 -6.389528
v -2.784715 2.668598 -5.975435
v -4.042780 2.668598 -5.302986
v -5.145483 2.668599 -4.398021
v -6.050450 2.668599 -3.295317
v -6.722898 2.668599 -2.037253
v -7.136990 2.668599 -0.672172
v -7.276814 2.668599 0.747465
v -7.136992 2.668599 2.167099
v -7.903145 2.668599 4.021054
v -7.112643 2.668599 5.499980
v -6.048804 2.668599 6.796271
v -4.752514 2.668599 7.860108
v -3.273588 2.668600 8.650611
v -1.668859 2.668600 9.137401
v 0.000004 2.668600 9.301768
v 1.668867 2.668600 9.137400
v 3.273596 2.668600 8.650609
v 4.752522 2.668599 7.860106
v 6.048812 2.668599 6.796267
v 7.112648 2.668599 5.499976
v 7.903150 2.668599 4.021049
v 7.136995 2.668599 2.167094
v 7.276816 2.668599 0.747457
v 7.136992 2.668599 -0.672179
v 6.722898 2.668599 -2.037259
v 6.050446 2.668599 -3.295326
v 5.145480 2.668599 -4.398028
v 4.042775 2.668598 -5.302991
v 2.784708 2.668598 -5.975440
v 1.419626 2.668598 -6.389530
v -1.836509 2.330597 -8.501611
v -3.605600 2.330715 -7.965064
v -5.236036 2.330823 -7.093679
v -6.665151 2.330919 -5.920935
v -7.838014 2.330997 -4.491898
v -8.709539 2.331055 -2.861490
v -9.246226 2.331090 -1.092370
v -9.427445 2.331102 0.747464
v -9.246228 2.331090 2.587298
v -8.709539 2.331055 4.356418
v -7.838014 2.330997 5.986827
v -6.665151 2.330920 7.415864
v -5.236036 2.330825 8.588609
v -3.605599 2.330717 9.459994
v -1.836506 2.330599 9.996543
v 0.003251 2.330476 10.177641
v 1.842968 2.330354 9.996346
v 3.611950 2.330236 9.459629
v 5.242220 2.330127 8.588131
v 6.671139 2.330031 7.415347
v 7.843804 2.329952 5.986350
v 8.715162 2.329895 4.356050
v 9.251737 2.329859 2.587095
v 9.432913 2.329847 0.747455
v 9.251733 2.329859 -1.092184
v 8.715155 2.329895 -2.861137
v 7.843793 2.329952 -4.491435
v 6.671126 2.330030 -5.920431
v 5.242205 2.330126 -7.093212
v 3.611933 2.330234 -7.964707
v 1.842950 2.330352 -8.501419
v 0.003400 2.337522 -7.915938
v -1.686773 2.337408 -7.749608
v -3.312044 2.337296 -7.256724
v -4.809946 2.337193 -6.456217
v -6.122901 2.337105 -5.378839
v -7.200443 2.337031 -4.065989
v -8.001141 2.336976 -2.568125
v -8.494212 2.336942 -0.942816
v -8.660707 2.336931 0.747464
v -8.494214 2.336942 2.437744
v -8.001141 2.336976 4.063053
v -7.200443 2.337031 5.560917
v -6.122901 2.337106 6.873767
v -4.809945 2.337195 7.951146
v -3.312042 2.337298 8.751655
v -1.686771 2.337409 9.244538
v 0.003403 2.337524 9.410868
v 1.693523 2.337639 9.244269
v 3.318642 2.337749 8.751156
v 4.816317 2.337851 7.950494
v 6.129004 2.337939 6.873060
v 7.206274 2.338012 5.560264
v 8.006743 2.338065 4.062551
v 8.499661 2.338099 2.437469
v 8.666099 2.338110 0.747456
v 8.499659 2.338099 -0.942556
v 8.006736 2.338065 -2.567637
v 7.206264 2.338011 -4.065349
v 6.128992 2.337938 -5.378143
v 4.816302 2.337850 -6.455574
v 3.318626 2.337748 -7.256233
v 1.693506 2.337637 -7.749343
v -2.040598 0.409112 -11.447125
v 0.000001 0.409735 -11.645852
v -12.393316 0.409736 0.747464
v -12.194590 0.409113 2.788063
v -12.194589 0.409113 -1.293135
v 0.000005 0.409737 13.140781
v 2.040606 0.409114 12.942055
v -2.040595 0.409114 12.942056
v 12.393318 0.409736 0.747453
v 12.194590 0.409113 -1.293148
v 12.194593 0.409113 2.788054
v -1.947497 2.451421 -10.906692
v 2.040583 0.409112 -11.447128
v 2.695136 2.235548 -9.663265
v 1.947503 2.451423 12.401620
v -10.410725 2.235549 -1.947686
v 11.654155 2.451422 -1.200045
v 10.410729 2.235549 3.442607
v -11.654156 2.451422 2.694962
v -2.695148 2.235549 11.158192
v -2.568088 2.387750 -9.024478
v 0.000002 2.527766 -8.798879
v -9.546343 2.527767 0.747464
v -9.771941 2.387751 -1.820625
v -9.771942 2.387751 3.315552
v 0.000004 2.527768 10.293809
v -2.568086 2.387752 10.519408
v 2.568094 2.387752 10.519407
v 9.546345 2.527767 0.747455
v 9.771946 2.387751 3.315545
v 9.771942 2.387751 -1.820635
v 2.568075 2.387750 -9.024483
v -2.378772 0.924087 -10.662212
v -2.364185 1.249537 -10.588881
v 2.364170 1.249537 -10.588884
v 2.378756 0.924087 -10.662217
v 8.178528 1.354469 -7.431083
v 8.265490 0.819155 -7.518044
v -6.480889 0.924137 -8.951874
v -6.425834 1.354470 -8.869478
v 4.464101 0.924138 -10.029869
v 4.426178 1.354469 -9.938315
v 2.378779 0.924090 12.157144
v 2.364192 1.249538 12.083812
v -8.195426 1.249487 -7.447964
v -8.265497 0.819154 -7.518035
v 6.480898 0.924140 10.446799
v 6.425843 1.354471 10.364404
v -10.777326 0.924138 -3.716650
v -10.685772 1.354471 -3.678727
v 8.265507 0.819158 9.012959
v 8.178545 1.354471 8.925998
v -11.336345 1.249539 -1.616722
v -11.409678 0.924088 -1.631308
v 9.719205 0.819158 7.241620
v 9.616949 1.354471 7.173294
v -10.799396 0.819156 5.220720
v -10.685774 1.354470 5.173656
v -9.719199 0.819157 7.241626
v -9.616942 1.354471 7.173300
v 11.409678 0.924089 -1.631320
v 11.336346 1.249538 -1.616734
v 11.336350 1.249537 3.111641
v 11.409682 0.924089 3.126228
v 6.480878 0.924138 -8.951881
v 6.425824 1.354469 -8.869487
v -9.719199 0.819155 -5.746696
v -9.616942 1.354470 -5.678370
v -11.409679 0.924088 3.126236
v -11.336347 1.249538 3.111650
v -6.439105 1.249489 10.384270
v -6.494159 0.819157 10.466664
v -4.435331 1.249489 11.455309
v -4.473253 0.819157 11.546862
v -4.464114 0.924137 -10.029863
v -4.426192 1.354470 -9.938310
v 4.473262 0.819158 11.546858
v 4.426199 1.354471 11.433236
v 10.799401 0.819157 5.220712
v 10.685780 1.354470 5.173649
v -2.364183 1.249539 12.083813
v -2.378769 0.924090 12.157145
v 10.799392 0.819156 -3.725803
v 10.685770 1.354470 -3.678739
v 9.616936 1.354470 -5.678382
v 9.719193 0.819156 -5.746708
v -8.265497 0.819157 9.012963
v -8.178535 1.354471 8.926002
v -2.256450 1.354471 12.091422
v -2.280442 0.819157 12.212042
v -11.464577 0.819156 3.027910
v -11.343957 1.354470 3.003917
v 11.343960 1.354470 3.003908
v 11.464580 0.819157 3.027901
v 11.464576 0.819156 -1.532994
v 11.343956 1.354470 -1.509001
v -11.343955 1.354471 -1.508988
v -11.464575 0.819156 -1.532981
v 2.280452 0.819158 12.212041
v 2.256459 1.354471 12.091421
v 2.256437 1.354469 -10.596495
v 2.280430 0.819155 -10.717114
v -2.280445 0.819155 -10.717111
v -2.256452 1.354470 -10.596491
v -9.636805 1.249488 -5.691641
v -8.178535 1.354470 -7.431073
v -8.248606 0.924137 -7.501143
v -9.699338 0.924138 -5.733425
v -4.426190 1.354471 11.433240
v -4.464112 0.924140 11.524794
v -4.473255 0.819154 -10.051931
v -4.435333 1.249487 -9.960379
v 8.248599 0.924138 -7.501154
v 6.494150 0.819155 -8.971743
v 6.439095 1.249487 -8.889348
v 8.195419 1.249487 -7.447973
v -6.494160 0.819154 -8.971735
v -6.439105 1.249487 -8.889340
v 4.473242 0.819155 -10.051937
v 4.435319 1.249487 -9.960384
v 4.435340 1.249488 11.455305
v 4.464121 0.924140 11.524790
v 6.494169 0.819158 10.466660
v 6.439114 1.249488 10.384266
v -10.799394 0.819156 -3.725791
v -10.707841 1.249488 -3.687868
v 8.195436 1.249488 8.942888
v 8.248616 0.924140 8.996068
v 9.636810 1.249488 7.186565
v 9.699344 0.924140 7.228349
v 10.707849 1.249487 5.182790
v 10.777333 0.924139 5.211571
v -10.707843 1.249488 5.182797
v -10.777328 0.924139 5.211579
v -9.636805 1.249489 7.186571
v -9.699338 0.924140 7.228355
v -8.195426 1.249489 8.942892
v -8.248606 0.924140 8.996073
v 10.707838 1.249488 -3.687880
v 10.777323 0.924139 -3.716662
v 9.699331 0.924139 -5.733438
v 9.636797 1.249488 -5.691654
v -6.425834 1.354471 10.364408
v -6.480888 0.924140 10.446803
v -9.554403 0.923231 -5.636582
v -9.491870 1.169857 -5.594799
v -8.072169 1.169856 -7.324707
v -8.125350 0.923230 -7.377888
v -4.368621 1.169902 11.294253
v -4.397402 0.923277 11.363738
v -4.397405 0.923274 -9.868808
v -4.368623 1.169901 -9.799323
v 8.072163 1.169855 -7.324717
v 8.125343 0.923231 -7.377897
v 6.384037 0.923230 -8.806947
v 6.342253 1.169855 -8.744413
v -6.384047 0.923230 -8.806939
v -6.342263 1.169856 -8.744406
v 4.397391 0.923275 -9.868814
v 4.368610 1.169900 -9.799329
v 4.397412 0.923277 11.363734
v 4.368630 1.169901 11.294250
v 6.384056 0.923233 10.301865
v 6.342272 1.169857 10.239331
v -10.616270 0.923276 -3.649940
v -10.546785 1.169902 -3.621159
v 8.125360 0.923233 8.872812
v 8.072180 1.169857 8.819632
v 9.554409 0.923233 7.131507
v 9.491876 1.169856 7.089724
v 10.616278 0.923276 5.144861
v 10.546793 1.169900 5.116080
v -10.616272 0.923276 5.144869
v -10.546787 1.169901 5.116088
v -9.554403 0.923232 7.131513
v -9.491870 1.169856 7.089729
v -8.125350 0.923233 8.872816
v -8.072169 1.169857 8.819636
v 10.616268 0.923276 -3.649952
v 10.546783 1.169901 -3.621170
v 9.491863 1.169855 -5.594811
v 9.554397 0.923231 -5.636595
v -6.342263 1.169857 10.239335
v -6.384047 0.923232 10.301868
v -2.313563 1.170124 11.916941
v -2.328149 0.923423 11.990273
v -11.242807 0.923422 3.075616
v -11.169476 1.170123 3.061030
v 11.169478 1.170122 3.061022
v 11.242810 0.923422 3.075608
v 11.242806 0.923422 -1.580700
v 11.169475 1.170123 -1.566113
v -11.169474 1.170124 -1.566102
v -11.242805 0.923422 -1.580688
v 2.328159 0.923423 11.990272
v 2.313572 1.170123 11.916940
v 2.313550 1.170122 -10.422013
v 2.328137 0.923421 -10.495345
v -2.328152 0.923421 -10.495341
v -2.313565 1.170122 -10.422009
v -4.361040 2.095531 -9.781018
v -2.223238 2.095531 -10.429511
v -6.331247 2.095531 -8.727920
v -8.058149 2.095531 -7.310687
v -9.475384 2.095531 -5.583784
v -10.528481 2.095532 -3.613575
v -11.176975 2.095532 -1.475774
v -10.528482 2.095532 5.108504
v -11.176977 2.095532 2.970702
v -9.475384 2.095532 7.078713
v -8.058149 2.095533 8.805615
v -6.331247 2.095533 10.222849
v -4.361038 2.095533 11.275948
v -2.223236 2.095533 11.924442
v 4.361047 2.095533 11.275945
v 2.223244 2.095533 11.924441
v 6.331256 2.095533 10.222845
v 8.058159 2.095533 8.805611
v 9.475389 2.095532 7.078707
v 10.528487 2.095532 5.108496
v 11.176980 2.095532 2.970694
v 10.528479 2.095532 -3.613587
v 11.176976 2.095532 -1.475786
v 9.475377 2.095531 -5.583796
v 8.058143 2.095531 -7.310698
v 6.331238 2.095531 -8.727927
v 4.361026 2.095531 -9.781024
v 2.223223 2.095531 -10.429515
v -3.653227 2.527766 -8.072207
v -1.862398 2.527766 -8.615448
v -5.303663 2.527766 -7.190031
v -6.750283 2.527766 -6.002820
v -7.937495 2.527767 -4.556200
v -8.819671 2.527767 -2.905763
v -9.362911 2.527767 -1.114935
v -8.819671 2.527767 4.400692
v -9.362913 2.527767 2.609863
v -7.937495 2.527767 6.051128
v -6.750283 2.527767 7.497749
v -5.303663 2.527768 8.684960
v -3.653225 2.527768 9.567137
v -1.862396 2.527768 10.110380
v 3.653234 2.527768 9.567135
v 1.862405 2.527768 10.110378
v 5.303671 2.527768 8.684958
v 6.750291 2.527767 7.497745
v 7.937500 2.527767 6.051125
v 8.819676 2.527767 4.400686
v 9.362916 2.527767 2.609856
v 8.819669 2.527767 -2.905773
v 9.362913 2.527767 -1.114945
v 7.937489 2.527767 -4.556210
v 6.750278 2.527766 -6.002829
v 5.303656 2.527766 -7.190038
v 3.653217 2.527766 -8.072213
v 1.862386 2.527766 -8.615452
v -1.668861 2.668598 -7.642470
v 0.000002 2.668598 -7.806839
v -3.273589 2.668598 -7.155681
v -4.752515 2.668598 -6.365180
v -6.048804 2.668598 -5.301342
v -7.112643 2.668599 -4.005052
v -7.903145 2.668599 -2.526126
v -8.389933 2.668599 -0.921398
v -8.554303 2.668599 0.747464
v -8.389935 2.668599 2.416325
v -6.722899 2.668599 3.532180
v -6.050450 2.668599 4.790245
v -5.145483 2.668599 5.892950
v -4.042780 2.668599 6.797915
v -2.784714 2.668599 7.470365
v -1.419633 2.668599 7.884458
v 0.000004 2.668600 8.024279
v 1.419641 2.668599 7.884457
v 2.784721 2.668599 7.470364
v 4.042787 2.668599 6.797913
v 5.145490 2.668599 5.892946
v 6.050455 2.668599 4.790242
v 6.722904 2.668599 3.532176
v 8.389937 2.668599 2.416319
v 8.554305 2.668599 0.747456
v 8.389935 2.668599 -0.921407
v 7.903143 2.668599 -2.526134
v 7.112638 2.668599 -4.005061
v 6.048800 2.668598 -5.301350
v 4.752509 2.668598 -6.365186
v 3.273580 2.668598 -7.155686
v 1.668850 2.668598 -7.642473
v -1.389819 2.553957 -6.239632
v 0.000002 2.553957 -6.376517
v -2.726229 2.553957 -5.834236
v -3.957871 2.553957 -5.175910
v -5.037415 2.553958 -4.289952
v -5.923374 2.553958 -3.210408
v -6.581700 2.553958 -1.978766
v -6.987094 2.553958 -0.642356
v -7.123981 2.553958 0.747465
v -6.987096 2.553958 2.137283
v -6.581700 2.553958 3.473693
v -5.923374 2.553958 4.705336
v -5.037415 2.553958 5.784881
v -3.957870 2.553958 6.670839
v -2.726227 2.553958 7.329166
v -1.389817 2.553958 7.734562
v 0.000004 2.553958 7.871447
v 1.389824 2.553958 7.734561
v 2.726235 2.553958 7.329165
v 3.957877 2.553958 6.670837
v 5.037421 2.553958 5.784877
v 5.923379 2.553958 4.705333
v 6.581705 2.553958 3.473690
v 6.987099 2.553958 2.137279
v 7.123983 2.553958 0.747457
v 6.987097 2.553958 -0.642363
v 6.581698 2.553958 -1.978772
v 5.923369 2.553958 -3.210416
v 5.037411 2.553958 -4.289958
v 3.957866 2.553957 -5.175916
v 2.726222 2.553957 -5.834241
v 1.389810 2.553957 -6.239634
v 0.000001 2.553958 0.747464
v -4.188838 2.340182 -9.199620
v -4.210599 2.491968 -9.053574
v -4.223497 2.435953 -9.142875
v -4.063317 2.580305 -8.698003
v -3.943503 2.487285 -8.607382
v -4.008952 2.564618 -8.624936
v -6.028285 2.340229 -8.216307
v -5.996376 2.492017 -8.098821
v -6.033698 2.436001 -8.175102
v -5.782552 2.580355 -7.778811
v -5.672129 2.487319 -7.683305
v -5.722234 2.564663 -7.708969
v -7.640586 2.340230 -6.893125
v -7.561676 2.492017 -6.814213
v -7.620396 2.436002 -6.872934
v -7.289529 2.580355 -6.542067
v -7.187299 2.487319 -6.439837
v -7.223980 2.564663 -6.476517
v -8.963771 2.340230 -5.280821
v -8.846285 2.492018 -5.248913
v -8.922565 2.436002 -5.286234
v -8.526276 2.580355 -5.035089
v -8.430769 2.487319 -4.924665
v -8.456433 2.564663 -4.974771
v -9.947083 2.340183 -3.441374
v -9.801037 2.491969 -3.463135
v -9.890339 2.435954 -3.476034
v -9.445467 2.580306 -3.315853
v -9.354846 2.487286 -3.196038
v -9.372400 2.564619 -3.261488
v -9.947084 2.340183 4.936302
v -9.801038 2.491970 4.958064
v -9.890339 2.435953 4.970962
v -9.445466 2.580307 4.810781
v -9.354845 2.487286 4.690968
v -9.372400 2.564620 4.756418
v -8.963771 2.340230 6.775751
v -8.846284 2.492018 6.743841
v -8.922567 2.436002 6.781165
v -8.526276 2.580356 6.530018
v -8.430769 2.487321 6.419593
v -8.456433 2.564666 6.469699
v -7.640586 2.340232 8.388053
v -7.561675 2.492019 8.309140
v -7.620396 2.436003 8.367862
v -7.289529 2.580357 8.036996
v -7.187299 2.487322 7.934766
v -7.223980 2.564666 7.971447
v -6.028285 2.340232 9.711236
v -5.996376 2.492019 9.593750
v -6.033699 2.436003 9.670033
v -5.782552 2.580357 9.273742
v -5.672128 2.487322 9.178235
v -5.722234 2.564666 9.203900
v -4.188836 2.340184 10.694549
v -4.210598 2.491970 10.548503
v -4.223496 2.435954 10.637804
v -4.063315 2.580307 10.192932
v -3.943501 2.487287 10.102311
v -4.008952 2.564621 10.119866
v 4.188845 2.340184 10.694547
v 4.210607 2.491970 10.548500
v 4.223504 2.435955 10.637801
v 4.063324 2.580307 10.192930
v 3.943510 2.487287 10.102309
v 4.008961 2.564620 10.119864
v 6.028293 2.340231 9.711232
v 5.996384 2.492019 9.593745
v 6.033707 2.436003 9.670028
v 5.782561 2.580357 9.273737
v 5.672136 2.487321 9.178231
v 5.722242 2.564665 9.203894
v 7.640595 2.340231 8.388048
v 7.561683 2.492019 8.309136
v 7.620404 2.436003 8.367857
v 7.289538 2.580357 8.036991
v 7.187308 2.487321 7.934761
v 7.223989 2.564665 7.971442
v 8.963777 2.340230 6.775745
v 8.846291 2.492018 6.743835
v 8.922573 2.436002 6.781159
v 8.526281 2.580355 6.530014
v 8.430775 2.487320 6.419590
v 8.456440 2.564664 6.469696
v 9.947088 2.340183 4.936296
v 9.801043 2.491970 4.958057
v 9.890343 2.435953 4.970954
v 9.445473 2.580307 4.810775
v 9.354852 2.487285 4.690961
v 9.372406 2.564620 4.756411
v 9.947081 2.340183 -3.441385
v 9.801034 2.491969 -3.463146
v 9.890335 2.435953 -3.476044
v 9.445464 2.580306 -3.315863
v 9.354842 2.487286 -3.196049
v 9.372398 2.564619 -3.261500
v 8.963764 2.340230 -5.280833
v 8.846277 2.492018 -5.248923
v 8.922560 2.436002 -5.286247
v 8.526270 2.580355 -5.035100
v 8.430763 2.487320 -4.924675
v 8.456428 2.564663 -4.974781
v 7.640581 2.340230 -6.893134
v 7.561668 2.492018 -6.814221
v 7.620390 2.436002 -6.872942
v 7.289524 2.580355 -6.542076
v 7.187294 2.487320 -6.439846
v 7.223974 2.564663 -6.476526
v 6.028276 2.340230 -8.216314
v 5.996367 2.492017 -8.098828
v 6.033690 2.436001 -8.175110
v 5.782545 2.580355 -7.778819
v 5.672120 2.487320 -7.683312
v 5.722226 2.564663 -7.708978
v 4.188826 2.340182 -9.199625
v 4.210588 2.491968 -9.053578
v 4.223485 2.435952 -9.142880
v 4.063306 2.580305 -8.698009
v 3.943491 2.487285 -8.607388
v 4.008942 2.564618 -8.624944
v -2.964258 2.491224 -9.432125
v -2.773964 2.338777 -9.628839
v -2.868896 2.434767 -9.554105
v -10.376303 2.338778 -2.026500
v -10.179589 2.491225 -2.216794
v -10.301568 2.434768 -2.121432
v -10.179590 2.491225 3.711722
v -10.376305 2.338778 3.521428
v -10.301569 2.434768 3.616360
v -2.964256 2.491226 10.927056
v -2.773962 2.338779 11.123770
v -2.868894 2.434768 11.049033
v 2.964264 2.491226 10.927053
v 2.773970 2.338779 11.123768
v 2.868902 2.434769 11.049033
v 10.179593 2.491225 3.711715
v 10.376307 2.338778 3.521421
v 10.301573 2.434768 3.616353
v 10.179588 2.491225 -2.216805
v 10.376303 2.338778 -2.026511
v 10.301567 2.434768 -2.121444
v 2.773950 2.338777 -9.628843
v 2.964243 2.491224 -9.432129
v 2.868882 2.434767 -9.554109
v -2.649018 2.488445 -9.000692
v -2.889232 2.580852 -9.054973
v -2.759624 2.565589 -9.004762
v -9.802437 2.580853 -2.141769
v -9.748156 2.488446 -1.901555
v -9.752225 2.565590 -2.012160
v -9.748157 2.488446 3.396482
v -9.802437 2.580853 3.636697
v -9.752226 2.565590 3.507089
v -2.889230 2.580854 10.549904
v -2.649016 2.488447 10.495624
v -2.759623 2.565591 10.499692
v 2.889239 2.580854 10.549903
v 2.649024 2.488447 10.495623
v 2.759631 2.565591 10.499691
v 9.802442 2.580853 3.636689
v 9.748161 2.488446 3.396475
v 9.752230 2.565590 3.507081
v 9.802437 2.580853 -2.141779
v 9.748157 2.488446 -1.901565
v 9.752226 2.565590 -2.012171
v 2.889219 2.580852 -9.054979
v 2.649005 2.488445 -9.000698
v 2.759611 2.565589 -9.004766
v 5.111646 2.668600 -4.199624
v 3.657070 2.668600 -5.354047
v 1.953272 2.668600 -6.092662
v 0.116361 2.668600 -6.365134
v -1.728480 2.668600 -6.152894
v -3.455528 2.668600 -5.470407
v -4.947087 2.668600 -4.364181
v -6.101511 2.668600 -2.909605
v -6.840126 2.668600 -1.205806
v -7.112597 2.668600 0.631105
v -6.900357 2.668600 2.475945
v -6.217870 2.668600 4.202993
v -5.111644 2.668601 5.694552
v -3.657068 2.668601 6.848976
v -1.953269 2.668601 7.587591
v -0.116358 2.668601 7.860063
v 1.728482 2.668601 7.647823
v 3.455530 2.668601 6.965335
v 4.947089 2.668601 5.859109
v 6.101512 2.668600 4.404533
v 6.840127 2.668600 2.700734
v 7.112599 2.668600 0.863823
v 6.900360 2.668600 -0.981017
v 6.217872 2.668600 -2.708065
v -1.043743 2.668601 7.784025
v -5.571967 2.668600 -3.674726
v -5.713638 2.668601 4.985025
v -2.829375 2.668601 7.274119
v -6.526654 2.668600 -2.081912
v 2.614372 2.668601 7.363177
v 5.713640 2.668600 -3.490097
v 4.237562 2.668601 6.461103
v 7.066938 2.668600 -0.065552
v -2.614371 2.668600 -5.868249
v -4.237560 2.668600 -4.966175
v -7.066936 2.668600 1.560480
v 5.571970 2.668601 5.169654
v 6.526656 2.668600 3.576840
v -6.615712 2.668600 3.361835
v 1.043745 2.668600 -6.289097
v 6.615714 2.668600 -1.866908
v 2.829376 2.668600 -5.779191
v -4.422189 2.668601 6.319433
v -7.036560 2.668600 -0.296280
v 4.422191 2.668600 -4.824504
v 0.813017 2.668601 7.814401
v 7.036562 2.668600 1.791208
v -0.813015 2.668600 -6.319473
v 4.528363 2.668599 -3.780899
v 4.763099 2.668599 -3.754045
v 4.823026 2.668599 -4.016778
v 4.501510 2.668599 -4.015635
v 3.252661 2.668598 -5.007841
v 2.927955 2.668598 -4.943405
v 3.042538 2.668599 -4.706276
v 3.269536 2.668598 -4.783886
v 1.734674 2.668598 -5.333835
v 1.648271 2.668598 -5.557823
v 1.365335 2.668598 -5.412372
v 1.525759 2.668598 -5.205146
v 0.188875 2.668598 -5.533782
v 0.026940 2.668598 -5.741231
v -0.188874 2.668598 -5.533782
v 0.000001 2.668598 -5.363396
v -1.596646 2.668598 -5.577955
v -1.734672 2.668598 -5.333835
v -1.525757 2.668598 -5.205146
v -1.365334 2.668598 -5.412372
v -2.927954 2.668598 -4.943405
v -3.205181 2.668598 -5.047730
v -3.269535 2.668598 -4.783886
v -3.042536 2.668599 -4.706276
v -4.501509 2.668599 -4.015635
v -4.764241 2.668599 -4.075562
v -4.763098 2.668599 -3.754045
v -4.528362 2.668599 -3.780899
v -5.755304 2.668599 -2.505196
v -5.690868 2.668599 -2.180490
v -5.453740 2.668599 -2.295073
v -5.531350 2.668599 -2.522072
v -6.305286 2.668599 -0.900806
v -6.159836 2.668599 -0.617870
v -5.952610 2.668599 -0.778294
v -6.081298 2.668599 -0.987208
v -6.488695 2.668599 0.720525
v -6.281246 2.668599 0.936339
v -6.110861 2.668599 0.747464
v -6.281246 2.668599 0.558590
v -6.325418 2.668599 2.344111
v -6.081298 2.668599 2.482137
v -5.952610 2.668599 2.273222
v -6.159836 2.668599 2.112799
v -5.690868 2.668599 3.675419
v -5.795194 2.668599 3.952646
v -5.531350 2.668599 4.017000
v -5.453740 2.668599 3.790001
v -4.763098 2.668599 5.248973
v -4.823025 2.668599 5.511707
v -4.501509 2.668599 5.510563
v -4.528362 2.668599 5.275827
v -3.252659 2.668599 6.502769
v -2.927954 2.668599 6.438333
v -3.042536 2.668599 6.201206
v -3.269535 2.668599 6.278815
v -1.648269 2.668599 7.052752
v -1.365334 2.668599 6.907301
v -1.525757 2.668599 6.700075
v -1.734672 2.668599 6.828763
v -0.026938 2.668599 7.236159
v 0.188875 2.668599 7.028710
v 0.000001 2.668599 6.858325
v -0.188874 2.668599 7.028710
v 1.596648 2.668599 7.072884
v 1.734674 2.668599 6.828763
v 1.525759 2.668599 6.700075
v 1.365335 2.668599 6.907301
v 2.927955 2.668599 6.438333
v 3.205183 2.668599 6.542659
v 3.269536 2.668599 6.278815
v 3.042538 2.668599 6.201206
v 4.764243 2.668599 5.570489
v 4.763099 2.668599 5.248973
v 4.528363 2.668599 5.275827
v 4.501510 2.668599 5.510563
v 5.755306 2.668599 4.000124
v 5.690870 2.668599 3.675419
v 5.453742 2.668599 3.790001
v 5.531352 2.668599 4.017000
v 6.305288 2.668599 2.395734
v 6.159837 2.668599 2.112799
v 5.952611 2.668599 2.273222
v 6.081300 2.668599 2.482137
v 6.281247 2.668599 0.936339
v 6.488696 2.668599 0.774403
v 6.281247 2.668599 0.558590
v 6.110862 2.668599 0.747464
v 6.159837 2.668599 -0.617870
v 6.325420 2.668599 -0.849182
v 6.081300 2.668599 -0.987208
v 5.952611 2.668599 -0.778294
v 5.690870 2.668599 -2.180490
v 5.795196 2.668599 -2.457717
v 5.531352 2.668599 -2.522071
v 5.453742 2.668599 -2.295073
v 3.947972 2.668599 -3.446508
v 4.193972 2.668599 -3.200507
v 4.259066 2.668599 -3.511602
v 2.815750 2.668598 -4.093246
v 2.564210 2.668598 -3.954967
v 2.792552 2.668598 -3.730146
v 2.926699 2.668598 -3.845994
v 1.560594 2.668598 -4.170127
v 1.403386 2.668598 -4.397664
v 1.185504 2.668598 -4.222941
v 1.395414 2.668598 -4.021160
v 0.189432 2.668598 -4.291356
v 0.000001 2.668598 -4.494244
v -0.189431 2.668598 -4.291356
v 0.000001 2.668598 -4.114489
v -1.185502 2.668598 -4.222941
v -1.403384 2.668598 -4.397664
v -1.560592 2.668598 -4.170127
v -1.395413 2.668598 -4.021160
v -2.815748 2.668598 -4.093246
v -2.926698 2.668598 -3.845994
v -2.792550 2.668598 -3.730146
v -2.564208 2.668598 -3.954967
v -4.259065 2.668599 -3.511602
v -4.193971 2.668599 -3.200507
v -3.947971 2.668599 -3.446508
v 4.593459 2.668598 -2.179234
v 4.477611 2.668598 -2.045087
v 4.702432 2.668598 -1.816745
v 4.840711 2.668598 -2.068285
v 2.920042 2.668598 -2.384773
v 3.132238 2.668598 -2.172577
v 3.293438 2.668598 -2.318272
v 3.065737 2.668598 -2.545973
v 1.742588 2.668598 -2.533647
v 1.533730 2.668598 -2.746235
v 1.364488 2.668598 -2.565151
v 1.565480 2.668598 -2.367923
v 0.189723 2.668598 -2.612738
v 0.000001 2.668598 -2.810300
v -0.189721 2.668598 -2.612738
v 0.000001 2.668598 -2.430545
v -1.364486 2.668598 -2.565151
v -1.533729 2.668598 -2.746236
v -1.742586 2.668598 -2.533648
v -1.565479 2.668598 -2.367923
v -2.920040 2.668598 -2.384773
v -3.065735 2.668598 -2.545973
v -3.293436 2.668598 -2.318272
v -3.132236 2.668598 -2.172577
v -4.840710 2.668598 -2.068285
v -4.702431 2.668598 -1.816745
v -4.477610 2.668598 -2.045087
v -4.593458 2.668598 -2.179234
v 4.917593 2.668598 -0.813129
v 4.768625 2.668598 -0.647949
v 4.970406 2.668598 -0.438038
v 5.145129 2.668598 -0.655921
v 3.493701 2.668598 -0.786265
v 3.281113 2.668598 -0.995123
v 3.115388 2.668598 -0.818015
v 3.312616 2.668598 -0.617023
v 1.462623 2.668598 -0.908617
v 1.656082 2.668598 -0.715157
v 1.842009 2.668598 -0.893730
v 1.641196 2.668598 -1.094543
v 0.189844 2.668598 -0.932863
v 0.000001 2.668598 -1.126357
v -0.189842 2.668598 -0.932863
v 0.000001 2.668598 -0.746602
v -1.462621 2.668598 -0.908617
v -1.641194 2.668598 -1.094543
v -1.842007 2.668598 -0.893730
v -1.656080 2.668598 -0.715157
v -3.115386 2.668598 -0.818015
v -3.281111 2.668598 -0.995123
v -3.493699 2.668598 -0.786265
v -3.312614 2.668598 -0.617023
v -4.768624 2.668598 -0.647949
v -4.917591 2.668598 -0.813129
v -5.145128 2.668598 -0.655921
v -4.970405 2.668598 -0.438038
v 4.861954 2.668598 0.747464
v 5.038820 2.668598 0.936896
v 5.241709 2.668598 0.747464
v 5.038820 2.668598 0.558033
v 3.178010 2.668598 0.747464
v 3.360203 2.668598 0.937186
v 3.557765 2.668598 0.747464
v 3.360203 2.668598 0.557742
v 1.873822 2.668598 0.747464
v 1.680328 2.668598 0.557621
v 1.494067 2.668598 0.747464
v 1.680328 2.668598 0.937308
v -0.189877 2.668598 0.747464
v 0.000001 2.668598 0.937342
v 0.189878 2.668598 0.747464
v 0.000001 2.668598 0.557587
v -1.494065 2.668598 0.747464
v -1.680326 2.668598 0.557621
v -1.873820 2.668598 0.747464
v -1.680326 2.668598 0.937308
v -3.178009 2.668598 0.747464
v -3.360201 2.668598 0.557742
v -3.557764 2.668598 0.747464
v -3.360201 2.668598 0.937186
v -5.241708 2.668598 0.747464
v -5.038819 2.668598 0.936896
v -4.861953 2.668598 0.747464
v -5.038819 2.668598 0.558033
v 4.768625 2.668598 2.142878
v 4.917593 2.668598 2.308057
v 5.145129 2.668598 2.150849
v 4.970406 2.668598 1.932967
v 3.115388 2.668598 2.312944
v 3.281113 2.668598 2.490052
v 3.493701 2.668598 2.281194
v 3.312616 2.668598 2.111952
v 1.842009 2.668598 2.388659
v 1.656082 2.668598 2.210086
v 1.462623 2.668598 2.403546
v 1.641196 2.668598 2.589472
v -0.189842 2.668598 2.427792
v 0.000001 2.668598 2.621286
v 0.189844 2.668598 2.427792
v 0.000001 2.668598 2.241530
v -1.462621 2.668598 2.403546
v -1.656080 2.668598 2.210086
v -1.842007 2.668598 2.388659
v -1.641194 2.668598 2.589472
v -3.115386 2.668598 2.312944
v -3.312614 2.668598 2.111952
v -3.493699 2.668598 2.281194
v -3.281111 2.668598 2.490052
v -5.145128 2.668598 2.150849
v -4.917591 2.668598 2.308057
v -4.768624 2.668598 2.142878
v -4.970405 2.668598 1.932967
v 4.477611 2.668598 3.540015
v 4.593459 2.668598 3.674163
v 4.840711 2.668598 3.563213
v 4.702432 2.668598 3.311673
v 2.920042 2.668598 3.879701
v 3.065737 2.668598 4.040901
v 3.293438 2.668598 3.813200
v 3.132238 2.668598 3.667505
v 1.364488 2.668598 4.060080
v 1.533731 2.668598 4.241164
v 1.742588 2.668598 4.028576
v 1.565480 2.668598 3.862851
v 0.189723 2.668598 4.107666
v 0.000001 2.668598 3.925474
v -0.189721 2.668598 4.107666
v 0.000001 2.668598 4.305229
v -1.742586 2.668598 4.028576
v -1.533729 2.668598 4.241164
v -1.364486 2.668598 4.060080
v -1.565479 2.668598 3.862851
v -2.920040 2.668598 3.879701
v -3.132236 2.668598 3.667505
v -3.293436 2.668598 3.813200
v -3.065735 2.668598 4.040901
v -4.477610 2.668598 3.540015
v -4.702431 2.668598 3.311673
v -4.840710 2.668598 3.563213
v -4.593458 2.668598 3.674163
v 4.193972 2.668599 4.695435
v 3.947972 2.668599 4.941436
v 4.259066 2.668599 5.006530
v 2.926699 2.668598 5.340922
v 2.792552 2.668598 5.225074
v 2.564210 2.668598 5.449895
v 2.815750 2.668598 5.588174
v 1.185504 2.668598 5.717870
v 1.403386 2.668598 5.892593
v 1.560594 2.668598 5.665056
v 1.395414 2.668598 5.516089
v -0.189431 2.668598 5.786284
v 0.000001 2.668598 5.989172
v 0.189432 2.668598 5.786284
v 0.000001 2.668598 5.609417
v -1.185502 2.668598 5.717870
v -1.395413 2.668598 5.516089
v -1.560592 2.668598 5.665056
v -1.403384 2.668598 5.892593
v -2.926698 2.668598 5.340922
v -2.815748 2.668598 5.588174
v -2.564208 2.668598 5.449895
v -2.792550 2.668598 5.225074
v -3.947971 2.668599 4.941436
v -4.193971 2.668599 4.695435
v -4.259065 2.668599 5.006530
v -6.031178 2.668599 -0.015680
v -6.201049 2.668599 -0.218515
v -6.401028 2.668599 -0.088615
v -6.240033 2.668599 0.159234
v 3.942393 2.668598 -0.737587
v 4.141351 2.668598 -0.527503
v 4.319933 2.668598 -0.696628
v 4.099755 2.668598 -0.904369
v 3.110710 2.668598 -3.082496
v 2.886461 2.668598 -3.323077
v 2.741882 2.668598 -3.169467
v 2.971827 2.668598 -2.953041
v 2.511778 2.668599 6.574502
v 2.285279 2.668599 6.449336
v 2.150851 2.668599 6.692594
v 2.399990 2.668599 6.810571
v -5.017623 2.668598 0.249429
v -4.815008 2.668598 0.049809
v -4.991601 2.668598 -0.129434
v -5.193975 2.668598 0.046038
v -2.741881 2.668598 4.664395
v -2.971826 2.668598 4.447970
v -3.110709 2.668598 4.577425
v -2.886460 2.668598 4.818006
v -3.788455 2.668599 -4.236568
v -3.724404 2.668599 -4.500232
v -3.985753 2.668599 -4.561028
v -4.046639 2.668599 -4.299288
v -1.413541 2.668598 3.231751
v -1.614606 2.668598 3.036619
v -1.792417 2.668598 3.208781
v -1.592066 2.668598 3.415705
v 0.189870 2.668598 1.587645
v 0.000001 2.668598 1.399559
v -0.189868 2.668598 1.587645
v 0.000001 2.668598 1.779314
v 3.534402 2.668599 5.304371
v 3.614166 2.668599 5.072009
v 3.492898 2.668599 4.959613
v 3.260505 2.668599 5.210349
v 4.556908 2.668599 4.281866
v 4.462886 2.668599 4.007968
v 4.212150 2.668599 4.240362
v 4.324546 2.668599 4.361629
v 2.336039 2.668598 0.747464
v 2.520327 2.668598 0.937260
v 2.715794 2.668598 0.747464
v 2.520327 2.668598 0.557669
v -4.399736 2.668598 0.747464
v -4.199670 2.668598 0.937068
v -4.019981 2.668598 0.747464
v -4.199670 2.668598 0.557860
v 1.792418 2.668598 -1.713852
v 1.592068 2.668598 -1.920776
v 1.413543 2.668598 -1.736822
v 1.614608 2.668598 -1.541690
v -0.876898 2.668598 -4.244137
v -0.697654 2.668598 -4.067544
v -0.498035 2.668598 -4.270159
v -0.701426 2.668598 -4.446512
v -4.319932 2.668598 -0.696628
v -4.141350 2.668598 -0.527503
v -3.942392 2.668598 -0.737587
v -4.099754 2.668598 -0.904369
v -5.701870 2.668599 -1.537814
v -5.827037 2.668599 -1.764313
v -6.035981 2.668599 -1.700400
v -5.945129 2.668599 -1.403386
v -2.519691 2.668598 -2.435392
v -2.348694 2.668598 -2.270130
v -2.142936 2.668598 -2.483028
v -2.299906 2.668598 -2.646472
v -4.991601 2.668598 1.624363
v -4.815008 2.668598 1.445119
v -5.017623 2.668598 1.245500
v -5.193975 2.668598 1.448891
v 5.827039 2.668599 -1.764313
v 5.701872 2.668599 -1.537814
v 5.945130 2.668599 -1.403386
v 6.063108 2.668599 -1.652525
v -4.462884 2.668599 -2.513040
v -4.212149 2.668599 -2.745434
v -4.324544 2.668599 -2.866701
v -4.556906 2.668599 -2.786937
v 0.189870 2.668598 -0.092716
v 0.000001 2.668598 -0.284385
v -0.189868 2.668598 -0.092716
v 0.000001 2.668598 0.095370
v 0.587384 2.668598 4.091558
v 0.766918 2.668598 4.273477
v 0.966828 2.668598 4.076188
v 0.782695 2.668598 3.894078
v -0.701426 2.668598 5.941441
v -0.498035 2.668598 5.765088
v -0.697654 2.668598 5.562473
v -0.876898 2.668598 5.739066
v 2.289155 2.668598 2.362072
v 2.461318 2.668598 2.539882
v 2.668242 2.668598 2.339531
v 2.484288 2.668598 2.161006
v 0.189605 2.668598 4.947135
v 0.000001 2.668598 4.767446
v -0.189603 2.668598 4.947135
v 0.000001 2.668598 5.147201
v 2.285279 2.668598 -4.954407
v 2.511778 2.668598 -5.079574
v 2.447865 2.668598 -5.288518
v 2.150851 2.668598 -5.197665
v 5.193977 2.668598 0.046038
v 4.991602 2.668598 -0.129434
v 4.815009 2.668598 0.049809
v 5.017624 2.668598 0.249429
v -4.984033 2.668599 4.535920
v -5.247696 2.668599 4.471869
v -5.308492 2.668599 4.733218
v -5.046752 2.668599 4.794104
v 3.260505 2.668599 -3.715420
v 3.492898 2.668599 -3.464685
v 3.614166 2.668599 -3.577080
v 3.534402 2.668599 -3.809442
v 2.142937 2.668598 -2.483028
v 2.348696 2.668598 -2.270129
v 2.519693 2.668598 -2.435392
v 2.299907 2.668598 -2.646472
v -5.827037 2.668599 3.259241
v -5.701870 2.668599 3.032743
v -5.945129 2.668599 2.898314
v -6.063106 2.668599 3.147454
v 0.636390 2.668598 -0.924356
v 0.828025 2.668598 -0.730871
v 1.016077 2.668598 -0.917123
v 0.820644 2.668598 -1.110535
v 1.792419 2.668598 3.208781
v 1.614608 2.668598 3.036619
v 1.413543 2.668598 3.231751
v 1.592068 2.668598 3.415705
v -4.070541 2.668598 3.633925
v -3.829960 2.668598 3.858174
v -3.700505 2.668598 3.719291
v -3.916931 2.668598 3.489346
v -2.668240 2.668598 2.339531
v -2.461316 2.668598 2.539882
v -2.289154 2.668598 2.362072
v -2.484286 2.668598 2.161006
v 1.651834 2.668598 4.847219
v 1.485052 2.668598 4.689857
v 1.274968 2.668598 4.888815
v 1.444093 2.668598 5.067397
v -1.031849 2.668598 0.747464
v -0.840180 2.668598 0.937334
v -0.652093 2.668598 0.747464
v -0.840180 2.668598 0.557595
v 3.724406 2.668599 -4.500232
v 3.788456 2.668599 -4.236568
v 4.046640 2.668599 -4.299288
v 4.034411 2.668599 -4.517598
v 3.526014 2.668598 1.514381
v 3.344095 2.668598 1.334847
v 3.146614 2.668598 1.530158
v 3.328724 2.668598 1.714291
v 4.994225 2.668598 -1.360972
v 4.770209 2.668598 -1.500596
v 4.622750 2.668598 -1.346344
v 4.849815 2.668598 -1.129278
v 3.526014 2.668598 -0.019452
v 3.328724 2.668598 -0.219362
v 3.146614 2.668598 -0.035230
v 3.344095 2.668598 0.160082
v 1.876743 2.668598 -4.102350
v 2.093809 2.668598 -3.875285
v 2.248061 2.668598 -4.022744
v 2.108437 2.668598 -4.246759
v -1.016075 2.668598 -0.917123
v -0.828023 2.668598 -0.730871
v -0.636388 2.668598 -0.924356
v -0.820642 2.668598 -1.110535
v 0.587383 2.668598 -2.596629
v 0.782695 2.668598 -2.399149
v 0.966827 2.668598 -2.581259
v 0.766917 2.668598 -2.778548
v 0.965980 2.668599 6.948514
v 0.763146 2.668599 6.778642
v 0.588231 2.668599 6.987497
v 0.785155 2.668599 7.157712
v 3.393937 2.668598 3.047371
v 3.230494 2.668598 2.890400
v 3.017595 2.668598 3.096159
v 3.182857 2.668598 3.267156
v 6.240034 2.668599 1.335694
v 6.031178 2.668599 1.510609
v 6.201050 2.668599 1.713444
v 6.401029 2.668599 1.583544
v -2.519691 2.668598 3.930321
v -2.299906 2.668598 4.141401
v -2.142936 2.668598 3.977957
v -2.348694 2.668598 3.765059
v -3.534401 2.668599 5.304371
v -3.260504 2.668599 5.210349
v -3.492897 2.668599 4.959613
v -3.614165 2.668599 5.072009
v -0.965978 2.668598 -5.453585
v -0.763144 2.668598 -5.283713
v -0.588229 2.668598 -5.492569
v -0.785153 2.668598 -5.662784
v 3.110710 2.668598 4.577425
v 2.971827 2.668598 4.447970
v 2.741882 2.668598 4.664395
v 2.886461 2.668598 4.818006
v -1.016075 2.668598 2.412052
v -0.820642 2.668598 2.605464
v -0.636388 2.668598 2.419285
v -0.828023 2.668598 2.225800
v 0.652095 2.668598 0.747464
v 0.840181 2.668598 0.937334
v 1.031850 2.668598 0.747464
v 0.840181 2.668598 0.557595
v 4.556908 2.668599 -2.786937
v 4.324546 2.668599 -2.866701
v 4.212150 2.668599 -2.745434
v 4.462886 2.668599 -2.513040
v 3.393937 2.668598 -1.552442
v 3.182857 2.668598 -1.772228
v 3.017595 2.668598 -1.601231
v 3.230494 2.668598 -1.395472
v 1.858001 2.668598 -0.073179
v 1.664589 2.668598 -0.268611
v 1.478336 2.668598 -0.080559
v 1.671822 2.668598 0.111075
v 0.498037 2.668598 -4.270159
v 0.697656 2.668598 -4.067544
v 0.876899 2.668598 -4.244137
v 0.701428 2.668598 -4.446512
v -2.668240 2.668598 -0.844602
v -2.484286 2.668598 -0.666077
v -2.289154 2.668598 -0.867143
v -2.461316 2.668598 -1.044953
v -0.966826 2.668598 -2.581259
v -0.782693 2.668598 -2.399149
v -0.587382 2.668598 -2.596629
v -0.766916 2.668598 -2.778548
v 4.994225 2.668598 2.855901
v 4.849815 2.668598 2.624206
v 4.622750 2.668598 2.841273
v 4.770209 2.668598 2.995524
v -3.724404 2.668599 5.995161
v -3.788455 2.668599 5.731497
v -4.046639 2.668599 5.794217
v -4.034410 2.668599 6.012527
v -2.741881 2.668598 -3.169467
v -2.886460 2.668598 -3.323077
v -3.110709 2.668598 -3.082496
v -2.971826 2.668598 -2.953041
v 5.945130 2.668599 2.898314
v 5.701872 2.668599 3.032743
v 5.827039 2.668599 3.259241
v 6.035984 2.668599 3.195328
v -0.966826 2.668598 4.076188
v -0.766916 2.668598 4.273477
v -0.587382 2.668598 4.091558
v -0.782693 2.668598 3.894078
v 4.046640 2.668599 5.794217
v 3.788456 2.668599 5.731497
v 3.724406 2.668599 5.995161
v 3.985754 2.668599 6.055956
v -2.108435 2.668598 5.741688
v -1.876741 2.668598 5.597279
v -2.093808 2.668598 5.370214
v -2.248059 2.668598 5.517673
v -2.285278 2.668598 -4.954407
v -2.150849 2.668598 -5.197665
v -2.399988 2.668598 -5.315643
v -2.511776 2.668598 -5.079574
v 0.636390 2.668598 2.419285
v 0.820644 2.668598 2.605464
v 1.016077 2.668598 2.412052
v 0.828025 2.668598 2.225800
v -4.849814 2.668598 -1.129278
v -4.622749 2.668598 -1.346344
v -4.770208 2.668598 -1.500596
v -4.994224 2.668598 -1.360972
v 3.700506 2.668598 -2.224362
v 3.916932 2.668598 -1.994417
v 4.070542 2.668598 -2.138996
v 3.829961 2.668598 -2.363245
v 2.289155 2.668598 -0.867143
v 2.484288 2.668598 -0.666077
v 2.668242 2.668598 -0.844602
v 2.461318 2.668598 -1.044953
v 1.651834 2.668598 -3.352290
v 1.444093 2.668598 -3.572468
v 1.274968 2.668598 -3.393886
v 1.485052 2.668598 -3.194928
v -2.150849 2.668599 6.692594
v -2.285278 2.668599 6.449336
v -2.511776 2.668599 6.574502
v -2.447863 2.668599 6.783447
v -1.274967 2.668598 4.888815
v -1.485050 2.668598 4.689857
v -1.651833 2.668598 4.847219
v -1.444091 2.668598 5.067397
v 5.247697 2.668599 4.471869
v 4.984034 2.668599 4.535920
v 5.046753 2.668599 4.794104
v 5.265063 2.668599 4.781875
v 0.189796 2.668598 3.267790
v 0.000001 2.668598 3.083502
v -0.189795 2.668598 3.267790
v 0.000001 2.668598 3.463257
v 1.858001 2.668598 1.568107
v 1.671822 2.668598 1.383854
v 1.478336 2.668598 1.575488
v 1.664589 2.668598 1.763540
v -4.319932 2.668598 2.191556
v -4.099754 2.668598 2.399298
v -3.942392 2.668598 2.232516
v -4.141350 2.668598 2.022432
v -2.715792 2.668598 0.747464
v -2.520325 2.668598 0.937260
v -2.336037 2.668598 0.747464
v -2.520325 2.668598 0.557669
v 5.308493 2.668599 -3.238290
v 5.046753 2.668599 -3.299176
v 4.984034 2.668599 -3.040992
v 5.247697 2.668599 -2.976941
v 0.189796 2.668598 -1.772862
v 0.000001 2.668598 -1.968328
v -0.189795 2.668598 -1.772862
v 0.000001 2.668598 -1.588573
v -4.770208 2.668598 2.995524
v -4.622749 2.668598 2.841273
v -4.849814 2.668598 2.624206
v -4.994224 2.668598 2.855901
v 5.193977 2.668598 1.448891
v 5.017624 2.668598 1.245500
v 4.815009 2.668598 1.445119
v 4.991602 2.668598 1.624363
v -2.248059 2.668598 -4.022744
v -2.093808 2.668598 -3.875285
v -1.876741 2.668598 -4.102350
v -2.108435 2.668598 -4.246759
v -4.070541 2.668598 -2.138996
v -3.916931 2.668598 -1.994417
v -3.700505 2.668598 -2.224362
v -3.829960 2.668598 -2.363245
v 0.189605 2.668598 -3.452206
v 0.000001 2.668598 -3.652272
v -0.189603 2.668598 -3.452206
v 0.000001 2.668598 -3.272517
v -4.984033 2.668599 -3.040992
v -5.046752 2.668599 -3.299176
v -5.265062 2.668599 -3.286947
v -5.247696 2.668599 -2.976941
v -0.588229 2.668599 6.987497
v -0.763144 2.668599 6.778642
v -0.965978 2.668599 6.948514
v -0.836079 2.668599 7.148492
v -3.146612 2.668598 1.530158
v -3.344093 2.668598 1.334847
v -3.526012 2.668598 1.514381
v -3.328723 2.668598 1.714291
v 6.201050 2.668599 -0.218515
v 6.031178 2.668599 -0.015680
v 6.240034 2.668599 0.159234
v 6.410249 2.668599 -0.037689
v -1.478334 2.668598 -0.080559
v -1.664587 2.668598 -0.268611
v -1.857999 2.668598 -0.073179
v -1.671820 2.668598 0.111075
v 0.701428 2.668598 5.941441
v 0.876899 2.668598 5.739066
v 0.697656 2.668598 5.562473
v 0.498037 2.668598 5.765088
v 2.142937 2.668598 3.977957
v 2.299907 2.668598 4.141401
v 2.519693 2.668598 3.930321
v 2.348696 2.668598 3.765059
v 0.763146 2.668598 -5.283713
v 0.965980 2.668598 -5.453585
v 0.836081 2.668598 -5.653563
v 0.588231 2.668598 -5.492569
v -1.413541 2.668598 -1.736823
v -1.592066 2.668598 -1.920776
v -1.792417 2.668598 -1.713853
v -1.614606 2.668598 -1.541690
v 3.942393 2.668598 2.232516
v 4.099755 2.668598 2.399298
v 4.319933 2.668598 2.191556
v 4.141351 2.668598 2.022432
v -3.017593 2.668598 3.096159
v -3.230492 2.668598 2.890400
v -3.393936 2.668598 3.047371
v -3.182855 2.668598 3.267156
v -1.274967 2.668598 -3.393886
v -1.444091 2.668598 -3.572468
v -1.651833 2.668598 -3.352290
v -1.485050 2.668598 -3.194928
v -6.031178 2.668599 1.510609
v -6.240033 2.668599 1.335694
v -6.410248 2.668599 1.532618
v -6.201049 2.668599 1.713444
v -4.324544 2.668599 4.361629
v -4.212148 2.668599 4.240362
v -4.462884 2.668599 4.007968
v -4.556906 2.668599 4.281866
v -3.614165 2.668599 -3.577080
v -3.492897 2.668599 -3.464685
v -3.260504 2.668599 -3.715420
v -3.534401 2.668599 -3.809442
v -3.146612 2.668598 -0.035230
v -3.328723 2.668598 -0.219362
v -3.526012 2.668598 -0.019452
v -3.344093 2.668598 0.160082
v -1.478334 2.668598 1.575488
v -1.671820 2.668598 1.383854
v -1.857999 2.668598 1.568107
v -1.664587 2.668598 1.763540
v 2.108437 2.668598 5.741688
v 2.248061 2.668598 5.517673
v 2.093809 2.668598 5.370214
v 1.876743 2.668598 5.597279
v 3.700506 2.668598 3.719291
v 3.829961 2.668598 3.858174
v 4.070542 2.668598 3.633925
v 3.916932 2.668598 3.489346
v -3.017593 2.668598 -1.601231
v -3.182855 2.668598 -1.772228
v -3.393936 2.668598 -1.552442
v -3.230492 2.668598 -1.395472
v 4.019982 2.668598 0.747464
v 4.199671 2.668598 0.937068
v 4.399737 2.668598 0.747464
v 4.199671 2.668598 0.557860
v -3.605866 2.668598 4.590459
v -3.479862 2.668598 4.464456
v -3.716991 2.668598 4.227327
v -3.842995 2.668598 4.353330
v -2.165449 2.668598 4.943070
v -2.009595 2.668598 4.787215
v -2.228265 2.668598 4.568545
v -2.384119 2.668598 4.724400
v -0.722097 2.668598 5.107579
v -0.542681 2.668598 4.928164
v -0.742473 2.668598 4.728371
v -0.921889 2.668598 4.907787
v 0.722099 2.668598 5.107579
v 0.921891 2.668598 4.907787
v 0.742475 2.668598 4.728371
v 0.542683 2.668598 4.928164
v 2.165451 2.668598 4.943070
v 2.384120 2.668598 4.724400
v 2.228266 2.668598 4.568545
v 2.009596 2.668598 4.787215
v 3.605867 2.668598 4.590459
v 3.842996 2.668598 4.353330
v 3.716993 2.668598 4.227327
v 3.479864 2.668598 4.464456
v -3.976935 2.668598 3.131584
v -3.821080 2.668598 2.975729
v -4.039750 2.668598 2.757060
v -4.195604 2.668598 2.912914
v -2.387624 2.668598 3.341551
v -2.215925 2.668598 3.169851
v -2.422386 2.668598 2.963390
v -2.594085 2.668598 3.135089
v -0.796078 2.668598 3.439566
v -0.611872 2.668598 3.255360
v -0.807257 2.668598 3.059975
v -0.991463 2.668598 3.244181
v 0.796080 2.668598 3.439566
v 0.991465 2.668598 3.244181
v 0.807259 2.668598 3.059975
v 0.611874 2.668598 3.255360
v 2.387626 2.668598 3.341551
v 2.594087 2.668598 3.135089
v 2.422388 2.668598 2.963390
v 2.215926 2.668598 3.169851
v 3.976936 2.668598 3.131584
v 4.195606 2.668598 2.912914
v 4.039752 2.668598 2.757060
v 3.821082 2.668598 2.975729
v -4.160322 2.668598 1.669354
v -3.980906 2.668598 1.489938
v -4.180698 2.668598 1.290146
v -4.360114 2.668598 1.469562
v -2.496716 2.668598 1.738928
v -2.312510 2.668598 1.554722
v -2.507895 2.668598 1.359338
v -2.692101 2.668598 1.543544
v -0.832310 2.668598 1.771436
v -0.644232 2.668598 1.583358
v -0.835893 2.668598 1.391697
v -1.023970 2.668598 1.579775
v 0.832312 2.668598 1.771436
v 1.023972 2.668598 1.579775
v 0.835894 2.668598 1.391697
v 0.644234 2.668598 1.583358
v 2.496718 2.668598 1.738928
v 2.692103 2.668598 1.543544
v 2.507897 2.668598 1.359338
v 2.312512 2.668598 1.554722
v 4.160323 2.668598 1.669354
v 4.360115 2.668598 1.469562
v 4.180699 2.668598 1.290146
v 3.980907 2.668598 1.489938
v -4.180698 2.668598 0.204783
v -3.980906 2.668598 0.004991
v -4.160322 2.668598 -0.174425
v -4.360114 2.668598 0.025367
v -2.507895 2.668598 0.135591
v -2.312510 2.668598 -0.059794
v -2.496716 2.668598 -0.243999
v -2.692101 2.668598 -0.048615
v -0.835893 2.668598 0.103231
v -0.644232 2.668598 -0.088429
v -0.832310 2.668598 -0.276507
v -1.023970 2.668598 -0.084846
v 0.835894 2.668598 0.103231
v 1.023972 2.668598 -0.084846
v 0.832312 2.668598 -0.276507
v 0.644234 2.668598 -0.088429
v 2.507897 2.668598 0.135591
v 2.692103 2.668598 -0.048615
v 2.496718 2.668598 -0.243999
v 2.312512 2.668598 -0.059794
v 4.180699 2.668598 0.204783
v 4.360115 2.668598 0.025367
v 4.160323 2.668598 -0.174426
v 3.980907 2.668598 0.004991
v -4.039750 2.668598 -1.262131
v -3.821080 2.668598 -1.480801
v -3.976935 2.668598 -1.636655
v -4.195604 2.668598 -1.417986
v -2.422386 2.668598 -1.468461
v -2.215925 2.668598 -1.674922
v -2.387624 2.668598 -1.846622
v -2.594085 2.668598 -1.640161
v -0.807257 2.668598 -1.565047
v -0.611872 2.668598 -1.760431
v -0.796078 2.668598 -1.944637
v -0.991463 2.668598 -1.749253
v 0.807259 2.668598 -1.565047
v 0.991465 2.668598 -1.749253
v 0.796080 2.668598 -1.944637
v 0.611874 2.668598 -1.760431
v 2.422388 2.668598 -1.468461
v 2.594087 2.668598 -1.640161
v 2.387626 2.668598 -1.846622
v 2.215926 2.668598 -1.674922
v 4.039752 2.668598 -1.262131
v 4.195606 2.668598 -1.417986
v 3.976936 2.668598 -1.636655
v 3.821082 2.668598 -1.480801
v -3.716991 2.668598 -2.732399
v -3.479862 2.668598 -2.969528
v -3.605866 2.668598 -3.095531
v -3.842995 2.668598 -2.858402
v -2.228265 2.668598 -3.073617
v -2.009595 2.668598 -3.292287
v -2.165449 2.668598 -3.448141
v -2.384119 2.668598 -3.229471
v -0.742473 2.668598 -3.233442
v -0.542681 2.668598 -3.433234
v -0.722097 2.668598 -3.612651
v -0.921889 2.668598 -3.412858
v 0.742475 2.668598 -3.233442
v 0.921891 2.668598 -3.412858
v 0.722099 2.668598 -3.612651
v 0.542682 2.668598 -3.433234
v 2.228266 2.668598 -3.073617
v 2.384120 2.668598 -3.229471
v 2.165451 2.668598 -3.448140
v 2.009596 2.668598 -3.292286
v 3.716993 2.668598 -2.732399
v 3.842996 2.668598 -2.858402
v 3.605867 2.668598 -3.095531
v 3.479864 2.668598 -2.969528
v 5.111646 2.632909 -4.199624
v 3.657070 2.632910 -5.354047
v 1.953272 2.632910 -6.092662
v 0.116361 2.632910 -6.365134
v -1.728480 2.632909 -6.152894
v -3.455528 2.632909 -5.470407
v -4.947087 2.632909 -4.364181
v -6.101511 2.632909 -2.909605
v -6.840126 2.632909 -1.205806
v -7.112597 2.632910 0.631105
v -6.900357 2.632909 2.475945
v -6.217870 2.632909 4.202993
v -5.111644 2.632910 5.694552
v -3.657068 2.632910 6.848976
v -1.953269 2.632910 7.587591
v -0.116358 2.632910 7.860063
v 1.728482 2.632910 7.647823
v 3.455530 2.632910 6.965335
v 4.947089 2.632910 5.859109
v 6.101512 2.632910 4.404533
v 6.840127 2.632910 2.700734
v 7.112599 2.632910 0.863823
v 6.900360 2.632909 -0.981017
v 6.217872 2.632909 -2.708065
v -1.043743 2.632910 7.784025
v -5.571967 2.632909 -3.674726
v -5.713638 2.632910 4.985025
v -2.829375 2.632910 7.274119
v -6.526654 2.632909 -2.081912
v 2.614372 2.632910 7.363177
v 5.713640 2.632910 -3.490097
v 4.237562 2.632910 6.461103
v 7.066938 2.632909 -0.065552
v -2.614371 2.632910 -5.868249
v -4.237560 2.632910 -4.966175
v -7.066936 2.632909 1.560480
v 5.571970 2.632910 5.169654
v 6.526656 2.632909 3.576840
v -6.615712 2.632910 3.361835
v 1.043745 2.632909 -6.289097
v 6.615714 2.632910 -1.866908
v 2.829376 2.632909 -5.779191
v -4.422189 2.632910 6.319433
v -7.036560 2.632909 -0.296280
v 4.422191 2.632909 -4.824504
v 0.813017 2.632910 7.814401
v 7.036562 2.632909 1.791208
v -0.813015 2.632909 -6.319473
v 4.528363 2.632907 -3.780899
v 4.763099 2.632907 -3.754045
v 4.823026 2.632908 -4.016778
v 4.501510 2.632907 -4.015635
v 3.252661 2.632908 -5.007841
v 2.927955 2.632908 -4.943405
v 3.042538 2.632907 -4.706276
v 3.269536 2.632906 -4.783886
v 1.734674 2.632906 -5.333835
v 1.648271 2.632908 -5.557823
v 1.365335 2.632906 -5.412372
v 1.525759 2.632906 -5.205146
v 0.188875 2.632906 -5.533782
v 0.026940 2.632908 -5.741231
v -0.188874 2.632908 -5.533782
v 0.000001 2.632906 -5.363396
v -1.596646 2.632908 -5.577955
v -1.734672 2.632906 -5.333835
v -1.525757 2.632906 -5.205146
v -1.365334 2.632906 -5.412372
v -2.927954 2.632906 -4.943405
v -3.205181 2.632908 -5.047730
v -3.269535 2.632906 -4.783886
v -3.042536 2.632907 -4.706276
v -4.501509 2.632907 -4.015635
v -4.764241 2.632908 -4.075562
v -4.763098 2.632908 -3.754045
v -4.528362 2.632907 -3.780899
v -5.755304 2.632908 -2.505196
v -5.690868 2.632907 -2.180490
v -5.453740 2.632907 -2.295073
v -5.531350 2.632907 -2.522072
v -6.305286 2.632908 -0.900806
v -6.159836 2.632907 -0.617870
v -5.952610 2.632907 -0.778294
v -6.081298 2.632907 -0.987208
v -6.488695 2.632908 0.720525
v -6.281246 2.632907 0.936339
v -6.110861 2.632907 0.747464
v -6.281246 2.632907 0.558590
v -6.325418 2.632908 2.344111
v -6.081298 2.632907 2.482137
v -5.952610 2.632907 2.273222
v -6.159836 2.632907 2.112799
v -5.690868 2.632907 3.675419
v -5.795194 2.632908 3.952646
v -5.531350 2.632907 4.017000
v -5.453740 2.632907 3.790001
v -4.763098 2.632907 5.248973
v -4.823025 2.632909 5.511707
v -4.501509 2.632907 5.510563
v -4.528362 2.632907 5.275827
v -3.252659 2.632909 6.502769
v -2.927954 2.632907 6.438333
v -3.042536 2.632907 6.201206
v -3.269535 2.632907 6.278815
v -1.648269 2.632909 7.052752
v -1.365334 2.632907 6.907301
v -1.525757 2.632907 6.700075
v -1.734672 2.632907 6.828763
v -0.026938 2.632909 7.236159
v 0.188875 2.632907 7.028710
v 0.000001 2.632907 6.858325
v -0.188874 2.632907 7.028710
v 1.596648 2.632910 7.072884
v 1.734674 2.632907 6.828763
v 1.525759 2.632907 6.700075
v 1.365335 2.632907 6.907301
v 2.927955 2.632907 6.438333
v 3.205183 2.632909 6.542659
v 3.269536 2.632907 6.278815
v 3.042538 2.632907 6.201206
v 4.764243 2.632909 5.570489
v 4.763099 2.632907 5.248973
v 4.528363 2.632907 5.275827
v 4.501510 2.632907 5.510563
v 5.755306 2.632908 4.000124
v 5.690870 2.632907 3.675419
v 5.453742 2.632907 3.790001
v 5.531352 2.632907 4.017000
v 6.305288 2.632908 2.395734
v 6.159837 2.632907 2.112799
v 5.952611 2.632907 2.273222
v 6.081300 2.632907 2.482137
v 6.281247 2.632907 0.936339
v 6.488696 2.632908 0.774403
v 6.281247 2.632908 0.558590
v 6.110862 2.632907 0.747464
v 6.159837 2.632907 -0.617870
v 6.325420 2.632908 -0.849182
v 6.081300 2.632907 -0.987208
v 5.952611 2.632907 -0.778294
v 5.690870 2.632907 -2.180490
v 5.795196 2.632908 -2.457717
v 5.531352 2.632907 -2.522071
v 5.453742 2.632907 -2.295073
v 3.947972 2.632907 -3.446508
v 4.193972 2.632907 -3.200507
v 4.259066 2.632907 -3.511602
v 2.815750 2.632908 -4.093246
v 2.564210 2.632907 -3.954967
v 2.792552 2.632907 -3.730146
v 2.926699 2.632907 -3.845994
v 1.560594 2.632907 -4.170127
v 1.403386 2.632907 -4.397664
v 1.185504 2.632907 -4.222941
v 1.395414 2.632907 -4.021160
v 0.189432 2.632907 -4.291356
v 0.000001 2.632907 -4.494244
v -0.189431 2.632907 -4.291356
v 0.000001 2.632907 -4.114489
v -1.185502 2.632907 -4.222941
v -1.403384 2.632907 -4.397664
v -1.560592 2.632907 -4.170127
v -1.395413 2.632907 -4.021160
v -2.815748 2.632908 -4.093246
v -2.926698 2.632907 -3.845994
v -2.792550 2.632907 -3.730146
v -2.564208 2.632907 -3.954967
v -4.259065 2.632907 -3.511602
v -4.193971 2.632907 -3.200507
v -3.947971 2.632907 -3.446508
v 4.593459 2.632907 -2.179234
v 4.477611 2.632907 -2.045087
v 4.702432 2.632907 -1.816745
v 4.840711 2.632908 -2.068285
v 2.920042 2.632907 -2.384773
v 3.132238 2.632907 -2.172577
v 3.293438 2.632907 -2.318272
v 3.065737 2.632907 -2.545973
v 1.742588 2.632907 -2.533647
v 1.533730 2.632908 -2.746235
v 1.364488 2.632907 -2.565151
v 1.565480 2.632907 -2.367923
v 0.189723 2.632907 -2.612738
v 0.000001 2.632908 -2.810300
v -0.189721 2.632907 -2.612738
v 0.000001 2.632907 -2.430545
v -1.364486 2.632907 -2.565151
v -1.533729 2.632907 -2.746236
v -1.742586 2.632907 -2.533648
v -1.565479 2.632907 -2.367923
v -2.920040 2.632908 -2.384773
v -3.065735 2.632907 -2.545973
v -3.293436 2.632907 -2.318272
v -3.132236 2.632908 -2.172577
v -4.840710 2.632908 -2.068285
v -4.702431 2.632907 -1.816745
v -4.477610 2.632907 -2.045087
v -4.593458 2.632907 -2.179234
v 4.917593 2.632907 -0.813129
v 4.768625 2.632907 -0.647949
v 4.970406 2.632907 -0.438038
v 5.145129 2.632907 -0.655921
v 3.493701 2.632907 -0.786265
v 3.281113 2.632907 -0.995123
v 3.115388 2.632907 -0.818015
v 3.312616 2.632907 -0.617023
v 1.462623 2.632907 -0.908617
v 1.656082 2.632907 -0.715157
v 1.842009 2.632907 -0.893730
v 1.641196 2.632907 -1.094543
v 0.189844 2.632907 -0.932863
v 0.000001 2.632907 -1.126357
v -0.189842 2.632907 -0.932863
v 0.000001 2.632907 -0.746602
v -1.462621 2.632907 -0.908617
v -1.641194 2.632907 -1.094543
v -1.842007 2.632907 -0.893730
v -1.656080 2.632907 -0.715157
v -3.115386 2.632907 -0.818015
v -3.281111 2.632907 -0.995123
v -3.493699 2.632907 -0.786265
v -3.312614 2.632907 -0.617023
v -4.768624 2.632907 -0.647949
v -4.917591 2.632907 -0.813129
v -5.145128 2.632907 -0.655921
v -4.970405 2.632907 -0.438038
v 4.861954 2.632907 0.747464
v 5.038820 2.632907 0.936896
v 5.241709 2.632907 0.747464
v 5.038820 2.632907 0.558033
v 3.178010 2.632907 0.747464
v 3.360203 2.632907 0.937186
v 3.557765 2.632907 0.747464
v 3.360203 2.632907 0.557742
v 1.873822 2.632907 0.747464
v 1.680328 2.632907 0.557621
v 1.494067 2.632907 0.747464
v 1.680328 2.632907 0.937308
v -0.189877 2.632907 0.747464
v 0.000001 2.632907 0.937342
v 0.189878 2.632907 0.747464
v 0.000001 2.632907 0.557587
v -1.494065 2.632907 0.747464
v -1.680326 2.632907 0.557621
v -1.873820 2.632907 0.747464
v -1.680326 2.632907 0.937308
v -3.178009 2.632907 0.747464
v -3.360201 2.632907 0.557742
v -3.557764 2.632908 0.747464
v -3.360201 2.632907 0.937186
v -5.241708 2.632907 0.747464
v -5.038819 2.632907 0.936896
v -4.861953 2.632907 0.747464
v -5.038819 2.632907 0.558033
v 4.768625 2.632907 2.142878
v 4.917593 2.632907 2.308057
v 5.145129 2.632907 2.150849
v 4.970406 2.632907 1.932967
v 3.115388 2.632907 2.312944
v 3.281113 2.632907 2.490052
v 3.493701 2.632907 2.281194
v 3.312616 2.632907 2.111952
v 1.842009 2.632907 2.388659
v 1.656082 2.632907 2.210086
v 1.462623 2.632907 2.403546
v 1.641196 2.632907 2.589472
v -0.189842 2.632907 2.427792
v 0.000001 2.632907 2.621286
v 0.189844 2.632907 2.427792
v 0.000001 2.632907 2.241530
v -1.462621 2.632907 2.403546
v -1.656080 2.632907 2.210086
v -1.842007 2.632907 2.388659
v -1.641194 2.632907 2.589472
v -3.115386 2.632907 2.312944
v -3.312614 2.632907 2.111952
v -3.493699 2.632907 2.281194
v -3.281111 2.632907 2.490052
v -5.145128 2.632907 2.150849
v -4.917591 2.632907 2.308057
v -4.768624 2.632907 2.142878
v -4.970405 2.632907 1.932967
v 4.477611 2.632907 3.540015
v 4.593459 2.632907 3.674163
v 4.840711 2.632908 3.563213
v 4.702432 2.632907 3.311673
v 2.920042 2.632907 3.879701
v 3.065737 2.632907 4.040901
v 3.293438 2.632907 3.813200
v 3.132238 2.632908 3.667505
v 1.364488 2.632907 4.060080
v 1.533731 2.632907 4.241164
v 1.742588 2.632907 4.028576
v 1.565480 2.632907 3.862851
v 0.189723 2.632907 4.107666
v 0.000001 2.632907 3.925474
v -0.189721 2.632907 4.107666
v 0.000001 2.632908 4.305229
v -1.742586 2.632907 4.028576
v -1.533729 2.632907 4.241164
v -1.364486 2.632907 4.060080
v -1.565479 2.632907 3.862851
v -2.920040 2.632907 3.879701
v -3.132236 2.632908 3.667505
v -3.293436 2.632907 3.813200
v -3.065735 2.632907 4.040901
v -4.477610 2.632907 3.540015
v -4.702431 2.632907 3.311673
v -4.840710 2.632908 3.563213
v -4.593458 2.632907 3.674163
v 4.193972 2.632907 4.695435
v 3.947972 2.632907 4.941436
v 4.259066 2.632907 5.006530
v 2.926699 2.632907 5.340922
v 2.792552 2.632907 5.225074
v 2.564210 2.632907 5.449895
v 2.815750 2.632909 5.588174
v 1.185504 2.632907 5.717870
v 1.403386 2.632907 5.892593
v 1.560594 2.632907 5.665056
v 1.395414 2.632909 5.516089
v -0.189431 2.632907 5.786284
v 0.000001 2.632907 5.989172
v 0.189432 2.632907 5.786284
v 0.000001 2.632907 5.609417
v -1.185502 2.632907 5.717870
v -1.395413 2.632907 5.516089
v -1.560592 2.632907 5.665056
v -1.403384 2.632907 5.892593
v -2.926698 2.632907 5.340922
v -2.815748 2.632909 5.588174
v -2.564208 2.632907 5.449895
v -2.792550 2.632907 5.225074
v -3.947971 2.632907 4.941436
v -4.193971 2.632907 4.695435
v -4.259065 2.632907 5.006530
v -6.031178 2.632907 -0.015680
v -6.201049 2.632907 -0.218515
v -6.401028 2.632908 -0.088615
v -6.240033 2.632907 0.159234
v 3.942393 2.632907 -0.737587
v 4.141351 2.632907 -0.527503
v 4.319933 2.632907 -0.696628
v 4.099755 2.632907 -0.904369
v 3.110710 2.632907 -3.082496
v 2.886461 2.632907 -3.323077
v 2.741882 2.632907 -3.169467
v 2.971827 2.632907 -2.953041
v 2.511778 2.632907 6.574502
v 2.285279 2.632909 6.449336
v 2.150851 2.632907 6.692594
v 2.399990 2.632909 6.810571
v -5.017623 2.632907 0.249429
v -4.815008 2.632907 0.049809
v -4.991601 2.632907 -0.129434
v -5.193975 2.632907 0.046038
v -2.741881 2.632907 4.664395
v -2.971826 2.632907 4.447970
v -3.110709 2.632907 4.577425
v -2.886460 2.632907 4.818006
v -3.788455 2.632907 -4.236568
v -3.724404 2.632907 -4.500232
v -3.985753 2.632908 -4.561028
v -4.046639 2.632907 -4.299288
v -1.413541 2.632907 3.231751
v -1.614606 2.632907 3.036619
v -1.792417 2.632907 3.208781
v -1.592066 2.632907 3.415705
v 0.189870 2.632907 1.587645
v 0.000001 2.632907 1.399559
v -0.189868 2.632907 1.587645
v 0.000001 2.632907 1.779314
v 3.534402 2.632907 5.304371
v 3.614166 2.632907 5.072009
v 3.492898 2.632907 4.959613
v 3.260505 2.632907 5.210349
v 4.556908 2.632907 4.281866
v 4.462886 2.632907 4.007968
v 4.212150 2.632907 4.240362
v 4.324546 2.632907 4.361629
v 2.336039 2.632908 0.747464
v 2.520327 2.632907 0.937260
v 2.715794 2.632907 0.747464
v 2.520327 2.632907 0.557669
v -4.399736 2.632907 0.747464
v -4.199670 2.632907 0.937068
v -4.019981 2.632907 0.747464
v -4.199670 2.632907 0.557860
v 1.792418 2.632907 -1.713852
v 1.592068 2.632907 -1.920776
v 1.413543 2.632907 -1.736822
v 1.614608 2.632907 -1.541690
v -0.876898 2.632907 -4.244137
v -0.697654 2.632907 -4.067544
v -0.498035 2.632907 -4.270159
v -0.701426 2.632907 -4.446512
v -4.319932 2.632907 -0.696628
v -4.141350 2.632907 -0.527503
v -3.942392 2.632907 -0.737587
v -4.099754 2.632907 -0.904369
v -5.701870 2.632908 -1.537814
v -5.827037 2.632907 -1.764313
v -6.035981 2.632908 -1.700400
v -5.945129 2.632907 -1.403386
v -2.519691 2.632907 -2.435392
v -2.348694 2.632907 -2.270130
v -2.142936 2.632907 -2.483028
v -2.299906 2.632907 -2.646472
v -4.991601 2.632907 1.624363
v -4.815008 2.632907 1.445119
v -5.017623 2.632907 1.245500
v -5.193975 2.632907 1.448891
v 5.827039 2.632907 -1.764313
v 5.701872 2.632907 -1.537814
v 5.945130 2.632907 -1.403386
v 6.063108 2.632909 -1.652525
v -4.462884 2.632907 -2.513040
v -4.212149 2.632907 -2.745434
v -4.324544 2.632907 -2.866701
v -4.556906 2.632907 -2.786937
v 0.189870 2.632907 -0.092716
v 0.000001 2.632907 -0.284385
v -0.189868 2.632907 -0.092716
v 0.000001 2.632907 0.095370
v 0.587384 2.632907 4.091558
v 0.766918 2.632907 4.273477
v 0.966828 2.632907 4.076188
v 0.782695 2.632907 3.894078
v -0.701426 2.632907 5.941441
v -0.498035 2.632907 5.765088
v -0.697654 2.632907 5.562473
v -0.876898 2.632907 5.739066
v 2.289155 2.632907 2.362072
v 2.461318 2.632907 2.539882
v 2.668242 2.632907 2.339531
v 2.484288 2.632907 2.161006
v 0.189605 2.632907 4.947135
v 0.000001 2.632907 4.767446
v -0.189603 2.632907 4.947135
v 0.000001 2.632907 5.147201
v 2.285279 2.632906 -4.954407
v 2.511778 2.632906 -5.079574
v 2.447865 2.632908 -5.288518
v 2.150851 2.632906 -5.197665
v 5.193977 2.632907 0.046038
v 4.991602 2.632907 -0.129434
v 4.815009 2.632907 0.049809
v 5.017624 2.632907 0.249429
v -4.984033 2.632907 4.535920
v -5.247696 2.632907 4.471869
v -5.308492 2.632908 4.733218
v -5.046752 2.632907 4.794104
v 3.260505 2.632907 -3.715420
v 3.492898 2.632907 -3.464685
v 3.614166 2.632907 -3.577080
v 3.534402 2.632907 -3.809442
v 2.142937 2.632907 -2.483028
v 2.348696 2.632907 -2.270129
v 2.519693 2.632907 -2.435392
v 2.299907 2.632907 -2.646472
v -5.827037 2.632907 3.259241
v -5.701870 2.632907 3.032743
v -5.945129 2.632907 2.898314
v -6.063106 2.632908 3.147454
v 0.636390 2.632907 -0.924356
v 0.828025 2.632907 -0.730871
v 1.016077 2.632907 -0.917123
v 0.820644 2.632907 -1.110535
v 1.792419 2.632907 3.208781
v 1.614608 2.632907 3.036619
v 1.413543 2.632907 3.231751
v 1.592068 2.632907 3.415705
v -4.070541 2.632907 3.633925
v -3.829960 2.632907 3.858174
v -3.700505 2.632907 3.719291
v -3.916931 2.632907 3.489346
v -2.668240 2.632907 2.339531
v -2.461316 2.632907 2.539882
v -2.289154 2.632907 2.362072
v -2.484286 2.632907 2.161006
v 1.651834 2.632907 4.847219
v 1.485052 2.632907 4.689857
v 1.274968 2.632907 4.888815
v 1.444093 2.632907 5.067397
v -1.031849 2.632907 0.747464
v -0.840180 2.632907 0.937334
v -0.652093 2.632907 0.747464
v -0.840180 2.632907 0.557595
v 3.724406 2.632907 -4.500232
v 3.788456 2.632907 -4.236568
v 4.046640 2.632908 -4.299288
v 4.034411 2.632908 -4.517598
v 3.526014 2.632907 1.514381
v 3.344095 2.632907 1.334847
v 3.146614 2.632907 1.530158
v 3.328724 2.632907 1.714291
v 4.994225 2.632907 -1.360972
v 4.770209 2.632907 -1.500596
v 4.622750 2.632907 -1.346344
v 4.849815 2.632907 -1.129278
v 3.526014 2.632907 -0.019452
v 3.328724 2.632907 -0.219362
v 3.146614 2.632907 -0.035230
v 3.344095 2.632907 0.160082
v 1.876743 2.632907 -4.102350
v 2.093809 2.632907 -3.875285
v 2.248061 2.632907 -4.022744
v 2.108437 2.632907 -4.246759
v -1.016075 2.632907 -0.917123
v -0.828023 2.632907 -0.730871
v -0.636388 2.632907 -0.924356
v -0.820642 2.632907 -1.110535
v 0.587383 2.632907 -2.596629
v 0.782695 2.632907 -2.399149
v 0.966827 2.632907 -2.581259
v 0.766917 2.632907 -2.778548
v 0.965980 2.632907 6.948514
v 0.763146 2.632907 6.778642
v 0.588231 2.632907 6.987497
v 0.785155 2.632909 7.157712
v 3.393937 2.632907 3.047371
v 3.230494 2.632907 2.890400
v 3.017595 2.632907 3.096159
v 3.182857 2.632908 3.267156
v 6.240034 2.632907 1.335694
v 6.031178 2.632907 1.510609
v 6.201050 2.632907 1.713444
v 6.401029 2.632908 1.583544
v -2.519691 2.632907 3.930321
v -2.299906 2.632907 4.141401
v -2.142936 2.632907 3.977957
v -2.348694 2.632907 3.765059
v -3.534401 2.632907 5.304371
v -3.260504 2.632907 5.210349
v -3.492897 2.632907 4.959613
v -3.614165 2.632907 5.072009
v -0.965978 2.632906 -5.453585
v -0.763144 2.632906 -5.283713
v -0.588229 2.632906 -5.492569
v -0.785153 2.632908 -5.662784
v 3.110710 2.632907 4.577425
v 2.971827 2.632907 4.447970
v 2.741882 2.632907 4.664395
v 2.886461 2.632907 4.818006
v -1.016075 2.632907 2.412052
v -0.820642 2.632907 2.605464
v -0.636388 2.632907 2.419285
v -0.828023 2.632907 2.225800
v 0.652095 2.632907 0.747464
v 0.840181 2.632907 0.937334
v 1.031850 2.632907 0.747464
v 0.840181 2.632907 0.557595
v 4.556908 2.632907 -2.786937
v 4.324546 2.632907 -2.866701
v 4.212150 2.632907 -2.745434
v 4.462886 2.632907 -2.513040
v 3.393937 2.632907 -1.552442
v 3.182857 2.632907 -1.772228
v 3.017595 2.632907 -1.601231
v 3.230494 2.632907 -1.395472
v 1.858001 2.632907 -0.073179
v 1.664589 2.632907 -0.268611
v 1.478336 2.632907 -0.080559
v 1.671822 2.632907 0.111075
v 0.498037 2.632907 -4.270159
v 0.697656 2.632907 -4.067544
v 0.876899 2.632907 -4.244137
v 0.701428 2.632907 -4.446512
v -2.668240 2.632907 -0.844602
v -2.484286 2.632907 -0.666077
v -2.289154 2.632907 -0.867143
v -2.461316 2.632907 -1.044953
v -0.966826 2.632907 -2.581259
v -0.782693 2.632907 -2.399149
v -0.587382 2.632907 -2.596629
v -0.766916 2.632907 -2.778548
v 4.994225 2.632907 2.855901
v 4.849815 2.632907 2.624206
v 4.622750 2.632907 2.841273
v 4.770209 2.632907 2.995524
v -3.724404 2.632907 5.995161
v -3.788455 2.632907 5.731497
v -4.046639 2.632907 5.794217
v -4.034410 2.632909 6.012527
v -2.741881 2.632907 -3.169467
v -2.886460 2.632907 -3.323077
v -3.110709 2.632907 -3.082496
v -2.971826 2.632907 -2.953041
v 5.945130 2.632908 2.898314
v 5.701872 2.632907 3.032743
v 5.827039 2.632907 3.259241
v 6.035984 2.632908 3.195328
v -0.966826 2.632907 4.076188
v -0.766916 2.632907 4.273477
v -0.587382 2.632907 4.091558
v -0.782693 2.632907 3.894078
v 4.046640 2.632907 5.794217
v 3.788456 2.632907 5.731497
v 3.724406 2.632907 5.995161
v 3.985754 2.632909 6.055956
v -2.108435 2.632907 5.741688
v -1.876741 2.632907 5.597279
v -2.093808 2.632907 5.370214
v -2.248059 2.632907 5.517673
v -2.285278 2.632906 -4.954407
v -2.150849 2.632906 -5.197665
v -2.399988 2.632908 -5.315643
v -2.511776 2.632906 -5.079574
v 0.636390 2.632907 2.419285
v 0.820644 2.632907 2.605464
v 1.016077 2.632907 2.412052
v 0.828025 2.632907 2.225800
v -4.849814 2.632907 -1.129278
v -4.622749 2.632907 -1.346344
v -4.770208 2.632907 -1.500596
v -4.994224 2.632907 -1.360972
v 3.700506 2.632907 -2.224362
v 3.916932 2.632907 -1.994417
v 4.070542 2.632907 -2.138996
v 3.829961 2.632907 -2.363245
v 2.289155 2.632907 -0.867143
v 2.484288 2.632907 -0.666077
v 2.668242 2.632907 -0.844602
v 2.461318 2.632907 -1.044953
v 1.651834 2.632907 -3.352290
v 1.444093 2.632907 -3.572468
v 1.274968 2.632907 -3.393886
v 1.485052 2.632907 -3.194928
v -2.150849 2.632909 6.692594
v -2.285278 2.632909 6.449336
v -2.511776 2.632907 6.574502
v -2.447863 2.632909 6.783447
v -1.274967 2.632907 4.888815
v -1.485050 2.632907 4.689857
v -1.651833 2.632907 4.847219
v -1.444091 2.632907 5.067397
v 5.247697 2.632907 4.471869
v 4.984034 2.632907 4.535920
v 5.046753 2.632907 4.794104
v 5.265063 2.632909 4.781875
v 0.189796 2.632907 3.267790
v 0.000001 2.632908 3.083502
v -0.189795 2.632907 3.267790
v 0.000001 2.632907 3.463257
v 1.858001 2.632907 1.568107
v 1.671822 2.632907 1.383854
v 1.478336 2.632907 1.575488
v 1.664589 2.632907 1.763540
v -4.319932 2.632907 2.191556
v -4.099754 2.632907 2.399298
v -3.942392 2.632907 2.232516
v -4.141350 2.632907 2.022432
v -2.715792 2.632907 0.747464
v -2.520325 2.632907 0.937260
v -2.336037 2.632908 0.747464
v -2.520325 2.632907 0.557669
v 5.308493 2.632908 -3.238290
v 5.046753 2.632907 -3.299176
v 4.984034 2.632907 -3.040992
v 5.247697 2.632907 -2.976941
v 0.189796 2.632907 -1.772862
v 0.000001 2.632907 -1.968328
v -0.189795 2.632907 -1.772862
v 0.000001 2.632908 -1.588573
v -4.770208 2.632907 2.995524
v -4.622749 2.632907 2.841273
v -4.849814 2.632907 2.624206
v -4.994224 2.632907 2.855901
v 5.193977 2.632907 1.448891
v 5.017624 2.632907 1.245500
v 4.815009 2.632907 1.445119
v 4.991602 2.632907 1.624363
v -2.248059 2.632907 -4.022744
v -2.093808 2.632907 -3.875285
v -1.876741 2.632907 -4.102350
v -2.108435 2.632907 -4.246759
v -4.070541 2.632907 -2.138996
v -3.916931 2.632907 -1.994417
v -3.700505 2.632907 -2.224362
v -3.829960 2.632907 -2.363245
v 0.189605 2.632907 -3.452206
v 0.000001 2.632907 -3.652272
v -0.189603 2.632907 -3.452206
v 0.000001 2.632907 -3.272517
v -4.984033 2.632907 -3.040992
v -5.046752 2.632907 -3.299176
v -5.265062 2.632908 -3.286947
v -5.247696 2.632907 -2.976941
v -0.588229 2.632907 6.987497
v -0.763144 2.632907 6.778642
v -0.965978 2.632907 6.948514
v -0.836079 2.632909 7.148492
v -3.146612 2.632907 1.530158
v -3.344093 2.632907 1.334847
v -3.526012 2.632907 1.514381
v -3.328723 2.632907 1.714291
v 6.201050 2.632907 -0.218515
v 6.031178 2.632907 -0.015680
v 6.240034 2.632907 0.159234
v 6.410249 2.632908 -0.037689
v -1.478334 2.632907 -0.080559
v -1.664587 2.632907 -0.268611
v -1.857999 2.632907 -0.073179
v -1.671820 2.632907 0.111075
v 0.701428 2.632907 5.941441
v 0.876899 2.632907 5.739066
v 0.697656 2.632907 5.562473
v 0.498037 2.632907 5.765088
v 2.142937 2.632907 3.977957
v 2.299907 2.632907 4.141401
v 2.519693 2.632907 3.930321
v 2.348696 2.632907 3.765059
v 0.763146 2.632906 -5.283713
v 0.965980 2.632906 -5.453585
v 0.836081 2.632908 -5.653563
v 0.588231 2.632906 -5.492569
v -1.413541 2.632907 -1.736823
v -1.592066 2.632907 -1.920776
v -1.792417 2.632907 -1.713853
v -1.614606 2.632907 -1.541690
v 3.942393 2.632907 2.232516
v 4.099755 2.632907 2.399298
v 4.319933 2.632907 2.191556
v 4.141351 2.632907 2.022432
v -3.017593 2.632907 3.096159
v -3.230492 2.632907 2.890400
v -3.393936 2.632907 3.047371
v -3.182855 2.632907 3.267156
v -1.274967 2.632907 -3.393886
v -1.444091 2.632907 -3.572468
v -1.651833 2.632907 -3.352290
v -1.485050 2.632907 -3.194928
v -6.031178 2.632907 1.510609
v -6.240033 2.632907 1.335694
v -6.410248 2.632908 1.532618
v -6.201049 2.632907 1.713444
v -4.324544 2.632907 4.361629
v -4.212148 2.632908 4.240362
v -4.462884 2.632907 4.007968
v -4.556906 2.632907 4.281866
v -3.614165 2.632907 -3.577080
v -3.492897 2.632907 -3.464685
v -3.260504 2.632907 -3.715420
v -3.534401 2.632907 -3.809442
v -3.146612 2.632907 -0.035230
v -3.328723 2.632907 -0.219362
v -3.526012 2.632907 -0.019452
v -3.344093 2.632907 0.160082
v -1.478334 2.632907 1.575488
v -1.671820 2.632907 1.383854
v -1.857999 2.632907 1.568107
v -1.664587 2.632907 1.763540
v 2.108437 2.632907 5.741688
v 2.248061 2.632907 5.517673
v 2.093809 2.632907 5.370214
v 1.876743 2.632907 5.597279
v 3.700506 2.632907 3.719291
v 3.829961 2.632907 3.858174
v 4.070542 2.632907 3.633925
v 3.916932 2.632907 3.489346
v -3.017593 2.632907 -1.601231
v -3.182855 2.632907 -1.772228
v -3.393936 2.632907 -1.552442
v -3.230492 2.632907 -1.395472
v 4.019982 2.632907 0.747464
v 4.199671 2.632907 0.937068
v 4.399737 2.632907 0.747464
v 4.199671 2.632907 0.557860
v -3.605866 2.632907 4.590459
v -3.479862 2.632907 4.464456
v -3.716991 2.632907 4.227327
v -3.842995 2.632907 4.353330
v -2.165449 2.632907 4.943070
v -2.009595 2.632907 4.787215
v -2.228265 2.632907 4.568545
v -2.384119 2.632907 4.724400
v -0.722097 2.632907 5.107579
v -0.542681 2.632907 4.928164
v -0.742473 2.632907 4.728371
v -0.921889 2.632907 4.907787
v 0.722099 2.632907 5.107579
v 0.921891 2.632907 4.907787
v 0.742475 2.632907 4.728371
v 0.542683 2.632907 4.928164
v 2.165451 2.632907 4.943070
v 2.384120 2.632907 4.724400
v 2.228266 2.632907 4.568545
v 2.009596 2.632907 4.787215
v 3.605867 2.632907 4.590459
v 3.842996 2.632907 4.353330
v 3.716993 2.632907 4.227327
v 3.479864 2.632907 4.464456
v -3.976935 2.632907 3.131584
v -3.821080 2.632907 2.975729
v -4.039750 2.632907 2.757060
v -4.195604 2.632907 2.912914
v -2.387624 2.632907 3.341551
v -2.215925 2.632907 3.169851
v -2.422386 2.632907 2.963390
v -2.594085 2.632907 3.135089
v -0.796078 2.632907 3.439566
v -0.611872 2.632907 3.255360
v -0.807257 2.632907 3.059975
v -0.991463 2.632907 3.244181
v 0.796080 2.632907 3.439566
v 0.991465 2.632907 3.244181
v 0.807259 2.632907 3.059975
v 0.611874 2.632907 3.255360
v 2.387626 2.632907 3.341551
v 2.594087 2.632907 3.135089
v 2.422388 2.632907 2.963390
v 2.215926 2.632907 3.169851
v 3.976936 2.632907 3.131584
v 4.195606 2.632907 2.912914
v 4.039752 2.632907 2.757060
v 3.821082 2.632907 2.975729
v -4.160322 2.632907 1.669354
v -3.980906 2.632907 1.489938
v -4.180698 2.632907 1.290146
v -4.360114 2.632907 1.469562
v -2.496716 2.632907 1.738928
v -2.312510 2.632907 1.554722
v -2.507895 2.632907 1.359338
v -2.692101 2.632907 1.543544
v -0.832310 2.632907 1.771436
v -0.644232 2.632907 1.583358
v -0.835893 2.632907 1.391697
v -1.023970 2.632907 1.579775
v 0.832312 2.632907 1.771436
v 1.023972 2.632907 1.579775
v 0.835894 2.632907 1.391697
v 0.644234 2.632907 1.583358
v 2.496718 2.632907 1.738928
v 2.692103 2.632907 1.543544
v 2.507897 2.632907 1.359338
v 2.312512 2.632907 1.554722
v 4.160323 2.632907 1.669354
v 4.360115 2.632907 1.469562
v 4.180699 2.632907 1.290146
v 3.980907 2.632907 1.489938
v -4.180698 2.632907 0.204783
v -3.980906 2.632907 0.004991
v -4.160322 2.632907 -0.174425
v -4.360114 2.632907 0.025367
v -2.507895 2.632907 0.135591
v -2.312510 2.632907 -0.059794
v -2.496716 2.632907 -0.243999
v -2.692101 2.632907 -0.048615
v -0.835893 2.632907 0.103231
v -0.644232 2.632907 -0.088429
v -0.832310 2.632907 -0.276507
v -1.023970 2.632907 -0.084846
v 0.835894 2.632907 0.103231
v 1.023972 2.632907 -0.084846
v 0.832312 2.632907 -0.276507
v 0.644234 2.632907 -0.088429
v 2.507897 2.632907 0.135591
v 2.692103 2.632907 -0.048615
v 2.496718 2.632907 -0.243999
v 2.312512 2.632907 -0.059794
v 4.180699 2.632907 0.204783
v 4.360115 2.632907 0.025367
v 4.160323 2.632907 -0.174426
v 3.980907 2.632907 0.004991
v -4.039750 2.632907 -1.262131
v -3.821080 2.632907 -1.480801
v -3.976935 2.632907 -1.636655
v -4.195604 2.632907 -1.417986
v -2.422386 2.632907 -1.468461
v -2.215925 2.632907 -1.674922
v -2.387624 2.632907 -1.846622
v -2.594085 2.632907 -1.640161
v -0.807257 2.632907 -1.565047
v -0.611872 2.632907 -1.760431
v -0.796078 2.632907 -1.944637
v -0.991463 2.632907 -1.749253
v 0.807259 2.632907 -1.565047
v 0.991465 2.632907 -1.749253
v 0.796080 2.632907 -1.944637
v 0.611874 2.632907 -1.760431
v 2.422388 2.632907 -1.468461
v 2.594087 2.632907 -1.640161
v 2.387626 2.632907 -1.846622
v 2.215926 2.632907 -1.674922
v 4.039752 2.632907 -1.262131
v 4.195606 2.632907 -1.417986
v 3.976936 2.632907 -1.636655
v 3.821082 2.632907 -1.480801
v -3.716991 2.632907 -2.732399
v -3.479862 2.632907 -2.969528
v -3.605866 2.632907 -3.095531
v -3.842995 2.632907 -2.858402
v -2.228265 2.632907 -3.073617
v -2.009595 2.632907 -3.292287
v -2.165449 2.632907 -3.448141
v -2.384119 2.632907 -3.229471
v -0.742473 2.632907 -3.233442
v -0.542681 2.632907 -3.433234
v -0.722097 2.632907 -3.612651
v -0.921889 2.632907 -3.412858
v 0.742475 2.632907 -3.233442
v 0.921891 2.632907 -3.412858
v 0.722099 2.632907 -3.612651
v 0.542682 2.632907 -3.433234
v 2.228266 2.632907 -3.073617
v 2.384120 2.632907 -3.229471
v 2.165451 2.632907 -3.448140
v 2.009596 2.632907 -3.292286
v 3.716993 2.632907 -2.732399
v 3.842996 2.632907 -2.858402
v 3.605867 2.632907 -3.095531
v 3.479864 2.632907 -2.969528
vn -0.7221 0.5249 0.4506
vn -0.3731 0.2229 0.9006
vn -0.6551 0.1994 0.7288
vn 0.9006 0.2229 -0.3731
vn 0.6027 0.6889 -0.4027
vn 0.6697 0.6890 -0.2772
vn -0.6892 0.2239 0.6892
vn -0.5416 0.2229 0.8106
vn -0.6893 0.2229 0.6893
vn -0.5416 0.2229 -0.8106
vn -0.5126 0.6889 -0.5126
vn -0.4027 0.6889 -0.6027
vn -0.6551 0.1994 -0.7288
vn -0.2772 0.6890 -0.6697
vn -0.7221 0.5249 -0.4506
vn -0.0000 0.6535 0.7569
vn -0.4923 -0.2234 0.8413
vn -0.0000 -0.3018 0.9534
vn -0.8104 0.2239 0.5415
vn -0.8106 0.2229 0.5416
vn -0.6027 0.6889 0.4027
vn 0.8412 -0.2235 0.4923
vn 0.7570 0.6534 -0.0000
vn 0.5989 0.5881 0.5435
vn -0.9004 0.2239 0.3730
vn -0.8412 -0.2235 0.4923
vn -0.8455 -0.1239 0.5194
vn -0.7254 0.1978 0.6593
vn -0.8412 -0.2235 -0.4923
vn -0.7570 0.6534 -0.0000
vn -0.5989 0.5881 -0.5435
vn 0.8104 0.2239 0.5415
vn 0.9006 0.2229 0.3730
vn 0.8106 0.2229 0.5416
vn 0.6892 0.2239 0.6892
vn 0.6027 0.6889 0.4027
vn 0.6893 0.2229 0.6893
vn -0.8106 0.2229 -0.5416
vn -0.6697 0.6890 -0.2772
vn -0.6027 0.6889 -0.4027
vn -0.4506 0.5249 -0.7221
vn -0.9006 0.2229 -0.3731
vn -0.7288 0.1994 -0.6551
vn 0.5126 0.6889 0.5125
vn 0.5416 0.2229 0.8106
vn -0.6893 0.2229 -0.6893
vn 0.6893 0.2229 -0.6893
vn 0.5125 0.6889 -0.5125
vn -0.3730 0.2239 -0.9004
vn -0.3730 0.2229 -0.9006
vn 0.7221 0.5249 0.4506
vn 0.5435 0.5881 0.5989
vn 0.6551 0.1990 0.7288
vn 0.5416 0.2229 -0.8106
vn 0.2772 0.6890 -0.6697
vn 0.4027 0.6889 -0.6027
vn -0.4924 -0.2235 -0.8412
vn -0.5195 -0.1240 -0.8454
vn -0.6593 0.1978 -0.7254
vn -0.6593 0.1978 0.7254
vn -0.3730 0.2239 0.9004
vn -0.5195 -0.1239 0.8455
vn -0.6892 0.2239 -0.6892
vn -0.8104 0.2239 -0.5415
vn 0.0004 0.5103 0.8600
vn 0.0999 0.8575 0.5046
vn -0.0005 0.8570 0.5153
vn -0.3378 0.9307 0.1400
vn -0.4317 0.8548 0.2881
vn -0.4800 0.8545 0.1986
vn -0.6005 0.7907 0.1194
vn -0.5676 0.8233 -0.0000
vn -0.5566 0.8234 0.1108
vn -0.5962 0.7938 -0.1205
vn -0.5097 0.8543 0.1013
vn -0.6005 0.7907 -0.1194
vn -0.6123 0.7906 -0.0000
vn -0.8629 0.5054 -0.0000
vn -0.5198 0.8543 -0.0000
vn -0.5655 0.7908 -0.2341
vn -0.5566 0.8234 -0.1108
vn -0.5097 0.8543 -0.1013
vn -0.5962 0.7938 0.1205
vn -0.5088 0.7910 -0.3397
vn -0.5241 0.8235 -0.2172
vn 0.1184 0.7936 -0.5969
vn 0.0003 0.8250 -0.5651
vn -0.0004 0.7931 -0.6091
vn -0.4800 0.8545 -0.1986
vn -0.3376 0.9309 -0.1397
vn -0.4325 0.7914 -0.4321
vn -0.4715 0.8236 -0.3152
vn 0.2323 0.7940 -0.5618
vn 0.1105 0.8254 -0.5537
vn -0.4317 0.8548 -0.2881
vn -0.3032 0.9311 -0.2028
vn -0.3396 0.7917 -0.5078
vn -0.4007 0.8238 -0.4010
vn 0.3372 0.7944 -0.5052
vn 0.2162 0.8257 -0.5211
vn -0.3669 0.8551 -0.3664
vn -0.2572 0.9314 -0.2577
vn -0.2339 0.7921 -0.5637
vn -0.3145 0.8241 -0.4712
vn 0.4289 0.7948 -0.4293
vn 0.3134 0.8260 -0.4686
vn -0.2880 0.8555 -0.4303
vn -0.2015 0.9317 -0.3023
vn -0.1193 0.7926 -0.5980
vn -0.2163 0.8244 -0.5231
vn 0.5042 0.7951 -0.3371
vn 0.3985 0.8262 -0.3982
vn -0.1983 0.8560 -0.4775
vn -0.1381 0.9320 -0.3352
vn -0.1100 0.8247 -0.5548
vn 0.5600 0.7953 -0.2321
vn 0.4682 0.8264 -0.3127
vn -0.1012 0.8565 -0.5062
vn 0.1212 0.7965 -0.5924
vn 0.5944 0.7955 -0.1183
vn 0.5200 0.8266 -0.2153
vn -0.0005 0.8570 -0.5153
vn 0.0003 0.5103 -0.8600
vn 0.6059 0.7955 -0.0000
vn 0.5519 0.8267 -0.1097
vn 0.0999 0.8575 -0.5046
vn -0.1206 0.7980 -0.5904
vn 0.5519 0.8267 0.1097
vn 0.5626 0.8267 -0.0000
vn 0.1961 0.8581 -0.4746
vn 0.1373 0.9335 -0.3312
vn -0.0000 0.9593 0.2824
vn -0.5435 0.5881 -0.5989
vn -0.3728 0.8833 0.2843
vn -0.4063 0.8185 0.4063
vn -0.5194 0.3587 0.7756
vn -0.3152 0.8078 0.4980
vn 0.2105 0.9701 -0.1207
vn 0.2332 0.5571 -0.7970
vn 0.6557 0.5834 0.4792
vn -0.7756 0.3587 0.5194
vn -0.6529 0.3841 0.6529
vn -0.0768 0.9937 -0.0820
vn 0.1558 0.9177 -0.3654
vn -0.0035 0.9333 -0.3592
vn 0.0821 0.9937 0.0767
vn 0.3654 0.9177 -0.1558
vn 0.0358 0.9993 -0.0136
vn 0.0136 0.9993 -0.0358
vn 0.2269 0.9143 -0.3355
vn 0.2824 0.9593 -0.0000
vn -0.5989 0.5881 0.5435
vn 0.2843 0.8833 0.3728
vn -0.5943 0.7749 0.2154
vn -0.4792 0.5833 0.6558
vn -0.8869 0.2788 0.3684
vn 0.0219 0.9992 -0.0338
vn 0.2883 0.9131 -0.2883
vn 0.0820 0.9937 -0.0768
vn 0.3660 0.9175 0.1559
vn 0.3591 0.9333 -0.0035
vn 0.0338 0.9992 -0.0219
vn 0.0291 0.9992 -0.0291
vn 0.0358 0.9993 0.0136
vn 0.3355 0.9143 0.2269
vn -0.4982 0.8077 0.3154
vn -0.0000 0.9594 -0.2819
vn -0.5435 0.5881 0.5989
vn 0.3728 0.8833 -0.2843
vn 0.0338 0.9992 0.0219
vn 0.2883 0.9131 0.2883
vn 0.3354 0.9143 -0.2269
vn 0.0291 0.9992 0.0291
vn 0.2269 0.9143 0.3355
vn 0.6992 0.6632 0.2670
vn 0.7969 0.5573 -0.2331
vn 0.9023 0.2065 0.3784
vn -0.0768 0.9937 0.0820
vn 0.1559 0.9174 0.3661
vn 0.0136 0.9993 0.0358
vn 0.6568 0.6232 0.4245
vn 0.8233 0.1301 0.5525
vn -0.2824 0.9593 -0.0000
vn 0.5989 0.5881 -0.5435
vn -0.2843 0.8833 -0.3728
vn 0.0219 0.9992 0.0338
vn 0.5610 0.6088 0.5610
vn 0.7033 0.1033 0.7033
vn 0.0768 0.9937 0.0820
vn -0.1559 0.9175 0.3659
vn 0.0035 0.9333 0.3591
vn 0.5525 0.1301 0.8233
vn 0.4245 0.6232 0.6568
vn -0.0136 0.9993 0.0358
vn -0.2269 0.9143 0.3355
vn -0.3154 0.8077 -0.4982
vn -0.3684 0.2788 -0.8869
vn -0.5194 0.3587 -0.7756
vn 0.5435 0.5881 -0.5989
vn -0.0000 0.6534 -0.7570
vn 0.3619 0.8589 -0.3623
vn -0.4715 0.8236 0.3152
vn 0.4252 0.8593 -0.2844
vn -0.5241 0.8235 0.2172
vn 0.4721 0.8595 -0.1958
vn 0.5010 0.8597 -0.0998
vn 0.5200 0.8266 0.2153
vn 0.5108 0.8597 -0.0000
vn 0.4682 0.8264 0.3127
vn 0.5010 0.8597 0.0998
vn 0.3985 0.8262 0.3982
vn 0.4721 0.8595 0.1958
vn 0.3134 0.8260 0.4686
vn 0.4252 0.8593 0.2844
vn 0.2162 0.8257 0.5211
vn -0.1012 0.8565 0.5062
vn 0.3619 0.8589 0.3623
vn 0.1105 0.8254 0.5537
vn -0.1983 0.8560 0.4775
vn 0.2846 0.8585 0.4266
vn 0.0003 0.8250 0.5651
vn -0.2880 0.8555 0.4303
vn 0.1961 0.8581 0.4746
vn -0.1100 0.8247 0.5548
vn -0.3669 0.8551 0.3664
vn -0.2163 0.8244 0.5231
vn -0.3145 0.8241 0.4712
vn 0.2846 0.8585 -0.4266
vn -0.4007 0.8238 0.4010
vn -0.5655 0.7908 0.2341
vn -0.3032 0.9311 0.2028
vn -0.1207 0.7980 0.5904
vn -0.5088 0.7910 0.3397
vn -0.2572 0.9314 0.2577
vn 0.1373 0.9335 0.3312
vn -0.4325 0.7913 0.4321
vn -0.2015 0.9317 0.3023
vn 0.1989 0.9339 0.2970
vn -0.3396 0.7917 0.5078
vn -0.1381 0.9320 0.3352
vn 0.2524 0.9342 0.2520
vn -0.2339 0.7921 0.5637
vn 0.1212 0.7965 0.5924
vn 0.2961 0.9345 0.1976
vn -0.1193 0.7926 0.5980
vn 0.3288 0.9346 0.1357
vn -0.0004 0.7931 0.6091
vn 0.5867 0.8007 -0.1214
vn 0.1184 0.7936 0.5969
vn 0.5867 0.8007 0.1214
vn 0.8569 0.5156 -0.0000
vn 0.2323 0.7940 0.5618
vn 0.3288 0.9346 -0.1357
vn 0.3372 0.7944 0.5052
vn 0.2961 0.9345 -0.1976
vn 0.4289 0.7948 0.4293
vn 0.2524 0.9342 -0.2520
vn 0.5042 0.7951 0.3371
vn 0.1989 0.9339 -0.2970
vn 0.5600 0.7953 0.2321
vn 0.5944 0.7955 0.1183
vn -0.0000 -0.7840 -0.6208
vn -0.6206 -0.7841 -0.0000
vn -0.9534 -0.3018 -0.0000
vn -0.0000 -0.7840 0.6208
vn 0.4924 -0.2235 0.8412
vn 0.5195 -0.1239 0.8454
vn 0.6207 -0.7841 -0.0000
vn 0.9534 -0.3018 -0.0000
vn 0.8412 -0.2235 -0.4924
vn 0.8452 -0.1243 -0.5197
vn 0.4924 -0.2235 -0.8412
vn -0.0000 -0.3018 -0.9534
vn 0.5197 -0.1243 -0.8452
vn 0.6593 0.1979 -0.7254
vn 0.3730 0.2239 -0.9004
vn 0.3730 0.2233 -0.9006
vn 0.2773 0.6892 0.6694
vn 0.3731 0.2229 0.9006
vn -0.8455 -0.1239 -0.5195
vn -0.7254 0.1979 -0.6593
vn 0.7288 0.1990 -0.6551
vn 0.4506 0.5249 -0.7221
vn 0.9004 0.2239 0.3730
vn 0.7254 0.1979 0.6593
vn -0.4506 0.5249 0.7221
vn -0.7288 0.1994 0.6551
vn 0.9004 0.2239 -0.3730
vn 0.8105 0.2229 -0.5416
vn 0.9006 0.2229 -0.3730
vn 0.2843 0.8833 -0.3728
vn -0.3728 0.8833 -0.2843
vn -0.2843 0.8833 0.3728
vn 0.3728 0.8833 0.2843
vn 0.4506 0.5249 0.7221
vn 0.7221 0.5249 -0.4506
vn -0.3730 0.2229 0.9006
vn -0.5415 0.2239 0.8104
vn 0.9006 0.2229 0.3731
vn 0.6694 0.6892 0.2773
vn 0.7254 0.1978 -0.6593
vn 0.3730 0.2229 0.9006
vn 0.3730 0.2239 0.9004
vn 0.3730 0.2232 -0.9006
vn 0.4027 0.6889 0.6027
vn 0.8104 0.2239 -0.5415
vn 0.8452 -0.1243 0.5197
vn -0.5415 0.2239 -0.8104
vn 0.5415 0.2239 -0.8104
vn -0.3731 0.2229 -0.9006
vn 0.6551 0.1994 -0.7288
vn 0.6593 0.1978 0.7254
vn 0.5415 0.2239 0.8104
vn -0.9004 0.2239 -0.3730
vn -0.9006 0.2233 -0.3730
vn -0.6693 0.6893 0.2773
vn -0.9006 0.2229 0.3731
vn 0.7288 0.1994 0.6551
vn -0.9006 0.2229 0.3730
vn 0.6892 0.2239 -0.6892
vn -0.4027 0.6889 0.6027
vn -0.5126 0.6889 0.5126
vn -0.2772 0.6890 0.6697
vn 0.5212 -0.0770 -0.8499
vn 0.3459 -0.4270 -0.8355
vn 0.7675 -0.3408 -0.5430
vn 0.7513 -0.4284 -0.5020
vn 0.6395 -0.4268 -0.6395
vn 0.6389 -0.4284 -0.6389
vn 0.4817 0.4744 -0.7369
vn 0.2172 0.8232 -0.5246
vn 0.2467 0.7645 -0.5956
vn 0.4558 0.7645 -0.4558
vn 0.4721 0.8232 -0.3154
vn 0.5359 0.7645 -0.3581
vn -0.6390 -0.4284 -0.6389
vn -0.5024 -0.4268 -0.7519
vn -0.6395 -0.4268 -0.6395
vn 0.7369 0.4743 -0.4817
vn 0.5246 0.8232 -0.2172
vn 0.2838 0.6387 -0.7152
vn -0.3581 0.7645 -0.5359
vn -0.4015 0.8232 -0.4015
vn -0.3154 0.8232 -0.4721
vn 0.8499 -0.0770 -0.5212
vn 0.8353 -0.4275 -0.3458
vn 0.8348 -0.4285 -0.3458
vn 0.5020 -0.4284 -0.7513
vn 0.3458 -0.4285 -0.8348
vn -0.4558 0.7645 0.4558
vn -0.4721 0.8232 0.3154
vn -0.5359 0.7645 0.3581
vn 0.3581 0.7645 -0.5359
vn 0.3154 0.8232 -0.4721
vn -0.7513 -0.4284 0.5020
vn -0.6395 -0.4268 0.6395
vn -0.6389 -0.4284 0.6389
vn -0.5020 -0.4284 -0.7513
vn -0.3458 -0.4275 -0.8353
vn -0.5246 0.8232 0.2172
vn -0.5956 0.7645 0.2467
vn -0.2172 0.8232 -0.5246
vn -0.2467 0.7645 -0.5956
vn -0.8353 -0.4273 0.3459
vn -0.7519 -0.4268 0.5024
vn 0.5024 -0.4268 -0.7519
vn -0.7369 0.4744 0.4817
vn -0.2839 0.6387 0.7152
vn 0.4015 0.8232 -0.4015
vn -0.8499 -0.0770 0.5212
vn -0.8348 -0.4285 0.3458
vn -0.5212 -0.0770 -0.8499
vn -0.3458 -0.4285 -0.8348
vn 0.8499 -0.0770 0.5212
vn 0.8353 -0.4273 0.3459
vn 0.5430 -0.3408 0.7675
vn -0.4817 0.4743 -0.7369
vn -0.7152 0.6387 -0.2838
vn 0.7369 0.4743 0.4817
vn 0.5249 0.8230 0.2173
vn 0.5956 0.7645 0.2467
vn -0.4817 0.4744 0.7369
vn -0.5212 -0.0770 0.8499
vn -0.7369 0.4744 -0.4817
vn -0.8499 -0.0770 -0.5212
vn 0.4817 0.4744 0.7369
vn -0.5360 0.7645 -0.3581
vn -0.3458 -0.4285 0.8348
vn -0.4558 0.7645 -0.4558
vn 0.5212 -0.0770 0.8499
vn 0.2467 0.7645 0.5956
vn 0.3581 0.7645 0.5359
vn 0.5020 -0.4284 0.7513
vn 0.3458 -0.4285 0.8348
vn -0.5956 0.7645 -0.2467
vn -0.7513 -0.4284 -0.5020
vn 0.6390 -0.4283 0.6390
vn 0.4558 0.7645 0.4558
vn -0.8348 -0.4285 -0.3458
vn 0.5359 0.7645 0.3581
vn 0.8348 -0.4285 0.3458
vn 0.7513 -0.4284 0.5020
vn 0.5956 0.7645 -0.2467
vn 0.8106 0.2229 -0.5416
vn -0.5020 -0.4283 0.7513
vn -0.3581 0.7645 0.5359
vn -0.2467 0.7645 0.5956
vn -0.7519 -0.4268 -0.5024
vn -0.4721 0.8232 -0.3154
vn -0.3459 -0.4270 0.8355
vn -0.7152 0.6387 0.2837
vn -0.7675 -0.3408 0.5430
vn -0.7674 -0.3408 -0.5430
vn 0.7152 0.6386 -0.2840
vn 0.3459 -0.4270 0.8355
vn 0.7152 0.6386 0.2840
vn 0.2172 0.8232 0.5246
vn 0.5024 -0.4268 0.7519
vn -0.5246 0.8232 -0.2172
vn 0.4015 0.8232 0.4015
vn 0.6395 -0.4268 0.6395
vn -0.8353 -0.4275 -0.3458
vn -0.2838 0.6387 -0.7152
vn -0.5430 -0.3408 -0.7675
vn 0.7519 -0.4268 0.5024
vn 0.4721 0.8232 0.3154
vn 0.2838 0.6387 0.7152
vn -0.4015 0.8232 0.4015
vn 0.7519 -0.4268 -0.5024
vn -0.5024 -0.4268 0.7519
vn -0.2173 0.8229 0.5250
vn -0.3154 0.8232 0.4721
vn -0.5430 -0.3408 0.7674
vn 0.5430 -0.3408 -0.7675
vn 0.3154 0.8232 0.4721
vn 0.7675 -0.3408 0.5430
vn 0.0531 0.9252 -0.3759
vn -0.2670 0.6632 -0.6992
vn -0.4245 0.6232 -0.6568
vn -0.5610 0.6088 -0.5610
vn -0.6568 0.6232 -0.4246
vn -0.6992 0.6632 -0.2670
vn -0.3756 0.9253 0.0531
vn -0.3756 0.9253 -0.0531
vn -0.6992 0.6632 0.2670
vn -0.6568 0.6232 0.4245
vn -0.5610 0.6088 0.5610
vn -0.4245 0.6232 0.6568
vn -0.2674 0.6632 0.6991
vn 0.0531 0.9253 0.3756
vn -0.0531 0.9253 0.3756
vn 0.2670 0.6632 0.6992
vn 0.3756 0.9253 -0.0531
vn 0.3756 0.9253 0.0531
vn 0.6992 0.6632 -0.2670
vn 0.6568 0.6232 -0.4246
vn 0.5610 0.6088 -0.5610
vn 0.4245 0.6232 -0.6568
vn 0.2670 0.6632 -0.6992
vn -0.0531 0.9253 -0.3756
vn 0.2156 0.7750 0.5941
vn 0.3154 0.8077 0.4982
vn 0.4063 0.8185 0.4063
vn 0.5943 0.7749 0.2154
vn 0.4982 0.8077 0.3154
vn -0.1207 0.9701 0.2105
vn -0.1207 0.9701 -0.2105
vn 0.5943 0.7749 -0.2154
vn 0.4982 0.8077 -0.3154
vn 0.4063 0.8185 -0.4063
vn 0.2154 0.7749 -0.5943
vn 0.3154 0.8077 -0.4982
vn 0.2104 0.9701 0.1210
vn -0.2105 0.9701 0.1207
vn -0.2154 0.7749 -0.5943
vn -0.4063 0.8185 -0.4063
vn -0.5943 0.7749 -0.2154
vn -0.4982 0.8077 -0.3154
vn 0.1210 0.9701 -0.2104
vn 0.1207 0.9701 0.2105
vn -0.2105 0.9701 -0.1207
vn -0.2154 0.7749 0.5943
vn -0.3784 0.2068 -0.9022
vn -0.5525 0.1301 -0.8233
vn -0.8233 0.1301 -0.5525
vn -0.7033 0.1033 -0.7033
vn -0.9023 0.2065 -0.3784
vn -0.7970 0.5572 0.2332
vn -0.7969 0.5573 -0.2331
vn -0.9023 0.2065 0.3784
vn -0.8233 0.1301 0.5525
vn -0.5525 0.1301 0.8233
vn -0.7033 0.1033 0.7033
vn 0.3683 0.2793 -0.8867
vn 0.6557 0.5834 -0.4792
vn -0.6557 0.5834 -0.4792
vn 0.3784 0.2068 0.9022
vn -0.6529 0.3841 -0.6529
vn -0.7756 0.3587 -0.5194
vn -0.8869 0.2788 -0.3684
vn -0.4792 0.5834 -0.6557
vn 0.7969 0.5573 0.2331
vn 0.9024 0.2064 -0.3784
vn 0.8233 0.1301 -0.5525
vn 0.5525 0.1301 -0.8233
vn 0.7033 0.1033 -0.7033
vn 0.3784 0.2068 -0.9022
vn -0.2332 0.5571 -0.7970
vn -0.3683 0.2793 0.8867
vn 0.4792 0.5835 -0.6557
vn -0.6557 0.5834 0.4792
vn 0.2331 0.5573 0.7969
vn 0.3684 0.2788 0.8869
vn 0.5194 0.3587 0.7756
vn -0.2332 0.5572 0.7970
vn -0.0291 0.9992 -0.0291
vn -0.2269 0.9143 -0.3355
vn -0.2883 0.9131 -0.2883
vn -0.3355 0.9143 -0.2269
vn -0.0338 0.9992 -0.0219
vn -0.0358 0.9993 -0.0136
vn -0.3659 0.9175 -0.1559
vn 0.0767 0.9937 -0.0821
vn -0.1559 0.9175 -0.3658
vn -0.0136 0.9993 -0.0358
vn -0.0820 0.9937 0.0768
vn -0.3590 0.9333 0.0035
vn 0.6529 0.3841 0.6529
vn -0.0357 0.9993 0.0136
vn -0.3354 0.9143 0.2269
vn -0.0338 0.9992 0.0219
vn 0.7756 0.3587 0.5194
vn 0.8869 0.2788 -0.3684
vn 0.7756 0.3587 -0.5194
vn 0.8868 0.2792 0.3683
vn -0.2883 0.9131 0.2883
vn -0.0291 0.9992 0.0291
vn 0.4792 0.5834 0.6558
vn -0.0219 0.9992 0.0338
vn -0.3784 0.2064 0.9024
vn -0.0821 0.9937 -0.0767
vn -0.3659 0.9175 0.1559
vn 0.6529 0.3841 -0.6529
vn 0.5194 0.3587 -0.7756
vn 0.0582 0.9545 0.2925
vn 0.1141 0.9545 0.2756
vn 0.1657 0.9545 0.2480
vn 0.2109 0.9545 0.2109
vn 0.2480 0.9545 0.1657
vn 0.2756 0.9545 0.1141
vn 0.2925 0.9545 0.0582
vn 0.2983 0.9545 -0.0000
vn 0.2925 0.9545 -0.0582
vn 0.2756 0.9545 -0.1141
vn 0.2480 0.9545 -0.1657
vn 0.2109 0.9545 -0.2109
vn 0.1657 0.9545 -0.2480
vn 0.1141 0.9545 -0.2756
vn 0.0582 0.9545 -0.2925
vn -0.0000 0.9545 -0.2983
vn -0.0582 0.9545 -0.2925
vn -0.1141 0.9545 -0.2756
vn -0.1657 0.9545 -0.2480
vn -0.2109 0.9545 -0.2109
vn -0.2480 0.9545 -0.1657
vn -0.2756 0.9545 -0.1141
vn -0.2925 0.9545 -0.0582
vn -0.2983 0.9545 -0.0000
vn -0.2925 0.9545 0.0582
vn -0.2756 0.9545 0.1141
vn -0.2480 0.9545 0.1657
vn -0.2109 0.9545 0.2109
vn -0.1657 0.9545 0.2480
vn -0.1141 0.9545 0.2756
vn -0.0582 0.9545 0.2925
vn -0.0000 0.9545 0.2983
vn 0.3084 0.9426 -0.1277
vn 0.3274 0.9426 -0.0651
vn 0.3338 0.9426 -0.0000
vn 0.3084 0.9426 0.1277
vn 0.3274 0.9426 0.0651
vn 0.2776 0.9426 0.1855
vn -0.0651 0.9426 0.3274
vn -0.0000 0.9426 0.3338
vn 0.2360 0.9426 0.2360
vn 0.1855 0.9426 0.2776
vn -0.1855 0.9426 0.2776
vn -0.1277 0.9426 0.3084
vn 0.1277 0.9426 0.3084
vn -0.2360 0.9426 0.2360
vn 0.0651 0.9426 0.3274
vn -0.2776 0.9426 0.1855
vn -0.3084 0.9426 0.1277
vn -0.3274 0.9426 0.0651
vn -0.3338 0.9426 -0.0000
vn 0.2776 0.9426 -0.1855
vn 0.2360 0.9426 -0.2360
vn 0.1855 0.9426 -0.2776
vn 0.1277 0.9426 -0.3084
vn 0.0651 0.9426 -0.3274
vn -0.0651 0.9426 -0.3274
vn -0.0000 0.9426 -0.3338
vn -0.1277 0.9426 -0.3084
vn -0.1855 0.9426 -0.2776
vn -0.2776 0.9426 -0.1855
vn -0.2360 0.9426 -0.2360
vn -0.3084 0.9426 -0.1277
vn -0.3274 0.9426 -0.0651
vn -0.0000 1.0000 -0.0000
vn 0.0035 0.9333 -0.3590
vn -0.3099 0.6253 -0.7162
vn 0.1145 0.7682 -0.6299
vn -0.4530 0.5934 -0.6653
vn -0.5749 0.5822 -0.5749
vn -0.6653 0.5935 -0.4530
vn -0.7164 0.6251 -0.3099
vn -0.6299 0.7682 0.1145
vn -0.3591 0.9333 -0.0035
vn -0.7163 0.6252 0.3099
vn -0.6299 0.7682 -0.1145
vn -0.6653 0.5935 0.4530
vn -0.5749 0.5822 0.5749
vn -0.4530 0.5934 0.6653
vn -0.3099 0.6252 0.7163
vn 0.1145 0.7681 0.6300
vn -0.0035 0.9333 0.3591
vn 0.3099 0.6253 0.7162
vn -0.1145 0.7682 0.6299
vn 0.4530 0.5934 0.6653
vn 0.5749 0.5822 0.5749
vn 0.6653 0.5934 0.4530
vn 0.7164 0.6251 0.3099
vn 0.6300 0.7681 -0.1145
vn 0.3591 0.9333 0.0035
vn 0.7164 0.6251 -0.3099
vn 0.6300 0.7681 0.1145
vn 0.6653 0.5935 -0.4530
vn 0.5749 0.5822 -0.5749
vn 0.4530 0.5934 -0.6653
vn 0.3099 0.6251 -0.7164
vn -0.1145 0.7682 -0.6299
vn 0.3935 0.8605 0.3234
vn 0.2275 0.8271 0.5140
vn 0.3024 0.8454 0.4404
vn -0.0219 0.9992 -0.0338
vn 0.3712 0.8511 0.3712
vn 0.4404 0.8454 0.3024
vn 0.5140 0.8271 0.2275
vn 0.3235 0.8605 0.3936
vn 0.3235 0.8605 -0.3936
vn 0.5142 0.8270 -0.2275
vn 0.4404 0.8454 -0.3024
vn 0.3712 0.8511 -0.3712
vn 0.3024 0.8454 -0.4404
vn 0.2275 0.8270 -0.5141
vn 0.3936 0.8605 -0.3235
vn -0.3936 0.8605 -0.3235
vn -0.2276 0.8269 -0.5143
vn -0.3024 0.8453 -0.4404
vn -0.3712 0.8511 -0.3712
vn -0.4404 0.8454 -0.3024
vn -0.5141 0.8270 -0.2275
vn -0.3234 0.8605 -0.3935
vn -0.3234 0.8605 0.3935
vn -0.5141 0.8270 0.2275
vn -0.4404 0.8454 0.3024
vn -0.3712 0.8511 0.3712
vn -0.3024 0.8454 0.4404
vn -0.2275 0.8270 0.5141
vn -0.3935 0.8605 0.3234
vn -0.0591 0.9128 -0.4042
vn -0.0964 0.9045 -0.4154
vn -0.4548 0.8890 0.0531
vn -0.5793 0.6927 0.4297
vn -0.2154 0.8938 -0.3934
vn -0.6304 0.6927 0.3504
vn -0.0000 0.9125 0.4092
vn 0.0303 0.9045 0.4253
vn 0.4262 0.9045 -0.0146
vn -0.1873 0.9045 0.3831
vn -0.1290 0.9138 0.3850
vn 0.3073 0.9485 0.0773
vn 0.3230 0.9326 0.1610
vn -0.2395 0.9183 0.3152
vn 0.2869 0.6927 -0.6617
vn -0.2001 0.9045 0.3765
vn 0.1980 0.6927 -0.6935
vn 0.0309 0.9045 0.4253
vn -0.0824 0.6927 -0.7165
vn -0.1752 0.6927 -0.6996
vn 0.4219 0.9001 -0.1087
vn 0.0862 0.9168 0.3900
vn 0.1435 0.9045 0.4015
vn -0.4548 0.8890 -0.0531
vn 0.3708 0.9275 0.0467
vn -0.0964 0.9045 0.4154
vn 0.0886 0.9045 -0.4171
vn -0.1058 0.6927 0.7134
vn -0.0118 0.6927 0.7211
vn 0.3831 0.9045 0.1873
vn -0.1274 0.8526 0.5068
vn 0.0776 0.9623 -0.2605
vn -0.4297 0.6927 -0.5793
vn 0.3934 0.8938 -0.2154
vn -0.3504 0.6927 -0.6304
vn 0.2299 0.9299 0.2872
vn -0.5016 0.6927 -0.5183
vn -0.5650 0.6927 -0.4484
vn 0.3152 0.9183 0.2395
vn -0.6186 0.6927 -0.3708
vn -0.6617 0.6927 -0.2869
vn -0.0146 0.9045 0.4262
vn 0.0161 0.9119 -0.4101
vn 0.4253 0.9045 0.0303
vn 0.4171 0.9045 0.0886
vn -0.7134 0.6927 -0.1058
vn -0.7211 0.6927 -0.0118
vn 0.0481 0.9363 0.3479
vn -0.0594 0.8796 -0.4720
vn 0.4154 0.9045 -0.0964
vn -0.3765 0.9045 -0.2001
vn 0.6617 0.6927 0.2869
vn 0.6935 0.6927 0.1980
vn -0.4253 0.9045 0.0309
vn 0.7165 0.6927 -0.0824
vn 0.6996 0.6927 -0.1752
vn 0.0065 0.9127 0.4085
vn -0.3994 0.9163 -0.0285
vn -0.5183 0.6927 0.5016
vn -0.2249 0.9034 -0.3651
vn 0.0776 0.9623 0.2605
vn -0.1274 0.8526 -0.5068
vn 0.3831 0.9045 -0.1873
vn 0.2395 0.9183 -0.3152
vn -0.3708 0.6927 0.6186
vn -0.2869 0.6927 0.6617
vn 0.2001 0.9045 -0.3765
vn -0.1980 0.6927 0.6935
vn 0.0285 0.9163 -0.3994
vn 0.0824 0.6927 0.7165
vn -0.1435 0.9045 -0.4016
vn 0.2651 0.6927 0.6708
vn 0.3748 0.9149 -0.1499
vn -0.4262 0.9045 -0.0146
vn 0.4101 0.9119 0.0161
vn -0.0303 0.9045 0.4253
vn 0.4042 0.9128 -0.0591
vn -0.0531 0.8890 -0.4548
vn 0.0177 0.9193 0.3933
vn -0.0174 0.8970 -0.4417
vn 0.4253 0.9045 -0.0303
vn 0.5016 0.6927 0.5183
vn -0.3651 0.9034 0.2249
vn 0.4297 0.6927 0.5793
vn -0.2299 0.9299 -0.2872
vn 0.5650 0.6927 0.4484
vn -0.3831 0.9045 -0.1873
vn -0.3850 0.9138 -0.1290
vn -0.0773 0.9485 0.3073
vn -0.3733 0.9167 -0.1422
vn 0.7134 0.6927 0.1058
vn -0.4171 0.9045 -0.0886
vn 0.7211 0.6927 0.0118
vn -0.3900 0.9168 0.0862
vn 0.6708 0.6927 -0.2651
vn -0.2842 0.9045 0.3179
vn 0.4484 0.6927 -0.5650
vn 0.3708 0.6927 -0.6186
vn -0.4264 0.9045 -0.0000
vn 0.4263 0.9045 -0.0073
vn 0.0111 0.8986 -0.4387
vn -0.4234 0.9059 0.0002
vn 0.4323 0.9017 -0.0093
vn 0.0052 0.9095 0.4157
vn 0.4263 0.9045 -0.0086
vn -0.0000 0.9092 0.4163
vn -0.0000 0.9045 -0.4264
vn 0.4202 0.9074 -0.0088
vn -0.0052 0.9095 0.4157
vn 0.4136 0.9104 -0.0104
vn -0.0104 0.9104 0.4136
vn -0.4263 0.9045 -0.0096
vn 0.4264 0.9045 -0.0000
vn 0.0481 0.9363 -0.3479
vn -0.4186 0.9082 0.0002
vn 0.4369 0.8995 -0.0052
vn 0.0007 0.9001 -0.4356
vn 0.4264 0.9045 -0.0020
vn 0.0044 0.9022 -0.4314
vn 0.4264 0.9045 -0.0041
vn -0.0000 0.9068 0.4217
vn 0.4213 0.9069 -0.0042
vn -0.0042 0.9069 0.4214
vn -0.4403 0.8979 -0.0004
vn 0.4157 0.9095 -0.0052
vn -0.4129 0.9108 -0.0000
vn 0.4433 0.8964 -0.0000
vn 0.4264 0.9045 -0.0032
vn 0.4264 0.9045 0.0024
vn 0.0063 0.9045 -0.4264
vn -0.4241 0.9056 -0.0000
vn 0.4311 0.9023 -0.0000
vn 0.0001 0.9034 -0.4289
vn -0.0000 0.9045 0.4264
vn -0.4337 0.9011 -0.0000
vn 0.4217 0.9068 -0.0000
vn -0.4396 0.8982 -0.0000
vn 0.4163 0.9092 -0.0000
vn -0.4264 0.9045 0.0032
vn 0.4129 0.9108 -0.0000
vn 0.4263 0.9045 0.0073
vn 0.0069 0.9045 -0.4263
vn 0.4314 0.9022 0.0044
vn 0.0044 0.9022 0.4314
vn 0.4264 0.9045 0.0063
vn -0.0000 0.9011 0.4337
vn -0.4341 0.9009 0.0003
vn 0.4214 0.9069 0.0043
vn 0.0001 0.9057 -0.4239
vn -0.4403 0.8979 0.0004
vn 0.4157 0.9095 0.0052
vn 0.0002 0.9059 -0.4234
vn -0.4263 0.9045 0.0096
vn -0.0124 0.9045 -0.4262
vn 0.0104 0.9104 -0.4136
vn 0.4262 0.9045 0.0116
vn 0.0004 0.8979 0.4403
vn 0.0028 0.9045 -0.4264
vn -0.4294 0.9031 0.0002
vn 0.4263 0.9045 0.0086
vn -0.0000 0.8998 0.4364
vn 0.4262 0.9045 0.0124
vn -0.0004 0.8979 0.4403
vn -0.4425 0.8968 0.0011
vn 0.4136 0.9104 0.0104
vn 0.0007 0.9089 -0.4171
vn 0.2605 0.9623 -0.0776
vn -0.0776 0.9623 0.2605
vn 0.3479 0.9363 -0.0481
vn 0.0146 0.8949 0.4460
vn -0.4101 0.9119 -0.0161
vn 0.4262 0.9045 0.0146
vn -0.0000 0.8964 0.4433
vn -0.3933 0.9193 -0.0177
vn 0.4417 0.8970 0.0174
vn -0.0032 0.9045 0.4264
vn -0.3708 0.9275 -0.0467
vn 0.4548 0.8890 0.0531
vn -0.0071 0.8961 0.4439
vn -0.2605 0.9623 -0.0776
vn 0.5068 0.8526 0.1274
vn -0.0162 0.9045 0.4261
vn -0.3479 0.9363 -0.0481
vn 0.4720 0.8796 0.0594
vn -0.0096 0.9045 0.4263
vn -0.4387 0.8986 0.0111
vn 0.4171 0.9089 -0.0007
vn -0.0073 0.9045 0.4263
vn -0.4460 0.8949 0.0146
vn 0.4100 0.9121 -0.0010
vn -0.3073 0.9485 -0.0773
vn 0.4833 0.8689 0.1072
vn -0.0146 0.8949 0.4460
vn -0.4262 0.9045 0.0116
vn 0.4261 0.9045 0.0150
vn -0.0011 0.8968 0.4425
vn 0.0032 0.9045 0.4264
vn 0.4101 0.9119 -0.0161
vn -0.0000 0.9080 -0.4191
vn 0.4294 0.9031 0.0002
vn 0.0024 0.9045 0.4264
vn -0.4262 0.9045 0.0129
vn 0.3708 0.9275 -0.0467
vn 0.0096 0.9045 0.4263
vn -0.0004 0.9110 -0.4123
vn 0.0052 0.9095 -0.4157
vn 0.4263 0.9045 0.0114
vn -0.0000 0.8982 0.4396
vn 0.3933 0.9193 -0.0177
vn 0.0071 0.8961 0.4439
vn 0.4323 0.9017 0.0093
vn 0.0052 0.8995 0.4369
vn 0.3073 0.9485 -0.0773
vn 0.0162 0.9045 0.4261
vn -0.0010 0.9121 -0.4100
vn 0.4387 0.8986 0.0111
vn 0.0111 0.8986 0.4387
vn 0.4262 0.9045 0.0129
vn 0.0011 0.8968 0.4425
vn 0.0086 0.9045 -0.4263
vn -0.4261 0.9045 0.0162
vn -0.4439 0.8961 0.0071
vn 0.4123 0.9110 -0.0004
vn -0.4100 0.9121 -0.0010
vn 0.4460 0.8949 0.0146
vn -0.4323 0.9017 0.0093
vn 0.4234 0.9059 -0.0002
vn -0.0024 0.9045 0.4264
vn -0.4314 0.9022 0.0043
vn 0.4239 0.9057 -0.0001
vn -0.0020 0.9045 0.4264
vn -0.4369 0.8995 0.0052
vn 0.4186 0.9082 -0.0002
vn -0.4356 0.9001 0.0007
vn 0.4202 0.9074 0.0088
vn -0.0052 0.8995 0.4369
vn -0.0000 0.9068 -0.4217
vn 0.4263 0.9045 0.0069
vn -0.0003 0.9009 0.4341
vn 0.4356 0.9001 0.0007
vn 0.0073 0.9045 0.4263
vn -0.0002 0.9082 -0.4186
vn -0.4213 0.9069 0.0042
vn 0.4341 0.9009 0.0003
vn -0.0001 0.9057 -0.4239
vn -0.4264 0.9045 0.0064
vn -0.4136 0.9104 0.0104
vn 0.4425 0.8968 0.0011
vn -0.0007 0.9089 -0.4171
vn -0.4263 0.9045 0.0086
vn 0.0088 0.9074 -0.4202
vn 0.4264 0.9045 0.0064
vn 0.0003 0.9009 0.4341
vn 0.0022 0.9045 -0.4264
vn 0.4261 0.9045 0.0162
vn 0.0150 0.9045 -0.4261
vn -0.4186 0.9082 -0.0002
vn 0.4369 0.8995 0.0052
vn 0.0042 0.9069 -0.4214
vn -0.0088 0.9074 -0.4202
vn -0.4433 0.8964 -0.0000
vn -0.4264 0.9045 -0.0032
vn -0.4123 0.9110 -0.0004
vn 0.4439 0.8961 0.0071
vn -0.4263 0.9045 0.0073
vn -0.4264 0.9045 0.0024
vn -0.0063 0.9045 -0.4264
vn -0.4364 0.8998 -0.0000
vn 0.4191 0.9080 -0.0000
vn -0.0002 0.9031 -0.4294
vn 0.4289 0.9034 0.0001
vn 0.0021 0.9045 0.4264
vn -0.0000 0.9056 -0.4241
vn -0.4264 0.9045 0.0020
vn -0.4311 0.9023 -0.0000
vn 0.4241 0.9056 -0.0000
vn -0.0001 0.9034 -0.4289
vn -0.4289 0.9034 0.0001
vn 0.4264 0.9045 0.0041
vn -0.0000 0.9023 0.4311
vn 0.4264 0.9045 0.0020
vn -0.0000 0.9034 0.4287
vn -0.4157 0.9095 0.0052
vn 0.4403 0.8979 0.0004
vn -0.0002 0.9059 -0.4234
vn -0.4264 0.9045 0.0028
vn -0.4217 0.9068 -0.0000
vn 0.4337 0.9011 -0.0000
vn 0.4263 0.9045 0.0096
vn 0.0124 0.9045 -0.4262
vn 0.0063 0.9045 0.4264
vn -0.4191 0.9080 -0.0000
vn 0.4264 0.9045 -0.0024
vn -0.4264 0.9045 0.0022
vn 0.0041 0.9045 -0.4264
vn 0.4264 0.9045 0.0028
vn -0.0086 0.9045 -0.4263
vn 0.0177 0.9193 -0.3933
vn -0.4439 0.8961 -0.0071
vn 0.4123 0.9110 0.0004
vn 0.0467 0.9275 -0.3708
vn 0.4264 0.9045 0.0022
vn -0.0041 0.9045 -0.4264
vn -0.4264 0.9045 -0.0024
vn -0.0094 0.9017 -0.4323
vn -0.4369 0.8995 -0.0052
vn 0.4186 0.9082 0.0002
vn -0.0007 0.9001 -0.4356
vn 0.4287 0.9034 -0.0000
vn -0.4264 0.9045 -0.0041
vn 0.4289 0.9034 -0.0001
vn 0.0022 0.9045 0.4264
vn 0.4239 0.9057 0.0001
vn -0.0022 0.9045 0.4264
vn -0.0003 0.9009 -0.4341
vn 0.4264 0.9045 0.0021
vn 0.0020 0.9045 -0.4264
vn -0.4264 0.9045 -0.0022
vn 0.0064 0.9045 -0.4264
vn -0.0000 0.9056 0.4241
vn -0.0020 0.9045 -0.4264
vn -0.4163 0.9092 -0.0000
vn 0.4396 0.8982 -0.0000
vn -0.4157 0.9095 -0.0052
vn 0.4403 0.8979 -0.0004
vn -0.4264 0.9045 -0.0020
vn 0.4264 0.9045 0.0032
vn -0.4264 0.9045 -0.0028
vn 0.0116 0.9045 -0.4262
vn 0.0093 0.9017 -0.4323
vn 0.4264 0.9045 -0.0028
vn -0.0116 0.9045 -0.4262
vn -0.4460 0.8949 -0.0146
vn 0.4100 0.9121 0.0010
vn 0.0773 0.9485 -0.3073
vn -0.4123 0.9110 0.0004
vn 0.4439 0.8961 -0.0071
vn -0.0467 0.9275 -0.3708
vn 0.4264 0.9045 -0.0022
vn -0.0064 0.9045 -0.4264
vn -0.0111 0.8986 -0.4387
vn 0.4171 0.9089 0.0007
vn -0.0086 0.9045 0.4263
vn -0.0011 0.8968 -0.4425
vn -0.0044 0.9022 -0.4314
vn -0.0052 0.8995 -0.4369
vn 0.4234 0.9059 0.0002
vn -0.0028 0.9045 0.4264
vn -0.0004 0.8979 -0.4403
vn -0.4214 0.9069 -0.0043
vn 0.4341 0.9009 -0.0003
vn -0.4202 0.9074 -0.0088
vn 0.4356 0.9001 -0.0007
vn 0.0086 0.9045 0.4263
vn -0.4263 0.9045 -0.0086
vn 0.4294 0.9031 -0.0002
vn 0.0028 0.9045 0.4264
vn -0.4239 0.9057 0.0001
vn 0.4314 0.9022 -0.0043
vn 0.0043 0.9069 0.4214
vn 0.0129 0.9045 -0.4262
vn 0.4264 0.9045 -0.0064
vn -0.0002 0.9082 0.4186
vn -0.4171 0.9089 0.0007
vn 0.4387 0.8986 -0.0111
vn 0.0104 0.9104 0.4136
vn -0.4263 0.9045 -0.0069
vn -0.0129 0.9045 -0.4262
vn -0.4100 0.9121 0.0010
vn 0.4460 0.8949 -0.0146
vn -0.0773 0.9485 -0.3073
vn 0.4263 0.9045 -0.0069
vn 0.0002 0.9082 0.4186
vn -0.0073 0.9045 -0.4263
vn -0.0146 0.8949 -0.4460
vn 0.4261 0.9045 -0.0150
vn 0.0010 0.9121 0.4100
vn -0.0162 0.9045 -0.4261
vn 0.4264 0.9045 -0.0063
vn -0.0000 0.9080 0.4191
vn -0.0024 0.9045 -0.4264
vn -0.0071 0.8961 -0.4439
vn 0.4262 0.9045 -0.0124
vn 0.0004 0.9110 0.4123
vn -0.0096 0.9045 -0.4263
vn -0.4264 0.9045 -0.0063
vn -0.4263 0.9045 -0.0114
vn -0.0000 0.9108 0.4129
vn 0.4263 0.9045 -0.0114
vn -0.4136 0.9104 -0.0104
vn 0.4425 0.8968 -0.0011
vn -0.4262 0.9045 -0.0124
vn 0.4262 0.9045 -0.0116
vn -0.0004 0.9110 0.4123
vn 0.4263 0.9045 -0.0096
vn -0.0481 0.9363 -0.3479
vn -0.4261 0.9045 -0.0150
vn 0.4262 0.9045 -0.0129
vn -0.0010 0.9121 0.4100
vn 0.0773 0.9485 0.3073
vn -0.1072 0.8688 -0.4833
vn 0.3850 0.9138 -0.1290
vn -0.5068 0.8526 -0.1274
vn 0.2605 0.9623 0.0776
vn 0.4261 0.9045 -0.0162
vn -0.0776 0.9623 -0.2605
vn -0.4016 0.9045 0.1435
vn -0.1499 0.9149 -0.3748
vn -0.4092 0.9125 -0.0000
vn -0.4253 0.9045 0.0303
vn 0.0146 0.9045 0.4262
vn -0.4042 0.9128 -0.0591
vn -0.4253 0.9045 -0.0303
vn -0.0177 0.9193 0.3933
vn -0.1610 0.9326 0.3230
vn -0.3152 0.9183 -0.2395
vn 0.3704 0.9252 0.0823
vn -0.1422 0.9167 0.3733
vn 0.1058 0.6927 -0.7134
vn 0.4042 0.9128 0.0591
vn 0.3179 0.9045 0.2842
vn 0.3765 0.9045 0.2001
vn -0.6935 0.6927 -0.1980
vn 0.4092 0.9125 -0.0000
vn -0.0146 0.9045 -0.4262
vn 0.4085 0.9127 -0.0065
vn -0.0285 0.9163 0.3994
vn 0.0594 0.8796 0.4720
vn -0.4154 0.9045 0.0964
vn 0.1274 0.8526 0.5068
vn -0.3831 0.9045 0.1873
vn -0.0309 0.9045 -0.4253
vn 0.1753 0.6927 0.6996
vn 0.1274 0.8526 -0.5068
vn -0.4833 0.8688 0.1072
vn -0.1290 0.9138 -0.3850
vn -0.4219 0.9001 0.1087
vn -0.0862 0.9168 -0.3900
vn -0.0000 0.9125 -0.4092
vn -0.0303 0.9045 -0.4253
vn -0.4262 0.9045 0.0146
vn -0.3704 0.9252 -0.0823
vn 0.1422 0.9167 -0.3733
vn 0.1290 0.9138 -0.3850
vn 0.0964 0.9045 -0.4154
vn -0.3934 0.8938 0.2154
vn 0.3504 0.6927 0.6304
vn -0.0531 0.8890 0.4548
vn 0.4154 0.9045 0.0964
vn 0.3850 0.9138 0.1290
vn 0.0146 0.9045 -0.4262
vn -0.0161 0.9119 0.4101
vn -0.4042 0.9128 0.0591
vn 0.0531 0.8890 0.4548
vn -0.4154 0.9045 -0.0964
vn -0.0481 0.9363 0.3479
vn -0.3179 0.9045 -0.2842
vn 0.6186 0.6927 0.3708
vn 0.0531 0.8890 -0.4548
vn -0.0467 0.9275 0.3708
vn 0.0591 0.9128 -0.4042
vn 0.0303 0.9045 -0.4253
vn 0.2842 0.9045 -0.3179
vn -0.4484 0.6927 0.5650
vn 0.4015 0.9045 -0.1435
vn -0.6708 0.6927 0.2651
vn 0.1499 0.9149 0.3748
vn 0.3900 0.9168 -0.0862
vn -0.6996 0.6927 0.1752
vn 0.3994 0.9163 0.0285
vn -0.7165 0.6927 0.0824
vn 0.3733 0.9167 0.1422
vn -0.3479 0.9363 0.0481
vn 0.4720 0.8796 -0.0594
vn 0.0964 0.9045 0.4154
vn -0.3073 0.9485 0.0773
vn 0.4833 0.8688 -0.1072
vn 0.1290 0.9138 0.3850
vn -0.5068 0.8526 0.1274
vn -0.1873 0.9045 -0.3831
vn -0.4720 0.8796 0.0594
vn -0.2605 0.9623 0.0776
vn 0.5068 0.8526 -0.1274
vn 0.1873 0.9045 0.3831
vn 0.3651 0.9034 -0.2249
vn -0.2651 0.6927 -0.6708
vn -0.3748 0.9149 0.1499
vn 0.0591 0.9128 0.4042
vn 0.4548 0.8890 -0.0531
vn -0.0886 0.9045 0.4171
vn 0.0118 0.6927 -0.7211
vn -0.0591 0.9128 0.4042
vn 0.3933 0.9193 0.0177
vn 0.3479 0.9363 0.0481
vn 0.5183 0.6927 -0.5016
vn 0.2249 0.9034 0.3651
vn 0.5793 0.6927 -0.4297
vn -0.3933 0.9193 0.0177
vn 0.4417 0.8970 -0.0173
vn 0.1873 0.9045 -0.3831
vn 0.1072 0.8688 0.4833
vn -0.3850 0.9138 0.1290
vn -0.0177 0.9193 -0.3933
vn 0.0174 0.8970 0.4417
vn 0.4253 0.9045 -0.0309
vn -0.4417 0.8970 0.0174
vn -0.2979 0.9172 -0.2648
vn 0.2872 0.9299 -0.2299
vn 0.2154 0.8938 0.3934
vn -0.3501 0.9183 0.1848
vn 0.6304 0.6927 -0.3504
vn -0.2872 0.9299 0.2299
vn 0.1181 -0.9045 0.4097
vn 0.3909 -0.9118 -0.1260
vn 0.0810 -0.8918 0.4451
vn -0.2154 -0.8938 -0.3934
vn 0.2223 -0.9057 0.3610
vn -0.5793 -0.6927 0.4297
vn -0.0376 -0.9045 -0.4247
vn -0.4289 -0.9027 0.0346
vn -0.0000 -0.8923 -0.4515
vn 0.1757 -0.8901 -0.4206
vn -0.4064 -0.8735 -0.2681
vn 0.3051 -0.9250 0.2263
vn 0.3230 -0.9326 0.1610
vn -0.4415 -0.8793 -0.1787
vn -0.2001 -0.9045 0.3765
vn 0.3459 -0.9278 0.1400
vn 0.1980 -0.6927 -0.6935
vn 0.0309 -0.9045 0.4253
vn 0.4212 -0.9064 -0.0339
vn -0.4126 -0.9089 0.0604
vn 0.4219 -0.9001 -0.1087
vn -0.3909 -0.9118 0.1260
vn 0.1435 -0.9045 0.4015
vn 0.0810 -0.8918 -0.4451
vn -0.4460 -0.8823 -0.1504
vn 0.0886 -0.9045 -0.4171
vn -0.3914 -0.9184 -0.0587
vn 0.0285 -0.9163 -0.3994
vn -0.2802 -0.8825 0.3778
vn 0.2648 -0.9172 -0.2979
vn 0.2249 -0.9481 0.2249
vn 0.3934 -0.8938 -0.2154
vn -0.3610 -0.9057 0.2223
vn -0.4297 -0.6927 -0.5793
vn -0.5650 -0.6927 -0.4484
vn 0.3152 -0.9183 0.2395
vn 0.1610 -0.9326 -0.3230
vn -0.6617 -0.6927 -0.2869
vn -0.4515 -0.8923 -0.0000
vn -0.0386 -0.8961 0.4422
vn 0.0587 -0.9184 -0.3914
vn 0.4171 -0.9045 0.0886
vn 0.3994 -0.9163 0.0285
vn -0.4206 -0.8901 0.1757
vn 0.1499 -0.9149 0.3748
vn -0.4097 -0.9045 0.1181
vn -0.3765 -0.9045 -0.2001
vn -0.1400 -0.9278 0.3459
vn 0.6935 -0.6927 0.1980
vn -0.4253 -0.9045 0.0309
vn 0.0339 -0.9064 0.4212
vn -0.0604 -0.9089 -0.4126
vn 0.0065 -0.9127 0.4085
vn -0.0346 -0.9027 -0.4289
vn -0.2249 -0.9034 -0.3651
vn 0.2620 -0.8913 0.3699
vn -0.5183 -0.6927 0.5016
vn 0.2249 -0.9481 -0.2249
vn 0.2395 -0.9183 -0.3152
vn -0.3230 -0.9326 -0.1610
vn -0.2869 -0.6927 0.6617
vn 0.2001 -0.9045 -0.3765
vn -0.3459 -0.9278 -0.1400
vn -0.1980 -0.6927 0.6935
vn -0.4085 -0.9127 0.0065
vn -0.0309 -0.9045 -0.4253
vn -0.1435 -0.9045 -0.4015
vn -0.4205 -0.8971 0.1356
vn 0.3748 -0.9149 -0.1499
vn -0.4422 -0.8961 -0.0386
vn 0.3914 -0.9184 0.0587
vn 0.1260 -0.9118 0.3909
vn -0.4451 -0.8918 0.0810
vn 0.0604 -0.9089 0.4126
vn -0.0339 -0.9064 -0.4212
vn -0.3651 -0.9034 0.2249
vn 0.3699 -0.8913 -0.2620
vn 0.5016 -0.6927 0.5183
vn -0.2648 -0.9172 0.2979
vn 0.2802 -0.8825 -0.3778
vn 0.5650 -0.6927 0.4484
vn 0.4206 -0.8901 0.1757
vn 0.2681 -0.8735 -0.4064
vn -0.2263 -0.9250 0.3051
vn -0.3733 -0.9167 -0.1422
vn -0.0823 -0.9252 0.3704
vn 0.7134 -0.6927 0.1058
vn -0.4171 -0.9045 -0.0886
vn -0.0587 -0.9184 0.3914
vn -0.3994 -0.9163 -0.0285
vn -0.3900 -0.9168 0.0862
vn 0.1087 -0.9001 0.4219
vn -0.4015 -0.9045 0.1435
vn 0.3708 -0.6927 -0.6186
vn 0.0073 -0.9045 -0.4263
vn -0.4171 -0.9089 0.0007
vn 0.4387 -0.8986 -0.0111
vn -0.0000 -0.9045 -0.4264
vn -0.4264 -0.9045 -0.0000
vn 0.4262 -0.9045 -0.0116
vn -0.0000 -0.8982 -0.4396
vn -0.0052 -0.9095 0.4157
vn -0.0104 -0.9104 0.4136
vn -0.4460 -0.8949 -0.0146
vn 0.4100 -0.9121 0.0010
vn -0.0000 -0.9045 0.4264
vn 0.4264 -0.9045 -0.0073
vn 0.0020 -0.9045 -0.4264
vn -0.4239 -0.9057 0.0001
vn 0.4314 -0.9022 -0.0044
vn -0.0000 -0.9068 0.4217
vn -0.0042 -0.9069 0.4214
vn 0.4263 -0.9045 -0.0086
vn -0.0088 -0.9074 0.4202
vn 0.4264 -0.9045 -0.0032
vn -0.4129 -0.9108 -0.0000
vn 0.0063 -0.9045 -0.4264
vn -0.4191 -0.9080 -0.0000
vn 0.4264 -0.9045 0.0024
vn 0.4264 -0.9045 -0.0020
vn 0.4287 -0.9034 -0.0000
vn 0.4264 -0.9045 -0.0022
vn -0.0041 -0.9045 0.4264
vn 0.4264 -0.9045 -0.0028
vn -0.0086 -0.9045 0.4263
vn -0.4433 -0.8964 -0.0000
vn 0.4129 -0.9108 -0.0000
vn -0.4264 -0.9045 0.0032
vn -0.4186 -0.9082 -0.0002
vn 0.4369 -0.8995 0.0052
vn 0.0007 -0.9001 0.4356
vn 0.4264 -0.9045 0.0021
vn 0.0044 -0.9022 0.4314
vn -0.0022 -0.9045 -0.4264
vn -0.4289 -0.9034 0.0001
vn 0.4264 -0.9045 0.0041
vn 0.4264 -0.9045 0.0022
vn -0.0064 -0.9045 0.4264
vn 0.4264 -0.9045 0.0028
vn -0.0116 -0.9045 0.4262
vn 0.4123 -0.9110 -0.0004
vn 0.0467 -0.9275 0.3708
vn -0.4439 -0.8961 0.0071
vn -0.4136 -0.9104 0.0104
vn 0.4425 -0.8968 0.0011
vn 0.0028 -0.9045 -0.4264
vn -0.4234 -0.9060 -0.0002
vn 0.0004 -0.8979 0.4403
vn 0.4264 -0.9045 0.0063
vn -0.0086 -0.9045 -0.4263
vn -0.4356 -0.9001 0.0007
vn 0.4202 -0.9074 0.0088
vn 0.4263 -0.9045 0.0086
vn -0.0129 -0.9045 0.4262
vn 0.4261 -0.9045 0.0162
vn -0.0776 -0.9623 0.2605
vn 0.0146 -0.8949 0.4460
vn 0.4263 -0.9045 0.0114
vn 0.0004 -0.9110 -0.4123
vn -0.4262 -0.9045 0.0116
vn 0.4264 -0.9045 -0.0000
vn 0.4262 -0.9045 0.0124
vn 0.0776 -0.9623 0.2605
vn -0.4261 -0.9045 0.0162
vn 0.0010 -0.9121 -0.4100
vn -0.4262 -0.9045 0.0129
vn -0.0111 -0.8986 0.4387
vn -0.4263 -0.9045 0.0073
vn 0.0481 -0.9363 0.3479
vn -0.4263 -0.9045 0.0096
vn 0.4261 -0.9045 0.0150
vn -0.0052 -0.9095 -0.4157
vn -0.4323 -0.9017 0.0093
vn 0.4234 -0.9059 -0.0002
vn 0.4136 -0.9104 0.0104
vn -0.4425 -0.8968 0.0011
vn -0.0000 -0.9108 -0.4129
vn -0.4263 -0.9045 0.0114
vn -0.0000 -0.9080 -0.4191
vn -0.4264 -0.9045 0.0063
vn 0.0024 -0.9045 0.4264
vn -0.0104 -0.9104 -0.4136
vn -0.4387 -0.8986 0.0111
vn 0.4171 -0.9089 -0.0007
vn -0.0004 -0.9110 -0.4123
vn -0.4262 -0.9045 0.0124
vn 0.0096 -0.9045 0.4263
vn 0.0052 -0.9095 -0.4157
vn -0.4202 -0.9074 0.0088
vn -0.0028 -0.9045 -0.4264
vn -0.4294 -0.9031 0.0002
vn 0.0071 -0.8961 0.4439
vn 0.0052 -0.8995 0.4369
vn -0.0000 -0.9092 -0.4163
vn -0.4263 -0.9045 0.0086
vn -0.4261 -0.9045 0.0150
vn 0.0162 -0.9045 0.4261
vn 0.4263 -0.9045 0.0073
vn 0.0111 -0.8986 0.4387
vn 0.0086 -0.9045 -0.4263
vn -0.4171 -0.9089 -0.0007
vn 0.0011 -0.8968 0.4425
vn 0.4100 -0.9121 -0.0010
vn 0.0773 -0.9485 0.3073
vn -0.4460 -0.8949 0.0146
vn 0.0177 -0.9193 0.3933
vn 0.4263 -0.9045 0.0096
vn -0.0481 -0.9363 0.3479
vn 0.0002 -0.9082 -0.4186
vn -0.4264 -0.9045 0.0064
vn -0.0044 -0.9022 0.4314
vn -0.4264 -0.9045 0.0020
vn -0.0093 -0.9017 0.4323
vn -0.4264 -0.9045 0.0024
vn 0.4263 -0.9045 0.0069
vn -0.0000 -0.9068 -0.4217
vn -0.4264 -0.9045 0.0041
vn 0.4214 -0.9069 0.0042
vn -0.4341 -0.9009 0.0003
vn -0.4263 -0.9045 0.0069
vn 0.0073 -0.9045 0.4264
vn -0.4264 -0.9045 0.0022
vn 0.0064 -0.9045 0.4264
vn -0.0042 -0.9069 -0.4213
vn -0.4314 -0.9022 0.0044
vn 0.4239 -0.9057 -0.0001
vn 0.0129 -0.9045 0.4262
vn -0.4157 -0.9095 0.0052
vn 0.4403 -0.8979 0.0004
vn 0.0022 -0.9045 -0.4264
vn -0.4239 -0.9057 -0.0001
vn 0.0003 -0.9009 0.4341
vn -0.4100 -0.9121 -0.0010
vn 0.4460 -0.8949 0.0146
vn -0.0773 -0.9485 0.3073
vn 0.0094 -0.9017 0.4323
vn -0.4213 -0.9069 0.0042
vn 0.4341 -0.9009 0.0003
vn 0.4157 -0.9095 0.0052
vn -0.4403 -0.8979 0.0004
vn 0.0161 -0.9119 -0.4101
vn -0.4264 -0.9045 -0.0032
vn 0.4439 -0.8961 0.0071
vn 0.4186 -0.9082 -0.0002
vn -0.0007 -0.9001 0.4356
vn -0.4369 -0.8995 0.0052
vn -0.4364 -0.8998 -0.0000
vn 0.4191 -0.9080 -0.0000
vn -0.0002 -0.9031 0.4294
vn -0.4264 -0.9045 -0.0024
vn -0.0063 -0.9045 0.4264
vn 0.0021 -0.9045 0.4264
vn 0.4241 -0.9056 -0.0000
vn -0.0001 -0.9034 0.4289
vn -0.4311 -0.9023 -0.0000
vn -0.4264 -0.9045 -0.0021
vn -0.0020 -0.9045 0.4264
vn 0.4264 -0.9045 0.0020
vn -0.4287 -0.9034 -0.0000
vn -0.4264 -0.9045 0.0028
vn 0.0116 -0.9045 0.4262
vn -0.4163 -0.9092 -0.0000
vn 0.0041 -0.9045 0.4264
vn -0.4264 -0.9045 -0.0022
vn -0.4123 -0.9110 -0.0004
vn -0.0467 -0.9275 0.3708
vn 0.4264 -0.9045 -0.0024
vn 0.0063 -0.9045 0.4264
vn -0.4217 -0.9068 -0.0000
vn 0.4337 -0.9011 -0.0000
vn -0.4396 -0.8982 -0.0000
vn 0.4163 -0.9092 -0.0000
vn -0.4439 -0.8961 -0.0071
vn 0.4123 -0.9110 0.0004
vn -0.4263 -0.9045 -0.0096
vn -0.0124 -0.9045 0.4262
vn 0.4217 -0.9068 -0.0000
vn -0.4337 -0.9011 -0.0000
vn -0.4369 -0.8995 -0.0052
vn 0.4186 -0.9082 0.0002
vn -0.4263 -0.9045 -0.0073
vn -0.0069 -0.9045 0.4263
vn -0.0000 -0.9034 -0.4287
vn -0.4264 -0.9045 -0.0020
vn -0.0000 -0.9011 -0.4337
vn -0.4264 -0.9045 -0.0063
vn -0.0003 -0.9009 -0.4341
vn -0.4264 -0.9045 -0.0064
vn -0.0022 -0.9045 0.4264
vn -0.4241 -0.9056 -0.0000
vn 0.4311 -0.9023 -0.0000
vn 0.0001 -0.9034 0.4289
vn 0.4341 -0.9009 -0.0003
vn -0.0001 -0.9057 0.4239
vn -0.4214 -0.9069 -0.0043
vn -0.0020 -0.9045 -0.4264
vn -0.4289 -0.9034 -0.0001
vn -0.0000 -0.9056 0.4241
vn 0.0086 -0.9045 0.4263
vn -0.4264 -0.9045 -0.0028
vn 0.0088 -0.9074 0.4202
vn -0.4263 -0.9045 -0.0086
vn -0.0000 -0.9023 -0.4311
vn -0.4264 -0.9045 -0.0041
vn 0.4289 -0.9034 -0.0001
vn 0.0114 -0.9045 -0.4263
vn 0.4403 -0.8979 -0.0004
vn -0.0002 -0.9059 0.4234
vn -0.4157 -0.9095 -0.0052
vn 0.4369 -0.8995 -0.0052
vn -0.4186 -0.9082 0.0002
vn -0.4403 -0.8979 -0.0004
vn 0.4157 -0.9095 -0.0052
vn 0.0002 -0.9059 0.4234
vn -0.4261 -0.9045 -0.0162
vn -0.0150 -0.9045 0.4261
vn 0.4263 -0.9045 -0.0096
vn 0.0124 -0.9045 0.4262
vn -0.4341 -0.9009 -0.0003
vn 0.4213 -0.9069 -0.0042
vn 0.0001 -0.9057 0.4239
vn -0.0111 -0.8986 -0.4387
vn -0.4387 -0.8986 -0.0111
vn -0.0011 -0.8968 -0.4425
vn -0.4262 -0.9045 -0.0129
vn -0.0044 -0.9022 -0.4314
vn -0.4314 -0.9022 -0.0044
vn -0.0052 -0.8995 -0.4369
vn -0.4323 -0.9017 -0.0094
vn -0.0004 -0.8979 -0.4403
vn -0.4262 -0.9045 -0.0116
vn -0.0028 -0.9045 0.4264
vn 0.0003 -0.9009 -0.4341
vn -0.4264 -0.9045 -0.0069
vn 0.0004 -0.8979 -0.4403
vn -0.4262 -0.9045 -0.0124
vn -0.4263 -0.9045 -0.0114
vn 0.4264 -0.9045 -0.0064
vn 0.4425 -0.8968 -0.0011
vn -0.0007 -0.9089 0.4171
vn -0.4136 -0.9104 -0.0104
vn 0.0024 -0.9045 -0.4264
vn -0.4234 -0.9059 0.0002
vn 0.4323 -0.9017 -0.0094
vn 0.4439 -0.8961 -0.0071
vn -0.4123 -0.9110 0.0004
vn 0.4262 -0.9045 -0.0129
vn 0.0052 -0.8995 -0.4369
vn -0.4202 -0.9074 -0.0088
vn 0.4356 -0.9001 -0.0007
vn -0.4425 -0.8968 -0.0011
vn 0.4136 -0.9104 -0.0104
vn 0.0007 -0.9089 0.4171
vn 0.0776 -0.9623 -0.2605
vn -0.2605 -0.9623 0.0776
vn 0.4261 -0.9045 -0.0162
vn -0.0073 -0.9045 -0.4263
vn -0.4356 -0.9001 -0.0007
vn 0.0002 -0.9082 0.4186
vn -0.0146 -0.8949 -0.4460
vn -0.3479 -0.9363 0.0481
vn -0.0162 -0.9045 -0.4261
vn -0.3073 -0.9485 0.0773
vn 0.0010 -0.9121 0.4100
vn -0.0024 -0.9045 -0.4264
vn 0.4264 -0.9045 -0.0063
vn -0.0071 -0.8961 -0.4439
vn 0.0004 -0.9110 0.4123
vn -0.0096 -0.9045 -0.4263
vn -0.3708 -0.9275 0.0467
vn -0.0000 -0.8998 -0.4364
vn 0.4294 -0.9031 -0.0002
vn -0.0000 -0.8964 -0.4433
vn -0.4262 -0.9045 -0.0146
vn 0.4101 -0.9119 0.0161
vn -0.0032 -0.9045 -0.4264
vn -0.4101 -0.9119 0.0161
vn 0.0011 -0.8968 -0.4425
vn -0.4261 -0.9045 -0.0150
vn 0.0071 -0.8961 -0.4439
vn -0.4548 -0.8890 -0.0531
vn 0.3708 -0.9275 0.0467
vn 0.0032 -0.9045 -0.4264
vn -0.4417 -0.8970 -0.0174
vn 0.3933 -0.9193 0.0177
vn 0.4460 -0.8949 -0.0146
vn -0.4100 -0.9121 0.0010
vn 0.0146 -0.8949 -0.4460
vn -0.4833 -0.8688 -0.1072
vn 0.3073 -0.9485 0.0773
vn 0.0096 -0.9045 -0.4263
vn -0.4720 -0.8796 -0.0594
vn 0.3479 -0.9363 0.0481
vn 0.3831 -0.9045 -0.1873
vn -0.3642 -0.9045 0.2218
vn 0.3850 -0.9138 -0.1290
vn -0.3778 -0.8825 -0.2802
vn 0.2979 -0.9172 0.2648
vn -0.2249 -0.9481 0.2249
vn 0.0162 -0.9045 -0.4261
vn -0.5068 -0.8526 -0.1274
vn 0.2605 -0.9623 0.0776
vn 0.1356 -0.8971 0.4205
vn -0.1499 -0.9149 -0.3748
vn 0.4247 -0.9045 -0.0376
vn 0.4515 -0.8923 -0.0000
vn 0.4247 -0.9045 0.0376
vn 0.0676 -0.8900 -0.4509
vn 0.4451 -0.8918 0.0810
vn -0.1610 -0.9326 0.3230
vn 0.1787 -0.8793 -0.4415
vn 0.3704 -0.9252 0.0823
vn -0.4509 -0.8900 -0.0676
vn -0.0886 -0.9045 0.4171
vn -0.4247 -0.9045 -0.0376
vn -0.0676 -0.8900 0.4509
vn -0.4451 -0.8918 -0.0810
vn 0.2263 -0.9250 -0.3051
vn -0.2681 -0.8735 0.4064
vn -0.6186 -0.6927 -0.3708
vn 0.3765 -0.9045 0.2001
vn 0.1400 -0.9278 -0.3459
vn -0.6935 -0.6927 -0.1980
vn -0.4247 -0.9045 0.0376
vn 0.0346 -0.9027 0.4289
vn 0.4085 -0.9127 -0.0065
vn 0.4206 -0.8901 -0.1757
vn 0.4097 -0.9045 -0.1181
vn 0.2249 -0.9034 0.3651
vn -0.2620 -0.8913 -0.3699
vn -0.4212 -0.9064 0.0339
vn 0.4126 -0.9089 -0.0604
vn -0.2249 -0.9481 -0.2249
vn -0.1873 -0.9045 -0.3831
vn 0.2218 -0.9045 0.3642
vn -0.1290 -0.9138 -0.3850
vn -0.4219 -0.9001 0.1087
vn 0.0376 -0.9045 0.4247
vn 0.4289 -0.9027 -0.0346
vn -0.0000 -0.8923 0.4515
vn -0.3704 -0.9252 -0.0823
vn 0.4509 -0.8900 0.0676
vn -0.1181 -0.9045 0.4097
vn 0.4415 -0.8793 0.1787
vn -0.3934 -0.8938 0.2154
vn 0.3610 -0.9057 -0.2223
vn 0.4297 -0.6927 0.5793
vn -0.1504 -0.8823 0.4460
vn -0.4206 -0.8901 -0.1757
vn 0.0386 -0.8961 -0.4422
vn -0.1260 -0.9118 -0.3909
vn 0.4451 -0.8918 -0.0810
vn 0.4097 -0.9045 0.1181
vn 0.6186 -0.6927 0.3708
vn 0.1504 -0.8823 -0.4460
vn -0.0376 -0.9045 0.4247
vn -0.0810 -0.8918 0.4451
vn -0.3051 -0.9250 -0.2263
vn 0.4064 -0.8735 0.2681
vn -0.3708 -0.6927 0.6186
vn 0.4015 -0.9045 -0.1435
vn -0.1356 -0.8971 -0.4205
vn 0.3900 -0.9168 -0.0862
vn -0.1087 -0.9001 -0.4219
vn -0.0065 -0.9127 -0.4085
vn 0.4253 -0.9045 -0.0309
vn 0.3733 -0.9167 0.1422
vn 0.0823 -0.9252 -0.3704
vn -0.7134 -0.6927 -0.1058
vn -0.4097 -0.9045 -0.1181
vn -0.1787 -0.8793 0.4415
vn 0.4422 -0.8961 0.0386
vn -0.1757 -0.8901 -0.4206
vn -0.3748 -0.9149 0.1499
vn -0.1181 -0.9045 -0.4097
vn 0.1873 -0.9045 0.3831
vn -0.2218 -0.9045 -0.3642
vn 0.1290 -0.9138 0.3850
vn 0.1757 -0.8901 0.4206
vn 0.3651 -0.9034 -0.2249
vn -0.3699 -0.8913 0.2620
vn 0.4460 -0.8823 0.1504
vn -0.5016 -0.6927 -0.5183
vn 0.4205 -0.8971 -0.1356
vn -0.0810 -0.8918 -0.4451
vn -0.0285 -0.9163 0.3994
vn 0.0376 -0.9045 -0.4247
vn 0.1181 -0.9045 -0.4097
vn 0.5183 -0.6927 -0.5016
vn 0.3778 -0.8825 0.2802
vn -0.2979 -0.9172 -0.2648
vn -0.1757 -0.8901 0.4206
vn -0.3831 -0.9045 0.1873
vn 0.3642 -0.9045 -0.2218
vn -0.3850 -0.9138 0.1290
vn -0.4484 -0.6927 0.5650
vn 0.2154 -0.8938 0.3934
vn -0.2223 -0.9057 -0.3610
vn 0.5793 -0.6927 -0.4297
vn 0.4484 -0.6927 -0.5650
vn -0.0118 -0.6927 0.7211
vn 0.3504 -0.6927 0.6304
vn 0.6996 -0.6927 -0.1752
vn -0.3504 -0.6927 -0.6304
vn -0.6996 -0.6927 0.1752
vn -0.6304 -0.6927 0.3504
vn 0.0118 -0.6927 -0.7211
vn 0.6304 -0.6927 -0.3504
vn -0.7211 -0.6927 -0.0118
vn 0.0824 -0.6927 0.7165
vn 0.1752 -0.6927 0.6996
vn 0.7211 -0.6927 0.0118
vn -0.1752 -0.6927 -0.6996
vn -0.1058 -0.6927 0.7134
vn 0.2651 -0.6927 0.6708
vn 0.7165 -0.6927 -0.0824
vn -0.2651 -0.6927 -0.6708
vn -0.7165 -0.6927 0.0824
vn 0.6617 -0.6927 0.2869
vn -0.6708 -0.6927 0.2651
vn 0.1058 -0.6927 -0.7134
vn 0.6708 -0.6927 -0.2651
vn 0.2869 -0.6927 -0.6617
vn -0.0824 -0.6927 -0.7165
vn 0.3400 0.8768 -0.3400
vn 0.2979 0.9172 0.2648
vn -0.2620 0.8913 -0.3699
vn 0.3400 -0.8768 -0.3400
vn -0.2872 -0.9299 0.2299
vn -0.4064 0.8735 -0.2681
vn -0.2395 -0.9183 0.3152
vn 0.1757 0.8901 -0.4206
vn -0.4460 0.8823 -0.1504
vn 0.0810 0.8918 -0.4451
vn -0.1422 -0.9167 0.3733
vn -0.4422 0.8961 -0.0386
vn -0.0000 0.8923 -0.4515
vn -0.4126 0.9089 0.0604
vn 0.0862 -0.9168 0.3900
vn -0.0810 0.8918 -0.4451
vn -0.1757 0.8901 -0.4206
vn 0.1848 -0.9183 0.3501
vn 0.1848 0.9183 0.3501
vn -0.3699 0.8913 0.2620
vn -0.3400 -0.8768 -0.3400
vn -0.3400 0.8768 -0.3400
vn 0.2299 -0.9299 0.2872
vn 0.2648 0.9172 -0.2979
vn -0.2681 0.8735 0.4064
vn 0.1610 0.9326 -0.3230
vn -0.4206 0.8901 -0.1757
vn -0.1504 0.8823 0.4460
vn 0.0823 0.9252 -0.3704
vn -0.4451 0.8918 -0.0810
vn -0.0386 0.8961 0.4422
vn -0.0065 0.9127 -0.4085
vn -0.4515 0.8923 -0.0000
vn 0.0604 0.9089 0.4126
vn -0.1087 0.9001 -0.4219
vn -0.4451 0.8918 0.0810
vn -0.4206 0.8901 0.1757
vn 0.3501 -0.9183 -0.1848
vn 0.3501 0.9183 -0.1848
vn 0.2620 0.8913 0.3699
vn -0.3400 -0.8768 0.3400
vn -0.3400 0.8768 0.3400
vn 0.2872 -0.9299 -0.2299
vn 0.4064 0.8735 0.2681
vn -0.3230 0.9326 -0.1610
vn -0.1757 0.8901 0.4206
vn 0.4460 0.8823 0.1504
vn 0.1422 -0.9167 -0.3733
vn -0.0810 0.8918 0.4451
vn 0.4422 0.8961 0.0386
vn -0.4085 0.9127 0.0065
vn -0.0000 0.8923 0.4515
vn 0.4126 0.9089 -0.0604
vn -0.0862 -0.9168 -0.3900
vn 0.0810 0.8918 0.4451
vn 0.1757 0.8901 0.4206
vn -0.1848 -0.9183 -0.3501
vn -0.1848 0.9183 -0.3501
vn 0.3699 0.8913 -0.2620
vn -0.2299 -0.9299 -0.2872
vn -0.2648 0.9172 0.2979
vn 0.3400 0.8768 0.3400
vn 0.3400 -0.8768 0.3400
vn 0.2681 0.8735 -0.4064
vn -0.3152 -0.9183 -0.2395
vn 0.4206 0.8901 0.1757
vn 0.1504 0.8823 -0.4460
vn -0.0823 0.9252 0.3704
vn 0.4451 0.8918 0.0810
vn 0.0386 0.8961 -0.4422
vn 0.4515 0.8923 -0.0000
vn -0.0604 0.9089 -0.4126
vn 0.4451 0.8918 -0.0810
vn 0.1087 0.9001 0.4219
vn 0.4206 0.8901 -0.1757
vn -0.3501 -0.9183 0.1848
vn -0.2249 0.9481 0.2249
vn -0.0776 -0.9623 -0.2605
vn -0.4833 0.8688 -0.1072
vn -0.1290 -0.9138 0.3850
vn 0.0146 0.8949 -0.4460
vn 0.0071 0.8961 -0.4439
vn -0.0591 -0.9128 0.4042
vn -0.0000 0.8964 -0.4433
vn -0.0000 -0.9125 0.4092
vn 0.4262 -0.9045 -0.0146
vn -0.3933 -0.9193 0.0177
vn 0.0591 -0.9128 0.4042
vn 0.4548 -0.8890 -0.0531
vn 0.4833 -0.8689 -0.1072
vn 0.2249 0.9481 0.2249
vn 0.1072 -0.8689 0.4833
vn -0.0481 -0.9363 -0.3479
vn 0.0104 -0.9104 0.4136
vn 0.0111 -0.8986 -0.4387
vn 0.0052 0.8995 -0.4369
vn 0.0052 -0.9095 0.4157
vn -0.0000 0.8998 -0.4364
vn -0.0000 -0.9092 0.4163
vn -0.4323 0.9017 -0.0094
vn 0.4202 -0.9074 -0.0088
vn -0.4387 0.8986 -0.0111
vn -0.1072 0.8688 0.4833
vn 0.3850 -0.9138 0.1290
vn -0.1072 -0.8688 0.4833
vn 0.0481 -0.9363 -0.3479
vn -0.4042 -0.9128 0.0591
vn 0.0531 -0.8890 0.4548
vn -0.0177 -0.9193 -0.3933
vn 0.0093 -0.9017 -0.4323
vn 0.0088 0.9074 0.4202
vn 0.0043 -0.9069 0.4214
vn 0.0044 -0.9022 -0.4314
vn -0.0000 0.9023 -0.4311
vn 0.4264 -0.9045 -0.0041
vn -0.4314 0.9022 -0.0044
vn -0.0094 -0.9017 -0.4323
vn -0.0088 0.9074 0.4202
vn 0.0177 -0.9193 -0.3933
vn -0.0531 -0.8890 0.4548
vn 0.4042 -0.9128 0.0591
vn 0.0146 -0.9045 0.4262
vn 0.4433 -0.8964 -0.0000
vn 0.0146 -0.9045 -0.4262
vn -0.4092 -0.9125 -0.0000
vn 0.4364 0.8998 -0.0000
vn 0.4364 -0.8998 -0.0000
vn 0.0041 -0.9045 -0.4264
vn 0.0041 0.9045 0.4264
vn -0.0041 -0.9045 -0.4264
vn -0.0041 0.9045 0.4264
vn -0.0146 -0.9045 0.4262
vn 0.4092 -0.9125 -0.0000
vn -0.0146 -0.9045 -0.4262
vn -0.0177 -0.9193 0.3933
vn 0.0531 -0.8890 -0.4548
vn -0.4042 -0.9128 -0.0591
vn 0.0094 0.9017 0.4323
vn 0.0088 -0.9074 -0.4202
vn 0.0042 -0.9069 -0.4214
vn 0.4314 -0.9022 0.0044
vn -0.0000 -0.9023 0.4311
vn -0.4264 0.9045 0.0041
vn -0.0042 0.9069 -0.4213
vn -0.0044 0.9022 0.4314
vn -0.0088 -0.9074 -0.4202
vn -0.0093 0.9017 0.4323
vn 0.4042 -0.9128 -0.0591
vn -0.0531 -0.8890 -0.4548
vn 0.1072 0.8688 -0.4833
vn -0.3850 -0.9138 -0.1290
vn 0.1072 -0.8688 -0.4833
vn 0.4387 -0.8986 0.0111
vn 0.0104 -0.9104 -0.4136
vn 0.4323 -0.9017 0.0093
vn -0.4202 0.9074 0.0088
vn -0.0000 0.9092 -0.4163
vn -0.0000 -0.8998 0.4364
vn -0.0052 -0.8995 0.4369
vn -0.0052 0.9095 -0.4157
vn -0.0104 0.9104 -0.4136
vn -0.0111 0.8986 0.4387
vn -0.1072 -0.8689 -0.4833
vn -0.2249 0.9481 -0.2249
vn 0.2605 -0.9623 -0.0776
vn -0.4833 -0.8689 0.1072
vn 0.3479 -0.9363 -0.0481
vn 0.3933 -0.9193 -0.0177
vn -0.0591 -0.9128 -0.4042
vn -0.4548 -0.8890 0.0531
vn -0.0000 -0.8964 0.4433
vn 0.4262 -0.9045 0.0146
vn -0.0000 -0.9125 -0.4092
vn -0.4262 -0.9045 0.0146
vn 0.0591 -0.9128 -0.4042
vn -0.3933 -0.9193 -0.0177
vn -0.0071 -0.8961 0.4439
vn 0.4548 -0.8890 0.0531
vn -0.0146 -0.8949 0.4460
vn 0.1290 -0.9138 -0.3850
vn 0.4833 -0.8688 0.1072
vn -0.3479 -0.9363 -0.0481
vn 0.2249 0.9481 -0.2249
vn -0.2605 -0.9623 -0.0776
vn -0.4247 0.9045 -0.0376
vn 0.0587 0.9184 -0.3914
vn -0.0676 0.8900 0.4509
vn 0.0124 0.9045 0.4262
vn 0.0116 -0.9045 -0.4262
vn 0.0011 0.8968 -0.4425
vn -0.0010 -0.9121 0.4100
vn -0.4205 0.8971 0.1356
vn 0.3909 0.9118 -0.1260
vn 0.1181 0.9045 0.4097
vn 0.4253 -0.9045 0.0303
vn -0.0174 0.8970 0.4417
vn -0.0174 -0.8970 0.4417
vn 0.0010 0.9121 -0.4100
vn -0.0011 -0.8968 0.4425
vn -0.2218 0.9045 -0.3642
vn -0.3610 0.9057 0.2223
vn 0.2254 -0.9045 0.3620
vn 0.2254 0.9045 0.3620
vn 0.0002 0.9082 -0.4186
vn -0.0003 -0.9009 0.4341
vn -0.0000 -0.9056 -0.4241
vn -0.0000 -0.9034 0.4287
vn 0.3073 -0.9485 -0.0773
vn -0.5068 -0.8526 0.1274
vn 0.1274 -0.8526 -0.5068
vn -0.3831 -0.9045 -0.1873
vn -0.0114 -0.9045 0.4263
vn -0.0114 0.9045 0.4263
vn -0.0114 0.9045 -0.4263
vn -0.0114 -0.9045 -0.4263
vn 0.0003 0.9009 -0.4341
vn -0.0002 -0.9082 0.4186
vn 0.0303 -0.9045 0.4253
vn -0.0032 0.9045 -0.4264
vn 0.4417 -0.8970 -0.0173
vn -0.4101 0.9119 0.0161
vn -0.0124 0.9045 0.4262
vn -0.0116 -0.9045 -0.4262
vn 0.1400 0.9278 -0.3459
vn -0.1787 0.8793 0.4415
vn -0.4097 0.9045 -0.1181
vn 0.4171 -0.9089 0.0007
vn -0.4356 0.9001 -0.0007
vn 0.4253 -0.9045 -0.0303
vn -0.0174 -0.8970 -0.4417
vn 0.0161 0.9119 0.4101
vn 0.0161 -0.9119 0.4101
vn 0.1356 0.8971 0.4205
vn 0.4097 0.9045 -0.1181
vn -0.1260 0.9118 -0.3909
vn 0.3831 -0.9045 0.1873
vn -0.4261 0.9045 -0.0162
vn 0.0773 -0.9485 -0.3073
vn -0.1274 -0.8526 0.5068
vn -0.0000 0.9034 -0.4287
vn 0.4294 -0.9031 0.0002
vn -0.4234 0.9059 -0.0002
vn 0.4417 -0.8970 0.0174
vn 0.0303 -0.9045 -0.4253
vn -0.4101 -0.9119 -0.0161
vn -0.0032 -0.9045 0.4264
vn 0.0064 0.9045 0.4264
vn 0.0069 -0.9045 -0.4264
vn -0.4263 0.9045 0.0114
vn -0.0000 0.9108 -0.4129
vn -0.0000 -0.8982 0.4396
vn 0.1181 0.9045 -0.4097
vn 0.3459 0.9278 0.1400
vn -0.4415 0.8793 -0.1787
vn -0.0161 -0.9119 -0.4101
vn -0.0161 0.9119 -0.4101
vn -0.4253 -0.9045 0.0303
vn 0.0174 -0.8970 0.4417
vn -0.3642 0.9045 0.2218
vn 0.2223 0.9057 0.3610
vn 0.3620 -0.9045 -0.2254
vn 0.3620 0.9045 -0.2254
vn -0.1873 -0.9045 0.3831
vn 0.0162 0.9045 -0.4261
vn 0.0073 0.9045 -0.4263
vn -0.1356 0.8971 -0.4205
vn -0.4097 0.9045 0.1181
vn 0.1260 0.9118 0.3909
vn 0.0022 -0.9045 0.4264
vn -0.4263 0.9045 0.0069
vn -0.0002 -0.9082 -0.4186
vn 0.4264 -0.9045 0.0064
vn -0.0129 0.9045 0.4262
vn -0.0150 0.9045 -0.4261
vn -0.0150 -0.9045 -0.4261
vn -0.0064 0.9045 0.4264
vn -0.0069 0.9045 -0.4263
vn -0.0069 -0.9045 -0.4263
vn -0.4262 0.9045 0.0124
vn 0.4262 -0.9045 0.0116
vn -0.4287 0.9034 -0.0000
vn 0.3051 0.9250 0.2263
vn -0.2842 -0.9045 0.3179
vn 0.2218 0.9045 -0.3642
vn 0.2218 -0.9045 -0.3642
vn -0.3778 0.8825 -0.2802
vn -0.0002 -0.9059 -0.4234
vn 0.0002 0.9031 0.4294
vn 0.0002 -0.9031 0.4294
vn -0.0467 -0.9275 -0.3708
vn -0.4154 -0.9045 0.0964
vn 0.0594 -0.8796 0.4720
vn 0.0002 -0.9031 -0.4294
vn 0.0002 0.9031 -0.4294
vn -0.0002 0.9059 0.4234
vn -0.0964 -0.9045 0.4154
vn 0.0096 0.9045 -0.4263
vn -0.4720 0.8796 -0.0594
vn 0.4239 -0.9057 0.0001
vn -0.4289 0.9034 -0.0001
vn 0.0028 -0.9045 0.4264
vn 0.0024 0.9045 -0.4264
vn -0.4212 0.9064 0.0339
vn 0.0376 0.9045 0.4247
vn 0.4289 0.9027 -0.0346
vn -0.0007 -0.9089 -0.4171
vn 0.0007 0.9001 0.4356
vn -0.0587 0.9184 0.3914
vn 0.4247 0.9045 0.0376
vn 0.0676 0.8900 -0.4509
vn -0.0073 -0.9045 0.4263
vn 0.5068 -0.8526 0.1274
vn 0.1873 -0.9045 -0.3831
vn -0.3073 -0.9485 -0.0773
vn -0.0162 -0.9045 0.4261
vn 0.4212 0.9064 -0.0339
vn -0.0376 0.9045 -0.4247
vn -0.4289 0.9027 0.0346
vn -0.4261 0.9045 0.0150
vn -0.0010 -0.9121 -0.4100
vn 0.4262 -0.9045 0.0129
vn -0.0022 0.9045 -0.4264
vn 0.0020 -0.9045 0.4264
vn 0.0020 0.9045 0.4264
vn -0.0773 -0.9485 -0.3073
vn 0.1274 -0.8526 0.5068
vn 0.0007 -0.9001 -0.4356
vn -0.0007 0.9089 0.4171
vn 0.0001 -0.9034 -0.4289
vn -0.0001 0.9057 0.4239
vn -0.0303 -0.9045 0.4253
vn 0.0032 0.9045 -0.4264
vn -0.4417 0.8970 -0.0174
vn -0.0069 0.9045 0.4263
vn -0.4341 0.9009 -0.0003
vn -0.0064 -0.9045 -0.4264
vn 0.4234 -0.9060 0.0002
vn -0.4294 0.9031 -0.0002
vn -0.4294 -0.9031 -0.0002
vn 0.0594 -0.8796 -0.4720
vn 0.0594 0.8796 -0.4720
vn -0.4154 -0.9045 -0.0964
vn -0.3051 0.9250 -0.2263
vn 0.2842 -0.9045 -0.3179
vn -0.2218 0.9045 0.3642
vn 0.3778 0.8825 0.2802
vn -0.2218 -0.9045 0.3642
vn -0.4262 0.9045 -0.0129
vn 0.4261 -0.9045 -0.0150
vn -0.1400 0.9278 0.3459
vn 0.4097 0.9045 0.1181
vn 0.1787 0.8793 -0.4415
vn -0.0024 -0.9045 0.4264
vn -0.0028 0.9045 -0.4264
vn -0.2254 -0.9045 -0.3620
vn -0.2254 0.9045 -0.3620
vn 0.2218 0.9045 0.3642
vn 0.3610 0.9057 -0.2223
vn 0.4720 -0.8796 0.0594
vn 0.0964 -0.9045 -0.4154
vn -0.3708 -0.9275 -0.0467
vn -0.0096 -0.9045 0.4263
vn -0.1181 0.9045 -0.4097
vn 0.4205 0.8971 -0.1355
vn -0.3909 0.9118 0.1260
vn 0.4289 -0.9034 0.0001
vn -0.4239 0.9057 -0.0001
vn 0.4154 -0.9045 0.0964
vn 0.0467 -0.9275 -0.3708
vn -0.0594 0.8796 0.4720
vn -0.0594 -0.8796 0.4720
vn 0.0150 -0.9045 0.4261
vn 0.0150 0.9045 0.4261
vn 0.0129 -0.9045 -0.4262
vn 0.0069 -0.9045 0.4263
vn 0.0069 0.9045 0.4263
vn 0.0064 -0.9045 -0.4264
vn 0.0004 0.8979 -0.4403
vn -0.0004 -0.9110 0.4123
vn -0.3459 0.9278 -0.1400
vn -0.1181 0.9045 0.4097
vn 0.4415 0.8793 0.1787
vn 0.0004 0.9110 -0.4123
vn -0.0004 -0.8979 0.4403
vn -0.2263 0.9250 0.3051
vn -0.3179 -0.9045 -0.2842
vn 0.3642 0.9045 0.2218
vn 0.2802 0.8825 -0.3778
vn 0.3642 -0.9045 0.2218
vn -0.4264 0.9045 0.0063
vn -0.0000 -0.9011 0.4337
vn -0.0001 -0.9057 -0.4239
vn 0.0001 0.9034 0.4289
vn -0.0116 0.9045 0.4262
vn -0.0124 -0.9045 -0.4262
vn -0.0063 0.9045 0.4264
vn -0.0063 -0.9045 -0.4264
vn -0.2223 0.9057 -0.3610
vn -0.3620 -0.9045 0.2254
vn -0.3620 0.9045 0.2254
vn 0.3642 0.9045 -0.2218
vn -0.0000 0.9011 -0.4337
vn -0.0000 -0.9080 0.4191
vn 0.4154 -0.9045 -0.0964
vn -0.0594 -0.8796 -0.4720
vn 0.0467 0.9275 0.3708
vn 0.0174 -0.8970 -0.4417
vn 0.0174 0.8970 -0.4417
vn -0.4253 -0.9045 -0.0303
vn -0.0161 -0.9119 0.4101
vn 0.4264 -0.9045 0.0032
vn 0.0964 -0.9045 0.4154
vn 0.4720 -0.8796 -0.0594
vn -0.3708 0.9275 0.0467
vn -0.0150 0.9045 0.4261
vn -0.4425 0.8968 -0.0011
vn -0.0129 -0.9045 -0.4262
vn -0.0000 0.8982 -0.4396
vn -0.0000 -0.9108 0.4129
vn 0.4263 -0.9045 -0.0114
vn -0.3642 0.9045 -0.2218
vn 0.2263 0.9250 -0.3051
vn -0.2802 0.8825 0.3778
vn -0.3642 -0.9045 -0.2218
vn 0.3179 -0.9045 0.2842
vn -0.3914 0.9184 -0.0587
vn -0.0376 0.9045 0.4247
vn 0.4509 0.8900 0.0676
vn 0.0002 -0.9059 -0.4234
vn -0.0002 0.9031 0.4294
vn 0.0339 0.9064 0.4212
vn 0.4247 0.9045 -0.0376
vn -0.0346 0.9027 -0.4289
vn -0.4264 0.9045 -0.0021
vn -0.0001 -0.9034 -0.4289
vn 0.0001 0.9057 0.4239
vn 0.4101 -0.9119 -0.0161
vn -0.0303 -0.9045 -0.4253
vn -0.4417 -0.8970 0.0174
vn 0.0032 -0.9045 0.4264
vn 0.4356 -0.9001 0.0007
vn -0.4171 0.9089 -0.0007
vn 0.0376 0.9045 -0.4247
vn 0.3914 0.9184 0.0587
vn -0.4509 0.8900 -0.0676
vn -0.4264 0.9045 -0.0064
vn 0.4263 -0.9045 -0.0069
vn 0.0116 0.9045 0.4262
vn 0.0124 -0.9045 -0.4262
vn 0.0007 -0.9089 -0.4171
vn -0.0007 0.9001 0.4356
vn -0.4262 0.9045 -0.0116
vn 0.4262 -0.9045 -0.0124
vn -0.4247 0.9045 0.0376
vn -0.0339 0.9064 -0.4212
vn 0.0346 0.9027 0.4289
vn -0.1274 -0.8526 -0.5068
vn 0.5068 -0.8526 -0.1274
vn -0.0002 -0.9031 -0.4294
vn 0.0002 0.9059 0.4234
vn 0.0001 -0.9057 -0.4239
vn -0.0001 0.9034 0.4289
vn 0.3708 -0.9275 -0.0467
vn -0.0964 -0.9045 -0.4154
vn -0.4720 -0.8796 0.0594
vn 0.0129 0.9045 0.4262
vn 0.0150 -0.9045 -0.4261
vn -0.4263 0.9045 -0.0073
vn -0.0007 -0.9001 -0.4356
vn 0.0007 0.9089 0.4171
vn 0.0114 -0.9045 0.4263
vn 0.0114 0.9045 0.4263
vn 0.0114 0.9045 -0.4263
vn 0.4396 -0.8982 -0.0000
vt 0.618150 0.689382
vt 0.589094 0.733445
vt 0.601518 0.684729
vt 0.809292 0.930159
vt 0.818656 0.878513
vt 0.826057 0.926768
vt 0.546827 0.831380
vt 0.568978 0.780884
vt 0.565794 0.831583
vt 0.689413 0.882052
vt 0.704075 0.832432
vt 0.706143 0.880580
vt 0.708334 0.982954
vt 0.713319 0.928959
vt 0.725948 0.978349
vt 0.926895 0.227145
vt 0.969140 0.270810
vt 0.924592 0.274034
vt 0.549053 0.884323
vt 0.567941 0.882629
vt 0.577922 0.831696
vt 0.596651 0.879939
vt 0.580126 0.881499
vt 0.975636 0.116120
vt 0.932851 0.072985
vt 0.971419 0.070165
vt 0.556249 0.937165
vt 0.875919 0.583758
vt 0.862410 0.595800
vt 0.859272 0.571936
vt 0.964536 0.580627
vt 0.918761 0.540680
vt 0.957025 0.535094
vt 0.885904 0.775194
vt 0.912586 0.727391
vt 0.904457 0.777281
vt 0.882464 0.827502
vt 0.932660 0.780434
vt 0.913395 0.827890
vt 0.916442 0.778627
vt 0.690618 0.782870
vt 0.714837 0.737897
vt 0.706968 0.784803
vt 0.727838 0.690483
vt 0.698815 0.734291
vt 0.711290 0.685818
vt 0.929969 0.828085
vt 0.915473 0.877634
vt 0.687458 0.832186
vt 0.799714 0.830134
vt 0.816374 0.830364
vt 0.665262 0.937893
vt 0.677198 0.883138
vt 0.684270 0.934480
vt 0.873871 0.218502
vt 0.888712 0.221033
vt 0.866344 0.238239
vt 0.802957 0.780749
vt 0.827501 0.735922
vt 0.819332 0.782743
vt 0.875561 0.419441
vt 0.862052 0.431483
vt 0.858914 0.407619
vt 0.589696 0.681463
vt 0.558876 0.727122
vt 0.571526 0.676496
vt 0.678664 0.781482
vt 0.656448 0.831710
vt 0.660076 0.779291
vt 0.204986 0.444130
vt 0.165102 0.430895
vt 0.205581 0.438967
vt 0.416472 0.331308
vt 0.388965 0.363132
vt 0.411920 0.328827
vt 0.023807 0.623922
vt 0.012297 0.661548
vt 0.015924 0.622362
vt 0.432707 0.292201
vt 0.427746 0.290670
vt 0.024636 0.698946
vt 0.020483 0.661462
vt 0.440975 0.250557
vt 0.435751 0.250044
vt 0.036090 0.734771
vt 0.016774 0.700676
vt 0.435810 0.208637
vt 0.440975 0.208102
vt 0.054273 0.767639
vt 0.028746 0.738004
vt 0.251285 0.847210
vt 0.214267 0.859191
vt 0.214095 0.851198
vt 0.427716 0.168130
vt 0.432664 0.166584
vt 0.078450 0.796336
vt 0.047711 0.772241
vt 0.286945 0.836035
vt 0.253015 0.855010
vt 0.411884 0.130012
vt 0.416428 0.127520
vt 0.107685 0.819837
vt 0.072912 0.802122
vt 0.319719 0.818098
vt 0.290163 0.843344
vt 0.388929 0.095726
vt 0.392893 0.092387
vt 0.140887 0.837233
vt 0.103376 0.826584
vt 0.348346 0.794070
vt 0.324301 0.824640
vt 0.359728 0.066580
vt 0.362959 0.062524
vt 0.176814 0.847829
vt 0.137977 0.844688
vt 0.371714 0.764867
vt 0.354120 0.799595
vt 0.325402 0.043688
vt 0.327775 0.039073
vt 0.175418 0.855705
vt 0.388903 0.731639
vt 0.378458 0.769164
vt 0.287264 0.027930
vt 0.288689 0.022936
vt 0.399219 0.695755
vt 0.396346 0.734537
vt 0.246780 0.019912
vt 0.247202 0.014731
vt 0.402450 0.658752
vt 0.407047 0.697154
vt 0.205503 0.019945
vt 0.204907 0.014778
vt 0.406243 0.620262
vt 0.410270 0.658671
vt 0.165021 0.028032
vt 0.163432 0.023076
vt 0.916840 0.332137
vt 0.879839 0.373492
vt 0.881332 0.335606
vt 0.412843 0.947635
vt 0.367704 0.947614
vt 0.367213 0.945207
vt 0.535295 0.872894
vt 0.538560 0.888247
vt 0.532623 0.875346
vt 0.458047 0.947586
vt 0.412844 0.949974
vt 0.298931 0.939583
vt 0.322294 0.954096
vt 0.296095 0.946059
vt 0.527043 0.939598
vt 0.503593 0.954140
vt 0.501846 0.944877
vt 0.324044 0.944867
vt 0.367231 0.960860
vt 0.917198 0.496453
vt 0.880197 0.537809
vt 0.881690 0.499923
vt 0.503948 0.938034
vt 0.530724 0.935538
vt 0.502883 0.940598
vt 0.368153 0.951893
vt 0.412835 0.963236
vt 0.028545 0.946846
vt 0.051907 0.961359
vt 0.025709 0.953322
vt 0.457596 0.951874
vt 0.412845 0.954253
vt 0.053657 0.952130
vt 0.096843 0.968123
vt 0.458540 0.945174
vt 0.929067 0.182945
vt 0.965495 0.224806
vt 0.893393 0.183408
vt 0.097765 0.959156
vt 0.142447 0.970499
vt 0.458505 0.960911
vt 0.142457 0.961516
vt 0.188117 0.968174
vt 0.047282 0.967520
vt 0.018950 0.955652
vt 0.049221 0.965546
vt 0.256657 0.946862
vt 0.233207 0.961404
vt 0.231460 0.952140
vt 0.094548 0.974873
vt 0.095512 0.972606
vt 0.934473 0.028761
vt 0.894595 0.067349
vt 0.898807 0.029668
vt 0.187208 0.959137
vt 0.142443 0.977429
vt 0.142444 0.975051
vt 0.029331 0.881644
vt 0.052694 0.896157
vt 0.026494 0.888120
vt 0.189448 0.972669
vt 0.190413 0.974943
vt 0.054443 0.886927
vt 0.097630 0.902921
vt 0.188152 0.952437
vt 0.232497 0.947861
vt 0.187659 0.954850
vt 0.956667 0.370777
vt 0.918402 0.376363
vt 0.092580 0.066829
vt 0.076736 0.106906
vt 0.063411 0.096044
vt 0.411283 0.285622
vt 0.418686 0.248366
vt 0.055690 0.138425
vt 0.040514 0.130376
vt 0.418681 0.210382
vt 0.041208 0.173418
vt 0.024763 0.168487
vt 0.411269 0.173181
vt 0.033837 0.210523
vt 0.016672 0.208837
vt 0.396749 0.138170
vt 0.016757 0.249991
vt 0.033848 0.248355
vt 0.375680 0.106679
vt 0.024787 0.290441
vt 0.041242 0.285501
vt 0.348871 0.079907
vt 0.040557 0.328577
vt 0.055742 0.320519
vt 0.317353 0.058878
vt 0.246850 0.438987
vt 0.207321 0.421862
vt 0.245220 0.421873
vt 0.063474 0.362915
vt 0.076800 0.352047
vt 0.282333 0.044399
vt 0.287325 0.430958
vt 0.282389 0.414492
vt 0.092653 0.392125
vt 0.103605 0.378866
vt 0.245155 0.037028
vt 0.325453 0.415190
vt 0.317400 0.400004
vt 0.126970 0.415079
vt 0.135124 0.399939
vt 0.207249 0.037052
vt 0.359770 0.392289
vt 0.348909 0.378966
vt 0.170145 0.414456
vt 0.170071 0.044471
vt 0.375709 0.352181
vt 0.135049 0.059002
vt 0.126890 0.043863
vt 0.396771 0.320670
vt 0.103534 0.080085
vt 0.034467 0.587997
vt 0.027083 0.584925
vt 0.392936 0.366462
vt 0.163511 0.435847
vt 0.051895 0.554901
vt 0.045266 0.550445
vt 0.363008 0.396337
vt 0.124445 0.419631
vt 0.075426 0.525852
vt 0.069802 0.520181
vt 0.327832 0.419798
vt 0.089292 0.396104
vt 0.104183 0.501950
vt 0.099780 0.495282
vt 0.288754 0.435946
vt 0.059405 0.366170
vt 0.137069 0.484114
vt 0.134056 0.476707
vt 0.247275 0.444163
vt 0.035935 0.330986
vt 0.172828 0.473028
vt 0.171321 0.465169
vt 0.019789 0.291914
vt 0.210085 0.469130
vt 0.210143 0.461122
vt 0.011577 0.250478
vt 0.247407 0.472579
vt 0.249026 0.464732
vt 0.019777 0.167001
vt 0.011546 0.208334
vt 0.283352 0.483252
vt 0.286469 0.475867
vt 0.035899 0.127958
vt 0.316530 0.500740
vt 0.321024 0.494101
vt 0.059348 0.092781
vt 0.345653 0.524370
vt 0.351349 0.518731
vt 0.089223 0.062844
vt 0.369587 0.553219
vt 0.376263 0.548795
vt 0.124369 0.039306
vt 0.387404 0.586145
vt 0.394796 0.583103
vt 0.398443 0.621821
vt 0.920698 0.441336
vt 0.921056 0.605653
vt 0.920418 0.587596
vt 0.923705 0.292081
vt 0.880574 0.266458
vt 0.866098 0.277319
vt 0.930470 0.137955
vt 0.931132 0.119899
vt 0.887023 0.112872
vt 0.872683 0.123911
vt 0.964178 0.416310
vt 0.920060 0.423279
vt 0.978503 0.427369
vt 0.979948 0.403342
vt 0.781488 0.725622
vt 0.812616 0.680502
vt 0.799738 0.729617
vt 0.939431 0.924369
vt 0.934585 0.978242
vt 0.922696 0.927637
vt 0.978861 0.591685
vt 0.980307 0.567659
vt 0.821317 0.980653
vt 0.838681 0.976179
vt 0.894178 0.723594
vt 0.925064 0.677818
vt 0.865197 0.536538
vt 0.859360 0.556838
vt 0.778066 0.936057
vt 0.789723 0.881208
vt 0.797065 0.932501
vt 0.915995 0.308242
vt 0.952862 0.497408
vt 0.916354 0.472558
vt 0.968797 0.483607
vt 0.964524 0.186903
vt 0.930240 0.159064
vt 0.981566 0.174494
vt 0.969976 0.032277
vt 0.935349 0.004867
vt 0.986862 0.019657
vt 0.952504 0.333091
vt 0.968439 0.319290
vt 0.864838 0.372221
vt 0.864462 0.322964
vt 0.971899 0.532767
vt 0.864821 0.487280
vt 0.980512 0.223742
vt 0.877650 0.169389
vt 0.986421 0.068914
vt 0.879724 0.065002
vt 0.882891 0.015846
vt 0.971540 0.368451
vt 0.986068 0.244121
vt 0.577225 0.730945
vt 0.550307 0.778737
vt 0.924445 0.729877
vt 0.953614 0.685745
vt 0.940722 0.733432
vt 0.809041 0.983814
vt 0.790175 0.988600
vt 0.910467 0.929945
vt 0.903379 0.986095
vt 0.891514 0.933394
vt 0.811531 0.732217
vt 0.840826 0.688659
vt 0.695992 0.986053
vt 0.932157 0.876125
vt 0.982482 0.283037
vt 0.985948 0.259218
vt 0.859002 0.392522
vt 0.770684 0.882916
vt 0.787577 0.829993
vt 0.989129 0.128180
vt 0.992298 0.104320
vt 0.658188 0.884743
vt 0.675323 0.832026
vt 0.772360 0.777034
vt 0.790983 0.779317
vt 0.696535 0.932196
vt 0.978795 0.388289
vt 0.864984 0.253275
vt 0.903290 0.878746
vt 0.884332 0.880394
vt 0.699528 0.682541
vt 0.668750 0.727927
vt 0.681451 0.677558
vt 0.687009 0.731778
vt 0.979153 0.552605
vt 0.604025 0.928139
vt 0.599220 0.981878
vt 0.587345 0.931408
vt 0.992231 0.089222
vt 0.575147 0.933717
vt 0.568100 0.989719
vt 0.872443 0.084831
vt 0.871270 0.099883
vt 0.768644 0.829710
vt 0.597405 0.784133
vt 0.594716 0.831825
vt 0.605192 0.737030
vt 0.580980 0.782241
vt 0.803066 0.634584
vt 0.808980 0.588289
vt 0.807161 0.629695
vt 0.806364 0.431731
vt 0.811809 0.484018
vt 0.807471 0.484044
vt 0.814604 0.634378
vt 0.815281 0.588668
vt 0.819060 0.588914
vt 0.821621 0.483988
vt 0.816594 0.431403
vt 0.820595 0.431289
vt 0.764941 0.485800
vt 0.768598 0.433177
vt 0.769319 0.485811
vt 0.813750 0.332442
vt 0.814597 0.378417
vt 0.810471 0.336206
vt 0.778581 0.432946
vt 0.775212 0.485836
vt 0.774564 0.433031
vt 0.802154 0.332310
vt 0.808253 0.378813
vt 0.803945 0.379002
vt 0.806887 0.535851
vt 0.804628 0.588113
vt 0.801088 0.162221
vt 0.796426 0.109624
vt 0.800427 0.109537
vt 0.821112 0.536254
vt 0.817146 0.536149
vt 0.786201 0.109881
vt 0.791235 0.162193
vt 0.786875 0.162184
vt 0.764296 0.433283
vt 0.766590 0.380194
vt 0.794795 0.056653
vt 0.798645 0.056419
vt 0.772959 0.379844
vt 0.776825 0.379611
vt 0.788452 0.057006
vt 0.790484 0.109772
vt 0.811300 0.535971
vt 0.794264 0.010698
vt 0.790961 0.014437
vt 0.817653 0.484002
vt 0.782675 0.010486
vt 0.784145 0.057165
vt 0.760819 0.333481
vt 0.762265 0.380351
vt 0.821687 0.315033
vt 0.827461 0.268501
vt 0.825782 0.310122
vt 0.772455 0.333701
vt 0.769135 0.337454
vt 0.833279 0.314820
vt 0.833805 0.268851
vt 0.837656 0.269086
vt 0.591423 0.684432
vt 0.598613 0.686418
vt 0.588795 0.981968
vt 0.586950 0.984994
vt 0.926795 0.680793
vt 0.936912 0.681090
vt 0.934000 0.682783
vt 0.810879 0.980778
vt 0.701241 0.685501
vt 0.708394 0.687493
vt 0.924132 0.978330
vt 0.922281 0.981363
vt 0.814306 0.683473
vt 0.824344 0.683866
vt 0.821439 0.685518
vt 0.697855 0.983017
vt 0.685095 0.832156
vt 0.681020 0.781757
vt 0.586777 0.732956
vt 0.686688 0.934037
vt 0.705359 0.981131
vt 0.789973 0.830023
vt 0.793344 0.779602
vt 0.804960 0.484060
vt 0.679606 0.882927
vt 0.687032 0.882267
vt 0.694139 0.932645
vt 0.802061 0.730126
vt 0.802154 0.587951
vt 0.804421 0.535786
vt 0.677713 0.832060
vt 0.809229 0.731709
vt 0.931613 0.976431
vt 0.912877 0.929497
vt 0.905692 0.878530
vt 0.913097 0.877854
vt 0.920307 0.928091
vt 0.689335 0.732269
vt 0.688287 0.782599
vt 0.911036 0.827866
vt 0.903680 0.827790
vt 0.901295 0.827763
vt 0.696508 0.733799
vt 0.906817 0.777546
vt 0.922127 0.729390
vt 0.914108 0.778364
vt 0.914924 0.727876
vt 0.596255 0.980072
vt 0.577551 0.933269
vt 0.584962 0.931862
vt 0.570342 0.882409
vt 0.575558 0.831675
vt 0.577750 0.881722
vt 0.568187 0.831607
vt 0.818343 0.978855
vt 0.799475 0.932046
vt 0.792133 0.880984
vt 0.803798 0.431842
vt 0.578640 0.781975
vt 0.571345 0.781153
vt 0.579562 0.731433
vt 0.806903 0.930619
vt 0.801950 0.880061
vt 0.768624 0.538464
vt 0.774519 0.538639
vt 0.788449 0.267432
vt 0.790963 0.310011
vt 0.786771 0.309053
vt 0.764926 0.338413
vt 0.811329 0.630656
vt 0.827464 0.058075
vt 0.829972 0.015507
vt 0.833807 0.057722
vt 0.829496 0.110840
vt 0.772786 0.591350
vt 0.836116 0.163283
vt 0.830247 0.163262
vt 0.766501 0.590999
vt 0.768996 0.633025
vt 0.764859 0.632083
vt 0.829607 0.215706
vt 0.835506 0.215876
vt 0.829974 0.311079
vt 0.797105 0.162214
vt 0.810649 0.431592
vt 0.790595 0.214637
vt 0.794794 0.267782
vt 0.796494 0.214806
vt 0.786216 0.214516
vt 0.784140 0.267272
vt 0.821687 0.011555
vt 0.823156 0.058234
vt 0.800441 0.214900
vt 0.833276 0.011767
vt 0.818448 0.378156
vt 0.839438 0.110605
vt 0.837657 0.057487
vt 0.782675 0.313964
vt 0.794268 0.313751
vt 0.825212 0.110950
vt 0.786770 0.015396
vt 0.776554 0.591584
vt 0.778517 0.538747
vt 0.764248 0.538342
vt 0.762232 0.590844
vt 0.806284 0.337193
vt 0.825886 0.163253
vt 0.760819 0.636934
vt 0.772257 0.636710
vt 0.840100 0.163290
vt 0.835438 0.110692
vt 0.825781 0.016464
vt 0.825228 0.215585
vt 0.779212 0.485846
vt 0.823152 0.268341
vt 0.839452 0.215969
vt 0.798644 0.268017
vt 0.735927 0.959249
vt 0.726779 0.926130
vt 0.719668 0.879251
vt 0.717521 0.832515
vt 0.720203 0.786271
vt 0.727681 0.740808
vt 0.737102 0.709058
vt 0.626604 0.958223
vt 0.617414 0.925286
vt 0.610180 0.878597
vt 0.608129 0.831893
vt 0.610686 0.785573
vt 0.618095 0.739926
vt 0.627492 0.708024
vt 0.962054 0.954532
vt 0.952851 0.921515
vt 0.945648 0.874767
vt 0.943393 0.828134
vt 0.945945 0.781901
vt 0.953571 0.736342
vt 0.962978 0.704446
vt 0.848664 0.957026
vt 0.839478 0.923912
vt 0.832161 0.877125
vt 0.829827 0.830434
vt 0.832561 0.784257
vt 0.840305 0.738910
vt 0.849936 0.707278
vt 0.750556 0.953637
vt 0.755731 0.919843
vt 0.768036 0.962419
vt 0.741658 0.922946
vt 0.748759 0.876313
vt 0.734621 0.877766
vt 0.746468 0.832644
vt 0.732394 0.832605
vt 0.748680 0.789428
vt 0.741993 0.744111
vt 0.734840 0.787913
vt 0.751077 0.714710
vt 0.755504 0.747275
vt 0.641145 0.952603
vt 0.646218 0.918970
vt 0.658556 0.961297
vt 0.632219 0.922084
vt 0.639229 0.875662
vt 0.625120 0.877106
vt 0.637064 0.832026
vt 0.622988 0.831977
vt 0.639255 0.788697
vt 0.632470 0.743216
vt 0.625370 0.787194
vt 0.641538 0.713674
vt 0.646041 0.746370
vt 0.976633 0.948898
vt 0.981717 0.915177
vt 0.994090 0.957618
vt 0.967686 0.918305
vt 0.974663 0.871771
vt 0.960561 0.873252
vt 0.972290 0.828214
vt 0.958242 0.828196
vt 0.974468 0.785078
vt 0.967907 0.739661
vt 0.960616 0.783548
vt 0.977030 0.710122
vt 0.981457 0.742857
vt 0.863300 0.951381
vt 0.868396 0.917535
vt 0.880825 0.960145
vt 0.854332 0.920687
vt 0.861198 0.874060
vt 0.844686 0.830505
vt 0.847087 0.875576
vt 0.847169 0.785944
vt 0.858722 0.830521
vt 0.868017 0.745543
vt 0.860961 0.787501
vt 0.863841 0.713022
vt 0.854565 0.742298
vt 0.768036 0.706565
vt 0.616728 0.977248
vt 0.658556 0.705462
vt 0.952145 0.973607
vt 0.994090 0.701924
vt 0.880825 0.705021
vt 0.510128 0.900131
vt 0.542225 0.889359
vt 0.462700 0.907486
vt 0.508185 0.898150
vt 0.414731 0.909973
vt 0.461735 0.905212
vt 0.367800 0.905150
vt 0.414733 0.907595
vt 0.366836 0.907417
vt 0.321508 0.898091
vt 0.319569 0.900064
vt 0.291236 0.888197
vt 0.238628 0.902385
vt 0.267060 0.890500
vt 0.270724 0.891612
vt 0.191199 0.909740
vt 0.236685 0.900404
vt 0.143230 0.912226
vt 0.190234 0.907466
vt 0.096299 0.907404
vt 0.143231 0.909849
vt 0.097612 0.887268
vt 0.053414 0.882661
vt 0.052355 0.880104
vt 0.025665 0.877594
vt 0.023003 0.875147
vt 0.233562 0.945298
vt 0.260338 0.942802
vt 0.235899 0.965607
vt 0.237843 0.967588
vt 0.142455 0.954898
vt 0.142456 0.957237
vt 0.097316 0.954877
vt 0.096825 0.952470
vt 0.052627 0.947864
vt 0.051568 0.945307
vt 0.024879 0.942797
vt 0.022218 0.940350
vt 0.508229 0.960324
vt 0.536661 0.948440
vt 0.540325 0.949551
vt 0.460800 0.967679
vt 0.506286 0.958343
vt 0.412831 0.970166
vt 0.459835 0.965405
vt 0.365900 0.965343
vt 0.412833 0.967788
vt 0.364935 0.967610
vt 0.319608 0.958284
vt 0.317669 0.960257
vt 0.289336 0.948389
vt 0.294504 0.872894
vt 0.287583 0.889302
vt 0.323014 0.940600
vt 0.321955 0.938044
vt 0.263795 0.875147
vt 0.261123 0.877599
vt 0.295265 0.935533
vt 0.292604 0.933086
vt 0.019736 0.890450
vt 0.016082 0.891555
vt 0.460440 0.884981
vt 0.504782 0.880405
vt 0.459947 0.887393
vt 0.263010 0.940350
vt 0.266276 0.955703
vt 0.414745 0.894060
vt 0.460404 0.900718
vt 0.414735 0.903043
vt 0.015297 0.956757
vt 0.369131 0.900667
vt 0.370053 0.891700
vt 0.505847 0.877841
vt 0.533396 0.933086
vt 0.325944 0.884674
vt 0.324194 0.893904
vt 0.528942 0.879405
vt 0.505492 0.893947
vt 0.503745 0.884684
vt 0.285683 0.949494
vt 0.300831 0.879390
vt 0.297995 0.885866
vt 0.414743 0.887442
vt 0.414744 0.889781
vt 0.232245 0.886937
vt 0.188903 0.902972
vt 0.187995 0.893934
vt 0.369604 0.887421
vt 0.369113 0.885014
vt 0.188938 0.887235
vt 0.233282 0.882658
vt 0.188446 0.889647
vt 0.324914 0.880408
vt 0.323855 0.877851
vt 0.143234 0.905297
vt 0.143243 0.896314
vt 0.297165 0.875340
vt 0.098552 0.893954
vt 0.234347 0.880095
vt 0.095335 0.909671
vt 0.050007 0.900345
vt 0.257442 0.881658
vt 0.233992 0.896201
vt 0.048068 0.902318
vt 0.143242 0.889696
vt 0.143242 0.892035
vt 0.269940 0.956815
vt 0.098103 0.889675
vt 0.182068 0.819788
vt 0.151522 0.810729
vt 0.123284 0.795865
vt 0.098399 0.775791
vt 0.077805 0.751333
vt 0.062365 0.723327
vt 0.052677 0.692813
vt 0.049122 0.661041
vt 0.051939 0.629222
vt 0.060947 0.598657
vt 0.075747 0.570498
vt 0.095765 0.545801
vt 0.120237 0.525499
vt 0.148223 0.510363
vt 0.178652 0.500966
vt 0.210347 0.497681
vt 0.242089 0.500645
vt 0.272656 0.509748
vt 0.300867 0.524642
vt 0.325634 0.544750
vt 0.346001 0.569286
vt 0.361191 0.597287
vt 0.370646 0.627638
vt 0.374060 0.659148
vt 0.371302 0.690710
vt 0.362441 0.721200
vt 0.347773 0.749428
vt 0.327909 0.774252
vt 0.303578 0.794665
vt 0.275714 0.809881
vt 0.245390 0.819340
vt 0.213763 0.822695
vt 0.064897 0.600259
vt 0.056139 0.630025
vt 0.053405 0.660996
vt 0.066289 0.721645
vt 0.056852 0.691868
vt 0.081330 0.748920
vt 0.244537 0.815176
vt 0.213730 0.818441
vt 0.101395 0.772737
vt 0.125632 0.792294
vt 0.301179 0.791153
vt 0.274054 0.805969
vt 0.153127 0.806776
vt 0.324853 0.771288
vt 0.182868 0.815604
vt 0.344196 0.747124
vt 0.358500 0.719619
vt 0.367134 0.689928
vt 0.369820 0.659194
vt 0.079302 0.572837
vt 0.098791 0.548792
vt 0.122623 0.529022
vt 0.149875 0.514289
vt 0.179509 0.505140
vt 0.241282 0.504834
vt 0.210372 0.501944
vt 0.271046 0.513700
vt 0.298518 0.528204
vt 0.342472 0.571679
vt 0.322636 0.547785
vt 0.357271 0.598946
vt 0.366489 0.628506
vt 0.541513 0.658371
vt 0.511813 0.648490
vt 0.576825 0.502660
vt 0.484612 0.633005
vt 0.460955 0.612510
vt 0.441751 0.587794
vt 0.427737 0.559807
vt 0.419453 0.529623
vt 0.417216 0.498403
vt 0.421113 0.467347
vt 0.430994 0.437648
vt 0.446480 0.410447
vt 0.466974 0.386789
vt 0.491690 0.367585
vt 0.519677 0.353571
vt 0.549861 0.345287
vt 0.581081 0.343051
vt 0.612137 0.346948
vt 0.641837 0.356829
vt 0.669038 0.372314
vt 0.692695 0.392808
vt 0.711899 0.417525
vt 0.725913 0.445512
vt 0.734197 0.475696
vt 0.736434 0.506916
vt 0.732536 0.537972
vt 0.722656 0.567671
vt 0.707170 0.594872
vt 0.686676 0.618529
vt 0.661960 0.637734
vt 0.633972 0.651748
vt 0.603789 0.660032
vt 0.572569 0.662268
vt 0.531782 0.885904
vt 0.506487 0.896117
vt 0.534952 0.887120
vt 0.460891 0.902981
vt 0.414734 0.905304
vt 0.368644 0.902925
vt 0.323201 0.896066
vt 0.294834 0.887075
vt 0.260282 0.888157
vt 0.234987 0.898371
vt 0.263452 0.889373
vt 0.189390 0.905235
vt 0.143233 0.907558
vt 0.097143 0.905179
vt 0.051701 0.898319
vt 0.023333 0.889329
vt 0.259498 0.953360
vt 0.234201 0.963574
vt 0.262667 0.954576
vt 0.188604 0.970438
vt 0.142446 0.972761
vt 0.096356 0.970381
vt 0.050915 0.963521
vt 0.022548 0.954531
vt 0.529883 0.946097
vt 0.504588 0.956310
vt 0.533053 0.947312
vt 0.458991 0.963174
vt 0.412834 0.965497
vt 0.366744 0.963118
vt 0.321301 0.956258
vt 0.292934 0.947268
vt 0.530496 0.877412
vt 0.503890 0.882620
vt 0.459536 0.889540
vt 0.459496 0.891681
vt 0.414745 0.891900
vt 0.370014 0.889564
vt 0.325801 0.882616
vt 0.299284 0.877402
vt 0.258996 0.879665
vt 0.232390 0.884873
vt 0.188035 0.891794
vt 0.143243 0.894154
vt 0.098513 0.891818
vt 0.054301 0.884870
vt 0.027783 0.879655
vt 0.258212 0.944868
vt 0.231604 0.950076
vt 0.187249 0.956997
vt 0.142456 0.959356
vt 0.097726 0.957020
vt 0.053514 0.950072
vt 0.026997 0.944858
vt 0.528597 0.937604
vt 0.501990 0.942813
vt 0.457636 0.949733
vt 0.412844 0.952093
vt 0.368113 0.949757
vt 0.323901 0.942809
vt 0.297384 0.937594
vt 0.644249 0.052107
vt 0.660246 0.055876
vt 0.647725 0.057366
vt 0.481635 0.069460
vt 0.485336 0.091606
vt 0.469778 0.087046
vt 0.607409 0.288156
vt 0.591446 0.286740
vt 0.603187 0.283443
vt 0.688275 0.274203
vt 0.671764 0.280334
vt 0.682077 0.271932
vt 0.673924 0.299761
vt 0.681293 0.301381
vt 0.671286 0.318762
vt 0.662822 0.307401
vt 0.651174 0.325496
vt 0.588969 0.314418
vt 0.588027 0.329370
vt 0.567243 0.325146
vt 0.567485 0.306478
vt 0.570516 0.312105
vt 0.552331 0.305752
vt 0.643125 0.281499
vt 0.650361 0.280103
vt 0.655574 0.283502
vt 0.593802 0.022439
vt 0.589367 0.007858
vt 0.610536 0.006559
vt 0.504360 0.247116
vt 0.509618 0.249043
vt 0.512438 0.256711
vt 0.510618 0.296928
vt 0.532764 0.293227
vt 0.528204 0.308785
vt 0.499032 0.276386
vt 0.494731 0.282877
vt 0.480813 0.266873
vt 0.477182 0.240135
vt 0.469103 0.249189
vt 0.459802 0.230128
vt 0.494943 0.170662
vt 0.495281 0.177705
vt 0.491167 0.182258
vt 0.463597 0.184762
vt 0.449017 0.189197
vt 0.447718 0.168027
vt 0.503897 0.108067
vt 0.502204 0.115240
vt 0.497034 0.118317
vt 0.748560 0.115742
vt 0.759920 0.107277
vt 0.766654 0.127389
vt 0.755576 0.189594
vt 0.770529 0.190536
vt 0.766304 0.211321
vt 0.752915 0.175945
vt 0.757744 0.171124
vt 0.495686 0.053572
vt 0.496743 0.074123
vt 0.516131 0.076771
vt 0.512999 0.084317
vt 0.507667 0.086026
vt 0.538428 0.036024
vt 0.529374 0.027945
vt 0.548435 0.018643
vt 0.556900 0.030004
vt 0.568547 0.011910
vt 0.612282 0.020819
vt 0.631694 0.008035
vt 0.667390 0.031653
vt 0.672534 0.019160
vt 0.679248 0.040383
vt 0.611821 0.283621
vt 0.618863 0.283282
vt 0.623416 0.287396
vt 0.493265 0.134314
vt 0.498524 0.130838
vt 0.497145 0.139361
vt 0.496518 0.146384
vt 0.491823 0.150288
vt 0.724991 0.054528
vt 0.704440 0.055585
vt 0.709103 0.040477
vt 0.720689 0.061019
vt 0.738909 0.070532
vt 0.715361 0.090289
vt 0.721493 0.106799
vt 0.713090 0.096487
vt 0.754323 0.134090
vt 0.770705 0.148208
vt 0.756125 0.152643
vt 0.772004 0.169378
vt 0.753264 0.208047
vt 0.759403 0.231376
vt 0.699338 0.290575
vt 0.708031 0.297751
vt 0.690347 0.309460
vt 0.667861 0.224327
vt 0.677530 0.223638
vt 0.679875 0.236713
vt 0.630337 0.245013
vt 0.639407 0.244832
vt 0.643179 0.249038
vt 0.603965 0.245189
vt 0.608197 0.249780
vt 0.591078 0.259076
vt 0.568614 0.242661
vt 0.573274 0.247603
vt 0.557293 0.254739
vt 0.533373 0.237027
vt 0.538455 0.242322
vt 0.523527 0.246266
vt 0.503534 0.214256
vt 0.513234 0.216088
vt 0.501498 0.224938
vt 0.669922 0.206232
vt 0.680125 0.205836
vt 0.682478 0.219049
vt 0.632807 0.188149
vt 0.643163 0.188264
vt 0.646917 0.202809
vt 0.604749 0.206907
vt 0.608984 0.211405
vt 0.590383 0.221025
vt 0.567116 0.205242
vt 0.571598 0.209912
vt 0.553621 0.218068
vt 0.519323 0.200701
vt 0.529525 0.202020
vt 0.516859 0.212609
vt 0.710126 0.170761
vt 0.720660 0.170977
vt 0.719263 0.186854
vt 0.671583 0.151820
vt 0.681935 0.152338
vt 0.667385 0.165556
vt 0.633376 0.169185
vt 0.643909 0.169402
vt 0.647662 0.183987
vt 0.624933 0.149955
vt 0.629211 0.154412
vt 0.609950 0.164375
vt 0.556625 0.167610
vt 0.567158 0.167826
vt 0.552422 0.181473
vt 0.518250 0.166822
vt 0.528783 0.167038
vt 0.518793 0.183761
vt 0.500458 0.150551
vt 0.510836 0.150207
vt 0.509595 0.166644
vt 0.670094 0.115504
vt 0.679727 0.116590
vt 0.666790 0.129007
vt 0.643967 0.131646
vt 0.648285 0.136146
vt 0.629307 0.145757
vt 0.597090 0.111264
vt 0.606714 0.111178
vt 0.610953 0.115467
vt 0.558449 0.130837
vt 0.568651 0.130440
vt 0.572402 0.144768
vt 0.520712 0.133016
vt 0.530960 0.132116
vt 0.534455 0.145113
vt 0.505493 0.118824
vt 0.515260 0.117392
vt 0.517204 0.129141
vt 0.690902 0.085624
vt 0.696195 0.091139
vt 0.681266 0.095083
vt 0.640853 0.074922
vt 0.645548 0.079554
vt 0.628987 0.088707
vt 0.598039 0.092219
vt 0.607109 0.092038
vt 0.611348 0.096279
vt 0.565954 0.075701
vt 0.574135 0.074501
vt 0.577862 0.078165
vt 0.526920 0.099247
vt 0.536241 0.097297
vt 0.538505 0.109793
vt 0.701793 0.074973
vt 0.707284 0.080694
vt 0.693832 0.082811
vt 0.670496 0.062739
vt 0.675595 0.067969
vt 0.661172 0.074102
vt 0.600858 0.054123
vt 0.607901 0.053785
vt 0.612135 0.057904
vt 0.585169 0.054878
vt 0.592212 0.054539
vt 0.596214 0.058647
vt 0.569360 0.057302
vt 0.576597 0.055906
vt 0.580291 0.059378
vt 0.521852 0.071280
vt 0.529521 0.068460
vt 0.532232 0.071078
vt 0.553625 0.060340
vt 0.560861 0.058943
vt 0.564308 0.062376
vt 0.544781 0.095956
vt 0.553928 0.094990
vt 0.557748 0.098836
vt 0.509127 0.102969
vt 0.518447 0.101019
vt 0.520346 0.112511
vt 0.537645 0.065473
vt 0.545313 0.062653
vt 0.548316 0.065356
vt 0.582743 0.073729
vt 0.590798 0.073462
vt 0.594803 0.077635
vt 0.532297 0.082368
vt 0.540762 0.079967
vt 0.543867 0.082982
vt 0.628012 0.059300
vt 0.623558 0.054589
vt 0.611131 0.106812
vt 0.624811 0.092769
vt 0.629169 0.097361
vt 0.549208 0.078157
vt 0.557389 0.076957
vt 0.560868 0.080582
vt 0.654898 0.059058
vt 0.659739 0.064334
vt 0.644791 0.070931
vt 0.657547 0.077581
vt 0.662428 0.082666
vt 0.646447 0.089802
vt 0.599449 0.073175
vt 0.607504 0.072908
vt 0.611741 0.077091
vt 0.628356 0.069678
vt 0.639202 0.055987
vt 0.643891 0.060683
vt 0.642506 0.093850
vt 0.646994 0.098438
vt 0.629262 0.107725
vt 0.628643 0.078329
vt 0.624184 0.073683
vt 0.686252 0.068523
vt 0.691431 0.074346
vt 0.677544 0.077289
vt 0.677871 0.098688
vt 0.682607 0.103623
vt 0.665486 0.110703
vt 0.674178 0.080722
vt 0.679317 0.085762
vt 0.663861 0.092434
vt 0.515504 0.087133
vt 0.523970 0.084731
vt 0.526782 0.087661
vt 0.501841 0.134672
vt 0.512089 0.133772
vt 0.515482 0.145748
vt 0.703975 0.104827
vt 0.713207 0.107158
vt 0.701606 0.116231
vt 0.580315 0.092573
vt 0.589385 0.092392
vt 0.593496 0.096628
vt 0.577304 0.130278
vt 0.587484 0.130293
vt 0.591682 0.134625
vt 0.539597 0.131569
vt 0.549799 0.131173
vt 0.553427 0.144940
vt 0.562536 0.094081
vt 0.571684 0.093114
vt 0.575642 0.096974
vt 0.624978 0.111836
vt 0.629339 0.116380
vt 0.610737 0.126000
vt 0.560495 0.112462
vt 0.570165 0.111773
vt 0.574136 0.115780
vt 0.660207 0.096085
vt 0.664797 0.101034
vt 0.647391 0.108641
vt 0.652606 0.132163
vt 0.662784 0.132978
vt 0.648270 0.146326
vt 0.578810 0.111427
vt 0.588434 0.111341
vt 0.592546 0.115625
vt 0.686349 0.100378
vt 0.695582 0.102709
vt 0.683574 0.112770
vt 0.688281 0.117878
vt 0.697982 0.119710
vt 0.685449 0.130526
vt 0.643236 0.112749
vt 0.647727 0.117290
vt 0.629432 0.126744
vt 0.699125 0.088326
vt 0.707485 0.091073
vt 0.698597 0.099604
vt 0.671412 0.133669
vt 0.681590 0.134484
vt 0.667222 0.147276
vt 0.661493 0.114535
vt 0.666101 0.119337
vt 0.648124 0.127493
vt 0.523825 0.116135
vt 0.533592 0.114702
vt 0.535903 0.127456
vt 0.499062 0.166428
vt 0.499805 0.182349
vt 0.708983 0.137814
vt 0.719186 0.139133
vt 0.705101 0.149640
vt 0.542192 0.113767
vt 0.551861 0.113078
vt 0.555694 0.117071
vt 0.538519 0.149394
vt 0.548883 0.149301
vt 0.552514 0.163198
vt 0.537437 0.167216
vt 0.547970 0.167432
vt 0.533378 0.180524
vt 0.625145 0.130901
vt 0.629422 0.135400
vt 0.610344 0.145188
vt 0.576558 0.149141
vt 0.586915 0.149256
vt 0.591113 0.153630
vt 0.575813 0.168004
vt 0.586346 0.168220
vt 0.571464 0.182423
vt 0.596140 0.130306
vt 0.606320 0.130321
vt 0.610560 0.134654
vt 0.605534 0.168614
vt 0.609772 0.173030
vt 0.590510 0.182993
vt 0.595570 0.149352
vt 0.605927 0.149467
vt 0.610166 0.153842
vt 0.690196 0.135385
vt 0.700398 0.136704
vt 0.686171 0.148227
vt 0.690574 0.152875
vt 0.700929 0.153645
vt 0.686525 0.165951
vt 0.652563 0.169579
vt 0.663097 0.169795
vt 0.666727 0.183820
vt 0.706487 0.121317
vt 0.716188 0.123149
vt 0.704063 0.132977
vt 0.667208 0.174207
vt 0.671751 0.169973
vt 0.681203 0.188011
vt 0.652587 0.150870
vt 0.662938 0.151388
vt 0.648242 0.165162
vt 0.519487 0.149920
vt 0.529865 0.149576
vt 0.533374 0.162807
vt 0.510160 0.183119
vt 0.496036 0.193394
vt 0.500536 0.198272
vt 0.510739 0.199591
vt 0.498461 0.209203
vt 0.557539 0.149224
vt 0.567903 0.149132
vt 0.571657 0.163590
vt 0.537786 0.185067
vt 0.548138 0.185585
vt 0.533731 0.198248
vt 0.538132 0.202921
vt 0.548310 0.203736
vt 0.535239 0.216027
vt 0.614188 0.168791
vt 0.624721 0.169008
vt 0.628609 0.183775
vt 0.613401 0.207084
vt 0.623581 0.207099
vt 0.627693 0.211428
vt 0.585927 0.206161
vt 0.590290 0.210661
vt 0.571995 0.220115
vt 0.633585 0.150214
vt 0.643938 0.150524
vt 0.629097 0.164769
vt 0.651819 0.188273
vt 0.662183 0.188181
vt 0.665814 0.202078
vt 0.605141 0.187760
vt 0.609378 0.192217
vt 0.590299 0.202005
vt 0.690939 0.170367
vt 0.701472 0.170583
vt 0.700234 0.187485
vt 0.688761 0.205289
vt 0.699009 0.204389
vt 0.700983 0.216389
vt 0.613795 0.187938
vt 0.624151 0.188053
vt 0.628349 0.192427
vt 0.709561 0.154286
vt 0.719916 0.155056
vt 0.689856 0.187829
vt 0.703642 0.199695
vt 0.670839 0.188104
vt 0.684713 0.201348
vt 0.529148 0.184530
vt 0.514887 0.195820
vt 0.506514 0.230247
vt 0.515747 0.232578
vt 0.506631 0.240918
vt 0.707632 0.203633
vt 0.717880 0.202733
vt 0.719505 0.213740
vt 0.556783 0.186017
vt 0.567135 0.186535
vt 0.552585 0.199754
vt 0.549627 0.221901
vt 0.554236 0.226702
vt 0.537115 0.233782
vt 0.550951 0.240058
vt 0.555861 0.244971
vt 0.540405 0.251643
vt 0.586136 0.187191
vt 0.590414 0.191648
vt 0.571436 0.201260
vt 0.586098 0.225136
vt 0.590460 0.229680
vt 0.572728 0.238967
vt 0.586271 0.244108
vt 0.590734 0.248698
vt 0.574174 0.257851
vt 0.651070 0.206965
vt 0.661273 0.206569
vt 0.664028 0.220334
vt 0.648038 0.244291
vt 0.657185 0.243324
vt 0.660686 0.247123
vt 0.612612 0.245367
vt 0.621682 0.245186
vt 0.625689 0.249416
vt 0.632237 0.207112
vt 0.642418 0.207127
vt 0.646400 0.211448
vt 0.686129 0.222703
vt 0.695897 0.221270
vt 0.697841 0.233020
vt 0.631287 0.226064
vt 0.640912 0.225978
vt 0.644894 0.230254
vt 0.704239 0.191658
vt 0.708885 0.187198
vt 0.665793 0.242415
vt 0.674940 0.241449
vt 0.678185 0.245191
vt 0.649557 0.225632
vt 0.659226 0.224943
vt 0.663059 0.228936
vt 0.521740 0.217695
vt 0.531440 0.219527
vt 0.519315 0.229355
vt 0.520596 0.249079
vt 0.525889 0.254594
vt 0.701274 0.236386
vt 0.710595 0.234436
vt 0.710040 0.245094
vt 0.567862 0.223955
vt 0.572331 0.228764
vt 0.554925 0.236372
vt 0.553669 0.258218
vt 0.558550 0.263303
vt 0.544127 0.269436
vt 0.537179 0.254528
vt 0.542177 0.260116
vt 0.528291 0.263059
vt 0.604357 0.226049
vt 0.608590 0.230593
vt 0.590552 0.240045
vt 0.586906 0.263081
vt 0.591365 0.267727
vt 0.575830 0.276722
vt 0.570299 0.261359
vt 0.574931 0.266474
vt 0.559982 0.273071
vt 0.613007 0.226227
vt 0.622632 0.226141
vt 0.626743 0.230425
vt 0.612217 0.264497
vt 0.620272 0.264230
vt 0.624277 0.268403
vt 0.607803 0.268968
vt 0.603576 0.264320
vt 0.683481 0.240108
vt 0.692801 0.238158
vt 0.692940 0.249744
vt 0.645586 0.262904
vt 0.653768 0.261704
vt 0.657246 0.265329
vt 0.628923 0.263943
vt 0.636979 0.263676
vt 0.640749 0.267825
vt 0.704461 0.220014
vt 0.714229 0.218581
vt 0.715825 0.229338
vt 0.678959 0.257438
vt 0.687425 0.255037
vt 0.690237 0.257967
vt 0.662332 0.260448
vt 0.670513 0.259248
vt 0.673736 0.262816
vt 0.509682 0.092311
vt 0.506550 0.099857
vt 0.500863 0.102270
vt 0.690201 0.268945
vt 0.697869 0.266126
vt 0.695752 0.252674
vt 0.704217 0.250272
vt 0.703590 0.260635
vt 0.746910 0.226232
vt 0.738180 0.238090
vt 0.729314 0.171155
vt 0.727898 0.187117
vt 0.724602 0.175377
vt 0.727769 0.139128
vt 0.728554 0.155148
vt 0.723686 0.144011
vt 0.740919 0.104640
vt 0.742540 0.097270
vt 0.638094 0.309718
vt 0.644474 0.313165
vt 0.630355 0.329547
vt 0.491952 0.198277
vt 0.487988 0.258180
vt 0.471162 0.221663
vt 0.453068 0.210016
vt 0.490408 0.166251
vt 0.495120 0.162029
vt 0.602618 0.311757
vt 0.607439 0.316586
vt 0.717517 0.222165
vt 0.722688 0.219088
vt 0.706722 0.253089
vt 0.712055 0.251379
vt 0.630752 0.022987
vt 0.652479 0.012259
vt 0.710103 0.088362
vt 0.678706 0.065392
vt 0.676293 0.059705
vt 0.652237 0.030927
vt 0.649206 0.025300
vt 0.612313 0.049250
vt 0.628275 0.050665
vt 0.616535 0.053962
vt 0.581628 0.027688
vt 0.575248 0.024241
vt 0.547957 0.057071
vt 0.564148 0.053903
vt 0.686957 0.044178
vt 0.691517 0.028620
vt 0.497064 0.201966
vt 0.495061 0.214415
vt 0.498229 0.230606
vt 0.724779 0.166743
vt 0.724440 0.159700
vt 0.726456 0.203091
vt 0.721198 0.206567
vt 0.724660 0.122990
vt 0.718224 0.112467
vt 0.731733 0.079226
vt 0.750619 0.088216
vt 0.722658 0.135439
vt 0.721261 0.128202
vt 0.580286 0.050794
vt 0.596305 0.050009
vt 0.520384 0.046830
vt 0.511690 0.039654
vt 0.472812 0.111173
vt 0.460318 0.106029
vt 0.481541 0.099315
vt 0.466458 0.129358
vt 0.453417 0.126084
vt 0.461977 0.166281
vt 0.449193 0.146869
vt 0.465399 0.203315
vt 0.549225 0.274667
vt 0.556398 0.276359
vt 0.559476 0.281529
vt 0.533470 0.268882
vt 0.541016 0.272014
vt 0.543428 0.277700
vt 0.694247 0.071841
vt 0.692538 0.066509
vt 0.663323 0.061046
vt 0.517929 0.262432
vt 0.525475 0.265564
vt 0.527184 0.270896
vt 0.515281 0.281820
vt 0.547187 0.318245
vt 0.540474 0.297022
vt 0.575472 0.285298
vt 0.571996 0.280039
vt 0.625920 0.314967
vt 0.609185 0.330846
vt 0.639436 0.286611
vt 0.634552 0.282528
vt 0.666097 0.277065
vt 0.724036 0.283833
vt 0.722978 0.263282
vt 0.738086 0.267945
vt 0.580519 0.281418
vt 0.587542 0.282046
vt 0.531447 0.063202
vt 0.713172 0.237548
vt 0.718858 0.235135
vt 0.722577 0.198044
vt 0.723204 0.191021
vt 0.464145 0.147811
vt 0.632179 0.055359
vt 0.509504 0.058051
vt 0.502178 0.057874
vt 0.734385 0.245799
vt 0.740428 0.244456
vt 0.749943 0.250359
vt 0.717544 0.279531
vt 0.664607 0.039832
vt 0.661657 0.034225
vt 0.647416 0.033762
vt 0.492013 0.081372
vt 0.589648 0.305790
vt 0.593537 0.310631
vt 0.607002 0.307963
vt 0.676646 0.294411
vt 0.681783 0.296286
vt 0.692281 0.290034
vt 0.664376 0.302670
vt 0.656095 0.305192
vt 0.584946 0.309566
vt 0.575865 0.308440
vt 0.558064 0.303180
vt 0.641847 0.305070
vt 0.646547 0.308100
vt 0.599375 0.026224
vt 0.492957 0.258561
vt 0.499209 0.269059
vt 0.510809 0.263770
vt 0.522530 0.286550
vt 0.478802 0.232766
vt 0.470601 0.165844
vt 0.466629 0.170069
vt 0.467382 0.179189
vt 0.486999 0.096815
vt 0.480990 0.113956
vt 0.746350 0.122468
vt 0.750724 0.193617
vt 0.749598 0.202699
vt 0.751789 0.185027
vt 0.503420 0.063890
vt 0.514793 0.069651
vt 0.545798 0.037644
vt 0.563626 0.032213
vt 0.617103 0.025648
vt 0.669827 0.037085
vt 0.611227 0.311934
vt 0.620347 0.311181
vt 0.475383 0.116906
vt 0.474921 0.131148
vt 0.470123 0.134706
vt 0.468997 0.143788
vt 0.714674 0.062262
vt 0.720513 0.068346
vt 0.726764 0.078845
vt 0.735569 0.101917
vt 0.737444 0.096781
vt 0.731193 0.086282
vt 0.750876 0.140469
vt 0.752340 0.158216
vt 0.747636 0.211079
vt 0.661973 0.238569
vt 0.624919 0.259771
vt 0.595538 0.263722
vt 0.607980 0.260314
vt 0.562174 0.259824
vt 0.528819 0.251781
vt 0.518115 0.221174
vt 0.628039 0.202780
vt 0.594744 0.225569
vt 0.558229 0.222870
vt 0.534272 0.206880
vt 0.571479 0.172243
vt 0.533196 0.171454
vt 0.684483 0.121378
vt 0.592028 0.125977
vt 0.553908 0.135327
vt 0.516080 0.137710
vt 0.500216 0.123665
vt 0.633451 0.093297
vt 0.592978 0.106980
vt 0.559036 0.090282
vt 0.521881 0.104386
vt 0.666053 0.079188
vt 0.595445 0.069002
vt 0.578972 0.069580
vt 0.562475 0.072076
vt 0.545986 0.074589
vt 0.539846 0.100693
vt 0.529484 0.079438
vt 0.576543 0.088367
vt 0.611919 0.068437
vt 0.616146 0.073085
vt 0.615365 0.111356
vt 0.541537 0.092214
vt 0.649422 0.076046
vt 0.651107 0.094745
vt 0.594033 0.087990
vt 0.632816 0.074324
vt 0.633623 0.112269
vt 0.611525 0.087625
vt 0.615756 0.092216
vt 0.682542 0.082877
vt 0.668771 0.097347
vt 0.574827 0.107151
vt 0.572804 0.134596
vt 0.535008 0.136058
vt 0.556663 0.108469
vt 0.614973 0.130498
vt 0.558449 0.130836
vt 0.651859 0.113450
vt 0.667136 0.137651
vt 0.573321 0.125957
vt 0.700406 0.108050
vt 0.702863 0.124796
vt 0.633795 0.131244
vt 0.685990 0.139157
vt 0.518739 0.121016
vt 0.537244 0.118356
vt 0.533927 0.153752
vt 0.552336 0.171849
vt 0.614581 0.149645
vt 0.572059 0.153418
vt 0.575784 0.186881
vt 0.590625 0.172636
vt 0.591372 0.144978
vt 0.594788 0.187450
vt 0.595000 0.168398
vt 0.704834 0.141585
vt 0.648065 0.173815
vt 0.667299 0.155932
vt 0.514620 0.187765
vt 0.515659 0.204428
vt 0.552995 0.153585
vt 0.552499 0.190129
vt 0.539994 0.220815
vt 0.552931 0.208399
vt 0.609556 0.183563
vt 0.608768 0.221939
vt 0.576486 0.224656
vt 0.648257 0.154982
vt 0.647320 0.192637
vt 0.594576 0.206504
vt 0.686348 0.174598
vt 0.683819 0.209949
vt 0.609162 0.202751
vt 0.705656 0.166346
vt 0.685267 0.192293
vt 0.666294 0.192465
vt 0.533550 0.189178
vt 0.512236 0.246332
vt 0.521125 0.237801
vt 0.702517 0.208264
vt 0.556938 0.204427
vt 0.571451 0.191079
vt 0.537114 0.233782
vt 0.541851 0.238717
vt 0.545544 0.256683
vt 0.571436 0.201259
vt 0.575754 0.205759
vt 0.577216 0.243555
vt 0.578868 0.262483
vt 0.645585 0.221625
vt 0.641859 0.259240
vt 0.627176 0.221780
vt 0.681216 0.227613
vt 0.626226 0.240777
vt 0.658853 0.256823
vt 0.644079 0.240431
vt 0.524140 0.234696
vt 0.536148 0.224635
vt 0.559514 0.241320
vt 0.564823 0.278347
vt 0.608374 0.241126
vt 0.607586 0.279501
vt 0.591710 0.278105
vt 0.596164 0.282816
vt 0.675855 0.254423
vt 0.639430 0.278027
vt 0.623507 0.278758
vt 0.627509 0.282866
vt 0.699376 0.224895
vt 0.671406 0.272049
vt 0.674408 0.274752
vt 0.655414 0.275030
vt 0.658860 0.278462
vt 0.498052 0.080036
vt 0.699719 0.285606
vt 0.710217 0.279354
vt 0.704928 0.267754
vt 0.687490 0.266327
vt 0.741478 0.228669
vt 0.746948 0.188915
vt 0.749121 0.171561
vt 0.747662 0.154132
vt 0.751628 0.149590
vt 0.746228 0.136717
vt 0.743828 0.114188
vt 0.628974 0.310470
vt 0.472059 0.183273
vt 0.468093 0.187816
vt 0.473493 0.200688
vt 0.488529 0.251123
vt 0.482278 0.240624
vt 0.473371 0.214937
vt 0.472773 0.148490
vt 0.467932 0.152378
vt 0.732723 0.240590
vt 0.738731 0.223449
vt 0.716301 0.273515
vt 0.634775 0.027839
vt 0.643857 0.028965
vt 0.708913 0.073635
vt 0.698527 0.056894
vt 0.630073 0.031615
vt 0.626185 0.026774
vt 0.612719 0.029442
vt 0.590748 0.026935
vt 0.560449 0.037694
vt 0.555346 0.034735
vt 0.697191 0.050855
vt 0.470463 0.205389
vt 0.484152 0.235488
vt 0.753092 0.167336
vt 0.744338 0.220499
vt 0.744801 0.206258
vt 0.740869 0.119291
vt 0.749259 0.132016
vt 0.595291 0.030901
vt 0.577875 0.032335
vt 0.527440 0.047371
vt 0.537939 0.041119
vt 0.478244 0.108736
vt 0.472086 0.126327
vt 0.466806 0.161460
vt 0.468846 0.196936
vt 0.478852 0.218114
vt 0.475894 0.223218
vt 0.608495 0.025471
vt 0.537973 0.291564
vt 0.555114 0.297573
vt 0.521194 0.280511
vt 0.681748 0.045841
vt 0.505048 0.275143
vt 0.573174 0.029305
vt 0.549894 0.300320
vt 0.572306 0.303643
vt 0.624431 0.306504
vt 0.659273 0.299711
vt 0.520003 0.051799
vt 0.543076 0.042994
vt 0.721670 0.257369
vt 0.727708 0.256033
vt 0.710939 0.274018
vt 0.534107 0.299270
vt 0.504546 0.269781
vt 0.479294 0.092949
vt 0.508782 0.063388
vt 0.685615 0.038135
vt 0.715176 0.067624
vt 0.679875 0.236712
vt 0.503812 0.233250
vt 0.682284 0.170189
vt 0.715910 0.104155
vt 0.495697 0.186351
vt 0.516546 0.287813
vt 0.514066 0.171059
vt 0.514243 0.162417
vt 0.495747 0.155006
vt 0.723974 0.182399
vt 0.490750 0.075388
vt 0.524035 0.096021
vt 0.554608 0.126704
vt 0.590803 0.163983
vt 0.693864 0.284056
vt 0.686344 0.156881
vt 0.685794 0.183653
vt 0.628919 0.173422
vt 0.594911 0.244636
vt 0.719620 0.119703
vt 0.525857 0.053349
vt 0.703175 0.049592
vt 0.500101 0.217702
vt 0.695686 0.241384
vt 0.665113 0.210701
vt 0.725214 0.084699
vt 0.728971 0.262017
vt 0.724024 0.151054
vt 0.494508 0.252706
vt 0.705478 0.174988
vt 0.514841 0.154380
vt 0.705388 0.158291
vt 0.514333 0.179114
vt 0.704881 0.183025
vt 0.794587 0.675377
vt 0.906849 0.672843
vt 0.677032 0.990753
vt 0.799567 0.880288
s 1
usemtl tech_pedestal_mat
f 406/1/1 301/2/2 281/3/3
f 276/4/4 416/5/5 414/6/6
f 13/7/7 264/8/8 279/9/9
f 232/10/10 396/11/11 395/12/12
f 296/13/13 393/14/14 394/15/15
f 82/16/16 200/17/17 198/18/18
f 12/19/19 279/9/9 251/20/20
f 280/21/9 402/22/21 252/23/20
f 203/24/22 90/25/23 89/26/24
f 251/20/20 11/27/25 12/19/19
f 196/28/26 10/29/27 283/30/28
f 197/31/29 74/32/30 73/33/31
f 22/34/32 271/35/33 247/36/34
f 247/36/34 21/37/35 22/34/32
f 411/38/36 244/39/37 248/40/34
f 260/41/38 398/42/39 397/43/40
f 399/44/41 242/45/42 289/46/43
f 410/47/44 240/48/45 244/39/37
f 397/43/40 298/49/46 260/41/38
f 416/5/5 229/50/47 417/51/48
f 3/52/49 309/53/10 303/54/50
f 408/55/51 207/56/52 292/57/53
f 258/58/54 419/59/55 418/60/56
f 229/50/47 418/60/56 417/51/48
f 193/61/57 2/62/58 295/63/59
f 282/64/60 15/65/61 16/66/62
f 259/67/38 5/68/63 6/69/64
f 214/70/65 130/71/66 65/72/67
f 442/73/68 156/74/69 155/75/70
f 458/76/71 169/77/72 170/78/73
f 443/79/74 155/75/70 154/80/75
f 456/81/76 169/77/72 457/82/77
f 221/83/78 154/80/75 153/84/79
f 455/85/80 168/86/81 456/81/76
f 221/83/78 152/87/82 441/88/83
f 454/89/84 167/90/85 455/85/80
f 480/91/86 161/92/87 450/93/88
f 441/88/83 151/94/89 440/95/90
f 453/96/91 166/97/92 454/89/84
f 479/98/93 192/99/94 480/91/86
f 440/95/90 150/100/95 439/101/96
f 452/102/97 165/103/98 453/96/91
f 478/104/99 191/105/100 479/98/93
f 439/101/96 149/106/101 438/107/102
f 451/108/103 164/109/104 452/102/97
f 477/110/105 190/111/106 478/104/99
f 438/107/102 148/112/107 437/113/108
f 449/114/109 163/115/110 451/108/103
f 476/116/111 189/117/112 477/110/105
f 437/113/108 147/118/113 435/119/114
f 450/93/88 162/120/115 449/114/109
f 475/121/116 188/122/117 476/116/111
f 435/119/114 146/123/118 436/124/119
f 474/125/120 187/126/121 475/121/116
f 436/124/119 145/127/122 218/128/123
f 473/129/124 186/130/125 474/125/120
f 218/128/123 144/131/126 434/132/127
f 473/129/124 184/133/128 185/134/129
f 434/132/127 143/135/130 433/136/131
f 33/137/132 204/138/133 34/139/134
f 61/140/135 626/141/136 62/142/137
f 213/143/138 635/144/139 658/145/140
f 61/140/135 614/146/141 620/147/142
f 679/148/143 629/149/144 656/150/145
f 676/151/146 605/152/147 607/153/148
f 631/154/149 623/155/150 629/149/144
f 41/156/151 73/33/31 74/32/30
f 41/156/151 211/157/152 42/158/153
f 59/159/154 677/160/155 608/161/156
f 625/162/157 617/163/158 623/155/150
f 673/164/159 599/165/160 649/166/161
f 613/167/162 617/163/158 619/168/163
f 601/169/164 593/170/165 599/165/160
f 60/171/166 608/161/156 614/146/141
f 49/172/167 81/173/168 82/16/16
f 49/172/167 207/56/52 50/174/169
f 595/175/170 587/176/171 593/170/165
f 607/153/148 611/177/172 613/167/162
f 589/178/173 581/179/174 587/176/171
f 88/180/175 650/181/176 598/182/177
f 670/183/178 575/184/179 577/185/180
f 87/186/181 598/182/177 592/187/182
f 57/188/183 89/26/24 90/25/23
f 57/188/183 209/189/184 58/190/185
f 577/185/180 581/179/174 583/191/186
f 86/192/187 592/187/182 586/193/188
f 667/194/189 569/195/190 643/196/191
f 86/192/187 580/197/192 85/198/193
f 571/199/194 563/200/195 569/195/190
f 52/201/196 578/202/197 584/203/198
f 33/137/132 97/204/199 67/205/200
f 141/206/201 172/207/202 140/208/203
f 153/84/79 186/209/125 185/210/129
f 140/208/203 171/211/204 139/212/205
f 153/84/79 184/213/128 152/87/82
f 139/212/205 170/214/73 138/215/206
f 152/87/82 183/216/207 151/94/89
f 138/215/206 169/217/72 137/218/208
f 151/94/89 182/219/209 150/100/95
f 136/220/210 169/217/72 168/221/81
f 150/100/95 181/222/211 149/106/101
f 135/223/212 168/221/81 167/224/85
f 149/106/101 180/225/213 148/112/107
f 134/226/214 167/224/85 166/227/92
f 148/112/107 179/228/215 147/118/113
f 160/229/216 161/230/87 192/231/94
f 133/232/217 166/227/92 165/233/98
f 147/118/113 178/234/218 146/123/118
f 159/235/219 192/231/94 191/236/100
f 132/237/220 165/233/98 164/238/104
f 146/123/118 177/239/221 145/127/122
f 158/240/222 191/236/100 190/241/106
f 131/242/223 164/238/104 163/243/110
f 145/127/122 176/244/224 144/131/126
f 157/245/225 190/241/106 189/246/112
f 130/71/66 163/243/110 162/247/115
f 144/131/126 175/248/226 143/135/130
f 156/74/69 189/246/112 188/249/117
f 65/72/67 162/247/115 161/230/87
f 143/135/130 174/250/227 142/251/228
f 155/75/70 188/249/117 187/252/121
f 142/251/228 173/253/229 141/206/201
f 154/80/75 187/252/121 186/209/125
f 108/254/230 170/78/73 171/255/204
f 444/256/231 157/245/225 156/74/69
f 422/257/232 131/242/223 130/71/66
f 109/258/233 171/255/204 172/259/202
f 445/260/234 158/240/222 157/245/225
f 421/261/235 132/237/220 131/242/223
f 110/262/236 172/259/202 173/263/229
f 446/264/237 159/235/219 158/240/222
f 423/265/238 133/232/217 132/237/220
f 111/266/239 173/263/229 174/267/227
f 447/268/240 160/229/216 159/235/219
f 424/269/241 134/226/214 133/232/217
f 112/270/242 174/267/227 175/271/226
f 448/272/243 65/72/67 160/229/216
f 425/273/244 135/223/212 134/226/214
f 113/274/245 175/271/226 176/275/224
f 426/276/246 136/220/210 135/223/212
f 114/277/247 176/275/224 177/278/221
f 427/279/248 137/218/208 136/220/210
f 115/280/249 177/278/221 178/281/218
f 429/282/250 137/218/208 215/283/251
f 116/284/252 178/281/218 179/285/215
f 428/286/253 138/215/206 429/282/250
f 117/287/254 179/285/215 180/288/213
f 430/289/255 139/212/205 428/286/253
f 118/290/256 180/288/213 181/291/211
f 431/292/257 140/208/203 430/289/255
f 119/293/258 181/291/211 182/294/209
f 432/295/259 141/206/201 431/292/257
f 120/296/260 182/294/209 183/297/207
f 433/136/131 142/251/228 432/295/259
f 472/298/261 183/297/207 184/133/128
f 193/61/57 1/299/262 2/62/58
f 197/31/29 9/300/263 195/301/264
f 196/28/26 9/300/263 10/29/27
f 200/17/17 17/302/265 198/18/18
f 199/303/266 17/302/265 18/304/267
f 203/24/22 25/305/268 201/306/269
f 202/307/270 25/305/268 26/308/271
f 205/309/272 1/299/262 194/310/273
f 32/311/274 205/309/272 294/312/275
f 31/313/276 294/314/275 311/315/277
f 407/316/278 292/317/53 270/318/279
f 8/319/280 197/31/29 290/320/281
f 288/321/282 414/6/6 415/322/283
f 23/323/284 286/324/285 271/35/33
f 401/325/286 211/157/152 284/326/287
f 27/327/288 278/328/289 275/329/290
f 34/139/134 214/330/65 33/137/132
f 40/331/291 215/332/251 427/333/248
f 42/158/153 215/332/251 41/156/151
f 48/334/292 218/335/123 434/336/127
f 50/174/169 218/335/123 49/172/167
f 56/337/293 221/338/78 441/339/83
f 58/190/185 221/338/78 57/188/183
f 64/340/294 214/330/65 448/341/243
f 34/139/134 394/342/15 422/343/232
f 40/331/291 399/344/41 73/33/31
f 42/158/153 401/325/286 429/345/250
f 48/334/292 406/346/1 81/173/168
f 50/174/169 408/55/51 436/347/119
f 56/337/293 413/348/295 89/26/24
f 58/190/185 415/349/283 443/350/74
f 64/340/294 420/351/296 97/204/199
f 81/173/168 406/346/1 281/352/3
f 266/353/297 14/354/298 15/65/61
f 272/355/299 413/356/295 412/357/300
f 27/327/288 287/358/301 26/359/271
f 248/40/34 412/357/300 411/38/36
f 269/360/302 18/361/267 19/362/303
f 234/363/304 420/364/296 419/59/55
f 295/365/59 3/52/49 303/54/50
f 270/318/279 409/366/305 407/316/278
f 16/367/62 200/17/17 282/368/60
f 394/342/15 204/138/133 296/369/13
f 28/370/306 230/371/47 278/328/289
f 24/372/307 203/24/22 286/373/285
f 4/374/308 238/375/46 309/53/10
f 30/376/309 311/315/277 306/377/54
f 199/303/266 82/16/16 198/18/18
f 268/378/310 395/12/12 393/14/14
f 97/204/199 420/351/296 293/379/311
f 199/303/266 18/304/267 291/380/312
f 67/205/200 193/61/57 204/138/133
f 21/37/35 315/381/45 20/382/313
f 290/383/281 7/384/314 8/385/280
f 19/362/303 315/381/45 269/360/302
f 259/67/38 7/384/314 317/386/315
f 73/33/31 399/344/41 289/387/43
f 400/388/316 284/389/287 250/390/317
f 196/28/26 74/32/30 195/301/264
f 89/26/24 413/348/295 285/391/318
f 252/23/20 400/388/316 250/390/317
f 90/25/23 202/307/270 209/189/184
f 249/392/319 10/393/27 11/27/25
f 415/349/283 209/189/184 288/394/282
f 202/307/270 26/308/271 287/395/301
f 29/396/320 306/377/54 230/371/47
f 280/21/9 404/397/321 403/398/322
f 405/399/323 335/400/8 301/2/2
f 227/401/324 352/402/325 389/403/326
f 334/404/327 345/405/328 308/406/329
f 228/407/330 351/408/331 233/409/332
f 305/410/333 374/411/334 333/412/335
f 237/413/336 350/414/337 339/415/338
f 253/416/339 371/417/340 383/418/341
f 231/419/342 340/420/343 349/421/344
f 254/422/345 372/423/346 331/424/347
f 307/425/348 352/402/325 312/426/349
f 67/205/200 205/309/272 194/310/273
f 330/427/350 367/428/351 328/429/352
f 257/430/353 351/408/331 347/431/354
f 327/432/355 370/433/356 329/434/357
f 310/435/358 344/436/359 350/414/337
f 328/429/352 365/437/360 326/438/361
f 231/419/342 343/439/362 267/440/363
f 327/432/355 366/441/364 368/442/365
f 307/425/348 345/405/328 348/443/366
f 261/444/367 365/437/360 379/445/368
f 257/430/353 346/446/369 305/410/333
f 262/447/370 366/441/364 325/448/371
f 226/449/372 344/436/359 304/450/373
f 255/451/374 364/452/375 381/453/376
f 225/454/377 343/439/362 391/455/378
f 256/456/379 363/457/380 324/458/381
f 274/459/382 281/3/3 273/460/383
f 261/461/367 284/389/287 283/462/28
f 256/463/379 285/464/318 255/465/374
f 253/466/339 288/321/282 287/358/301
f 246/467/384 289/46/43 245/468/385
f 235/469/386 292/317/53 291/470/312
f 228/471/330 293/472/311 227/473/324
f 225/474/377 296/13/13 295/365/59
f 237/475/336 260/41/38 298/49/46
f 300/476/387 238/375/46 259/67/38
f 273/460/383 301/2/2 265/477/388
f 274/459/382 266/353/297 282/64/60
f 225/474/377 303/54/50 267/478/363
f 226/479/372 268/378/310 296/13/13
f 305/480/333 306/377/54 257/481/353
f 307/425/348 229/482/47 308/406/329
f 231/483/342 303/54/50 309/53/10
f 310/484/358 268/378/310 304/485/373
f 257/481/353 311/315/277 233/486/332
f 307/425/348 234/487/304 258/488/54
f 299/489/389 309/53/10 238/375/46
f 237/475/336 232/10/10 310/484/358
f 228/471/330 311/315/277 294/314/275
f 227/473/324 234/363/304 312/490/349
f 236/491/390 270/318/279 292/317/53
f 235/469/386 269/360/302 314/492/391
f 239/493/392 269/360/302 315/381/45
f 316/494/393 270/318/279 313/495/394
f 300/476/387 317/386/315 241/496/395
f 297/497/396 242/45/42 260/41/38
f 319/498/397 240/48/45 316/494/393
f 320/499/398 315/381/45 243/500/37
f 245/468/385 242/45/42 318/501/399
f 246/467/384 317/386/315 290/383/281
f 319/498/397 248/40/34 244/39/37
f 320/499/398 247/36/34 322/502/400
f 323/503/401 248/40/34 321/504/402
f 324/505/381 247/36/34 271/35/33
f 256/463/379 271/35/33 286/324/285
f 255/465/374 272/355/299 323/503/401
f 262/506/370 250/390/317 284/389/287
f 261/461/367 249/392/319 326/507/361
f 325/508/371 252/23/20 250/390/317
f 326/507/361 251/20/20 328/509/352
f 329/510/357 252/23/20 327/511/355
f 328/509/352 279/9/9 330/512/350
f 254/513/345 276/4/4 288/321/282
f 253/466/339 275/329/290 332/514/403
f 333/515/335 230/371/47 305/480/333
f 308/406/329 277/516/404 334/404/327
f 265/477/388 335/400/8 263/517/405
f 336/518/406 266/353/297 302/519/407
f 332/514/403 278/328/289 333/515/335
f 331/520/347 277/521/404 276/4/4
f 330/512/350 264/8/8 336/518/406
f 263/517/405 280/21/9 329/510/357
f 338/522/408 340/420/343 337/523/409
f 341/524/410 378/525/411 377/526/412
f 391/455/378 344/436/359 392/527/413
f 347/431/354 345/405/328 346/446/369
f 343/439/362 350/414/337 344/436/359
f 351/408/331 348/443/366 347/431/354
f 340/420/343 350/414/337 349/421/344
f 390/528/414 352/402/325 351/408/331
f 354/529/415 387/530/416 353/531/417
f 353/531/417 356/532/418 354/529/415
f 357/533/419 338/522/408 337/523/409
f 356/532/418 359/534/420 360/535/421
f 358/536/422 386/537/423 385/538/424
f 362/539/425 359/534/420 361/540/426
f 362/539/425 363/457/380 364/452/375
f 382/541/427 364/452/375 363/457/380
f 366/441/364 379/445/368 365/437/360
f 368/442/365 365/437/360 367/428/351
f 368/442/365 369/542/428 370/433/356
f 372/423/346 383/418/341 371/417/340
f 346/446/369 373/543/429 374/411/334
f 375/544/430 342/545/431 341/524/410
f 371/417/340 373/543/429 372/423/346
f 376/546/432 370/433/356 369/542/428
f 263/547/405 341/524/410 265/548/388
f 236/549/390 354/529/415 313/550/394
f 336/551/406 342/545/431 376/546/432
f 235/552/386 353/531/417 387/530/416
f 332/553/403 374/411/334 371/417/340
f 239/554/392 353/531/417 314/555/391
f 273/556/383 378/525/411 274/557/382
f 334/404/327 372/423/346 373/543/429
f 316/558/393 354/529/415 356/532/418
f 262/447/370 379/445/368 380/559/433
f 330/427/350 376/546/432 369/542/428
f 241/560/395 337/523/409 300/561/387
f 255/451/374 382/541/427 256/456/379
f 263/547/405 370/433/356 375/544/430
f 297/562/396 358/536/422 318/563/399
f 254/422/345 383/418/341 384/564/434
f 319/565/397 356/532/418 360/535/421
f 245/566/385 386/537/423 246/567/384
f 320/568/398 355/569/435 239/554/392
f 236/549/390 387/530/416 388/570/436
f 245/566/385 358/536/422 385/538/424
f 227/401/324 390/528/414 228/407/330
f 246/567/384 357/533/419 241/560/395
f 226/449/372 391/455/378 392/527/413
f 319/565/397 362/539/425 321/571/402
f 237/413/336 338/522/408 297/562/396
f 320/568/398 361/540/426 359/534/420
f 299/572/389 337/523/409 340/420/343
f 321/571/402 364/452/375 323/573/401
f 273/556/383 341/524/410 377/526/412
f 324/458/381 361/540/426 322/574/400
f 274/557/382 342/545/431 302/575/407
f 66/576/437 393/14/14 68/577/438
f 68/577/438 395/12/12 69/578/439
f 69/578/439 396/11/11 70/579/440
f 71/580/441 396/11/11 397/43/40
f 71/580/441 398/42/39 72/581/442
f 208/582/443 398/42/39 399/44/41
f 75/583/444 400/388/316 76/584/445
f 77/585/446 400/388/316 402/22/21
f 77/585/446 403/398/322 78/586/447
f 79/587/448 403/398/322 404/397/321
f 80/588/449 404/397/321 405/399/323
f 212/589/450 405/399/323 406/1/1
f 83/590/451 407/316/278 84/591/452
f 84/591/452 409/366/305 85/592/193
f 85/592/193 410/47/44 86/593/187
f 86/593/187 411/38/36 87/594/181
f 87/594/181 412/357/300 88/595/175
f 210/596/453 412/357/300 413/356/295
f 91/597/454 414/6/6 92/598/455
f 93/599/456 414/6/6 416/5/5
f 94/600/457 416/5/5 417/51/48
f 94/600/457 418/60/56 95/601/458
f 96/602/459 418/60/56 419/59/55
f 206/603/460 419/59/55 420/364/296
f 213/604/138 421/605/235 422/606/232
f 35/607/461 423/608/238 421/605/235
f 36/609/462 424/610/241 423/608/238
f 37/611/463 425/612/244 424/610/241
f 39/613/464 425/612/244 38/614/465
f 216/615/466 426/616/246 39/613/464
f 217/617/467 428/618/253 429/619/250
f 43/620/468 430/621/255 428/618/253
f 44/622/469 431/623/257 430/621/255
f 45/624/470 432/625/259 431/623/257
f 47/626/471 432/625/259 46/627/472
f 219/628/473 433/629/131 47/626/471
f 220/630/474 435/631/114 436/632/119
f 51/633/475 437/634/108 435/631/114
f 52/635/196 438/636/102 437/634/108
f 53/637/476 439/638/96 438/636/102
f 55/639/477 439/638/96 54/640/478
f 222/641/479 440/642/90 55/639/477
f 223/643/480 442/644/68 443/645/74
f 59/646/154 444/647/231 442/644/68
f 61/648/135 444/647/231 60/649/166
f 62/650/137 445/651/234 61/648/135
f 62/650/137 447/652/240 446/653/237
f 224/654/481 447/652/240 63/655/482
f 66/576/437 422/606/232 394/15/15
f 208/582/443 427/656/248 216/615/466
f 75/583/444 429/619/250 401/657/286
f 212/589/450 434/658/127 219/628/473
f 83/590/451 436/632/119 408/659/51
f 210/596/453 441/660/83 222/641/479
f 91/597/454 443/645/74 415/322/283
f 206/603/460 448/661/243 224/654/481
f 68/662/438 635/144/139 66/663/437
f 69/664/439 514/665/483 68/662/438
f 70/666/440 520/667/484 69/664/439
f 70/666/440 532/668/485 526/669/486
f 71/670/441 538/671/487 532/668/485
f 72/672/442 637/673/488 538/671/487
f 76/674/445 641/675/489 75/676/444
f 77/677/446 544/678/490 76/674/445
f 78/679/447 550/680/491 77/677/446
f 78/679/447 562/681/492 556/682/493
f 46/683/472 572/684/494 47/685/471
f 47/685/471 668/686/495 219/687/473
f 51/688/475 671/689/496 578/202/197
f 85/198/193 574/690/497 84/691/452
f 53/692/476 584/203/198 590/693/498
f 53/692/476 596/694/499 54/695/478
f 54/695/478 602/696/500 55/697/477
f 55/697/477 674/698/501 222/699/479
f 92/700/455 653/701/502 91/702/454
f 93/703/456 604/704/503 92/700/455
f 94/705/457 610/706/504 93/703/456
f 94/705/457 622/707/505 616/708/506
f 95/709/458 628/710/507 622/707/505
f 96/711/459 655/712/508 628/710/507
f 216/713/466 637/673/488 208/714/443
f 62/142/137 632/715/509 63/716/482
f 217/717/467 641/675/489 664/718/510
f 63/716/482 680/719/511 224/720/481
f 219/687/473 644/721/512 212/722/450
f 36/723/462 518/724/513 524/725/514
f 220/726/474 647/727/515 671/689/496
f 529/728/516 521/729/517 527/730/518
f 222/699/479 650/181/176 210/731/453
f 529/728/516 533/732/519 535/733/520
f 35/734/461 658/145/140 518/724/513
f 223/735/480 653/701/502 677/160/155
f 541/736/521 533/732/519 539/737/522
f 659/738/523 515/739/524 517/740/525
f 224/720/481 655/712/508 206/741/460
f 661/742/526 539/737/522 638/743/527
f 37/744/463 524/725/514 530/745/528
f 547/746/529 551/747/530 553/748/531
f 37/744/463 536/749/532 38/750/465
f 44/751/469 548/752/533 554/753/534
f 38/750/465 542/754/535 39/755/464
f 553/748/531 557/756/536 559/757/537
f 39/755/464 662/758/538 216/713/466
f 559/757/537 563/200/195 565/759/539
f 43/760/468 664/718/510 548/752/533
f 79/761/448 568/762/540 562/681/492
f 665/763/541 545/764/542 547/746/529
f 80/765/449 644/721/512 568/762/540
f 45/766/470 554/753/534 560/767/543
f 84/691/452 647/727/515 83/768/451
f 45/766/470 566/769/544 46/683/472
f 99/770/545 450/93/88 449/114/109
f 99/770/545 451/108/103 100/771/546
f 101/772/547 451/108/103 452/102/97
f 101/772/547 453/96/91 102/773/548
f 103/774/549 453/96/91 454/89/84
f 103/774/549 455/85/80 104/775/550
f 104/775/550 456/81/76 105/776/551
f 106/777/552 456/81/76 457/82/77
f 106/777/552 458/76/71 107/778/553
f 107/778/553 108/254/230 459/779/554
f 460/780/555 108/254/230 109/258/233
f 460/780/555 110/262/236 461/781/556
f 461/781/556 111/266/239 462/782/557
f 463/783/558 111/266/239 112/270/242
f 464/784/559 112/270/242 113/274/245
f 464/784/559 114/277/247 465/785/560
f 466/786/561 114/277/247 115/280/249
f 466/786/561 116/284/252 467/787/562
f 468/788/563 116/284/252 117/287/254
f 468/788/563 118/290/256 469/789/564
f 469/789/564 119/293/258 470/790/565
f 470/790/565 120/296/260 471/791/566
f 471/791/566 472/298/261 121/792/567
f 121/792/567 473/129/124 122/793/568
f 123/794/569 473/129/124 474/125/120
f 123/794/569 475/121/116 124/795/570
f 124/795/570 476/116/111 125/796/571
f 126/797/572 476/116/111 477/110/105
f 126/797/572 478/104/99 127/798/573
f 127/798/573 479/98/93 128/799/574
f 128/799/574 480/91/86 129/800/575
f 129/800/575 450/93/88 98/801/576
f 107/778/553 491/802/577 490/803/578
f 489/804/579 107/778/553 490/803/578
f 489/804/579 105/776/551 106/777/552
f 487/805/580 105/776/551 488/806/581
f 486/807/582 104/775/550 487/805/580
f 512/808/583 98/801/576 482/809/584
f 485/810/585 103/774/549 486/807/582
f 512/808/583 128/799/574 129/800/575
f 484/811/586 102/773/548 485/810/585
f 510/812/587 128/799/574 511/813/588
f 483/814/589 101/772/547 484/811/586
f 509/815/590 127/798/573 510/812/587
f 481/816/591 100/771/546 483/814/589
f 508/817/592 126/797/572 509/815/590
f 507/818/593 125/796/571 508/817/592
f 506/819/594 124/795/570 507/818/593
f 505/820/595 123/794/569 506/819/594
f 505/820/595 121/792/567 122/793/568
f 459/779/554 492/821/596 491/802/577
f 460/780/555 493/822/597 492/821/596
f 461/781/556 494/823/598 493/822/597
f 463/783/558 494/823/598 462/782/557
f 464/784/559 495/824/599 463/783/558
f 465/785/560 496/825/600 464/784/559
f 465/785/560 498/826/601 497/827/602
f 467/787/562 498/826/601 466/786/561
f 468/788/563 499/828/603 467/787/562
f 469/789/564 500/829/604 468/788/563
f 469/789/564 502/830/605 501/831/606
f 470/790/565 503/832/607 502/830/605
f 504/833/608 471/791/566 121/792/567
f 296/369/13 193/61/57 295/63/59
f 293/379/311 205/309/272 97/204/199
f 292/57/53 199/303/266 291/380/312
f 289/387/43 197/31/29 73/33/31
f 288/394/282 202/307/270 287/395/301
f 285/391/318 203/24/22 89/26/24
f 284/326/287 196/28/26 283/30/28
f 281/352/3 200/17/17 81/173/168
f 481/834/591 483/835/589 513/836/609
f 483/835/589 484/837/586 513/836/609
f 484/837/586 485/838/585 513/836/609
f 485/838/585 486/839/582 513/836/609
f 486/839/582 487/840/580 513/836/609
f 487/840/580 488/841/581 513/836/609
f 488/841/581 489/842/579 513/836/609
f 489/842/579 490/843/578 513/836/609
f 490/843/578 491/844/577 513/836/609
f 491/844/577 492/845/596 513/836/609
f 492/845/596 493/846/597 513/836/609
f 493/846/597 494/847/598 513/836/609
f 494/847/598 495/848/599 513/836/609
f 495/848/599 496/849/600 513/836/609
f 496/849/600 497/850/602 513/836/609
f 497/850/602 498/851/601 513/836/609
f 498/851/601 499/852/603 513/836/609
f 499/852/603 500/853/604 513/836/609
f 500/853/604 501/854/606 513/836/609
f 501/854/606 502/855/605 513/836/609
f 502/855/605 503/856/607 513/836/609
f 503/856/607 504/857/608 513/836/609
f 504/857/608 505/858/595 513/836/609
f 505/858/595 506/859/594 513/836/609
f 506/859/594 507/860/593 513/836/609
f 507/860/593 508/861/592 513/836/609
f 508/861/592 509/862/590 513/836/609
f 509/862/590 510/863/587 513/836/609
f 510/863/587 511/864/588 513/836/609
f 511/864/588 512/865/583 513/836/609
f 512/865/583 482/866/584 513/836/609
f 482/866/584 481/834/591 513/836/609
f 634/867/610 516/868/611 515/739/524
f 636/869/612 514/665/483 516/868/611
f 515/739/524 522/870/613 521/729/517
f 516/868/611 520/667/484 522/870/613
f 521/729/517 528/871/614 527/730/518
f 522/870/613 526/669/486 528/871/614
f 533/732/519 528/871/614 534/872/615
f 534/872/615 526/669/486 532/668/485
f 539/737/522 534/872/615 540/873/616
f 540/873/616 532/668/485 538/671/487
f 638/743/527 540/873/616 639/874/617
f 639/874/617 538/671/487 637/673/488
f 640/875/618 546/876/619 545/764/542
f 642/877/620 544/678/490 546/876/619
f 545/764/542 552/878/621 551/747/530
f 546/876/619 550/680/491 552/878/621
f 551/747/530 558/879/622 557/756/536
f 552/878/621 556/682/493 558/879/622
f 563/200/195 558/879/622 564/880/623
f 564/880/623 556/682/493 562/681/492
f 569/195/190 564/880/623 570/881/624
f 570/881/624 562/681/492 568/762/540
f 643/196/191 570/881/624 645/882/625
f 645/882/625 568/762/540 644/721/512
f 646/883/626 576/884/627 575/184/179
f 648/885/628 574/690/497 576/884/627
f 575/184/179 582/886/629 581/179/174
f 576/884/627 580/197/192 582/886/629
f 581/179/174 588/887/630 587/176/171
f 582/886/629 586/193/188 588/887/630
f 593/170/165 588/887/630 594/888/631
f 594/888/631 586/193/188 592/187/182
f 599/165/160 594/888/631 600/889/632
f 600/889/632 592/187/182 598/182/177
f 649/166/161 600/889/632 651/890/633
f 651/890/633 598/182/177 650/181/176
f 652/891/634 606/892/635 605/152/147
f 654/893/636 604/704/503 606/892/635
f 605/152/147 612/894/637 611/177/172
f 606/892/635 610/706/504 612/894/637
f 611/177/172 618/895/638 617/163/158
f 612/894/637 616/708/506 618/895/638
f 623/155/150 618/895/638 624/896/639
f 624/896/639 616/708/506 622/707/505
f 629/149/144 624/896/639 630/897/640
f 630/897/640 622/707/505 628/710/507
f 656/150/145 630/897/640 657/898/641
f 657/898/641 628/710/507 655/712/508
f 518/724/513 660/899/642 519/900/643
f 519/900/643 659/738/523 517/740/525
f 524/725/514 519/900/643 525/901/644
f 525/901/644 517/740/525 523/902/645
f 530/745/528 525/901/644 531/903/646
f 531/903/646 523/902/645 529/728/516
f 530/745/528 537/904/647 536/749/532
f 531/903/646 535/733/520 537/904/647
f 536/749/532 543/905/648 542/754/535
f 537/904/647 541/736/521 543/905/648
f 542/754/535 663/906/649 662/758/538
f 543/905/648 661/742/526 663/906/649
f 548/752/533 666/907/650 549/908/651
f 549/908/651 665/763/541 547/746/529
f 554/753/534 549/908/651 555/909/652
f 555/909/652 547/746/529 553/748/531
f 560/767/543 555/909/652 561/910/653
f 561/910/653 553/748/531 559/757/537
f 560/767/543 567/911/654 566/769/544
f 561/910/653 565/759/539 567/911/654
f 566/769/544 573/912/655 572/684/494
f 567/911/654 571/199/194 573/912/655
f 572/684/494 669/913/656 668/686/495
f 573/912/655 667/194/189 669/913/656
f 578/202/197 672/914/657 579/915/658
f 579/915/658 670/183/178 577/185/180
f 584/203/198 579/915/658 585/916/659
f 585/916/659 577/185/180 583/191/186
f 590/693/498 585/916/659 591/917/660
f 591/917/660 583/191/186 589/178/173
f 590/693/498 597/918/661 596/694/499
f 591/917/660 595/175/170 597/918/661
f 596/694/499 603/919/662 602/696/500
f 597/918/661 601/169/164 603/919/662
f 602/696/500 675/920/663 674/698/501
f 603/919/662 673/164/159 675/920/663
f 608/161/156 678/921/664 609/922/665
f 609/922/665 676/151/146 607/153/148
f 614/146/141 609/922/665 615/923/666
f 615/923/666 607/153/148 613/167/162
f 620/147/142 615/923/666 621/924/667
f 621/924/667 613/167/162 619/168/163
f 620/147/142 627/925/668 626/141/136
f 621/924/667 625/162/157 627/925/668
f 626/141/136 633/926/669 632/715/509
f 627/925/668 631/154/149 633/926/669
f 632/715/509 681/927/670 680/719/511
f 633/926/669 679/148/143 681/927/670
f 634/867/610 660/899/642 636/869/612
f 636/869/612 658/145/140 635/144/139
f 662/758/538 639/874/617 637/673/488
f 663/906/649 638/743/527 639/874/617
f 640/875/618 666/907/650 642/877/620
f 642/877/620 664/718/510 641/675/489
f 668/686/495 645/882/625 644/721/512
f 669/913/656 643/196/191 645/882/625
f 646/883/626 672/914/657 648/885/628
f 648/885/628 671/689/496 647/727/515
f 674/698/501 651/890/633 650/181/176
f 675/920/663 649/166/161 651/890/633
f 652/891/634 678/921/664 654/893/636
f 654/893/636 677/160/155 653/701/502
f 680/719/511 657/898/641 655/712/508
f 681/927/670 656/150/145 657/898/641
f 517/740/525 521/729/517 523/902/645
f 482/809/584 99/770/545 481/816/591
f 1000/928/671 1434/929/672 1001/930/673
f 708/931/674 776/932/675 693/933/676
f 838/934/677 1077/935/678 839/936/679
f 1137/937/680 829/938/681 1134/939/682
f 735/940/683 734/941/684 723/942/685
f 1124/943/686 723/942/685 684/944/687
f 1221/945/688 729/946/689 686/947/690
f 747/948/691 746/949/692 1288/950/693
f 833/951/694 1186/952/695 1189/953/696
f 1373/954/697 706/955/698 697/956/699
f 1101/957/700 1100/958/701 850/959/702
f 716/960/703 752/961/704 687/962/705
f 755/963/706 688/964/707 707/965/708
f 758/966/709 689/967/710 710/968/711
f 935/969/712 1034/970/713 1037/971/714
f 1020/972/715 725/973/716 691/974/717
f 989/975/718 1346/976/719 1349/977/720
f 1273/978/721 719/979/722 702/980/723
f 1381/981/724 714/982/725 704/983/726
f 816/984/727 815/985/728 1381/981/724
f 694/986/729 1133/987/730 708/931/674
f 1016/988/731 1418/989/732 1421/990/733
f 782/991/734 695/992/735 709/993/736
f 1313/994/737 709/993/736 696/995/738
f 790/996/739 697/956/699 727/997/740
f 1033/998/741 711/999/742 798/1000/743
f 837/1001/744 1246/1002/745 1249/1003/746
f 960/1004/747 1349/977/720 961/1005/748
f 963/1006/749 1090/1007/750 1093/1008/751
f 700/1009/752 1278/1010/753 713/1011/754
f 802/1012/755 700/1009/752 718/1013/756
f 1058/1014/757 966/1015/758 1059/1016/759
f 810/1017/760 702/980/723 728/1018/761
f 1209/1019/762 728/1018/761 703/1020/763
f 819/1021/764 704/983/726 722/1022/765
f 1173/1023/766 726/1024/767 683/1025/768
f 1563/1026/769 1240/1027/770 857/1028/771
f 1196/1029/772 862/1030/773 861/1031/774
f 866/1032/775 865/1033/776 1578/1034/777
f 870/1035/778 869/1036/779 1574/1037/777
f 874/1038/780 873/1039/781 1570/1040/777
f 1295/1041/782 1549/1042/783 877/1043/784
f 1304/1044/785 886/1045/786 1241/1046/787
f 1535/1047/769 1244/1048/788 889/1049/789
f 894/1050/790 893/1051/791 1554/1052/777
f 898/1053/792 897/1054/793 1550/1055/777
f 1080/1056/794 902/1057/795 1546/1058/777
f 1448/1059/796 908/1060/797 1128/1061/798
f 1515/1062/769 1176/1063/799 1063/1064/800
f 1232/1065/801 918/1066/802 1245/1067/803
f 1513/1068/783 1512/1069/804 921/1070/777
f 1336/1071/805 926/1072/806 1526/1073/777
f 1068/1074/807 930/1075/808 1523/1076/769
f 1091/1077/809 1501/1078/783 1066/1079/810
f 1491/1080/769 1204/1081/811 1115/1082/812
f 946/1083/813 945/1084/814 1510/1085/777
f 1483/1086/769 1324/1087/815 1323/1088/816
f 1160/1089/817 954/1090/818 1433/1091/819
f 1332/1092/820 958/1093/821 1377/1094/822
f 1347/1095/823 1477/1096/783 1331/1097/824
f 1473/1098/783 1472/1099/804 969/1100/825
f 1164/1101/826 1163/1102/827 1107/1103/828
f 1276/1104/829 978/1105/830 977/1106/831
f 1455/1107/769 1316/1108/832 1315/1109/833
f 1156/1110/834 986/1111/835 1409/1112/836
f 993/1113/837 992/1114/838 1470/1115/777
f 997/1116/839 996/1117/840 1466/1118/777
f 1111/1119/841 1003/1120/842 1006/1121/843
f 1007/1122/844 1113/1123/845 1112/1124/846
f 1283/1125/847 1009/1126/848 1008/1127/849
f 1015/1128/850 1217/1129/851 1216/1130/852
f 1013/1131/853 1285/1132/854 1284/1133/855
f 984/1134/856 1210/1135/857 1213/1136/858
f 988/1137/859 1154/1138/860 1474/1139/777
f 1215/1140/861 1011/1141/862 1014/1142/863
f 1314/1143/864 1461/1144/783 1460/1145/804
f 1451/1146/769 1040/1147/865 1039/1148/866
f 1388/1149/867 1006/1121/843 1389/1150/868
f 1325/1151/869 1106/1152/870 1109/1153/871
f 1038/1154/872 1457/1155/783 1456/1156/804
f 1437/1157/873 1436/1158/874 1165/1159/875
f 1469/1160/783 1468/1161/804 973/1162/876
f 1459/1163/769 1120/1164/877 1119/1165/878
f 1462/1166/777 999/1167/879 1002/1168/880
f 972/1169/881 975/1170/882 1486/1171/777
f 1464/1172/804 1119/1165/878 1465/1173/783
f 1057/1174/883 1056/1175/884 1225/1176/885
f 968/1177/886 971/1178/887 1490/1179/777
f 1224/1180/888 1223/1181/889 1391/1182/890
f 1419/1183/891 1453/1184/783 1452/1185/804
f 962/1186/892 1330/1187/893 1498/1188/777
f 1440/1189/894 964/1190/895 1494/1191/777
f 982/1192/896 1274/1193/897 1277/1194/898
f 952/1195/899 1226/1196/900 1229/1197/901
f 956/1198/902 1158/1199/903 1502/1200/777
f 1212/1201/904 980/1202/905 983/1203/906
f 1489/1204/783 1488/1205/804 949/1206/907
f 1479/1207/769 1048/1208/908 1047/1209/909
f 1390/1210/910 1393/1211/911 1153/1212/912
f 944/1213/913 1114/1214/914 1329/1215/915
f 1046/1216/916 1485/1217/783 1484/1218/804
f 970/1219/917 1438/1220/918 1205/1221/919
f 1202/1222/920 1497/1223/783 941/1224/921
f 1152/1225/922 1151/1226/923 1291/1227/924
f 1471/1228/769 1060/1229/925 1439/1230/926
f 1116/1231/927 940/1232/928 1514/1233/777
f 1493/1234/783 1492/1235/804 947/1236/929
f 1475/1237/769 1408/1238/830 959/1239/930
f 934/1240/931 1066/1079/810 1035/1241/932
f 1404/1242/933 936/1243/934 1518/1244/777
f 1406/1245/935 1481/1246/783 1480/1247/804
f 1374/1248/936 1505/1249/783 1335/1250/937
f 928/1251/938 1334/1252/939 1429/1253/940
f 1290/1254/941 1293/1255/942 1053/1256/943
f 1430/1257/944 1509/1258/783 1508/1259/804
f 924/1260/945 1166/1261/946 1385/1262/947
f 1228/1263/948 948/1264/949 951/1265/950
f 920/1266/783 923/1267/804 1530/1268/777
f 1507/1269/769 1052/1270/951 1051/1271/952
f 942/1272/953 1402/1273/954 1177/1274/955
f 1174/1275/956 1521/1276/783 913/1277/890
f 916/1278/957 1062/1279/958 1538/1280/777
f 1495/1281/769 1260/1282/959 1403/1283/960
f 1065/1284/961 1064/1285/962 1184/1286/963
f 1326/1287/964 1517/1288/783 919/1289/965
f 1499/1290/769 1376/1291/966 931/1292/967
f 1035/1241/932 1525/1293/783 907/1294/968
f 904/1295/969 1078/1296/970 1294/1297/971
f 1503/1298/769 1432/1299/972 927/1300/973
f 1426/1301/974 1529/1302/783 903/1303/975
f 900/1304/976 1250/1305/977 1445/1306/978
f 922/1307/769 1230/1308/979 1534/1309/777
f 892/1310/980 1146/1311/981 1149/1312/982
f 1190/1313/983 1193/1314/984 1401/1315/985
f 1511/1316/769 1328/1317/986 1231/1318/987
f 1242/1319/988 1541/1320/783 1303/1321/989
f 1104/1322/788 1103/1323/990 1191/1324/991
f 914/1325/992 1446/1326/993 1545/1327/783
f 884/1328/994 1022/1329/995 1566/1330/777
f 1102/1331/996 1537/1332/783 1536/1333/804
f 1519/1334/769 1352/1335/997 1448/1059/796
f 1182/1336/998 1545/1327/783 1023/1337/999
f 1539/1338/769 1184/1286/963 887/1339/1000
f 1523/1076/769 1428/1340/1001 1079/1341/1002
f 878/1342/1003 1358/1343/1004 1098/1344/1005
f 1024/1345/1006 881/1346/1007 1181/1347/1008
f 1527/1348/769 1384/1349/1009 1251/1350/1010
f 1553/1351/783 1552/1352/804 875/1353/1011
f 1086/1354/1012 1089/1355/1013 1269/1356/1014
f 1533/1357/783 1532/1358/804 899/1359/1015
f 1557/1360/783 1556/1361/804 871/1362/1016
f 1254/1363/1017 1257/1364/1018 1413/1365/1019
f 890/1366/1020 1302/1367/1021 1562/1368/777
f 860/1369/1022 1138/1370/1023 1141/1371/1024
f 864/1372/1025 1194/1373/1026 1197/1374/1027
f 1148/1375/1028 888/1376/1029 891/1377/1030
f 1238/1378/1025 1569/1379/783 1299/1380/1031
f 1559/1381/769 1072/1382/1032 1071/1383/1033
f 1544/1384/804 1543/1385/769 881/1346/1007
f 1140/1386/1034 856/1387/1035 859/1388/1036
f 1070/1389/1037 1565/1390/783 1564/1391/804
f 1547/1392/769 1444/1393/775 1359/1394/1038
f 1573/1395/783 1572/1396/804 850/959/702
f 1300/1397/1039 853/1398/1040 1237/1399/1041
f 1400/1400/1042 1399/1401/1043 1087/1402/1044
f 1577/1403/783 1576/1404/804 847/1405/1045
f 1268/1406/1046 1267/1407/1047 1423/1408/1048
f 1344/1409/1049 1343/1410/1050 1255/1411/1051
f 1581/1412/783 1580/1413/804 844/1414/1052
f 1412/1415/1053 1411/1416/1054 1355/1417/1055
f 1342/1418/1056 1561/1419/783 1560/1420/804
f 1362/1421/1057 1585/1422/783 1584/1423/804
f 1363/1424/1058 1580/1413/804 1364/1425/1059
f 858/1426/1060 1298/1427/1061 1590/1428/777
f 1306/1429/1062 1589/1430/783 1588/1431/804
f 1583/1432/769 1308/1433/1063 1307/1434/1064
f 1567/1435/769 1180/1436/1065 854/1437/1066
f 1026/1438/1067 1593/1439/783 1592/1440/804
f 1587/1441/769 1028/1442/1068 1027/1443/1069
f 1420/1444/1070 991/1445/1071 990/1446/1072
f 1137/937/680 1136/1447/1073 826/1448/1074
f 1591/1449/769 1236/1450/1075 827/1451/1076
f 1097/1452/1077 722/1022/765 822/1453/1078
f 910/1454/1079 1126/1455/1080 911/1456/1081
f 938/1457/1082 1350/1458/1083 939/1459/1084
f 807/1460/1085 806/1461/1086 719/979/722
f 740/1462/1087 739/1463/1088 721/1464/1089
f 906/1465/1090 1037/971/714 907/1294/968
f 1368/1466/1091 707/965/708 689/967/710
f 1084/1467/1092 710/968/711 690/1468/1093
f 932/1469/1094 1093/1008/751 933/1470/1095
f 744/1471/1096 743/1472/1097 1221/945/688
f 854/1437/1066 1179/1473/1098 1178/1474/1099
f 827/1451/1076 1235/1475/1100 1234/1476/1101
f 1201/1477/1102 727/997/740 698/1478/1103
f 1058/1014/757 1061/1479/1104 992/1114/838
f 1057/1174/883 995/1480/1105 998/1481/1106
f 795/1482/1107 794/1483/1108 1033/998/741
f 1004/1484/1109 1386/1485/1110 1005/1486/1111
f 787/1487/1112 786/1488/1113 706/955/698
f 1012/1489/1114 1282/1490/1115 1013/1131/853
f 713/1011/754 800/1491/1116 699/1492/1117
f 905/1493/1118 1294/1297/971 1297/1494/1119
f 1101/957/700 876/1495/1120 1098/1344/1005
f 909/1496/1121 1351/1497/1122 1350/1458/1083
f 883/1498/1123 1178/1474/1099 880/1499/1124
f 966/1015/758 1258/1500/1125 967/1501/1126
f 1321/1502/1127 718/1013/756 701/1503/1128
f 937/1504/1129 1259/1505/1130 1258/1500/1125
f 1010/1506/1131 1110/1507/1132 1007/1122/844
f 1265/1508/1133 724/1509/1134 695/992/735
f 1145/1510/1135 720/1511/1136 774/1512/1137
f 770/1513/1138 692/1514/1139 720/1511/1136
f 766/1515/1140 691/974/717 717/1516/1141
f 762/1517/1142 690/1468/1093 725/973/716
f 876/1495/1120 1297/1494/1119 877/1043/784
f 1003/1120/842 1111/1119/841 1110/1507/1132
f 848/1518/1143 1354/1519/1144 1357/1520/1145
f 1424/1521/1146 846/1522/1147 845/1523/1148
f 993/1113/837 1055/1524/1149 1054/1525/1150
f 997/1116/839 1435/1526/1151 1434/929/672
f 851/1527/1152 1422/1528/1153 1425/1529/1154
f 1009/1126/848 1283/1125/847 1282/1490/1115
f 688/964/707 1045/1530/1155 716/960/703
f 1288/950/693 715/1531/1156 750/1532/1157
f 842/1533/1158 1357/1520/1145 843/1534/1159
f 1396/1535/1160 721/1464/1089 685/1536/1161
f 834/1537/1162 1249/1003/746 835/1538/1163
f 829/938/681 1189/953/696 830/1539/1164
f 682/1540/1165 1339/1541/1166 712/1542/1167
f 841/1543/1168 1074/1544/1169 1077/935/678
f 1214/1545/1170 1217/1129/851 1015/1128/850
f 1214/1545/1170 1012/1489/1114 1215/1140/861
f 1237/1399/1041 852/1546/1171 855/1547/1172
f 882/1548/1173 1127/1549/1174 1126/1455/1080
f 1416/1550/1175 717/1516/1141 692/1514/1139
f 999/1167/879 1387/1551/1176 1386/1485/1110
f 780/1552/1177 779/1553/1178 724/1509/1134
f 824/1554/1179 823/1555/1180 705/1556/1181
f 732/1557/1182 682/1540/1165 726/1024/767
f 1943/1558/1183 1944/1559/1184 1708/1560/1185
f 1688/932/1186 2043/1561/1187 1620/931/1188
f 2131/1562/1189 2132/1563/1190 1657/1564/1191
f 1648/1565/1192 1649/1566/1193 2082/1567/1194
f 1647/940/1195 2035/1568/1196 2036/943/1197
f 2036/943/1197 2037/1569/1198 1596/944/1199
f 2133/945/1200 2130/1570/1201 1661/1571/1202
f 1659/948/1203 2199/1572/1204 2200/950/1205
f 1653/1573/1206 1650/1574/1207 2037/1569/1198
f 2285/954/1208 2282/1575/1209 1702/996/1210
f 2279/1576/1211 1668/1577/1212 1761/1578/1213
f 1664/961/1214 1955/1579/1215 1628/960/1216
f 1668/1577/1212 2279/1576/1211 1619/965/1217
f 1670/966/1218 1671/1580/1219 1622/968/1220
f 1680/1581/1221 1681/1582/1222 1933/1583/1223
f 1932/972/1224 1933/1583/1223 1678/1515/1225
f 1689/1584/1226 1686/1512/1227 2055/1585/1228
f 2185/978/1229 2182/1586/1230 1614/980/1231
f 2293/981/1232 2290/1587/1233 1730/1588/1234
f 1728/984/1235 2292/1589/1236 2293/981/1232
f 2045/987/1237 1690/1590/1238 1606/986/1239
f 2045/987/1237 1929/1591/1240 1690/1590/1238
f 1694/991/1241 1695/1592/1242 1621/993/1243
f 2225/994/1244 2222/1593/1245 1608/995/1246
f 1702/996/1210 1703/1594/1247 2113/1477/1248
f 1945/998/1249 1942/1595/1250 1710/1000/1251
f 1657/1564/1191 1654/1596/1252 2309/1597/1253
f 2055/1585/1228 2056/1598/1254 1684/1599/1255
f 1684/1599/1255 1685/1600/1256 2329/1601/1257
f 2190/1010/1258 1717/1602/1259 1612/1009/1260
f 1715/1603/1261 2232/1604/1262 1630/1013/1263
f 1720/1605/1264 1721/1606/1265 2230/1607/1266
f 1722/1017/1267 1723/1608/1268 1640/1018/1269
f 2121/1019/1270 2118/1609/1271 1727/985/1272
f 1731/1021/1273 1732/1610/1274 2009/1452/1275
f 2082/1567/1194 1649/1566/1193 1595/1025/1276
f 2051/1611/1277 2052/1386/1278 1768/1387/1279
f 2494/1612/1280 2495/1432/1281 2220/1433/1282
f 2490/1034/1280 2491/1613/1281 2277/1614/1283
f 2486/1037/1280 2487/1615/1281 1781/1036/1284
f 2482/1040/1280 2483/1616/1281 1785/1039/1285
f 1790/1342/1286 2270/1343/1287 2460/1617/1288
f 2474/1368/1280 2475/1026/1281 2152/1027/1289
f 2059/1618/1290 2060/1375/1291 1800/1376/1292
f 2466/1052/1280 2467/1619/1281 1805/1051/1293
f 2462/1055/1280 2463/1620/1281 1809/1054/1294
f 2459/1392/1281 2356/1393/1295 1813/1621/1296
f 2455/1385/1281 2040/1061/1297 2360/1059/1298
f 1975/1064/1299 1976/1285/1300 2088/1063/1301
f 2446/1309/1280 2447/1047/1281 2156/1048/1302
f 1834/1307/1281 2142/1308/1303 2424/1069/1288
f 2439/1348/1281 2296/1349/1304 1837/1622/1305
f 2435/1076/1281 2340/1340/1306 1841/1623/1307
f 1846/1240/1308 1978/1079/1309 2003/1077/1310
f 2028/1231/1311 1852/1232/1312 2115/1624/1313
f 2423/1316/1281 2240/1317/1314 1857/1084/1315
f 2139/1625/1316 2140/1263/1317 1860/1264/1318
f 2344/1299/1319 2073/1626/1320 2415/1298/1281
f 2288/1291/1321 2245/1627/1322 2411/1290/1281
f 2242/1187/1323 2260/1628/1324 1874/1186/1325
f 1882/1219/1326 2350/1220/1327 2384/1099/1288
f 2019/1103/1328 2020/1629/1329 2075/1102/1330
f 2394/1630/1280 2395/1086/1281 2236/1087/1331
f 2123/1631/1332 2124/1201/1333 1892/1202/1334
f 2320/1238/1335 2069/1632/1336 2387/1237/1281
f 2383/1228/1281 1972/1229/1337 1904/1114/1338
f 2378/1118/1280 2379/1633/1281 1908/1117/1339
f 2370/1634/1280 2371/1163/1281 2032/1164/1340
f 2229/1635/1341 2226/1143/1342 2373/1144/1343
f 2366/1636/1280 2367/1107/1281 2228/1108/1344
f 2365/1184/1343 1928/988/1345 2331/1183/1346
f 1953/1637/1347 1950/1154/1348 2369/1155/1343
f 2393/1246/1343 1897/1638/1349 2318/1245/1350
f 2389/1096/1343 1901/975/1351 2259/1095/1352
f 2362/1639/1280 2363/1146/1281 1952/1147/1353
f 1893/1640/1354 1894/1192/1355 2186/1193/1356
f 1898/1111/1357 2364/1185/1288 2068/1110/1358
f 2033/1641/1359 2030/1642/1360 2374/1166/1280
f 2237/1151/1361 2234/1643/1362 2021/1153/1363
f 1899/1644/1364 1896/1134/1365 2122/1135/1366
f 2077/1159/1367 2074/1645/1368 2348/1158/1369
f 1885/1162/1370 1886/1646/1371 2380/1161/1288
f 2187/1647/1372 2188/1104/1373 1890/1105/1335
f 2374/1166/1280 2375/1648/1281 1914/1168/1374
f 2398/1171/1280 2399/1649/1281 1887/1170/1375
f 1891/1650/1376 1888/1651/1377 2376/1172/1288
f 2134/1652/1378 2385/1098/1343 1968/1175/1379
f 2403/1080/1281 2116/1081/1380 1883/1178/1381
f 2303/1182/1382 2304/1653/1383 2135/1181/1384
f 2066/1138/1385 2332/1444/1386 1900/1137/1387
f 2003/1077/1310 2413/1078/1343 1875/1006/1388
f 2407/1281/1281 2172/1282/1389 1879/1501/1390
f 1961/1654/1391 1958/1216/1392 2397/1217/1343
f 2421/1258/1343 1865/1655/1393 2342/1257/1394
f 2417/1249/1343 1869/1656/1395 2286/1248/1396
f 2390/1657/1280 2391/1207/1281 1960/1208/1397
f 1861/1206/1398 1862/1658/1399 2400/1205/1288
f 1866/1090/1400 2392/1247/1288 2072/1659/1401
f 2062/1660/1402 2405/1234/1343 2305/1211/1403
f 2238/1287/1404 2429/1288/1343 2029/1661/1405
f 1867/1662/1406 1864/1195/1407 2138/1196/1408
f 2114/1222/1377 2409/1223/1343 2353/1663/1409
f 1854/1272/1410 2314/1273/1411 2408/1664/1288
f 2203/1227/1412 2204/1665/1413 2063/1226/1414
f 2352/1189/1415 1876/1190/1416 1971/1016/1417
f 2427/1062/1281 2088/1063/1301 1855/1666/1418
f 1856/1213/1419 2026/1214/1420 2404/1235/1288
f 1870/1093/1421 2388/1667/1288 2244/1092/1422
f 1946/970/1423 1947/1241/1424 1846/1240/1308
f 2430/1244/1280 2431/1334/1281 1848/1243/1425
f 2070/1199/1426 2319/1668/1427 1868/1198/1428
f 1840/1251/1429 2246/1252/1430 2287/1669/1431
f 2338/1301/1432 2441/1302/1343 2249/1670/1433
f 1962/1671/1394 2425/1068/1343 2205/1255/1434
f 2078/1261/1435 2343/1672/1436 1836/1260/1437
f 2294/1673/1438 2445/1357/1343 2081/1674/1439
f 2418/1675/1280 2419/1269/1281 1964/1270/1440
f 2442/1268/1280 2443/1676/1281 1835/1267/1288
f 1832/1266/1343 2420/1259/1288 2080/1677/1441
f 2086/1275/1442 2433/1276/1343 2317/1678/1443
f 1825/1277/1382 1826/1325/1444 2433/1276/1343
f 2453/1320/1343 1829/1679/1445 2154/1319/1446
f 2316/1242/1447 1848/1243/1425 2171/1505/1448
f 2096/1286/1449 1977/1284/1450 2451/1338/1281
f 1828/1278/1451 1974/1279/1452 2428/1680/1288
f 1980/1074/1453 1842/1075/1454 2411/1290/1281
f 1816/1295/1455 1990/1296/1456 2436/1681/1288
f 2207/1041/1457 2461/1042/1343 1993/1682/1458
f 1838/1072/1459 2416/1683/1288 2248/1071/1460
f 1812/1304/1461 2162/1305/1462 2440/1684/1288
f 2354/1685/1463 2465/1351/1343 2165/1686/1464
f 2017/1687/1465 2014/1331/1466 2449/1332/1343
f 2257/1688/1467 2254/1418/1468 2473/1419/1343
f 2313/1315/1469 2310/1689/1470 2105/1314/1471
f 2144/1065/1472 1830/1066/1473 2239/1690/1474
f 2214/1367/1475 2155/1691/1476 1802/1366/1477
f 2103/1324/1478 2104/1692/1479 2015/1323/1480
f 2457/1327/1343 1827/1693/1481 2094/1336/1482
f 2481/1379/1343 1797/1694/1483 2150/1378/1484
f 1807/1695/1485 1804/1310/1486 2058/1311/1487
f 2359/1696/1488 2360/1059/1298 2431/1334/1281
f 1934/1329/1489 2095/1697/1490 1796/1328/1491
f 1798/1045/1492 2452/1698/1288 2216/1044/1493
f 1992/1056/1494 1814/1057/1495 2339/1699/1496
f 2011/1700/1497 2485/1395/1343 2273/1701/1498
f 2092/1436/1499 1937/1702/1500 2479/1435/1281
f 2164/1703/1501 1810/1053/1502 2295/1704/1503
f 1787/1705/1504 1784/1706/1505 2464/1352/1288
f 2181/1356/1506 2178/1707/1507 2001/1355/1307
f 1811/1708/1508 1808/1709/1509 2444/1358/1288
f 1783/1362/1510 1780/1710/1511 2468/1361/1288
f 2325/1365/1512 2322/1711/1513 2169/1364/1514
f 1985/1712/1515 1982/1389/1516 2477/1390/1343
f 2221/1713/1517 2218/1429/1518 2501/1430/1343
f 2277/1614/1283 2274/1421/1519 2497/1422/1343
f 2470/1714/1280 2471/1381/1281 1984/1382/1520
f 2210/1427/1521 2151/1715/1522 1770/1426/1523
f 2107/1716/1524 2108/1029/1525 1774/1030/1526
f 1793/1346/1527 2456/1384/1288 1936/1345/1528
f 2498/1717/1280 2499/1441/1281 1940/1442/1529
f 1775/1718/1530 1772/1369/1531 2050/1370/1532
f 2272/1719/1533 1786/1038/1534 2355/1720/1535
f 1762/959/1536 1763/1527/1537 2484/1396/1288
f 2502/1428/1280 2503/1449/1281 2148/1450/1538
f 1999/1402/1539 2000/1721/1540 2311/1401/1541
f 1759/1405/1542 1760/1518/1543 2488/1404/1288
f 2335/1408/1544 2336/1521/1545 2179/1407/1546
f 2167/1411/1547 2256/1409/1548 2468/1361/1288
f 1756/1414/1549 2493/1412/1343 2323/1416/1550
f 2267/1417/1551 2268/1722/1552 2323/1416/1550
f 1779/1723/1553 1776/1372/1484 2106/1373/1554
f 1752/1724/1555 1749/1001/1556 2158/1002/1557
f 1987/1725/1558 1988/1726/1559 1752/1724/1555
f 1941/1727/1560 1938/1438/1561 2505/1439/1343
f 1748/1728/1562 1745/951/1563 2098/952/1564
f 2159/1729/1565 2160/1730/1566 1747/1538/1567
f 1765/1398/1568 2480/1731/1288 2212/1397/1569
f 1743/1732/1570 1744/1733/1571 2046/939/1572
f 2099/1734/1573 2100/1735/1574 1742/1539/1575
f 2333/990/1576 2042/1736/1577 1902/1446/1578
f 2084/1737/1579 1645/1738/1580 1740/1739/1581
f 2047/1740/1582 2048/1447/1583 1738/1448/1584
f 2009/1452/1275 2006/1741/1585 1734/1453/1586
f 2291/1742/1587 2292/1589/1236 1729/1743/1588
f 2119/1744/1589 2120/1745/1590 1724/1746/1591
f 1719/1460/1592 2184/1747/1593 2185/978/1229
f 1652/1462/1594 2307/1748/1595 2308/1535/1596
f 1930/1749/1597 1931/1750/1598 1676/1751/1599
f 2281/1752/1600 1673/1753/1601 1601/967/1602
f 1996/1467/1603 1997/1754/1604 1602/1468/1605
f 2326/1755/1606 2327/1756/1607 1680/1581/1221
f 1656/1471/1608 2132/1563/1190 2133/945/1200
f 1737/1757/1609 1734/1453/1586 2007/1758/1610
f 2251/1541/1611 1740/1739/1581 1643/1759/1612
f 2113/1477/1248 2110/1760/1613 1709/1761/1614
f 2232/1604/1262 1715/1603/1261 1906/1762/1615
f 1966/1525/1616 2191/1763/1617 1910/1481/1618
f 1707/1482/1619 1944/1559/1184 1945/998/1249
f 2111/1764/1620 2112/1765/1621 1704/1766/1622
f 1699/1487/1623 2284/1767/1624 2285/954/1208
f 2223/1768/1625 2224/1769/1626 1695/1592/1242
f 1712/1491/1627 2192/1770/1628 1625/1011/1629
f 1676/1751/1599 1677/1771/1630 1997/1754/1604
f 1672/1772/1631 1673/1753/1601 2281/1752/1600
f 1729/1743/1588 1726/1773/1632 2118/1609/1271
f 2007/1758/1610 2008/1774/1633 1733/1775/1634
f 2183/1776/1635 2184/1747/1593 1719/1460/1592
f 2230/1607/1266 1721/1606/1265 1613/1503/1636
f 1724/1746/1591 1725/1777/1637 2182/1586/1230
f 2283/1778/1638 2284/1767/1624 1700/1779/1639
f 2174/1780/1640 1697/1781/1641 1607/992/1642
f 2057/1510/1643 2054/1782/1644 1686/1512/1227
f 1682/1513/1645 1683/1783/1646 2057/1510/1643
f 1678/1515/1225 1679/1784/1647 2328/1550/1648
f 1674/1517/1649 1675/1785/1650 1637/973/1651
f 1994/1786/1652 1995/1787/1653 1671/1580/1219
f 1704/1766/1622 1705/1788/1654 2282/1575/1209
f 1665/1789/1655 1662/1532/1656 2198/1790/1657
f 2337/1529/1658 1954/1791/1659 1757/1523/1660
f 2190/1010/1258 1906/1762/1615 1717/1602/1259
f 1713/1792/1661 1710/1000/1251 1943/1558/1183
f 1957/1530/1662 1761/1578/1213 1666/1793/1663
f 1700/1779/1639 1701/1794/1664 2222/1593/1245
f 1957/1530/1662 1666/1793/1663 1600/964/1665
f 2200/950/1205 2201/1795/1666 1662/1532/1656
f 2198/1790/1657 2199/1572/1204 1660/1796/1667
f 2308/1535/1596 2309/1597/1253 1655/1472/1668
f 2306/1797/1669 2307/1748/1595 1653/1573/1206
f 2034/1798/1670 2035/1568/1196 1647/940/1195
f 2251/1541/1611 1643/1759/1612 1594/1540/1671
f 1660/1796/1667 1661/1571/1202 2130/1570/1201
f 2176/1799/1672 1692/1552/1673 1929/1591/1240
f 1696/1800/1674 1697/1781/1641 2174/1780/1640
f 2146/1476/1675 2252/1801/1676 1767/1547/1677
f 1733/1775/1634 1730/1588/1234 2290/1587/1233
f 2328/1550/1648 2329/1601/1257 1685/1600/1256
f 1708/1560/1185 1709/1761/1614 2110/1760/1613
f 1692/1552/1673 2176/1799/1672 1636/1509/1678
f 1736/1554/1679 2253/1802/1680 1624/1542/1681
f 1645/1738/1580 2084/1737/1579 1638/1024/1682
f 706/955/698 1609/956/1683 697/956/699
f 707/965/708 1601/967/1602 689/967/710
f 708/931/674 1606/986/1239 694/986/729
f 709/993/736 1608/995/1246 696/995/738
f 710/968/711 1602/1468/1605 690/1468/1093
f 711/999/742 1611/1492/1684 699/1492/1117
f 705/1556/1181 1624/1542/1681 712/1542/1167
f 713/1011/754 1612/1009/1260 700/1009/752
f 714/982/725 1616/983/1685 704/983/726
f 715/1531/1156 1599/962/1686 687/962/705
f 716/960/703 1600/964/1665 688/964/707
f 717/1516/1141 1604/1514/1687 692/1514/1139
f 718/1013/756 1613/1503/1636 701/1503/1128
f 719/979/722 1614/980/1231 702/980/723
f 720/1511/1136 1605/933/1688 693/933/676
f 721/1464/1089 1597/1536/1689 685/1536/1161
f 722/1022/765 1617/1556/1690 705/1556/1181
f 723/942/685 1596/944/1199 684/944/687
f 724/1509/1134 1607/992/1642 695/992/735
f 725/973/716 1603/974/1691 691/974/717
f 726/1024/767 1595/1025/1276 683/1025/768
f 698/1478/1103 1639/997/1692 1610/1478/1693
f 728/1018/761 1615/1020/1694 703/1020/763
f 729/946/689 1598/947/1695 686/947/690
f 696/995/738 1618/955/1696 706/955/698
f 688/964/707 1619/965/1217 707/965/708
f 693/933/676 1620/931/1188 708/931/674
f 695/992/735 1621/993/1243 709/993/736
f 689/967/710 1622/968/1220 710/968/711
f 698/1478/1103 1623/999/1697 711/999/742
f 712/1542/1167 1594/1540/1671 682/1540/1165
f 699/1492/1117 1625/1011/1629 713/1011/754
f 714/982/725 1615/1020/1694 1626/982/1698
f 686/947/690 1627/1531/1699 715/1531/1156
f 687/962/705 1628/960/1216 716/960/703
f 691/974/717 1629/1516/1700 717/1516/1141
f 700/1009/752 1630/1013/1263 718/1013/756
f 701/1503/1128 1631/979/1701 719/979/722
f 692/1514/1139 1632/1511/1702 720/1511/1136
f 684/944/687 1633/1464/1703 721/1464/1089
f 704/983/726 1634/1022/1704 722/1022/765
f 683/1025/768 1635/942/1705 723/942/685
f 694/986/729 1636/1509/1678 724/1509/1134
f 690/1468/1093 1637/973/1651 725/973/716
f 682/1540/1165 1638/1024/1682 726/1024/767
f 697/956/699 1639/997/1692 727/997/740
f 702/980/723 1640/1018/1269 728/1018/761
f 729/946/689 1597/1536/1689 1641/946/1706
f 730/1803/1707 1645/1738/1580 733/1738/1708
f 731/1759/1709 1642/1803/1710 730/1803/1707
f 731/1759/1709 1644/1557/1711 1643/1759/1612
f 733/1738/1708 1644/1557/1711 732/1557/1182
f 737/1566/1712 1646/941/1713 1649/1566/1193
f 735/940/683 1646/941/1713 734/941/684
f 736/1565/1714 1647/940/1195 735/940/683
f 737/1566/1712 1648/1565/1192 736/1565/1714
f 738/1574/1715 1653/1573/1206 741/1573/1716
f 738/1574/1715 1651/1463/1717 1650/1574/1207
f 740/1462/1087 1651/1463/1717 739/1463/1088
f 741/1573/1716 1652/1462/1594 740/1462/1087
f 742/1596/1718 1657/1564/1191 745/1564/1719
f 742/1596/1718 1655/1472/1668 1654/1596/1252
f 744/1471/1096 1655/1472/1668 743/1472/1097
f 745/1564/1719 1656/1471/1608 744/1471/1096
f 749/1571/1720 1658/949/1721 1661/1571/1202
f 747/948/691 1658/949/1721 746/949/692
f 748/1796/1722 1659/948/1203 747/948/691
f 749/1571/1720 1660/1796/1667 748/1796/1722
f 750/1532/1157 1665/1789/1655 753/1789/1723
f 750/1532/1157 1663/1804/1724 1662/1532/1656
f 752/961/704 1663/1804/1724 751/1804/1725
f 753/1789/1723 1664/961/1214 752/961/704
f 754/1793/1726 1669/1805/1727 757/1805/1728
f 754/1793/1726 1667/963/1729 1666/1793/1663
f 756/1577/1730 1667/963/1729 755/963/706
f 757/1805/1728 1668/1577/1212 756/1577/1730
f 761/1753/1731 1670/966/1218 1673/1753/1601
f 759/1580/1732 1670/966/1218 758/966/709
f 760/1772/1733 1671/1580/1219 759/1580/1732
f 761/1753/1731 1672/1772/1631 760/1772/1733
f 765/1771/1734 1674/1517/1649 1677/1771/1630
f 763/1785/1735 1674/1517/1649 762/1517/1142
f 764/1751/1736 1675/1785/1650 763/1785/1735
f 765/1771/1734 1676/1751/1599 764/1751/1736
f 769/1582/1737 1678/1515/1225 1681/1582/1222
f 767/1784/1738 1678/1515/1225 766/1515/1140
f 768/1581/1739 1679/1784/1647 767/1784/1738
f 769/1582/1737 1680/1581/1221 768/1581/1739
f 773/1600/1740 1682/1513/1645 1685/1600/1256
f 771/1783/1741 1682/1513/1645 770/1513/1138
f 772/1599/1742 1683/1783/1646 771/1783/1741
f 773/1600/1740 1684/1599/1255 772/1599/1742
f 774/1512/1137 1689/1584/1226 777/1584/1743
f 774/1512/1137 1687/1806/1744 1686/1512/1227
f 776/932/675 1687/1806/1744 775/1806/1745
f 777/1584/1743 1688/932/1186 776/932/675
f 778/1590/1746 1693/1807/1747 781/1807/1748
f 778/1590/1746 1691/1553/1749 1690/1590/1238
f 780/1552/1177 1691/1553/1749 779/1553/1178
f 781/1807/1748 1692/1552/1673 780/1552/1177
f 785/1781/1750 1694/991/1241 1697/1781/1641
f 783/1592/1751 1694/991/1241 782/991/734
f 784/1800/1752 1695/1592/1242 783/1592/1751
f 785/1781/1750 1696/1800/1674 784/1800/1752
f 789/1794/1753 1698/1488/1754 1701/1794/1664
f 787/1487/1112 1698/1488/1754 786/1488/1113
f 788/1779/1755 1699/1487/1623 787/1487/1112
f 789/1794/1753 1700/1779/1639 788/1779/1755
f 793/1788/1756 1702/996/1210 1705/1788/1654
f 791/1594/1757 1702/996/1210 790/996/739
f 792/1766/1758 1703/1594/1247 791/1594/1757
f 793/1788/1756 1704/1766/1622 792/1766/1758
f 797/1761/1759 1706/1483/1760 1709/1761/1614
f 795/1482/1107 1706/1483/1760 794/1483/1108
f 796/1560/1761 1707/1482/1619 795/1482/1107
f 797/1761/1759 1708/1560/1185 796/1560/1761
f 798/1000/743 1713/1792/1661 801/1792/1762
f 798/1000/743 1711/1808/1763 1710/1000/1251
f 800/1491/1116 1711/1808/1763 799/1808/1764
f 801/1792/1762 1712/1491/1627 800/1491/1116
f 805/1602/1765 1714/1012/1766 1717/1602/1259
f 803/1603/1767 1714/1012/1766 802/1012/755
f 804/1809/1768 1715/1603/1261 803/1603/1767
f 805/1602/1765 1716/1809/1769 804/1809/1768
f 809/1606/1770 1718/1461/1771 1721/1606/1265
f 807/1460/1085 1718/1461/1771 806/1461/1086
f 808/1605/1772 1719/1460/1592 807/1460/1085
f 809/1606/1770 1720/1605/1264 808/1605/1772
f 813/1777/1773 1722/1017/1267 1725/1777/1637
f 811/1608/1774 1722/1017/1267 810/1017/760
f 812/1746/1775 1723/1608/1268 811/1608/1774
f 813/1777/1773 1724/1746/1591 812/1746/1775
f 814/1773/1776 1729/1743/1588 817/1743/1777
f 814/1773/1776 1727/985/1272 1726/1773/1632
f 816/984/727 1727/985/1272 815/985/728
f 817/1743/1777 1728/984/1235 816/984/727
f 818/1588/1778 1733/1775/1634 821/1775/1779
f 818/1588/1778 1731/1021/1273 1730/1588/1234
f 820/1610/1780 1731/1021/1273 819/1021/764
f 821/1775/1779 1732/1610/1274 820/1610/1780
f 822/1453/1078 1737/1757/1609 825/1757/1781
f 822/1453/1078 1735/1555/1782 1734/1453/1586
f 824/1554/1179 1735/1555/1782 823/1555/1180
f 825/1757/1781 1736/1554/1679 824/1554/1179
f 826/1448/1074 1740/1739/1581 828/1739/1783
f 827/1451/1076 1738/1448/1584 826/1448/1074
f 828/1739/1783 1739/1451/1784 827/1451/1076
f 832/1733/1785 1741/938/1786 1744/1733/1571
f 830/1539/1164 1741/938/1786 829/938/681
f 831/1732/1787 1742/1539/1575 830/1539/1164
f 832/1733/1785 1743/1732/1570 831/1732/1787
f 833/951/694 1748/1728/1562 836/1728/1788
f 834/1537/1162 1745/951/1563 833/951/694
f 835/1538/1163 1746/1537/1789 834/1537/1162
f 836/1728/1788 1747/1538/1567 835/1538/1163
f 837/1001/744 1752/1724/1555 840/1724/1790
f 838/934/677 1749/1001/1556 837/1001/744
f 839/936/679 1750/934/1791 838/934/677
f 840/1724/1790 1751/936/1792 839/936/679
f 841/1543/1168 1756/1414/1549 844/1414/1052
f 842/1533/1158 1753/1543/1793 841/1543/1168
f 843/1534/1159 1754/1533/1794 842/1533/1158
f 844/1414/1052 1755/1534/1795 843/1534/1159
f 848/1518/1143 1757/1523/1660 1760/1518/1543
f 846/1522/1147 1757/1523/1660 845/1523/1148
f 847/1405/1045 1758/1522/1796 846/1522/1147
f 848/1518/1143 1759/1405/1542 847/1405/1045
f 849/1578/1797 1763/1527/1537 851/1527/1152
f 850/959/702 1761/1578/1213 849/1578/1797
f 851/1527/1152 1762/959/1536 850/959/702
f 852/1546/1171 1767/1547/1677 855/1547/1172
f 853/1398/1040 1764/1546/1798 852/1546/1171
f 854/1437/1066 1765/1398/1568 853/1398/1040
f 854/1437/1066 1767/1547/1677 1766/1437/1799
f 856/1387/1035 1771/1388/1800 859/1388/1036
f 857/1028/771 1768/1387/1279 856/1387/1035
f 858/1426/1060 1769/1810/1801 857/1028/771
f 859/1388/1036 1770/1426/1523 858/1426/1060
f 860/1369/1022 1775/1718/1530 863/1718/1802
f 860/1369/1022 1773/1031/1803 1772/1369/1531
f 862/1030/773 1773/1031/1803 861/1031/774
f 863/1718/1802 1774/1030/1526 862/1030/773
f 864/1372/1025 1779/1723/1553 867/1723/1804
f 864/1372/1025 1777/1033/1805 1776/1372/1484
f 866/1032/775 1777/1033/1805 865/1033/776
f 867/1723/1804 1778/1032/1295 866/1032/775
f 868/1710/1806 1783/1362/1510 871/1362/1016
f 869/1036/779 1780/1710/1511 868/1710/1806
f 870/1035/778 1781/1036/1284 869/1036/779
f 871/1362/1016 1782/1035/1807 870/1035/778
f 872/1706/1808 1787/1705/1504 875/1353/1011
f 873/1039/781 1784/1706/1505 872/1706/1808
f 874/1038/780 1785/1039/1285 873/1039/781
f 874/1038/780 1787/1705/1504 1786/1038/1534
f 879/1811/1809 1788/1495/1810 1791/1811/1811
f 877/1043/784 1788/1495/1810 876/1495/1120
f 878/1342/1003 1789/1043/1812 877/1043/784
f 879/1811/1809 1790/1342/1286 878/1342/1003
f 880/1499/1124 1795/1498/1813 883/1498/1123
f 881/1346/1007 1792/1499/1814 880/1499/1124
f 882/1548/1173 1793/1346/1527 881/1346/1007
f 883/1498/1123 1794/1548/1815 882/1548/1173
f 884/1328/994 1799/1339/1816 887/1339/1000
f 885/1694/1817 1796/1328/1491 884/1328/994
f 886/1045/786 1797/1694/1483 885/1694/1817
f 887/1339/1000 1798/1045/1492 886/1045/786
f 888/1376/1029 1803/1377/1818 891/1377/1030
f 889/1049/789 1800/1376/1292 888/1376/1029
f 890/1366/1020 1801/1049/1819 889/1049/789
f 891/1377/1030 1802/1366/1477 890/1366/1020
f 892/1310/980 1807/1695/1485 895/1695/1820
f 893/1051/791 1804/1310/1486 892/1310/980
f 894/1050/790 1805/1051/1293 893/1051/791
f 895/1695/1820 1806/1050/1821 894/1050/790
f 896/1709/1822 1811/1708/1508 899/1359/1015
f 897/1054/793 1808/1709/1509 896/1709/1822
f 898/1053/792 1809/1054/1294 897/1054/793
f 899/1359/1015 1810/1053/1502 898/1053/792
f 900/1304/976 1815/1303/1823 903/1303/975
f 901/1621/1824 1812/1304/1461 900/1304/976
f 902/1057/795 1813/1621/1296 901/1621/1824
f 903/1303/975 1814/1057/1495 902/1057/795
f 904/1295/969 1819/1294/1825 907/1294/968
f 905/1493/1118 1816/1295/1455 904/1295/969
f 906/1465/1090 1817/1493/1826 905/1493/1118
f 907/1294/968 1818/1465/1827 906/1465/1090
f 908/1060/797 1823/1456/1828 911/1456/1081
f 909/1496/1121 1820/1060/1829 908/1060/797
f 910/1454/1079 1821/1496/1830 909/1496/1121
f 911/1456/1081 1822/1454/1831 910/1454/1079
f 912/1812/1832 1827/1693/1481 915/1693/1024
f 913/1277/890 1824/1812/1833 912/1812/1832
f 914/1325/992 1825/1277/1382 913/1277/890
f 915/1693/1024 1826/1325/1444 914/1325/992
f 916/1278/957 1831/1289/1834 919/1289/965
f 917/1679/1835 1828/1278/1451 916/1278/957
f 918/1066/802 1829/1679/1445 917/1679/1835
f 919/1289/965 1830/1066/1473 918/1066/802
f 920/1266/783 1835/1267/1288 923/1267/804
f 921/1070/777 1832/1266/1343 920/1266/783
f 922/1307/769 1833/1070/1280 921/1070/777
f 923/1267/804 1834/1307/1281 922/1307/769
f 924/1260/945 1839/1300/1836 927/1300/973
f 925/1622/1837 1836/1260/1437 924/1260/945
f 926/1072/806 1837/1622/1305 925/1622/1837
f 927/1300/973 1838/1072/1459 926/1072/806
f 928/1251/938 1843/1292/1332 931/1292/967
f 929/1623/1013 1840/1251/1429 928/1251/938
f 929/1623/1013 1842/1075/1454 1841/1623/1307
f 931/1292/967 1842/1075/1454 930/1075/808
f 932/1469/1094 1847/969/1838 935/969/712
f 933/1470/1095 1844/1469/1839 932/1469/1094
f 934/1240/931 1845/1470/1840 933/1470/1095
f 935/969/712 1846/1240/1308 934/1240/931
f 936/1243/934 1851/1459/1841 939/1459/1084
f 937/1504/1129 1848/1243/1425 936/1243/934
f 938/1457/1082 1849/1504/1842 937/1504/1129
f 939/1459/1084 1850/1457/1843 938/1457/1082
f 940/1232/928 1855/1666/1418 943/1666/1844
f 941/1224/921 1852/1232/1312 940/1232/928
f 942/1272/953 1853/1224/1845 941/1224/921
f 943/1666/1844 1854/1272/1410 942/1272/953
f 944/1213/913 1859/1236/1846 947/1236/929
f 945/1084/814 1856/1213/1419 944/1213/913
f 946/1083/813 1857/1084/1315 945/1084/814
f 947/1236/929 1858/1083/1847 946/1083/813
f 948/1264/949 1863/1265/1848 951/1265/950
f 949/1206/907 1860/1264/1318 948/1264/949
f 950/1658/1849 1861/1206/1398 949/1206/907
f 951/1265/950 1862/1658/1399 950/1658/1849
f 952/1195/899 1867/1662/1406 955/1662/1850
f 953/1655/1851 1864/1195/1407 952/1195/899
f 954/1090/818 1865/1655/1393 953/1655/1851
f 955/1662/1850 1866/1090/1400 954/1090/818
f 956/1198/902 1871/1239/1852 959/1239/930
f 957/1656/1853 1868/1198/1428 956/1198/902
f 958/1093/821 1869/1656/1395 957/1656/1853
f 959/1239/930 1870/1093/1421 958/1093/821
f 960/1004/747 1875/1006/1388 963/1006/749
f 961/1005/748 1872/1004/1854 960/1004/747
f 962/1186/892 1873/1005/1855 961/1005/748
f 963/1006/749 1874/1186/1325 962/1186/892
f 964/1190/895 1879/1501/1390 967/1501/1126
f 965/1813/1856 1876/1190/1416 964/1190/895
f 965/1813/1856 1878/1015/1857 1877/1813/1858
f 967/1501/1126 1878/1015/1857 966/1015/758
f 968/1177/886 1883/1178/1381 971/1178/887
f 969/1100/825 1880/1177/1859 968/1177/886
f 970/1219/917 1881/1100/1860 969/1100/825
f 970/1219/917 1883/1178/1381 1882/1219/1326
f 972/1169/881 1887/1170/1375 975/1170/882
f 973/1162/876 1884/1169/1861 972/1169/881
f 974/1646/1862 1885/1162/1370 973/1162/876
f 975/1170/882 1886/1646/1371 974/1646/1862
f 976/1651/920 1891/1650/1376 979/1650/1863
f 977/1106/831 1888/1651/1377 976/1651/920
f 978/1105/830 1889/1106/1864 977/1106/831
f 978/1105/830 1891/1650/1376 1890/1105/1335
f 980/1202/905 1895/1203/1865 983/1203/906
f 981/1640/1866 1892/1202/1334 980/1202/905
f 982/1192/896 1893/1640/1354 981/1640/1866
f 983/1203/906 1894/1192/1355 982/1192/896
f 984/1134/856 1899/1644/1364 987/1644/1867
f 984/1134/856 1897/1638/1349 1896/1134/1365
f 986/1111/835 1897/1638/1349 985/1638/1868
f 987/1644/1867 1898/1111/1357 986/1111/835
f 988/1137/859 1903/1445/1869 991/1445/1071
f 989/975/718 1900/1137/1387 988/1137/859
f 989/975/718 1902/1446/1578 1901/975/1351
f 991/1445/1071 1902/1446/1578 990/1446/1072
f 992/1114/838 1906/1762/1615 994/1762/1870
f 993/1113/837 1904/1114/1338 992/1114/838
f 994/1762/1870 1905/1113/1871 993/1113/837
f 995/1480/1105 1910/1481/1618 998/1481/1106
f 996/1117/840 1907/1480/1872 995/1480/1105
f 997/1116/839 1908/1117/1339 996/1117/840
f 997/1116/839 1910/1481/1618 1909/1116/1873
f 999/1167/879 1914/1168/1374 1002/1168/880
f 1000/928/671 1911/1167/1874 999/1167/879
f 1001/930/673 1912/928/1875 1000/928/671
f 1001/930/673 1914/1168/1374 1913/930/1876
f 1003/1120/842 1918/1121/1877 1006/1121/843
f 1004/1484/1109 1915/1120/1878 1003/1120/842
f 1005/1486/1111 1916/1484/1879 1004/1484/1109
f 1006/1121/843 1917/1486/1880 1005/1486/1111
f 1007/1122/844 1922/1506/1881 1010/1506/1131
f 1008/1127/849 1919/1122/1882 1007/1122/844
f 1009/1126/848 1920/1127/1883 1008/1127/849
f 1010/1506/1131 1921/1126/1884 1009/1126/848
f 1011/1141/862 1926/1142/1885 1014/1142/863
f 1011/1141/862 1924/1489/1886 1923/1141/1887
f 1013/1131/853 1924/1489/1886 1012/1489/1114
f 1014/1142/863 1925/1131/1888 1013/1131/853
f 1015/1128/850 1929/1591/1240 1017/1591/1889
f 1016/988/731 1927/1128/1890 1015/1128/850
f 1017/1591/1889 1928/988/1345 1016/988/731
f 1018/1749/1891 1933/1583/1223 1021/1583/1892
f 1019/1750/1893 1930/1749/1597 1018/1749/1891
f 1019/1750/1893 1932/972/1224 1931/1750/1598
f 1021/1583/1892 1932/972/1224 1020/972/715
f 1022/1329/995 1937/1702/1500 1025/1702/1894
f 1023/1337/999 1934/1329/1489 1022/1329/995
f 1024/1345/1006 1935/1337/1895 1023/1337/999
f 1025/1702/1894 1936/1345/1528 1024/1345/1006
f 1026/1438/1067 1941/1727/1560 1029/1727/1896
f 1027/1443/1069 1938/1438/1561 1026/1438/1067
f 1028/1442/1068 1939/1443/1897 1027/1443/1069
f 1029/1727/1896 1940/1442/1529 1028/1442/1068
f 1030/1595/1898 1945/998/1249 1033/998/741
f 1030/1595/1898 1943/1558/1183 1942/1595/1250
f 1032/1559/1899 1943/1558/1183 1031/1558/1900
f 1032/1559/1899 1945/998/1249 1944/1559/1184
f 1034/970/713 1949/971/1901 1037/971/714
f 1035/1241/932 1946/970/1423 1034/970/713
f 1036/1814/1902 1947/1241/1424 1035/1241/932
f 1037/971/714 1948/1814/1903 1036/1814/1902
f 1038/1154/872 1953/1637/1347 1041/1637/1904
f 1039/1148/866 1950/1154/1348 1038/1154/872
f 1040/1147/865 1951/1148/1905 1039/1148/866
f 1041/1637/1904 1952/1147/1353 1040/1147/865
f 1042/1791/1906 1957/1530/1662 1045/1530/1155
f 1043/1579/1907 1954/1791/1659 1042/1791/1906
f 1043/1579/1907 1956/1815/1908 1955/1579/1215
f 1045/1530/1155 1956/1815/1908 1044/1815/1909
f 1046/1216/916 1961/1654/1391 1049/1654/1910
f 1047/1209/909 1958/1216/1392 1046/1216/916
f 1048/1208/908 1959/1209/1911 1047/1209/909
f 1049/1654/1910 1960/1208/1397 1048/1208/908
f 1050/1671/944 1965/1256/1912 1053/1256/943
f 1051/1271/952 1962/1671/1394 1050/1671/944
f 1052/1270/951 1963/1271/1913 1051/1271/952
f 1053/1256/943 1964/1270/1440 1052/1270/951
f 1054/1525/1150 1969/1174/1914 1057/1174/883
f 1055/1524/1149 1966/1525/1616 1054/1525/1150
f 1056/1175/884 1967/1524/1915 1055/1524/1149
f 1057/1174/883 1968/1175/1379 1056/1175/884
f 1058/1014/757 1973/1479/1916 1061/1479/1104
f 1059/1016/759 1970/1014/1917 1058/1014/757
f 1060/1229/925 1971/1016/1417 1059/1016/759
f 1061/1479/1104 1972/1229/1337 1060/1229/925
f 1065/1284/961 1974/1279/1452 1977/1284/1450
f 1063/1064/800 1974/1279/1452 1062/1279/958
f 1064/1285/962 1975/1064/1299 1063/1064/800
f 1065/1284/961 1976/1285/1300 1064/1285/962
f 1066/1079/810 1981/1816/1918 1069/1816/1919
f 1067/1817/1920 1978/1079/1309 1066/1079/810
f 1068/1074/807 1979/1817/1921 1067/1817/1920
f 1069/1816/1919 1980/1074/1453 1068/1074/807
f 1070/1389/1037 1985/1712/1515 1073/1712/1922
f 1071/1383/1033 1982/1389/1516 1070/1389/1037
f 1072/1382/1032 1983/1383/1923 1071/1383/1033
f 1073/1712/1922 1984/1382/1520 1072/1382/1032
f 1074/1544/1169 1989/935/1924 1077/935/678
f 1075/1725/1925 1986/1544/1926 1074/1544/1169
f 1076/1726/1927 1987/1725/1558 1075/1725/1925
f 1077/935/678 1988/1726/1559 1076/1726/1927
f 1078/1296/970 1993/1682/1458 1081/1682/1928
f 1079/1341/1002 1990/1296/1456 1078/1296/970
f 1080/1056/794 1991/1341/1929 1079/1341/1002
f 1081/1682/1928 1992/1056/1494 1080/1056/794
f 1085/1754/1930 1994/1786/1652 1997/1754/1604
f 1083/1787/1931 1994/1786/1652 1082/1786/1932
f 1083/1787/1931 1996/1467/1603 1995/1787/1653
f 1085/1754/1930 1996/1467/1603 1084/1467/1092
f 1086/1354/1012 2001/1355/1307 1089/1355/1013
f 1087/1402/1044 1998/1354/1933 1086/1354/1012
f 1088/1721/1934 1999/1402/1539 1087/1402/1044
f 1089/1355/1013 2000/1721/1540 1088/1721/1934
f 1090/1007/750 2005/1008/1935 1093/1008/751
f 1091/1077/809 2002/1007/1936 1090/1007/750
f 1092/1818/1937 2003/1077/1310 1091/1077/809
f 1093/1008/751 2004/1818/1938 1092/1818/1937
f 1094/1741/1939 2009/1452/1275 1097/1452/1077
f 1095/1758/1940 2006/1741/1585 1094/1741/1939
f 1096/1774/1941 2007/1758/1610 1095/1758/1940
f 1096/1774/1941 2009/1452/1275 2008/1774/1633
f 1098/1344/1005 2013/957/1942 1101/957/700
f 1099/1700/1943 2010/1344/1944 1098/1344/1005
f 1100/958/701 2011/1700/1497 1099/1700/1943
f 1101/957/700 2012/958/1945 1100/958/701
f 1102/1331/996 2017/1687/1465 1105/1687/1946
f 1103/1323/990 2014/1331/1466 1102/1331/996
f 1104/1322/788 2015/1323/1480 1103/1323/990
f 1105/1687/1946 2016/1322/1302 1104/1322/788
f 1106/1152/870 2021/1153/1363 1109/1153/871
f 1107/1103/828 2018/1152/1947 1106/1152/870
f 1108/1629/1948 2019/1103/1328 1107/1103/828
f 1109/1153/871 2020/1629/1329 1108/1629/1948
f 1110/1507/1132 2025/1123/1949 1113/1123/845
f 1111/1119/841 2022/1507/1950 1110/1507/1132
f 1112/1124/846 2023/1119/1951 1111/1119/841
f 1113/1123/845 2024/1124/1952 1112/1124/846
f 1114/1214/914 2029/1661/1405 1117/1661/1953
f 1115/1082/812 2026/1214/1420 1114/1214/914
f 1116/1231/927 2027/1082/1954 1115/1082/812
f 1117/1661/1953 2028/1231/1311 1116/1231/927
f 1118/1642/1955 2033/1641/1359 1121/1641/1956
f 1119/1165/878 2030/1642/1360 1118/1642/1955
f 1120/1164/877 2031/1165/1957 1119/1165/878
f 1121/1641/1956 2032/1164/1340 1120/1164/877
f 1122/1798/1958 2037/1569/1198 1125/1569/1959
f 1123/1568/1960 2034/1798/1670 1122/1798/1958
f 1123/1568/1960 2036/943/1197 2035/1568/1196
f 1125/1569/1959 2036/943/1197 1124/943/686
f 1126/1455/1080 2041/1819/1961 1129/1819/1962
f 1127/1549/1174 2038/1455/1963 1126/1455/1080
f 1128/1061/798 2039/1549/1964 1127/1549/1174
f 1129/1819/1962 2040/1061/1297 1128/1061/798
f 1130/1736/1965 2045/987/1237 1133/987/730
f 1131/1561/1966 2042/1736/1577 1130/1736/1965
f 1131/1561/1966 2044/1820/1967 2043/1561/1187
f 1133/987/730 2044/1820/1967 1132/1820/1968
f 1134/939/682 2049/937/1969 1137/937/680
f 1135/1740/1970 2046/939/1572 1134/939/682
f 1136/1447/1073 2047/1740/1582 1135/1740/1970
f 1137/937/680 2048/1447/1583 1136/1447/1073
f 1138/1370/1023 2053/1371/1481 1141/1371/1024
f 1139/1611/1971 2050/1370/1532 1138/1370/1023
f 1140/1386/1034 2051/1611/1277 1139/1611/1971
f 1141/1371/1024 2052/1386/1278 1140/1386/1034
f 1142/1782/1972 2057/1510/1643 1145/1510/1135
f 1143/1585/1973 2054/1782/1644 1142/1782/1972
f 1144/1598/1974 2055/1585/1228 1143/1585/1973
f 1144/1598/1974 2057/1510/1643 2056/1598/1254
f 1146/1311/981 2061/1312/1975 1149/1312/982
f 1147/1618/987 2058/1311/1487 1146/1311/981
f 1148/1375/1028 2059/1618/1290 1147/1618/987
f 1149/1312/982 2060/1375/1291 1148/1375/1028
f 1150/1660/1976 2065/1212/1977 1153/1212/912
f 1151/1226/923 2062/1660/1402 1150/1660/1976
f 1152/1225/922 2063/1226/1414 1151/1226/923
f 1153/1212/912 2064/1225/1978 1152/1225/922
f 1154/1138/860 2069/1632/1336 1157/1632/1979
f 1155/1821/1980 2066/1138/1385 1154/1138/860
f 1156/1110/834 2067/1821/1981 1155/1821/1980
f 1157/1632/1979 2068/1110/1358 1156/1110/834
f 1158/1199/903 2073/1626/1320 1161/1626/1982
f 1159/1822/1983 2070/1199/1426 1158/1199/903
f 1160/1089/817 2071/1822/1984 1159/1822/1983
f 1161/1626/1982 2072/1659/1401 1160/1089/817
f 1162/1645/1985 2077/1159/1367 1165/1159/875
f 1163/1102/827 2074/1645/1368 1162/1645/1985
f 1164/1101/826 2075/1102/1330 1163/1102/827
f 1165/1159/875 2076/1101/1986 1164/1101/826
f 1166/1261/946 2081/1674/1439 1169/1674/901
f 1167/1823/991 2078/1261/1435 1166/1261/946
f 1168/1677/1987 2079/1823/1478 1167/1823/991
f 1169/1674/901 2080/1677/1441 1168/1677/1987
f 1170/1567/1988 2085/1023/1989 1173/1023/766
f 1171/1824/1990 2082/1567/1194 1170/1567/1988
f 1171/1824/1990 2084/1737/1579 2083/1824/1991
f 1173/1023/766 2084/1737/1579 1172/1737/1992
f 1174/1275/956 2089/1274/1993 1177/1274/955
f 1175/1825/1994 2086/1275/1442 1174/1275/956
f 1176/1063/799 2087/1825/1995 1175/1825/1994
f 1177/1274/955 2088/1063/1301 1176/1063/799
f 1178/1474/1099 2093/1347/1996 1181/1347/1008
f 1179/1473/1098 2090/1474/1997 1178/1474/1099
f 1180/1436/1065 2091/1473/1998 1179/1473/1098
f 1181/1347/1008 2092/1436/1499 1180/1436/1065
f 1182/1336/998 2097/1826/1999 1185/1826/2000
f 1183/1697/2001 2094/1336/1482 1182/1336/998
f 1184/1286/963 2095/1697/1490 1183/1697/2001
f 1185/1826/2000 2096/1286/1449 1184/1286/963
f 1186/952/695 2101/953/2002 1189/953/696
f 1187/1734/2003 2098/952/1564 1186/952/695
f 1188/1735/2004 2099/1734/1573 1187/1734/2003
f 1189/953/696 2100/1735/1574 1188/1735/2004
f 1190/1313/983 2105/1314/1471 1193/1314/984
f 1191/1324/991 2102/1313/2005 1190/1313/983
f 1192/1692/2006 2103/1324/1478 1191/1324/991
f 1193/1314/984 2104/1692/1479 1192/1692/2006
f 1194/1373/1026 2109/1374/2007 1197/1374/1027
f 1195/1716/2008 2106/1373/1554 1194/1373/1026
f 1196/1029/772 2107/1716/1524 1195/1716/2008
f 1197/1374/1027 2108/1029/1525 1196/1029/772
f 1198/1760/2009 2113/1477/1248 1201/1477/1102
f 1199/1764/2010 2110/1760/1613 1198/1760/2009
f 1200/1765/2011 2111/1764/1620 1199/1764/2010
f 1200/1765/2011 2113/1477/1248 2112/1765/1621
f 1202/1222/920 2117/1221/2012 1205/1221/919
f 1203/1624/2013 2114/1222/1377 1202/1222/920
f 1204/1081/811 2115/1624/1313 1203/1624/2013
f 1204/1081/811 2117/1221/2012 2116/1081/1380
f 1206/1609/2014 2121/1019/1270 1209/1019/762
f 1207/1744/2015 2118/1609/1271 1206/1609/2014
f 1208/1745/2016 2119/1744/1589 1207/1744/2015
f 1208/1745/2016 2121/1019/1270 2120/1745/1590
f 1210/1135/857 2125/1136/2017 1213/1136/858
f 1211/1631/967 2122/1135/1366 1210/1135/857
f 1212/1201/904 2123/1631/1332 1211/1631/967
f 1213/1136/858 2124/1201/1333 1212/1201/904
f 1214/1545/1170 2129/1129/2018 1217/1129/851
f 1215/1140/861 2126/1545/2019 1214/1545/1170
f 1216/1130/852 2127/1140/2020 1215/1140/861
f 1217/1129/851 2128/1130/2021 1216/1130/852
f 1218/1570/2022 2133/945/1200 1221/945/688
f 1219/1562/2023 2130/1570/1201 1218/1570/2022
f 1220/1563/2024 2131/1562/1189 1219/1562/2023
f 1220/1563/2024 2133/945/1200 2132/1563/1190
f 1222/1652/2025 2137/1176/2026 1225/1176/885
f 1223/1181/889 2134/1652/1378 1222/1652/2025
f 1224/1180/888 2135/1181/1384 1223/1181/889
f 1225/1176/885 2136/1180/2027 1224/1180/888
f 1226/1196/900 2141/1197/1439 1229/1197/901
f 1227/1625/2028 2138/1196/1408 1226/1196/900
f 1228/1263/948 2139/1625/1316 1227/1625/2028
f 1229/1197/901 2140/1263/1317 1228/1263/948
f 1230/1308/979 2145/1827/2029 1233/1827/2030
f 1231/1318/987 2142/1308/1303 1230/1308/979
f 1232/1065/801 2143/1318/1290 1231/1318/987
f 1233/1827/2030 2144/1065/1472 1232/1065/801
f 1234/1476/1101 2149/1399/2031 1237/1399/1041
f 1235/1475/1100 2146/1476/1675 1234/1476/1101
f 1236/1450/1075 2147/1475/2032 1235/1475/1100
f 1237/1399/1041 2148/1450/1538 1236/1450/1075
f 1238/1378/1025 2153/1046/2033 1241/1046/787
f 1239/1715/2034 2150/1378/1484 1238/1378/1025
f 1240/1027/770 2151/1715/1522 1239/1715/2034
f 1241/1046/787 2152/1027/1289 1240/1027/770
f 1242/1319/988 2157/1067/2035 1245/1067/803
f 1243/1691/2036 2154/1319/1446 1242/1319/988
f 1244/1048/788 2155/1691/1476 1243/1691/2036
f 1245/1067/803 2156/1048/1302 1244/1048/788
f 1246/1002/745 2161/1003/2037 1249/1003/746
f 1247/1729/2038 2158/1002/1557 1246/1002/745
f 1248/1730/2039 2159/1729/1565 1247/1729/2038
f 1249/1003/746 2160/1730/1566 1248/1730/2039
f 1250/1305/977 2165/1686/1464 1253/1686/2040
f 1251/1350/1010 2162/1305/1462 1250/1305/977
f 1252/1703/2041 2163/1350/2042 1251/1350/1010
f 1253/1686/2040 2164/1703/1501 1252/1703/2041
f 1254/1363/1017 2169/1364/1514 1257/1364/1018
f 1255/1411/1051 2166/1363/2043 1254/1363/1017
f 1256/1828/2044 2167/1411/1547 1255/1411/1051
f 1257/1364/1018 2168/1828/2045 1256/1828/2044
f 1258/1500/1125 2173/1829/2046 1261/1829/2047
f 1259/1505/1130 2170/1500/2048 1258/1500/1125
f 1260/1282/959 2171/1505/1448 1259/1505/1130
f 1261/1829/2047 2172/1282/1389 1260/1282/959
f 1262/1780/2049 2177/1508/2050 1265/1508/1133
f 1263/1830/2051 2174/1780/1640 1262/1780/2049
f 1264/1799/2052 2175/1830/2053 1263/1830/2051
f 1264/1799/2052 2177/1508/2050 2176/1799/1672
f 1266/1707/2054 2181/1356/1506 1269/1356/1014
f 1267/1407/1047 2178/1707/1507 1266/1707/2054
f 1268/1406/1046 2179/1407/1546 1267/1407/1047
f 1269/1356/1014 2180/1406/2055 1268/1406/1046
f 1270/1586/2056 2185/978/1229 1273/978/721
f 1271/1776/2057 2182/1586/1230 1270/1586/2056
f 1272/1747/2058 2183/1776/1635 1271/1776/2057
f 1272/1747/2058 2185/978/1229 2184/1747/1593
f 1274/1193/897 2189/1194/2059 1277/1194/898
f 1275/1647/2060 2186/1193/1356 1274/1193/897
f 1276/1104/829 2187/1647/1372 1275/1647/2060
f 1277/1194/898 2188/1104/1373 1276/1104/829
f 1278/1010/753 2193/1831/2061 1281/1831/2062
f 1279/1763/2063 2190/1010/1258 1278/1010/753
f 1280/1770/2064 2191/1763/1617 1279/1763/2063
f 1280/1770/2064 2193/1831/2061 2192/1770/1628
f 1282/1490/1115 2197/1132/2065 1285/1132/854
f 1283/1125/847 2194/1490/2066 1282/1490/1115
f 1284/1133/855 2195/1125/2067 1283/1125/847
f 1285/1132/854 2196/1133/2068 1284/1133/855
f 1286/1790/2069 2201/1795/1666 1289/1795/2070
f 1287/1572/2071 2198/1790/1657 1286/1790/2069
f 1287/1572/2071 2200/950/1205 2199/1572/1204
f 1289/1795/2070 2200/950/1205 1288/950/693
f 1290/1254/941 2205/1255/1434 1293/1255/942
f 1291/1227/924 2202/1254/2072 1290/1254/941
f 1292/1665/2073 2203/1227/1412 1291/1227/924
f 1293/1255/942 2204/1665/1413 1292/1665/2073
f 1294/1297/971 2209/1494/2074 1297/1494/1119
f 1295/1041/782 2206/1297/2075 1294/1297/971
f 1296/1832/2076 2207/1041/1457 1295/1041/782
f 1297/1494/1119 2208/1832/2077 1296/1832/2076
f 1298/1427/1061 2213/1833/2078 1301/1833/2079
f 1299/1380/1031 2210/1427/1521 1298/1427/1061
f 1300/1397/1039 2211/1380/2080 1299/1380/1031
f 1301/1833/2079 2212/1397/1569 1300/1397/1039
f 1302/1367/1021 2217/1834/2081 1305/1834/2082
f 1303/1321/989 2214/1367/1475 1302/1367/1021
f 1304/1044/785 2215/1321/2083 1303/1321/989
f 1305/1834/2082 2216/1044/1493 1304/1044/785
f 1306/1429/1062 2221/1713/1517 1309/1713/2084
f 1307/1434/1064 2218/1429/1518 1306/1429/1062
f 1308/1433/1063 2219/1434/2085 1307/1434/1064
f 1309/1713/2084 2220/1433/1282 1308/1433/1063
f 1310/1593/2086 2225/994/1244 1313/994/737
f 1311/1768/2087 2222/1593/1245 1310/1593/2086
f 1312/1769/2088 2223/1768/1625 1311/1768/2087
f 1312/1769/2088 2225/994/1244 2224/1769/1626
f 1314/1143/864 2229/1635/1341 1317/1635/2089
f 1315/1109/833 2226/1143/1342 1314/1143/864
f 1316/1108/832 2227/1109/2090 1315/1109/833
f 1317/1635/2089 2228/1108/1344 1316/1108/832
f 1318/1607/2091 2233/1502/2092 1321/1502/1127
f 1319/1835/2093 2230/1607/1266 1318/1607/2091
f 1320/1604/2094 2231/1835/2095 1319/1835/2093
f 1320/1604/2094 2233/1502/2092 2232/1604/1262
f 1322/1643/2096 2237/1151/1361 1325/1151/869
f 1322/1643/2096 2235/1088/2097 2234/1643/1362
f 1324/1087/815 2235/1088/2097 1323/1088/816
f 1325/1151/869 2236/1087/1331 1324/1087/815
f 1326/1287/964 2241/1215/2098 1329/1215/915
f 1327/1690/2099 2238/1287/1404 1326/1287/964
f 1328/1317/986 2239/1690/1474 1327/1690/2099
f 1329/1215/915 2240/1317/1314 1328/1317/986
f 1330/1187/893 2245/1627/1322 1333/1627/2100
f 1331/1097/824 2242/1187/1323 1330/1187/893
f 1332/1092/820 2243/1097/2101 1331/1097/824
f 1333/1627/2100 2244/1092/1422 1332/1092/820
f 1334/1252/939 2249/1670/1433 1337/1670/2102
f 1335/1250/937 2246/1252/1430 1334/1252/939
f 1335/1250/937 2248/1071/1460 2247/1250/2103
f 1337/1670/2102 2248/1071/1460 1336/1071/805
f 1341/1802/2104 2250/1836/2105 2253/1802/1680
f 1339/1541/1166 2250/1836/2105 1338/1836/2106
f 1340/1801/2107 2251/1541/1611 1339/1541/1166
f 1341/1802/2104 2252/1801/1676 1340/1801/2107
f 1342/1418/1056 2257/1688/1467 1345/1688/2108
f 1343/1410/1050 2254/1418/1468 1342/1418/1056
f 1344/1409/1049 2255/1410/2109 1343/1410/1050
f 1344/1409/1049 2257/1688/1467 2256/1409/1548
f 1346/976/719 2261/977/2110 1349/977/720
f 1347/1095/823 2258/976/2111 1346/976/719
f 1348/1628/2112 2259/1095/1352 1347/1095/823
f 1349/977/720 2260/1628/1324 1348/1628/2112
f 1350/1458/1083 2265/1837/2113 1353/1837/2114
f 1351/1497/1122 2262/1458/2115 1350/1458/1083
f 1352/1335/997 2263/1497/2116 1351/1497/1122
f 1353/1837/2114 2264/1335/2117 1352/1335/997
f 1354/1519/1144 2269/1520/2118 1357/1520/1145
f 1355/1417/1055 2266/1519/2119 1354/1519/1144
f 1356/1722/2120 2267/1417/1551 1355/1417/1055
f 1357/1520/1145 2268/1722/1552 1356/1722/2120
f 1358/1343/1004 2273/1701/1498 1361/1701/2121
f 1359/1394/1038 2270/1343/1287 1358/1343/1004
f 1360/1719/2122 2271/1394/2123 1359/1394/1038
f 1361/1701/2121 2272/1719/1533 1360/1719/2122
f 1362/1421/1057 2277/1614/1283 1365/1614/2124
f 1363/1424/1058 2274/1421/1519 1362/1421/1057
f 1364/1425/1059 2275/1424/2125 1363/1424/1058
f 1365/1614/2124 2276/1425/2126 1364/1425/1059
f 1366/1838/2127 2281/1752/1600 1369/1752/2128
f 1367/1576/2129 2278/1838/2130 1366/1838/2127
f 1367/1576/2129 2280/1466/2131 2279/1576/1211
f 1369/1752/2128 2280/1466/2131 1368/1466/1091
f 1370/1575/2132 2285/954/1208 1373/954/697
f 1371/1778/2133 2282/1575/1209 1370/1575/2132
f 1372/1767/2134 2283/1778/1638 1371/1778/2133
f 1372/1767/2134 2285/954/1208 2284/1767/1624
f 1374/1248/936 2289/1094/2135 1377/1094/822
f 1375/1669/2136 2286/1248/1396 1374/1248/936
f 1376/1291/966 2287/1669/1431 1375/1669/2136
f 1377/1094/822 2288/1291/1321 1376/1291/966
f 1378/1587/2137 2293/981/1232 1381/981/724
f 1379/1742/2138 2290/1587/1233 1378/1587/2137
f 1380/1589/2139 2291/1742/1587 1379/1742/2138
f 1380/1589/2139 2293/981/1232 2292/1589/1236
f 1382/1673/2140 2297/1262/2141 1385/1262/947
f 1383/1704/2142 2294/1673/1438 1382/1673/2140
f 1384/1349/1009 2295/1704/1503 1383/1704/2142
f 1385/1262/947 2296/1349/1304 1384/1349/1009
f 1386/1485/1110 2301/1150/2143 1389/1150/868
f 1387/1551/1176 2298/1485/2144 1386/1485/1110
f 1388/1149/867 2299/1551/2145 1387/1551/1176
f 1389/1150/868 2300/1149/2146 1388/1149/867
f 1390/1210/910 2305/1211/1403 1393/1211/911
f 1391/1182/890 2302/1210/2147 1390/1210/910
f 1392/1653/2148 2303/1182/1382 1391/1182/890
f 1393/1211/911 2304/1653/1383 1392/1653/2148
f 1394/1797/2149 2309/1597/1253 1397/1597/2150
f 1395/1748/2151 2306/1797/1669 1394/1797/2149
f 1395/1748/2151 2308/1535/1596 2307/1748/1595
f 1397/1597/2150 2308/1535/1596 1396/1535/1160
f 1398/1689/2152 2313/1315/1469 1401/1315/985
f 1399/1401/1043 2310/1689/1470 1398/1689/2152
f 1400/1400/1042 2311/1401/1541 1399/1401/1043
f 1401/1315/985 2312/1400/2153 1400/1400/1042
f 1402/1273/954 2317/1678/1443 1405/1678/2154
f 1403/1283/960 2314/1273/1411 1402/1273/954
f 1404/1242/933 2315/1283/2155 1403/1283/960
f 1405/1678/2154 2316/1242/1447 1404/1242/933
f 1406/1245/935 2321/1112/2156 1409/1112/836
f 1407/1668/2157 2318/1245/1350 1406/1245/935
f 1408/1238/830 2319/1668/1427 1407/1668/2157
f 1409/1112/836 2320/1238/1335 1408/1238/830
f 1410/1711/2158 2325/1365/1512 1413/1365/1019
f 1411/1416/1054 2322/1711/1513 1410/1711/2158
f 1412/1415/1053 2323/1416/1550 1411/1416/1054
f 1413/1365/1019 2324/1415/2159 1412/1415/1053
f 1414/1755/2160 2329/1601/1257 1417/1601/2161
f 1415/1756/2162 2326/1755/1606 1414/1755/2160
f 1415/1756/2162 2328/1550/1648 2327/1756/1607
f 1417/1601/2161 2328/1550/1648 1416/1550/1175
f 1418/989/732 2333/990/1576 1421/990/733
f 1418/989/732 2331/1183/1346 2330/989/2163
f 1420/1444/1070 2331/1183/1346 1419/1183/891
f 1421/990/733 2332/1444/1386 1420/1444/1070
f 1422/1528/1153 2337/1529/1658 1425/1529/1154
f 1423/1408/1048 2334/1528/2164 1422/1528/1153
f 1424/1521/1146 2335/1408/1544 1423/1408/1048
f 1425/1529/1154 2336/1521/1545 1424/1521/1146
f 1426/1301/974 2341/1253/2165 1429/1253/940
f 1427/1699/2166 2338/1301/1432 1426/1301/974
f 1428/1340/1001 2339/1699/1496 1427/1699/2166
f 1429/1253/940 2340/1340/1306 1428/1340/1001
f 1430/1257/944 2345/1091/2167 1433/1091/819
f 1431/1672/2168 2342/1257/1394 1430/1257/944
f 1432/1299/972 2343/1672/1436 1431/1672/2168
f 1433/1091/819 2344/1299/1319 1432/1299/972
f 1434/929/672 2349/1157/2169 1437/1157/873
f 1435/1526/1151 2346/929/2170 1434/929/672
f 1436/1158/874 2347/1526/2171 1435/1526/1151
f 1437/1157/873 2348/1158/1369 1436/1158/874
f 1438/1220/918 2353/1663/1409 1441/1663/2172
f 1439/1230/926 2350/1220/1327 1438/1220/918
f 1440/1189/894 2351/1230/2173 1439/1230/926
f 1441/1663/2172 2352/1189/1415 1440/1189/894
f 1442/1685/2174 2357/1306/2175 1445/1306/978
f 1443/1720/2176 2354/1685/1463 1442/1685/2174
f 1444/1393/775 2355/1720/1535 1443/1720/2176
f 1445/1306/978 2356/1393/1295 1444/1393/775
f 1446/1326/993 2361/1839/2177 1449/1839/2178
f 1447/1696/2179 2358/1326/2180 1446/1326/993
f 1448/1059/796 2359/1696/1488 1447/1696/2179
f 1449/1839/2178 2360/1059/1298 1448/1059/796
f 1450/1639/777 2365/1184/1343 1453/1184/783
f 1451/1146/769 2362/1639/1280 1450/1639/777
f 1452/1185/804 2363/1146/1281 1451/1146/769
f 1453/1184/783 2364/1185/1288 1452/1185/804
f 1454/1636/777 2369/1155/1343 1457/1155/783
f 1455/1107/769 2366/1636/1280 1454/1636/777
f 1456/1156/804 2367/1107/1281 1455/1107/769
f 1457/1155/783 2368/1156/1288 1456/1156/804
f 1458/1634/777 2373/1144/1343 1461/1144/783
f 1459/1163/769 2370/1634/1280 1458/1634/777
f 1460/1145/804 2371/1163/1281 1459/1163/769
f 1461/1144/783 2372/1145/1288 1460/1145/804
f 1462/1166/777 2377/1173/1343 1465/1173/783
f 1463/1648/769 2374/1166/1280 1462/1166/777
f 1464/1172/804 2375/1648/1281 1463/1648/769
f 1465/1173/783 2376/1172/1288 1464/1172/804
f 1466/1118/777 2381/1160/1343 1469/1160/783
f 1467/1633/769 2378/1118/1280 1466/1118/777
f 1468/1161/804 2379/1633/1281 1467/1633/769
f 1469/1160/783 2380/1161/1288 1468/1161/804
f 1470/1115/777 2385/1098/1343 1473/1098/783
f 1471/1228/769 2382/1115/1280 1470/1115/777
f 1472/1099/804 2383/1228/1281 1471/1228/769
f 1473/1098/783 2384/1099/1288 1472/1099/804
f 1474/1139/777 2389/1096/1343 1477/1096/783
f 1475/1237/769 2386/1139/1280 1474/1139/777
f 1476/1667/804 2387/1237/1281 1475/1237/769
f 1477/1096/783 2388/1667/1288 1476/1667/804
f 1478/1657/777 2393/1246/1343 1481/1246/783
f 1479/1207/769 2390/1657/1280 1478/1657/777
f 1480/1247/804 2391/1207/1281 1479/1207/769
f 1481/1246/783 2392/1247/1288 1480/1247/804
f 1482/1630/777 2397/1217/1343 1485/1217/783
f 1483/1086/769 2394/1630/1280 1482/1630/777
f 1484/1218/804 2395/1086/1281 1483/1086/769
f 1485/1217/783 2396/1218/1288 1484/1218/804
f 1486/1171/777 2401/1204/1343 1489/1204/783
f 1487/1649/769 2398/1171/1280 1486/1171/777
f 1488/1205/804 2399/1649/1281 1487/1649/769
f 1489/1204/783 2400/1205/1288 1488/1205/804
f 1490/1179/777 2405/1234/1343 1493/1234/783
f 1491/1080/769 2402/1179/1280 1490/1179/777
f 1492/1235/804 2403/1080/1281 1491/1080/769
f 1493/1234/783 2404/1235/1288 1492/1235/804
f 1494/1191/777 2409/1223/1343 1497/1223/783
f 1495/1281/769 2406/1191/1280 1494/1191/777
f 1496/1664/804 2407/1281/1281 1495/1281/769
f 1497/1223/783 2408/1664/1288 1496/1664/804
f 1498/1188/777 2413/1078/1343 1501/1078/783
f 1499/1290/769 2410/1188/1280 1498/1188/777
f 1500/1840/804 2411/1290/1281 1499/1290/769
f 1501/1078/783 2412/1840/1288 1500/1840/804
f 1502/1200/777 2417/1249/1343 1505/1249/783
f 1503/1298/769 2414/1200/1280 1502/1200/777
f 1504/1683/804 2415/1298/1281 1503/1298/769
f 1505/1249/783 2416/1683/1288 1504/1683/804
f 1506/1675/777 2421/1258/1343 1509/1258/783
f 1507/1269/769 2418/1675/1280 1506/1675/777
f 1508/1259/804 2419/1269/1281 1507/1269/769
f 1509/1258/783 2420/1259/1288 1508/1259/804
f 1510/1085/777 2425/1068/1343 1513/1068/783
f 1511/1316/769 2422/1085/1280 1510/1085/777
f 1512/1069/804 2423/1316/1281 1511/1316/769
f 1513/1068/783 2424/1069/1288 1512/1069/804
f 1514/1233/777 2429/1288/1343 1517/1288/783
f 1515/1062/769 2426/1233/1280 1514/1233/777
f 1516/1680/804 2427/1062/1281 1515/1062/769
f 1517/1288/783 2428/1680/1288 1516/1680/804
f 1518/1244/777 2433/1276/1343 1521/1276/783
f 1519/1334/769 2430/1244/1280 1518/1244/777
f 1520/1841/804 2431/1334/1281 1519/1334/769
f 1521/1276/783 2432/1841/1288 1520/1841/804
f 1522/1842/777 2437/1293/1343 1525/1293/783
f 1523/1076/769 2434/1842/1280 1522/1842/777
f 1524/1681/804 2435/1076/1281 1523/1076/769
f 1525/1293/783 2436/1681/1288 1524/1681/804
f 1526/1073/777 2441/1302/1343 1529/1302/783
f 1527/1348/769 2438/1073/1280 1526/1073/777
f 1528/1684/804 2439/1348/1281 1527/1348/769
f 1529/1302/783 2440/1684/1288 1528/1684/804
f 1530/1268/777 2445/1357/1343 1533/1357/783
f 1531/1676/769 2442/1268/1280 1530/1268/777
f 1532/1358/804 2443/1676/1281 1531/1676/769
f 1533/1357/783 2444/1358/1288 1532/1358/804
f 1534/1309/777 2449/1332/1343 1537/1332/783
f 1535/1047/769 2446/1309/1280 1534/1309/777
f 1536/1333/804 2447/1047/1281 1535/1047/769
f 1537/1332/783 2448/1333/1288 1536/1333/804
f 1538/1280/777 2453/1320/1343 1541/1320/783
f 1539/1338/769 2450/1280/1280 1538/1280/777
f 1540/1698/804 2451/1338/1281 1539/1338/769
f 1541/1320/783 2452/1698/1288 1540/1698/804
f 1542/1843/777 2457/1327/1343 1545/1327/783
f 1543/1385/769 2454/1843/1280 1542/1843/777
f 1544/1384/804 2455/1385/1281 1543/1385/769
f 1545/1327/783 2456/1384/1288 1544/1384/804
f 1546/1058/777 2461/1042/1343 1549/1042/783
f 1547/1392/769 2458/1058/1280 1546/1058/777
f 1548/1617/804 2459/1392/1281 1547/1392/769
f 1549/1042/783 2460/1617/1288 1548/1617/804
f 1550/1055/777 2465/1351/1343 1553/1351/783
f 1551/1620/769 2462/1055/1280 1550/1055/777
f 1552/1352/804 2463/1620/1281 1551/1620/769
f 1553/1351/783 2464/1352/1288 1552/1352/804
f 1554/1052/777 2469/1360/1343 1557/1360/783
f 1555/1619/769 2466/1052/1280 1554/1052/777
f 1556/1361/804 2467/1619/1281 1555/1619/769
f 1557/1360/783 2468/1361/1288 1556/1361/804
f 1558/1714/777 2473/1419/1343 1561/1419/783
f 1559/1381/769 2470/1714/1280 1558/1714/777
f 1560/1420/804 2471/1381/1281 1559/1381/769
f 1561/1419/783 2472/1420/1288 1560/1420/804
f 1562/1368/777 2477/1390/1343 1565/1390/783
f 1563/1026/769 2474/1368/1280 1562/1368/777
f 1564/1391/804 2475/1026/1281 1563/1026/769
f 1565/1390/783 2476/1391/1288 1564/1391/804
f 1566/1330/777 2481/1379/1343 1569/1379/783
f 1567/1435/769 2478/1330/1280 1566/1330/777
f 1568/1731/804 2479/1435/1281 1567/1435/769
f 1569/1379/783 2480/1731/1288 1568/1731/804
f 1570/1040/777 2485/1395/1343 1573/1395/783
f 1571/1616/769 2482/1040/1280 1570/1040/777
f 1572/1396/804 2483/1616/1281 1571/1616/769
f 1573/1395/783 2484/1396/1288 1572/1396/804
f 1574/1037/777 2489/1403/1343 1577/1403/783
f 1575/1615/769 2486/1037/1280 1574/1037/777
f 1576/1404/804 2487/1615/1281 1575/1615/769
f 1577/1403/783 2488/1404/1288 1576/1404/804
f 1578/1034/777 2493/1412/1343 1581/1412/783
f 1579/1613/769 2490/1034/1280 1578/1034/777
f 1580/1413/804 2491/1613/1281 1579/1613/769
f 1581/1412/783 2492/1413/1288 1580/1413/804
f 1582/1612/777 2497/1422/1343 1585/1422/783
f 1583/1432/769 2494/1612/1280 1582/1612/777
f 1584/1423/804 2495/1432/1281 1583/1432/769
f 1585/1422/783 2496/1423/1288 1584/1423/804
f 1586/1717/777 2501/1430/1343 1589/1430/783
f 1587/1441/769 2498/1717/1280 1586/1717/777
f 1588/1431/804 2499/1441/1281 1587/1441/769
f 1589/1430/783 2500/1431/1288 1588/1431/804
f 1590/1428/777 2505/1439/1343 1593/1439/783
f 1591/1449/769 2502/1428/1280 1590/1428/777
f 1592/1440/804 2503/1449/1281 1591/1449/769
f 1593/1439/783 2504/1440/1288 1592/1440/804
f 406/1/1 405/399/323 301/2/2
f 276/4/4 277/521/404 416/5/5
f 13/7/7 14/354/298 264/8/8
f 232/10/10 298/49/46 396/11/11
f 296/13/13 268/378/310 393/14/14
f 82/16/16 81/173/168 200/17/17
f 12/19/19 13/7/7 279/9/9
f 280/21/9 403/398/322 402/22/21
f 203/24/22 201/306/269 90/25/23
f 251/20/20 249/392/319 11/27/25
f 197/31/29 195/301/264 74/32/30
f 22/34/32 23/323/284 271/35/33
f 247/36/34 243/500/37 21/37/35
f 411/38/36 410/47/44 244/39/37
f 260/41/38 242/45/42 398/42/39
f 399/44/41 398/42/39 242/45/42
f 410/47/44 409/366/305 240/48/45
f 397/43/40 396/11/11 298/49/46
f 416/5/5 277/521/404 229/50/47
f 3/52/49 4/374/308 309/53/10
f 258/58/54 234/363/304 419/59/55
f 229/50/47 258/58/54 418/60/56
f 282/64/60 266/353/297 15/65/61
f 259/67/38 238/375/46 5/68/63
f 214/70/65 422/257/232 130/71/66
f 442/73/68 444/256/231 156/74/69
f 458/76/71 457/82/77 169/77/72
f 443/79/74 442/73/68 155/75/70
f 456/81/76 168/86/81 169/77/72
f 221/83/78 443/79/74 154/80/75
f 455/85/80 167/90/85 168/86/81
f 221/83/78 153/84/79 152/87/82
f 454/89/84 166/97/92 167/90/85
f 480/91/86 192/99/94 161/92/87
f 441/88/83 152/87/82 151/94/89
f 453/96/91 165/103/98 166/97/92
f 479/98/93 191/105/100 192/99/94
f 440/95/90 151/94/89 150/100/95
f 452/102/97 164/109/104 165/103/98
f 478/104/99 190/111/106 191/105/100
f 439/101/96 150/100/95 149/106/101
f 451/108/103 163/115/110 164/109/104
f 477/110/105 189/117/112 190/111/106
f 438/107/102 149/106/101 148/112/107
f 449/114/109 162/120/115 163/115/110
f 476/116/111 188/122/117 189/117/112
f 437/113/108 148/112/107 147/118/113
f 450/93/88 161/92/87 162/120/115
f 475/121/116 187/126/121 188/122/117
f 435/119/114 147/118/113 146/123/118
f 474/125/120 186/130/125 187/126/121
f 436/124/119 146/123/118 145/127/122
f 473/129/124 185/134/129 186/130/125
f 218/128/123 145/127/122 144/131/126
f 473/129/124 472/298/261 184/133/128
f 434/132/127 144/131/126 143/135/130
f 33/137/132 67/205/200 204/138/133
f 61/140/135 620/147/142 626/141/136
f 213/143/138 66/663/437 635/144/139
f 61/140/135 60/171/166 614/146/141
f 679/148/143 631/154/149 629/149/144
f 676/151/146 652/891/634 605/152/147
f 631/154/149 625/162/157 623/155/150
f 41/156/151 40/331/291 73/33/31
f 41/156/151 74/32/30 211/157/152
f 59/159/154 223/735/480 677/160/155
f 625/162/157 619/168/163 617/163/158
f 673/164/159 601/169/164 599/165/160
f 613/167/162 611/177/172 617/163/158
f 601/169/164 595/175/170 593/170/165
f 60/171/166 59/159/154 608/161/156
f 49/172/167 48/334/292 81/173/168
f 49/172/167 82/16/16 207/56/52
f 595/175/170 589/178/173 587/176/171
f 607/153/148 605/152/147 611/177/172
f 589/178/173 583/191/186 581/179/174
f 88/180/175 210/731/453 650/181/176
f 670/183/178 646/883/626 575/184/179
f 87/186/181 88/180/175 598/182/177
f 57/188/183 56/337/293 89/26/24
f 57/188/183 90/25/23 209/189/184
f 577/185/180 575/184/179 581/179/174
f 86/192/187 87/186/181 592/187/182
f 667/194/189 571/199/194 569/195/190
f 86/192/187 586/193/188 580/197/192
f 571/199/194 565/759/539 563/200/195
f 52/201/196 51/688/475 578/202/197
f 33/137/132 64/340/294 97/204/199
f 141/206/201 173/253/229 172/207/202
f 153/84/79 154/80/75 186/209/125
f 140/208/203 172/207/202 171/211/204
f 153/84/79 185/210/129 184/213/128
f 139/212/205 171/211/204 170/214/73
f 152/87/82 184/213/128 183/216/207
f 138/215/206 170/214/73 169/217/72
f 151/94/89 183/216/207 182/219/209
f 136/220/210 137/218/208 169/217/72
f 150/100/95 182/219/209 181/222/211
f 135/223/212 136/220/210 168/221/81
f 149/106/101 181/222/211 180/225/213
f 134/226/214 135/223/212 167/224/85
f 148/112/107 180/225/213 179/228/215
f 160/229/216 65/72/67 161/230/87
f 133/232/217 134/226/214 166/227/92
f 147/118/113 179/228/215 178/234/218
f 159/235/219 160/229/216 192/231/94
f 132/237/220 133/232/217 165/233/98
f 146/123/118 178/234/218 177/239/221
f 158/240/222 159/235/219 191/236/100
f 131/242/223 132/237/220 164/238/104
f 145/127/122 177/239/221 176/244/224
f 157/245/225 158/240/222 190/241/106
f 130/71/66 131/242/223 163/243/110
f 144/131/126 176/244/224 175/248/226
f 156/74/69 157/245/225 189/246/112
f 65/72/67 130/71/66 162/247/115
f 143/135/130 175/248/226 174/250/227
f 155/75/70 156/74/69 188/249/117
f 142/251/228 174/250/227 173/253/229
f 154/80/75 155/75/70 187/252/121
f 108/254/230 458/76/71 170/78/73
f 444/256/231 445/260/234 157/245/225
f 422/257/232 421/261/235 131/242/223
f 109/258/233 108/254/230 171/255/204
f 445/260/234 446/264/237 158/240/222
f 421/261/235 423/265/238 132/237/220
f 110/262/236 109/258/233 172/259/202
f 446/264/237 447/268/240 159/235/219
f 423/265/238 424/269/241 133/232/217
f 111/266/239 110/262/236 173/263/229
f 447/268/240 448/272/243 160/229/216
f 424/269/241 425/273/244 134/226/214
f 112/270/242 111/266/239 174/267/227
f 448/272/243 214/70/65 65/72/67
f 425/273/244 426/276/246 135/223/212
f 113/274/245 112/270/242 175/271/226
f 426/276/246 427/279/248 136/220/210
f 114/277/247 113/274/245 176/275/224
f 427/279/248 215/283/251 137/218/208
f 115/280/249 114/277/247 177/278/221
f 429/282/250 138/215/206 137/218/208
f 116/284/252 115/280/249 178/281/218
f 428/286/253 139/212/205 138/215/206
f 117/287/254 116/284/252 179/285/215
f 430/289/255 140/208/203 139/212/205
f 118/290/256 117/287/254 180/288/213
f 431/292/257 141/206/201 140/208/203
f 119/293/258 118/290/256 181/291/211
f 432/295/259 142/251/228 141/206/201
f 120/296/260 119/293/258 182/294/209
f 433/136/131 143/135/130 142/251/228
f 472/298/261 120/296/260 183/297/207
f 193/61/57 194/310/273 1/299/262
f 197/31/29 8/319/280 9/300/263
f 196/28/26 195/301/264 9/300/263
f 200/17/17 16/367/62 17/302/265
f 199/303/266 198/18/18 17/302/265
f 203/24/22 24/372/307 25/305/268
f 202/307/270 201/306/269 25/305/268
f 205/309/272 32/311/274 1/299/262
f 31/313/276 32/1844/274 294/314/275
f 407/316/278 408/659/51 292/317/53
f 288/321/282 276/4/4 414/6/6
f 23/323/284 24/1845/307 286/324/285
f 27/327/288 28/370/306 278/328/289
f 34/139/134 422/343/232 214/330/65
f 40/331/291 41/156/151 215/332/251
f 42/158/153 429/345/250 215/332/251
f 48/334/292 49/172/167 218/335/123
f 50/174/169 436/347/119 218/335/123
f 56/337/293 57/188/183 221/338/78
f 58/190/185 443/350/74 221/338/78
f 64/340/294 33/137/132 214/330/65
f 34/139/134 204/138/133 394/342/15
f 40/331/291 427/333/248 399/344/41
f 42/158/153 211/157/152 401/325/286
f 48/334/292 434/336/127 406/346/1
f 50/174/169 207/56/52 408/55/51
f 56/337/293 441/339/83 413/348/295
f 58/190/185 209/189/184 415/349/283
f 64/340/294 448/341/243 420/351/296
f 266/353/297 264/8/8 14/354/298
f 272/355/299 285/464/318 413/356/295
f 27/327/288 275/329/290 287/358/301
f 248/40/34 272/355/299 412/357/300
f 269/360/302 291/470/312 18/361/267
f 234/363/304 293/472/311 420/364/296
f 295/365/59 2/1846/58 3/52/49
f 270/318/279 240/48/45 409/366/305
f 28/370/306 29/396/320 230/371/47
f 4/374/308 5/68/63 238/375/46
f 30/376/309 31/313/276 311/315/277
f 199/303/266 207/56/52 82/16/16
f 268/378/310 232/10/10 395/12/12
f 67/205/200 194/310/273 193/61/57
f 21/37/35 243/500/37 315/381/45
f 290/383/281 317/386/315 7/384/314
f 19/362/303 20/382/313 315/381/45
f 259/67/38 6/69/64 7/384/314
f 400/388/316 401/657/286 284/389/287
f 196/28/26 211/157/152 74/32/30
f 252/23/20 402/22/21 400/388/316
f 90/25/23 201/306/269 202/307/270
f 249/392/319 283/462/28 10/393/27
f 29/396/320 30/376/309 306/377/54
f 280/21/9 335/400/8 404/397/321
f 405/399/323 404/397/321 335/400/8
f 227/401/324 312/426/349 352/402/325
f 334/404/327 373/543/429 345/405/328
f 228/407/330 390/528/414 351/408/331
f 305/410/333 346/446/369 374/411/334
f 237/413/336 310/435/358 350/414/337
f 253/416/339 332/553/403 371/417/340
f 231/419/342 299/572/389 340/420/343
f 254/422/345 384/564/434 372/423/346
f 307/425/348 348/443/366 352/402/325
f 67/205/200 97/204/199 205/309/272
f 330/427/350 369/542/428 367/428/351
f 257/430/353 233/409/332 351/408/331
f 327/432/355 368/442/365 370/433/356
f 310/435/358 304/450/373 344/436/359
f 328/429/352 367/428/351 365/437/360
f 231/419/342 349/421/344 343/439/362
f 327/432/355 325/448/371 366/441/364
f 307/425/348 308/406/329 345/405/328
f 261/444/367 326/438/361 365/437/360
f 257/430/353 347/431/354 346/446/369
f 262/447/370 380/559/433 366/441/364
f 226/449/372 392/527/413 344/436/359
f 255/451/374 323/573/401 364/452/375
f 225/454/377 267/440/363 343/439/362
f 256/456/379 382/541/427 363/457/380
f 274/459/382 282/64/60 281/3/3
f 261/461/367 262/506/370 284/389/287
f 256/463/379 286/324/285 285/464/318
f 253/466/339 254/513/345 288/321/282
f 246/467/384 290/383/281 289/46/43
f 235/469/386 236/491/390 292/317/53
f 228/471/330 294/314/275 293/472/311
f 225/474/377 226/479/372 296/13/13
f 237/475/336 297/497/396 260/41/38
f 300/476/387 299/489/389 238/375/46
f 273/460/383 281/3/3 301/2/2
f 274/459/382 302/519/407 266/353/297
f 225/474/377 295/365/59 303/54/50
f 226/479/372 304/485/373 268/378/310
f 305/480/333 230/371/47 306/377/54
f 307/425/348 258/488/54 229/482/47
f 231/483/342 267/478/363 303/54/50
f 310/484/358 232/10/10 268/378/310
f 257/481/353 306/377/54 311/315/277
f 307/425/348 312/426/349 234/487/304
f 299/489/389 231/483/342 309/53/10
f 237/475/336 298/49/46 232/10/10
f 228/471/330 233/486/332 311/315/277
f 227/473/324 293/472/311 234/363/304
f 236/491/390 313/495/394 270/318/279
f 235/469/386 291/470/312 269/360/302
f 239/493/392 314/492/391 269/360/302
f 316/494/393 240/48/45 270/318/279
f 300/476/387 259/67/38 317/386/315
f 297/497/396 318/501/399 242/45/42
f 319/498/397 244/39/37 240/48/45
f 320/499/398 239/493/392 315/381/45
f 245/468/385 289/46/43 242/45/42
f 246/467/384 241/496/395 317/386/315
f 319/498/397 321/504/402 248/40/34
f 320/499/398 243/500/37 247/36/34
f 323/503/401 272/355/299 248/40/34
f 324/505/381 322/502/400 247/36/34
f 256/463/379 324/505/381 271/35/33
f 255/465/374 285/464/318 272/355/299
f 262/506/370 325/508/371 250/390/317
f 261/461/367 283/462/28 249/392/319
f 325/508/371 327/511/355 252/23/20
f 326/507/361 249/392/319 251/20/20
f 329/510/357 280/21/9 252/23/20
f 328/509/352 251/20/20 279/9/9
f 254/513/345 331/520/347 276/4/4
f 253/466/339 287/358/301 275/329/290
f 333/515/335 278/328/289 230/371/47
f 308/406/329 229/482/47 277/516/404
f 265/477/388 301/2/2 335/400/8
f 336/518/406 264/8/8 266/353/297
f 332/514/403 275/329/290 278/328/289
f 331/520/347 334/1847/327 277/521/404
f 330/512/350 279/9/9 264/8/8
f 263/517/405 335/400/8 280/21/9
f 338/522/408 339/415/338 340/420/343
f 341/524/410 342/545/431 378/525/411
f 391/455/378 343/439/362 344/436/359
f 347/431/354 348/443/366 345/405/328
f 343/439/362 349/421/344 350/414/337
f 351/408/331 352/402/325 348/443/366
f 340/420/343 339/415/338 350/414/337
f 390/528/414 389/403/326 352/402/325
f 354/529/415 388/570/436 387/530/416
f 353/531/417 355/569/435 356/532/418
f 357/533/419 358/536/422 338/522/408
f 356/532/418 355/569/435 359/534/420
f 358/536/422 357/533/419 386/537/423
f 362/539/425 360/535/421 359/534/420
f 362/539/425 361/540/426 363/457/380
f 382/541/427 381/453/376 364/452/375
f 366/441/364 380/559/433 379/445/368
f 368/442/365 366/441/364 365/437/360
f 368/442/365 367/428/351 369/542/428
f 372/423/346 384/564/434 383/418/341
f 346/446/369 345/405/328 373/543/429
f 375/544/430 376/546/432 342/545/431
f 371/417/340 374/411/334 373/543/429
f 376/546/432 375/544/430 370/433/356
f 263/547/405 375/544/430 341/524/410
f 236/549/390 388/570/436 354/529/415
f 336/551/406 302/575/407 342/545/431
f 235/552/386 314/555/391 353/531/417
f 332/553/403 333/412/335 374/411/334
f 239/554/392 355/569/435 353/531/417
f 273/556/383 377/526/412 378/525/411
f 334/404/327 331/424/347 372/423/346
f 316/558/393 313/550/394 354/529/415
f 262/447/370 261/444/367 379/445/368
f 330/427/350 336/551/406 376/546/432
f 241/560/395 357/533/419 337/523/409
f 255/451/374 381/453/376 382/541/427
f 263/547/405 329/434/357 370/433/356
f 297/562/396 338/522/408 358/536/422
f 254/422/345 253/416/339 383/418/341
f 319/565/397 316/558/393 356/532/418
f 245/566/385 385/538/424 386/537/423
f 320/568/398 359/534/420 355/569/435
f 236/549/390 235/552/386 387/530/416
f 245/566/385 318/563/399 358/536/422
f 227/401/324 389/403/326 390/528/414
f 246/567/384 386/537/423 357/533/419
f 226/449/372 225/454/377 391/455/378
f 319/565/397 360/535/421 362/539/425
f 237/413/336 339/415/338 338/522/408
f 320/568/398 322/574/400 361/540/426
f 299/572/389 300/561/387 337/523/409
f 321/571/402 362/539/425 364/452/375
f 273/556/383 265/548/388 341/524/410
f 324/458/381 363/457/380 361/540/426
f 274/557/382 378/525/411 342/545/431
f 66/576/437 394/15/15 393/14/14
f 68/577/438 393/14/14 395/12/12
f 69/578/439 395/12/12 396/11/11
f 71/580/441 70/579/440 396/11/11
f 71/580/441 397/43/40 398/42/39
f 208/582/443 72/581/442 398/42/39
f 75/583/444 401/657/286 400/388/316
f 77/585/446 76/584/445 400/388/316
f 77/585/446 402/22/21 403/398/322
f 79/587/448 78/586/447 403/398/322
f 80/588/449 79/587/448 404/397/321
f 212/589/450 80/588/449 405/399/323
f 83/590/451 408/659/51 407/316/278
f 84/591/452 407/316/278 409/366/305
f 85/592/193 409/366/305 410/47/44
f 86/593/187 410/47/44 411/38/36
f 87/594/181 411/38/36 412/357/300
f 210/596/453 88/595/175 412/357/300
f 91/597/454 415/322/283 414/6/6
f 93/599/456 92/598/455 414/6/6
f 94/600/457 93/599/456 416/5/5
f 94/600/457 417/51/48 418/60/56
f 96/602/459 95/601/458 418/60/56
f 206/603/460 96/602/459 419/59/55
f 213/604/138 35/607/461 421/605/235
f 35/607/461 36/609/462 423/608/238
f 36/609/462 37/611/463 424/610/241
f 37/611/463 38/614/465 425/612/244
f 39/613/464 426/616/246 425/612/244
f 216/615/466 427/656/248 426/616/246
f 217/617/467 43/620/468 428/618/253
f 43/620/468 44/622/469 430/621/255
f 44/622/469 45/624/470 431/623/257
f 45/624/470 46/627/472 432/625/259
f 47/626/471 433/629/131 432/625/259
f 219/628/473 434/658/127 433/629/131
f 220/630/474 51/633/475 435/631/114
f 51/633/475 52/635/196 437/634/108
f 52/635/196 53/637/476 438/636/102
f 53/637/476 54/640/478 439/638/96
f 55/639/477 440/642/90 439/638/96
f 222/641/479 441/660/83 440/642/90
f 223/643/480 59/646/154 442/644/68
f 59/646/154 60/649/166 444/647/231
f 61/648/135 445/651/234 444/647/231
f 62/650/137 446/653/237 445/651/234
f 62/650/137 63/655/482 447/652/240
f 224/654/481 448/661/243 447/652/240
f 66/576/437 213/604/138 422/606/232
f 208/582/443 399/44/41 427/656/248
f 75/583/444 217/617/467 429/619/250
f 212/589/450 406/1/1 434/658/127
f 83/590/451 220/630/474 436/632/119
f 210/596/453 413/356/295 441/660/83
f 91/597/454 223/643/480 443/645/74
f 206/603/460 420/364/296 448/661/243
f 68/662/438 514/665/483 635/144/139
f 69/664/439 520/667/484 514/665/483
f 70/666/440 526/669/486 520/667/484
f 70/666/440 71/670/441 532/668/485
f 71/670/441 72/672/442 538/671/487
f 72/672/442 208/714/443 637/673/488
f 76/674/445 544/678/490 641/675/489
f 77/677/446 550/680/491 544/678/490
f 78/679/447 556/682/493 550/680/491
f 78/679/447 79/761/448 562/681/492
f 46/683/472 566/769/544 572/684/494
f 47/685/471 572/684/494 668/686/495
f 51/688/475 220/726/474 671/689/496
f 85/198/193 580/197/192 574/690/497
f 53/692/476 52/201/196 584/203/198
f 53/692/476 590/693/498 596/694/499
f 54/695/478 596/694/499 602/696/500
f 55/697/477 602/696/500 674/698/501
f 92/700/455 604/704/503 653/701/502
f 93/703/456 610/706/504 604/704/503
f 94/705/457 616/708/506 610/706/504
f 94/705/457 95/709/458 622/707/505
f 95/709/458 96/711/459 628/710/507
f 96/711/459 206/741/460 655/712/508
f 216/713/466 662/758/538 637/673/488
f 62/142/137 626/141/136 632/715/509
f 217/717/467 75/676/444 641/675/489
f 63/716/482 632/715/509 680/719/511
f 219/687/473 668/686/495 644/721/512
f 36/723/462 35/734/461 518/724/513
f 220/726/474 83/768/451 647/727/515
f 529/728/516 523/902/645 521/729/517
f 222/699/479 674/698/501 650/181/176
f 529/728/516 527/730/518 533/732/519
f 35/734/461 213/143/138 658/145/140
f 223/735/480 91/702/454 653/701/502
f 541/736/521 535/733/520 533/732/519
f 659/738/523 634/867/610 515/739/524
f 224/720/481 680/719/511 655/712/508
f 661/742/526 541/736/521 539/737/522
f 37/744/463 36/723/462 524/725/514
f 547/746/529 545/764/542 551/747/530
f 37/744/463 530/745/528 536/749/532
f 44/751/469 43/760/468 548/752/533
f 38/750/465 536/749/532 542/754/535
f 553/748/531 551/747/530 557/756/536
f 39/755/464 542/754/535 662/758/538
f 559/757/537 557/756/536 563/200/195
f 43/760/468 217/717/467 664/718/510
f 79/761/448 80/765/449 568/762/540
f 665/763/541 640/875/618 545/764/542
f 80/765/449 212/722/450 644/721/512
f 45/766/470 44/751/469 554/753/534
f 84/691/452 574/690/497 647/727/515
f 45/766/470 560/767/543 566/769/544
f 99/770/545 98/801/576 450/93/88
f 99/770/545 449/114/109 451/108/103
f 101/772/547 100/771/546 451/108/103
f 101/772/547 452/102/97 453/96/91
f 103/774/549 102/773/548 453/96/91
f 103/774/549 454/89/84 455/85/80
f 104/775/550 455/85/80 456/81/76
f 106/777/552 105/776/551 456/81/76
f 106/777/552 457/82/77 458/76/71
f 107/778/553 458/76/71 108/254/230
f 460/780/555 459/779/554 108/254/230
f 460/780/555 109/258/233 110/262/236
f 461/781/556 110/262/236 111/266/239
f 463/783/558 462/782/557 111/266/239
f 464/784/559 463/783/558 112/270/242
f 464/784/559 113/274/245 114/277/247
f 466/786/561 465/785/560 114/277/247
f 466/786/561 115/280/249 116/284/252
f 468/788/563 467/787/562 116/284/252
f 468/788/563 117/287/254 118/290/256
f 469/789/564 118/290/256 119/293/258
f 470/790/565 119/293/258 120/296/260
f 471/791/566 120/296/260 472/298/261
f 121/792/567 472/298/261 473/129/124
f 123/794/569 122/793/568 473/129/124
f 123/794/569 474/125/120 475/121/116
f 124/795/570 475/121/116 476/116/111
f 126/797/572 125/796/571 476/116/111
f 126/797/572 477/110/105 478/104/99
f 127/798/573 478/104/99 479/98/93
f 128/799/574 479/98/93 480/91/86
f 129/800/575 480/91/86 450/93/88
f 107/778/553 459/779/554 491/802/577
f 489/804/579 106/777/552 107/778/553
f 489/804/579 488/806/581 105/776/551
f 487/805/580 104/775/550 105/776/551
f 486/807/582 103/774/549 104/775/550
f 512/808/583 129/800/575 98/801/576
f 485/810/585 102/773/548 103/774/549
f 512/808/583 511/813/588 128/799/574
f 484/811/586 101/772/547 102/773/548
f 510/812/587 127/798/573 128/799/574
f 483/814/589 100/771/546 101/772/547
f 509/815/590 126/797/572 127/798/573
f 481/816/591 99/770/545 100/771/546
f 508/817/592 125/796/571 126/797/572
f 507/818/593 124/795/570 125/796/571
f 506/819/594 123/794/569 124/795/570
f 505/820/595 122/793/568 123/794/569
f 505/820/595 504/833/608 121/792/567
f 459/779/554 460/780/555 492/821/596
f 460/780/555 461/781/556 493/822/597
f 461/781/556 462/782/557 494/823/598
f 463/783/558 495/824/599 494/823/598
f 464/784/559 496/825/600 495/824/599
f 465/785/560 497/827/602 496/825/600
f 465/785/560 466/786/561 498/826/601
f 467/787/562 499/828/603 498/826/601
f 468/788/563 500/829/604 499/828/603
f 469/789/564 501/831/606 500/829/604
f 469/789/564 470/790/565 502/830/605
f 470/790/565 471/791/566 503/832/607
f 504/833/608 503/832/607 471/791/566
f 296/369/13 204/138/133 193/61/57
f 293/379/311 294/312/275 205/309/272
f 292/57/53 207/56/52 199/303/266
f 289/387/43 290/320/281 197/31/29
f 288/394/282 209/189/184 202/307/270
f 285/391/318 286/373/285 203/24/22
f 284/326/287 211/157/152 196/28/26
f 281/352/3 282/368/60 200/17/17
f 634/867/610 636/869/612 516/868/611
f 636/869/612 635/144/139 514/665/483
f 515/739/524 516/868/611 522/870/613
f 516/868/611 514/665/483 520/667/484
f 521/729/517 522/870/613 528/871/614
f 522/870/613 520/667/484 526/669/486
f 533/732/519 527/730/518 528/871/614
f 534/872/615 528/871/614 526/669/486
f 539/737/522 533/732/519 534/872/615
f 540/873/616 534/872/615 532/668/485
f 638/743/527 539/737/522 540/873/616
f 639/874/617 540/873/616 538/671/487
f 640/875/618 642/877/620 546/876/619
f 642/877/620 641/675/489 544/678/490
f 545/764/542 546/876/619 552/878/621
f 546/876/619 544/678/490 550/680/491
f 551/747/530 552/878/621 558/879/622
f 552/878/621 550/680/491 556/682/493
f 563/200/195 557/756/536 558/879/622
f 564/880/623 558/879/622 556/682/493
f 569/195/190 563/200/195 564/880/623
f 570/881/624 564/880/623 562/681/492
f 643/196/191 569/195/190 570/881/624
f 645/882/625 570/881/624 568/762/540
f 646/883/626 648/885/628 576/884/627
f 648/885/628 647/727/515 574/690/497
f 575/184/179 576/884/627 582/886/629
f 576/884/627 574/690/497 580/197/192
f 581/179/174 582/886/629 588/887/630
f 582/886/629 580/197/192 586/193/188
f 593/170/165 587/176/171 588/887/630
f 594/888/631 588/887/630 586/193/188
f 599/165/160 593/170/165 594/888/631
f 600/889/632 594/888/631 592/187/182
f 649/166/161 599/165/160 600/889/632
f 651/890/633 600/889/632 598/182/177
f 652/891/634 654/893/636 606/892/635
f 654/893/636 653/701/502 604/704/503
f 605/152/147 606/892/635 612/894/637
f 606/892/635 604/704/503 610/706/504
f 611/177/172 612/894/637 618/895/638
f 612/894/637 610/706/504 616/708/506
f 623/155/150 617/163/158 618/895/638
f 624/896/639 618/895/638 616/708/506
f 629/149/144 623/155/150 624/896/639
f 630/897/640 624/896/639 622/707/505
f 656/150/145 629/149/144 630/897/640
f 657/898/641 630/897/640 628/710/507
f 518/724/513 658/145/140 660/899/642
f 519/900/643 660/899/642 659/738/523
f 524/725/514 518/724/513 519/900/643
f 525/901/644 519/900/643 517/740/525
f 530/745/528 524/725/514 525/901/644
f 531/903/646 525/901/644 523/902/645
f 530/745/528 531/903/646 537/904/647
f 531/903/646 529/728/516 535/733/520
f 536/749/532 537/904/647 543/905/648
f 537/904/647 535/733/520 541/736/521
f 542/754/535 543/905/648 663/906/649
f 543/905/648 541/736/521 661/742/526
f 548/752/533 664/718/510 666/907/650
f 549/908/651 666/907/650 665/763/541
f 554/753/534 548/752/533 549/908/651
f 555/909/652 549/908/651 547/746/529
f 560/767/543 554/753/534 555/909/652
f 561/910/653 555/909/652 553/748/531
f 560/767/543 561/910/653 567/911/654
f 561/910/653 559/757/537 565/759/539
f 566/769/544 567/911/654 573/912/655
f 567/911/654 565/759/539 571/199/194
f 572/684/494 573/912/655 669/913/656
f 573/912/655 571/199/194 667/194/189
f 578/202/197 671/689/496 672/914/657
f 579/915/658 672/914/657 670/183/178
f 584/203/198 578/202/197 579/915/658
f 585/916/659 579/915/658 577/185/180
f 590/693/498 584/203/198 585/916/659
f 591/917/660 585/916/659 583/191/186
f 590/693/498 591/917/660 597/918/661
f 591/917/660 589/178/173 595/175/170
f 596/694/499 597/918/661 603/919/662
f 597/918/661 595/175/170 601/169/164
f 602/696/500 603/919/662 675/920/663
f 603/919/662 601/169/164 673/164/159
f 608/161/156 677/160/155 678/921/664
f 609/922/665 678/921/664 676/151/146
f 614/146/141 608/161/156 609/922/665
f 615/923/666 609/922/665 607/153/148
f 620/147/142 614/146/141 615/923/666
f 621/924/667 615/923/666 613/167/162
f 620/147/142 621/924/667 627/925/668
f 621/924/667 619/168/163 625/162/157
f 626/141/136 627/925/668 633/926/669
f 627/925/668 625/162/157 631/154/149
f 632/715/509 633/926/669 681/927/670
f 633/926/669 631/154/149 679/148/143
f 634/867/610 659/738/523 660/899/642
f 636/869/612 660/899/642 658/145/140
f 662/758/538 663/906/649 639/874/617
f 663/906/649 661/742/526 638/743/527
f 640/875/618 665/763/541 666/907/650
f 642/877/620 666/907/650 664/718/510
f 668/686/495 669/913/656 645/882/625
f 669/913/656 667/194/189 643/196/191
f 646/883/626 670/183/178 672/914/657
f 648/885/628 672/914/657 671/689/496
f 674/698/501 675/920/663 651/890/633
f 675/920/663 673/164/159 649/166/161
f 652/891/634 676/151/146 678/921/664
f 654/893/636 678/921/664 677/160/155
f 680/719/511 681/927/670 657/898/641
f 681/927/670 679/148/143 656/150/145
f 517/740/525 515/739/524 521/729/517
f 482/809/584 98/801/576 99/770/545
f 1000/928/671 796/1560/1761 1031/1558/1900
f 796/1560/1761 795/1482/1107 1032/1559/1899
f 1031/1558/1900 796/1560/1761 1032/1559/1899
f 1031/1558/1900 1434/929/672 1000/928/671
f 1434/929/672 1437/1157/873 1001/930/673
f 708/931/674 1132/1820/1968 1131/1561/1966
f 1131/1561/1966 776/932/675 708/931/674
f 776/932/675 775/1806/1745 693/933/676
f 838/934/677 745/1564/1719 1219/1562/2023
f 745/1564/1719 744/1471/1096 1220/1563/2024
f 1219/1562/2023 745/1564/1719 1220/1563/2024
f 1219/1562/2023 1077/935/678 838/934/677
f 1077/935/678 1076/1726/1927 839/936/679
f 1137/937/680 1171/1824/1990 829/938/681
f 1171/1824/1990 1170/1567/1988 829/938/681
f 1170/1567/1988 737/1566/1712 736/1565/1714
f 736/1565/1714 829/938/681 1170/1567/1988
f 829/938/681 832/1733/1785 1134/939/682
f 683/1025/768 723/942/685 734/941/684
f 723/942/685 1124/943/686 735/940/683
f 1124/943/686 1123/1568/1960 735/940/683
f 684/944/687 739/1463/1088 1125/1569/1959
f 739/1463/1088 738/1574/1715 1125/1569/1959
f 1125/1569/1959 1124/943/686 684/944/687
f 686/947/690 746/949/692 1221/945/688
f 746/949/692 749/1571/1720 1221/945/688
f 749/1571/1720 1218/1570/2022 1221/945/688
f 686/947/690 715/1531/1156 746/949/692
f 715/1531/1156 1288/950/693 746/949/692
f 1288/950/693 1287/1572/2071 747/948/691
f 1189/953/696 1122/1798/1958 834/1537/1162
f 1122/1798/1958 1125/1569/1959 741/1573/1716
f 1125/1569/1959 738/1574/1715 741/1573/1716
f 741/1573/1716 834/1537/1162 1122/1798/1958
f 834/1537/1162 833/951/694 1189/953/696
f 697/956/699 790/996/739 1373/954/697
f 790/996/739 793/1788/1756 1370/1575/2132
f 1373/954/697 790/996/739 1370/1575/2132
f 849/1578/1797 757/1805/1728 756/1577/1730
f 756/1577/1730 1367/1576/2129 849/1578/1797
f 1367/1576/2129 1366/1838/2127 850/959/702
f 849/1578/1797 1367/1576/2129 850/959/702
f 1366/1838/2127 1101/957/700 850/959/702
f 716/960/703 1044/1815/1909 1043/1579/1907
f 1043/1579/1907 752/961/704 716/960/703
f 752/961/704 751/1804/1725 687/962/705
f 707/965/708 1368/1466/1091 1367/1576/2129
f 1367/1576/2129 756/1577/1730 707/965/708
f 756/1577/1730 755/963/706 707/965/708
f 710/968/711 1084/1467/1092 759/1580/1732
f 1084/1467/1092 1083/1787/1931 759/1580/1732
f 759/1580/1732 758/966/709 710/968/711
f 1037/971/714 1018/1749/1891 932/1469/1094
f 1018/1749/1891 1021/1583/1892 768/1581/1739
f 1021/1583/1892 769/1582/1737 768/1581/1739
f 768/1581/1739 932/1469/1094 1018/1749/1891
f 932/1469/1094 935/969/712 1037/971/714
f 691/974/717 766/1515/1140 1020/972/715
f 766/1515/1140 769/1582/1737 1021/1583/1892
f 1020/972/715 766/1515/1140 1021/1583/1892
f 1349/977/720 1143/1585/1973 990/1446/1072
f 1143/1585/1973 1142/1782/1972 774/1512/1137
f 777/1584/1743 1143/1585/1973 774/1512/1137
f 777/1584/1743 990/1446/1072 1143/1585/1973
f 990/1446/1072 989/975/718 1349/977/720
f 702/980/723 810/1017/760 1270/1586/2056
f 810/1017/760 813/1777/1773 1270/1586/2056
f 1270/1586/2056 1273/978/721 702/980/723
f 704/983/726 819/1021/764 1381/981/724
f 819/1021/764 818/1588/1778 1381/981/724
f 818/1588/1778 1378/1587/2137 1381/981/724
f 703/1020/763 714/982/725 815/985/728
f 714/982/725 1381/981/724 815/985/728
f 1381/981/724 1380/1589/2139 816/984/727
f 694/986/729 779/1553/1178 778/1590/1746
f 778/1590/1746 1133/987/730 694/986/729
f 1133/987/730 1132/1820/1968 708/931/674
f 1421/990/733 1130/1736/1965 1016/988/731
f 1130/1736/1965 1133/987/730 1016/988/731
f 1133/987/730 778/1590/1746 1017/1591/1889
f 778/1590/1746 781/1807/1748 1017/1591/1889
f 1017/1591/1889 1016/988/731 1133/987/730
f 709/993/736 1313/994/737 783/1592/1751
f 1313/994/737 1312/1769/2088 783/1592/1751
f 783/1592/1751 782/991/734 709/993/736
f 696/995/738 786/1488/1113 1310/1593/2086
f 786/1488/1113 789/1794/1753 1310/1593/2086
f 1310/1593/2086 1313/994/737 696/995/738
f 727/997/740 1201/1477/1102 790/996/739
f 1201/1477/1102 1200/1765/2011 791/1594/1757
f 790/996/739 1201/1477/1102 791/1594/1757
f 699/1492/1117 799/1808/1764 711/999/742
f 799/1808/1764 798/1000/743 711/999/742
f 798/1000/743 1030/1595/1898 1033/998/741
f 1249/1003/746 1394/1797/2149 838/934/677
f 1394/1797/2149 1397/1597/2150 745/1564/1719
f 1397/1597/2150 742/1596/1718 745/1564/1719
f 745/1564/1719 838/934/677 1394/1797/2149
f 838/934/677 837/1001/744 1249/1003/746
f 960/1004/747 772/1599/1742 1143/1585/1973
f 772/1599/1742 771/1783/1741 1144/1598/1974
f 1143/1585/1973 772/1599/1742 1144/1598/1974
f 1143/1585/1973 1349/977/720 960/1004/747
f 1349/977/720 1348/1628/2112 961/1005/748
f 1093/1008/751 1414/1755/2160 960/1004/747
f 1414/1755/2160 1417/1601/2161 772/1599/1742
f 1417/1601/2161 773/1600/1740 772/1599/1742
f 772/1599/1742 960/1004/747 1414/1755/2160
f 960/1004/747 963/1006/749 1093/1008/751
f 700/1009/752 802/1012/755 805/1602/1765
f 805/1602/1765 1278/1010/753 700/1009/752
f 1278/1010/753 1281/1831/2062 713/1011/754
f 718/1013/756 1321/1502/1127 1320/1604/2094
f 1320/1604/2094 803/1603/1767 718/1013/756
f 803/1603/1767 802/1012/755 718/1013/756
f 1058/1014/757 1319/1835/2093 966/1015/758
f 1319/1835/2093 1318/1607/2091 966/1015/758
f 1318/1607/2091 809/1606/1770 808/1605/1772
f 808/1605/1772 966/1015/758 1318/1607/2091
f 966/1015/758 965/1813/1856 1059/1016/759
f 728/1018/761 1209/1019/762 811/1608/1774
f 1209/1019/762 1208/1745/2016 811/1608/1774
f 811/1608/1774 810/1017/760 728/1018/761
f 703/1020/763 815/985/728 1209/1019/762
f 815/985/728 814/1773/1776 1206/1609/2014
f 1209/1019/762 815/985/728 1206/1609/2014
f 722/1022/765 1097/1452/1077 819/1021/764
f 1097/1452/1077 1096/1774/1941 820/1610/1780
f 819/1021/764 1097/1452/1077 820/1610/1780
f 683/1025/768 734/941/684 737/1566/1712
f 737/1566/1712 1170/1567/1988 683/1025/768
f 1170/1567/1988 1173/1023/766 683/1025/768
f 1239/1715/2034 857/1028/771 1240/1027/770
f 857/1028/771 856/1387/1035 1563/1026/769
f 856/1387/1035 1140/1386/1034 1139/1611/1971
f 1139/1611/1971 1564/1391/804 856/1387/1035
f 1564/1391/804 1563/1026/769 856/1387/1035
f 861/1031/774 1309/1713/2084 1196/1029/772
f 1309/1713/2084 1308/1433/1063 1197/1374/1027
f 1196/1029/772 1309/1713/2084 1197/1374/1027
f 1308/1433/1063 1583/1432/769 1582/1612/777
f 1582/1612/777 1197/1374/1027 1308/1433/1063
f 865/1033/776 1365/1614/2124 1578/1034/777
f 1365/1614/2124 1364/1425/1059 1579/1613/769
f 1578/1034/777 1365/1614/2124 1579/1613/769
f 1578/1034/777 1257/1364/1018 866/1032/775
f 1257/1364/1018 1256/1828/2044 866/1032/775
f 869/1036/779 1413/1365/1019 1575/1615/769
f 1413/1365/1019 1412/1415/1053 1575/1615/769
f 1575/1615/769 1574/1037/777 869/1036/779
f 1574/1037/777 1089/1355/1013 870/1035/778
f 1089/1355/1013 1088/1721/1934 870/1035/778
f 873/1039/781 1269/1356/1014 1571/1616/769
f 1269/1356/1014 1268/1406/1046 1571/1616/769
f 1571/1616/769 1570/1040/777 873/1039/781
f 1570/1040/777 1361/1701/2121 1360/1719/2122
f 1360/1719/2122 874/1038/780 1570/1040/777
f 1548/1617/804 1359/1394/1038 1358/1343/1004
f 1358/1343/1004 878/1342/1003 1548/1617/804
f 878/1342/1003 877/1043/784 1549/1042/783
f 1548/1617/804 878/1342/1003 1549/1042/783
f 877/1043/784 1296/1832/2076 1295/1041/782
f 885/1694/1817 1241/1046/787 886/1045/786
f 1241/1046/787 1240/1027/770 1304/1044/785
f 1240/1027/770 1563/1026/769 1562/1368/777
f 1562/1368/777 1305/1834/2082 1240/1027/770
f 1305/1834/2082 1304/1044/785 1240/1027/770
f 1243/1691/2036 889/1049/789 1244/1048/788
f 889/1049/789 888/1376/1029 1535/1047/769
f 888/1376/1029 1148/1375/1028 1147/1618/987
f 1147/1618/987 1536/1333/804 888/1376/1029
f 1536/1333/804 1535/1047/769 888/1376/1029
f 893/1051/791 1345/1688/2108 1555/1619/769
f 1345/1688/2108 1344/1409/1049 1555/1619/769
f 1555/1619/769 1554/1052/777 893/1051/791
f 1554/1052/777 1193/1314/984 894/1050/790
f 1193/1314/984 1192/1692/2006 894/1050/790
f 897/1054/793 1401/1315/985 1551/1620/769
f 1401/1315/985 1400/1400/1042 1551/1620/769
f 1551/1620/769 1550/1055/777 897/1054/793
f 1550/1055/777 1253/1686/2040 1252/1703/2041
f 1252/1703/2041 898/1053/792 1550/1055/777
f 901/1621/1824 1445/1306/978 1444/1393/775
f 1444/1393/775 1547/1392/769 901/1621/1824
f 1547/1392/769 1546/1058/777 902/1057/795
f 901/1621/1824 1547/1392/769 902/1057/795
f 1546/1058/777 1081/1682/1928 1080/1056/794
f 911/1456/1081 1129/1819/1962 908/1060/797
f 1129/1819/1962 1128/1061/798 908/1060/797
f 1128/1061/798 1543/1385/769 1448/1059/796
f 1543/1385/769 1542/1843/777 1449/1839/2178
f 1448/1059/796 1543/1385/769 1449/1839/2178
f 1175/1825/1994 913/1277/890 912/1812/1832
f 912/1812/1832 1064/1285/962 1175/1825/1994
f 1064/1285/962 1063/1064/800 1176/1063/799
f 1175/1825/1994 1064/1285/962 1176/1063/799
f 1063/1064/800 1516/1680/804 1515/1062/769
f 917/1679/1835 1245/1067/803 918/1066/802
f 1245/1067/803 1244/1048/788 1232/1065/801
f 1244/1048/788 1535/1047/769 1534/1309/777
f 1534/1309/777 1233/1827/2030 1244/1048/788
f 1233/1827/2030 1232/1065/801 1244/1048/788
f 1512/1069/804 1231/1318/987 1230/1308/979
f 1230/1308/979 922/1307/769 1512/1069/804
f 922/1307/769 921/1070/777 1512/1069/804
f 921/1070/777 1051/1271/952 1513/1068/783
f 1051/1271/952 1050/1671/944 1513/1068/783
f 925/1622/1837 1385/1262/947 1384/1349/1009
f 1384/1349/1009 1527/1348/769 925/1622/1837
f 1527/1348/769 1526/1073/777 926/1072/806
f 925/1622/1837 1527/1348/769 926/1072/806
f 1526/1073/777 1337/1670/2102 1336/1071/805
f 929/1623/1013 1429/1253/940 1428/1340/1001
f 1428/1340/1001 1523/1076/769 929/1623/1013
f 1523/1076/769 1522/1842/777 1068/1074/807
f 929/1623/1013 1523/1076/769 930/1075/808
f 1522/1842/777 1069/1816/1919 1068/1074/807
f 1500/1840/804 1067/1817/1920 1501/1078/783
f 1067/1817/1920 1066/1079/810 1501/1078/783
f 1066/1079/810 934/1240/931 1091/1077/809
f 934/1240/931 933/1470/1095 1092/1818/1937
f 1091/1077/809 934/1240/931 1092/1818/1937
f 1203/1624/2013 941/1224/921 940/1232/928
f 940/1232/928 1116/1231/927 1203/1624/2013
f 1116/1231/927 1115/1082/812 1204/1081/811
f 1203/1624/2013 1116/1231/927 1204/1081/811
f 1115/1082/812 1492/1235/804 1491/1080/769
f 945/1084/814 1329/1215/915 1328/1317/986
f 1328/1317/986 1511/1316/769 945/1084/814
f 1511/1316/769 1510/1085/777 945/1084/814
f 1510/1085/777 1293/1255/942 946/1083/813
f 1293/1255/942 1292/1665/2073 946/1083/813
f 1323/1088/816 949/1206/907 1483/1086/769
f 949/1206/907 948/1264/949 1484/1218/804
f 1483/1086/769 949/1206/907 1484/1218/804
f 948/1264/949 1228/1263/948 1227/1625/2028
f 1227/1625/2028 1484/1218/804 948/1264/949
f 953/1655/1851 1433/1091/819 954/1090/818
f 1433/1091/819 1432/1299/972 1160/1089/817
f 1432/1299/972 1503/1298/769 1161/1626/1982
f 1503/1298/769 1502/1200/777 1161/1626/1982
f 1161/1626/1982 1160/1089/817 1432/1299/972
f 957/1656/1853 1377/1094/822 958/1093/821
f 1377/1094/822 1376/1291/966 1332/1092/820
f 1376/1291/966 1499/1290/769 1333/1627/2100
f 1499/1290/769 1498/1188/777 1333/1627/2100
f 1333/1627/2100 1332/1092/820 1376/1291/966
f 1476/1667/804 1331/1097/824 1477/1096/783
f 1331/1097/824 1330/1187/893 1347/1095/823
f 1330/1187/893 962/1186/892 1348/1628/2112
f 962/1186/892 961/1005/748 1348/1628/2112
f 1348/1628/2112 1347/1095/823 1330/1187/893
f 1472/1099/804 1439/1230/926 1438/1220/918
f 1438/1220/918 970/1219/917 1472/1099/804
f 970/1219/917 969/1100/825 1472/1099/804
f 969/1100/825 1223/1181/889 1473/1098/783
f 1223/1181/889 1222/1652/2025 1473/1098/783
f 1163/1102/827 973/1162/876 1108/1629/1948
f 973/1162/876 972/1169/881 1108/1629/1948
f 1108/1629/1948 1107/1103/828 1163/1102/827
f 1107/1103/828 1464/1172/804 1164/1101/826
f 1464/1172/804 1463/1648/769 1164/1101/826
f 977/1106/831 1325/1151/869 1276/1104/829
f 1325/1151/869 1324/1087/815 1277/1194/898
f 1324/1087/815 1483/1086/769 1482/1630/777
f 1482/1630/777 1277/1194/898 1324/1087/815
f 1277/1194/898 1276/1104/829 1325/1151/869
f 1315/1109/833 981/1640/1866 1455/1107/769
f 981/1640/1866 980/1202/905 1456/1156/804
f 1455/1107/769 981/1640/1866 1456/1156/804
f 980/1202/905 1212/1201/904 1211/1631/967
f 1211/1631/967 1456/1156/804 980/1202/905
f 985/1638/1868 1409/1112/836 986/1111/835
f 1409/1112/836 1408/1238/830 1156/1110/834
f 1408/1238/830 1475/1237/769 1157/1632/1979
f 1475/1237/769 1474/1139/777 1157/1632/1979
f 1157/1632/1979 1156/1110/834 1408/1238/830
f 992/1114/838 1061/1479/1104 1060/1229/925
f 1060/1229/925 1471/1228/769 992/1114/838
f 1471/1228/769 1470/1115/777 992/1114/838
f 1470/1115/777 1056/1175/884 993/1113/837
f 1056/1175/884 1055/1524/1149 993/1113/837
f 996/1117/840 1225/1176/885 1467/1633/769
f 1225/1176/885 1224/1180/888 1467/1633/769
f 1467/1633/769 1466/1118/777 996/1117/840
f 1466/1118/777 1436/1158/874 997/1116/839
f 1436/1158/874 1435/1526/1151 997/1116/839
f 1006/1121/843 1121/1641/1956 1112/1124/846
f 1121/1641/1956 1120/1164/877 1458/1634/777
f 1120/1164/877 1459/1163/769 1458/1634/777
f 1458/1634/777 1112/1124/846 1121/1641/1956
f 1112/1124/846 1111/1119/841 1006/1121/843
f 1112/1124/846 1458/1634/777 1007/1122/844
f 1458/1634/777 1461/1144/783 1008/1127/849
f 1461/1144/783 1314/1143/864 1317/1635/2089
f 1317/1635/2089 1008/1127/849 1461/1144/783
f 1008/1127/849 1007/1122/844 1458/1634/777
f 1008/1127/849 1317/1635/2089 1283/1125/847
f 1317/1635/2089 1316/1108/832 1284/1133/855
f 1283/1125/847 1317/1635/2089 1284/1133/855
f 1316/1108/832 1455/1107/769 1454/1636/777
f 1454/1636/777 1284/1133/855 1316/1108/832
f 1216/1130/852 1450/1639/777 1015/1128/850
f 1450/1639/777 1453/1184/783 1015/1128/850
f 1453/1184/783 1419/1183/891 1016/988/731
f 1419/1183/891 1418/989/732 1016/988/731
f 1016/988/731 1015/1128/850 1453/1184/783
f 1284/1133/855 1454/1636/777 1013/1131/853
f 1454/1636/777 1457/1155/783 1014/1142/863
f 1013/1131/853 1454/1636/777 1014/1142/863
f 1457/1155/783 1038/1154/872 1041/1637/1904
f 1041/1637/1904 1014/1142/863 1457/1155/783
f 1213/1136/858 1478/1657/777 984/1134/856
f 1478/1657/777 1481/1246/783 984/1134/856
f 1481/1246/783 1406/1245/935 985/1638/1868
f 1406/1245/935 1409/1112/836 985/1638/1868
f 985/1638/1868 984/1134/856 1481/1246/783
f 1157/1632/1979 1474/1139/777 1154/1138/860
f 1474/1139/777 1477/1096/783 988/1137/859
f 1477/1096/783 1347/1095/823 989/975/718
f 1347/1095/823 1346/976/719 989/975/718
f 989/975/718 988/1137/859 1477/1096/783
f 1014/1142/863 1041/1637/1904 1215/1140/861
f 1041/1637/1904 1040/1147/865 1216/1130/852
f 1215/1140/861 1041/1637/1904 1216/1130/852
f 1040/1147/865 1451/1146/769 1450/1639/777
f 1450/1639/777 1216/1130/852 1040/1147/865
f 1460/1145/804 1275/1647/2060 1314/1143/864
f 1275/1647/2060 1274/1193/897 1315/1109/833
f 1314/1143/864 1275/1647/2060 1315/1109/833
f 1274/1193/897 982/1192/896 981/1640/1866
f 981/1640/1866 1315/1109/833 1274/1193/897
f 1039/1148/866 987/1644/1867 1451/1146/769
f 987/1644/1867 986/1111/835 1451/1146/769
f 986/1111/835 1156/1110/834 1452/1185/804
f 1156/1110/834 1155/1821/1980 1452/1185/804
f 1452/1185/804 1451/1146/769 986/1111/835
f 1388/1149/867 1462/1166/777 1121/1641/1956
f 1462/1166/777 1465/1173/783 1118/1642/1955
f 1121/1641/1956 1462/1166/777 1118/1642/1955
f 1121/1641/1956 1006/1121/843 1388/1149/867
f 1006/1121/843 1005/1486/1111 1389/1150/868
f 1109/1153/871 1486/1171/777 1322/1643/2096
f 1486/1171/777 1489/1204/783 1322/1643/2096
f 1322/1643/2096 1325/1151/869 1109/1153/871
f 1325/1151/869 977/1106/831 1106/1152/870
f 977/1106/831 976/1651/920 1106/1152/870
f 1456/1156/804 1211/1631/967 1038/1154/872
f 1211/1631/967 1210/1135/857 1039/1148/866
f 1038/1154/872 1211/1631/967 1039/1148/866
f 1210/1135/857 984/1134/856 987/1644/1867
f 987/1644/1867 1039/1148/866 1210/1135/857
f 1436/1158/874 1466/1118/777 1162/1645/1985
f 1466/1118/777 1469/1160/783 1162/1645/1985
f 1162/1645/1985 1165/1159/875 1436/1158/874
f 1165/1159/875 1002/1168/880 1437/1157/873
f 1002/1168/880 1001/930/673 1437/1157/873
f 1468/1161/804 1391/1182/890 974/1646/1862
f 1391/1182/890 1390/1210/910 974/1646/1862
f 974/1646/1862 973/1162/876 1468/1161/804
f 973/1162/876 1163/1102/827 1469/1160/783
f 1163/1102/827 1162/1645/1985 1469/1160/783
f 1119/1165/878 979/1650/1863 1460/1145/804
f 979/1650/1863 978/1105/830 1460/1145/804
f 978/1105/830 1276/1104/829 1275/1647/2060
f 1275/1647/2060 1460/1145/804 978/1105/830
f 1460/1145/804 1459/1163/769 1119/1165/878
f 1002/1168/880 1165/1159/875 1463/1648/769
f 1165/1159/875 1164/1101/826 1463/1648/769
f 1463/1648/769 1462/1166/777 1002/1168/880
f 1462/1166/777 1388/1149/867 999/1167/879
f 1388/1149/867 1387/1551/1176 999/1167/879
f 975/1170/882 1153/1212/912 1487/1649/769
f 1153/1212/912 1152/1225/922 1487/1649/769
f 1487/1649/769 1486/1171/777 975/1170/882
f 1486/1171/777 1109/1153/871 972/1169/881
f 1109/1153/871 1108/1629/1948 972/1169/881
f 1464/1172/804 1107/1103/828 976/1651/920
f 1107/1103/828 1106/1152/870 976/1651/920
f 976/1651/920 979/1650/1863 1464/1172/804
f 979/1650/1863 1119/1165/878 1464/1172/804
f 1119/1165/878 1118/1642/1955 1465/1173/783
f 1056/1175/884 1470/1115/777 1473/1098/783
f 1473/1098/783 1222/1652/2025 1056/1175/884
f 1222/1652/2025 1225/1176/885 1056/1175/884
f 1225/1176/885 996/1117/840 1057/1174/883
f 996/1117/840 995/1480/1105 1057/1174/883
f 971/1178/887 1205/1221/919 1204/1081/811
f 1204/1081/811 1491/1080/769 971/1178/887
f 1491/1080/769 1490/1179/777 971/1178/887
f 1490/1179/777 1393/1211/911 968/1177/886
f 1393/1211/911 1392/1653/2148 968/1177/886
f 1223/1181/889 969/1100/825 1392/1653/2148
f 969/1100/825 968/1177/886 1392/1653/2148
f 1392/1653/2148 1391/1182/890 1223/1181/889
f 1391/1182/890 1468/1161/804 1224/1180/888
f 1468/1161/804 1467/1633/769 1224/1180/888
f 1452/1185/804 1155/1821/1980 1419/1183/891
f 1155/1821/1980 1154/1138/860 1419/1183/891
f 1154/1138/860 988/1137/859 1420/1444/1070
f 988/1137/859 991/1445/1071 1420/1444/1070
f 1420/1444/1070 1419/1183/891 1154/1138/860
f 1333/1627/2100 1498/1188/777 1330/1187/893
f 1498/1188/777 1501/1078/783 962/1186/892
f 1501/1078/783 1091/1077/809 963/1006/749
f 1091/1077/809 1090/1007/750 963/1006/749
f 1501/1078/783 963/1006/749 962/1186/892
f 967/1501/1126 1261/1829/2047 1260/1282/959
f 1260/1282/959 1495/1281/769 967/1501/1126
f 1495/1281/769 1494/1191/777 964/1190/895
f 967/1501/1126 1495/1281/769 964/1190/895
f 1494/1191/777 1441/1663/2172 1440/1189/894
f 1277/1194/898 1482/1630/777 982/1192/896
f 1482/1630/777 1485/1217/783 983/1203/906
f 982/1192/896 1482/1630/777 983/1203/906
f 1485/1217/783 1046/1216/916 1049/1654/1910
f 1049/1654/1910 983/1203/906 1485/1217/783
f 1229/1197/901 1506/1675/777 952/1195/899
f 1506/1675/777 1509/1258/783 952/1195/899
f 1509/1258/783 1430/1257/944 953/1655/1851
f 1430/1257/944 1433/1091/819 953/1655/1851
f 953/1655/1851 952/1195/899 1509/1258/783
f 1161/1626/1982 1502/1200/777 1158/1199/903
f 1502/1200/777 1505/1249/783 956/1198/902
f 1505/1249/783 1374/1248/936 957/1656/1853
f 1374/1248/936 1377/1094/822 957/1656/1853
f 957/1656/1853 956/1198/902 1505/1249/783
f 983/1203/906 1049/1654/1910 1212/1201/904
f 1049/1654/1910 1048/1208/908 1213/1136/858
f 1212/1201/904 1049/1654/1910 1213/1136/858
f 1048/1208/908 1479/1207/769 1478/1657/777
f 1478/1657/777 1213/1136/858 1048/1208/908
f 1488/1205/804 1291/1227/924 950/1658/1849
f 1291/1227/924 1290/1254/941 950/1658/1849
f 950/1658/1849 949/1206/907 1488/1205/804
f 949/1206/907 1323/1088/816 1489/1204/783
f 1323/1088/816 1322/1643/2096 1489/1204/783
f 1047/1209/909 955/1662/1850 1479/1207/769
f 955/1662/1850 954/1090/818 1479/1207/769
f 954/1090/818 1160/1089/817 1480/1247/804
f 1160/1089/817 1159/1822/1983 1480/1247/804
f 1480/1247/804 1479/1207/769 954/1090/818
f 1393/1211/911 1490/1179/777 1493/1234/783
f 1493/1234/783 1150/1660/1976 1393/1211/911
f 1150/1660/1976 1153/1212/912 1393/1211/911
f 1153/1212/912 975/1170/882 1390/1210/910
f 975/1170/882 974/1646/1862 1390/1210/910
f 1117/1661/1953 1514/1233/777 1517/1288/783
f 1517/1288/783 1326/1287/964 1117/1661/1953
f 1326/1287/964 1329/1215/915 1114/1214/914
f 1117/1661/1953 1326/1287/964 1114/1214/914
f 1329/1215/915 945/1084/814 944/1213/913
f 1484/1218/804 1227/1625/2028 1046/1216/916
f 1227/1625/2028 1226/1196/900 1047/1209/909
f 1046/1216/916 1227/1625/2028 1047/1209/909
f 1226/1196/900 952/1195/899 955/1662/1850
f 955/1662/1850 1047/1209/909 1226/1196/900
f 1441/1663/2172 1494/1191/777 1497/1223/783
f 1497/1223/783 1202/1222/920 1441/1663/2172
f 1202/1222/920 1205/1221/919 1438/1220/918
f 1441/1663/2172 1202/1222/920 1438/1220/918
f 1205/1221/919 971/1178/887 970/1219/917
f 1496/1664/804 1403/1283/960 1402/1273/954
f 1402/1273/954 942/1272/953 1496/1664/804
f 942/1272/953 941/1224/921 1497/1223/783
f 1496/1664/804 942/1272/953 1497/1223/783
f 941/1224/921 1203/1624/2013 1202/1222/920
f 1151/1226/923 947/1236/929 1292/1665/2073
f 947/1236/929 946/1083/813 1292/1665/2073
f 1292/1665/2073 1291/1227/924 1151/1226/923
f 1291/1227/924 1488/1205/804 1152/1225/922
f 1488/1205/804 1487/1649/769 1152/1225/922
f 1059/1016/759 965/1813/1856 964/1190/895
f 964/1190/895 1440/1189/894 1059/1016/759
f 1440/1189/894 1439/1230/926 1060/1229/925
f 1059/1016/759 1440/1189/894 1060/1229/925
f 1439/1230/926 1472/1099/804 1471/1228/769
f 943/1666/1844 1177/1274/955 1176/1063/799
f 1176/1063/799 1515/1062/769 943/1666/1844
f 1515/1062/769 1514/1233/777 940/1232/928
f 943/1666/1844 1515/1062/769 940/1232/928
f 1514/1233/777 1117/1661/1953 1116/1231/927
f 1492/1235/804 1115/1082/812 1114/1214/914
f 1114/1214/914 944/1213/913 1492/1235/804
f 944/1213/913 947/1236/929 1492/1235/804
f 947/1236/929 1151/1226/923 1493/1234/783
f 1151/1226/923 1150/1660/1976 1493/1234/783
f 1407/1668/2157 959/1239/930 1408/1238/830
f 959/1239/930 958/1093/821 1475/1237/769
f 958/1093/821 1332/1092/820 1476/1667/804
f 1332/1092/820 1331/1097/824 1476/1667/804
f 1476/1667/804 1475/1237/769 958/1093/821
f 1069/1816/1919 1522/1842/777 1525/1293/783
f 1525/1293/783 1035/1241/932 1066/1079/810
f 1035/1241/932 1034/970/713 934/1240/931
f 1525/1293/783 1066/1079/810 1069/1816/1919
f 1034/970/713 935/969/712 934/1240/931
f 939/1459/1084 1353/1837/2114 1352/1335/997
f 1352/1335/997 1519/1334/769 939/1459/1084
f 1519/1334/769 1518/1244/777 936/1243/934
f 939/1459/1084 1519/1334/769 936/1243/934
f 1518/1244/777 1405/1678/2154 1404/1242/933
f 1480/1247/804 1159/1822/1983 1406/1245/935
f 1159/1822/1983 1158/1199/903 1406/1245/935
f 1158/1199/903 956/1198/902 1407/1668/2157
f 956/1198/902 959/1239/930 1407/1668/2157
f 1407/1668/2157 1406/1245/935 1158/1199/903
f 1504/1683/804 1335/1250/937 1505/1249/783
f 1335/1250/937 1334/1252/939 1374/1248/936
f 1334/1252/939 928/1251/938 1375/1669/2136
f 928/1251/938 931/1292/967 1375/1669/2136
f 1334/1252/939 1375/1669/2136 1374/1248/936
f 1337/1670/2102 1526/1073/777 1529/1302/783
f 1529/1302/783 1426/1301/974 1337/1670/2102
f 1426/1301/974 1429/1253/940 1334/1252/939
f 1337/1670/2102 1426/1301/974 1334/1252/939
f 1429/1253/940 929/1623/1013 928/1251/938
f 1293/1255/942 1510/1085/777 1513/1068/783
f 1513/1068/783 1050/1671/944 1293/1255/942
f 1050/1671/944 1053/1256/943 1293/1255/942
f 1053/1256/943 951/1265/950 1290/1254/941
f 951/1265/950 950/1658/1849 1290/1254/941
f 1508/1259/804 1167/1823/991 1430/1257/944
f 1167/1823/991 1166/1261/946 1430/1257/944
f 1166/1261/946 924/1260/945 1431/1672/2168
f 924/1260/945 927/1300/973 1431/1672/2168
f 1431/1672/2168 1430/1257/944 1166/1261/946
f 1169/1674/901 1530/1268/777 1533/1357/783
f 1533/1357/783 1382/1673/2140 1169/1674/901
f 1382/1673/2140 1385/1262/947 1166/1261/946
f 1169/1674/901 1382/1673/2140 1166/1261/946
f 1385/1262/947 925/1622/1837 924/1260/945
f 951/1265/950 1053/1256/943 1228/1263/948
f 1053/1256/943 1052/1270/951 1229/1197/901
f 1228/1263/948 1053/1256/943 1229/1197/901
f 1052/1270/951 1507/1269/769 1506/1675/777
f 1506/1675/777 1229/1197/901 1052/1270/951
f 923/1267/804 1105/1687/1946 1531/1676/769
f 1105/1687/1946 1104/1322/788 1531/1676/769
f 1531/1676/769 1530/1268/777 923/1267/804
f 1530/1268/777 1169/1674/901 1168/1677/1987
f 1168/1677/1987 920/1266/783 1530/1268/777
f 1051/1271/952 921/1070/777 1507/1269/769
f 921/1070/777 920/1266/783 1507/1269/769
f 920/1266/783 1168/1677/1987 1508/1259/804
f 1168/1677/1987 1167/1823/991 1508/1259/804
f 1508/1259/804 1507/1269/769 920/1266/783
f 1405/1678/2154 1518/1244/777 1521/1276/783
f 1521/1276/783 1174/1275/956 1405/1678/2154
f 1174/1275/956 1177/1274/955 1402/1273/954
f 1405/1678/2154 1174/1275/956 1402/1273/954
f 1177/1274/955 943/1666/1844 942/1272/953
f 1520/1841/804 1447/1696/2179 1446/1326/993
f 1446/1326/993 914/1325/992 1521/1276/783
f 914/1325/992 913/1277/890 1521/1276/783
f 1446/1326/993 1521/1276/783 1520/1841/804
f 913/1277/890 1175/1825/1994 1174/1275/956
f 1065/1284/961 1538/1280/777 1062/1279/958
f 1538/1280/777 1541/1320/783 916/1278/957
f 1541/1320/783 1242/1319/988 917/1679/1835
f 1242/1319/988 1245/1067/803 917/1679/1835
f 917/1679/1835 916/1278/957 1541/1320/783
f 1259/1505/1130 937/1504/1129 936/1243/934
f 936/1243/934 1404/1242/933 1259/1505/1130
f 1404/1242/933 1403/1283/960 1260/1282/959
f 1259/1505/1130 1404/1242/933 1260/1282/959
f 1403/1283/960 1496/1664/804 1495/1281/769
f 915/1693/1024 1185/1826/2000 912/1812/1832
f 1185/1826/2000 1184/1286/963 1064/1285/962
f 912/1812/1832 1185/1826/2000 1064/1285/962
f 1184/1286/963 1539/1338/769 1065/1284/961
f 1539/1338/769 1538/1280/777 1065/1284/961
f 1516/1680/804 1063/1064/800 1062/1279/958
f 1062/1279/958 916/1278/957 1516/1680/804
f 916/1278/957 919/1289/965 1517/1288/783
f 1516/1680/804 916/1278/957 1517/1288/783
f 919/1289/965 1327/1690/2099 1326/1287/964
f 1375/1669/2136 931/1292/967 1376/1291/966
f 931/1292/967 930/1075/808 1499/1290/769
f 930/1075/808 1068/1074/807 1499/1290/769
f 1068/1074/807 1067/1817/1920 1500/1840/804
f 1499/1290/769 1068/1074/807 1500/1840/804
f 1524/1681/804 1079/1341/1002 1078/1296/970
f 1078/1296/970 904/1295/969 1524/1681/804
f 904/1295/969 907/1294/968 1525/1293/783
f 1524/1681/804 904/1295/969 1525/1293/783
f 907/1294/968 1036/1814/1902 1035/1241/932
f 1081/1682/1928 1546/1058/777 1549/1042/783
f 1549/1042/783 1295/1041/782 1081/1682/1928
f 1295/1041/782 1294/1297/971 1078/1296/970
f 1081/1682/1928 1295/1041/782 1078/1296/970
f 1294/1297/971 905/1493/1118 904/1295/969
f 1431/1672/2168 927/1300/973 1432/1299/972
f 927/1300/973 926/1072/806 1503/1298/769
f 926/1072/806 1336/1071/805 1504/1683/804
f 1336/1071/805 1335/1250/937 1504/1683/804
f 1504/1683/804 1503/1298/769 926/1072/806
f 1528/1684/804 1251/1350/1010 1250/1305/977
f 1250/1305/977 900/1304/976 1528/1684/804
f 900/1304/976 903/1303/975 1529/1302/783
f 1528/1684/804 900/1304/976 1529/1302/783
f 903/1303/975 1427/1699/2166 1426/1301/974
f 1253/1686/2040 1550/1055/777 1553/1351/783
f 1553/1351/783 1442/1685/2174 1253/1686/2040
f 1442/1685/2174 1445/1306/978 1250/1305/977
f 1253/1686/2040 1442/1685/2174 1250/1305/977
f 1445/1306/978 901/1621/1824 900/1304/976
f 1233/1827/2030 1534/1309/777 1230/1308/979
f 1534/1309/777 1537/1332/783 922/1307/769
f 1537/1332/783 1102/1331/996 1105/1687/1946
f 1105/1687/1946 923/1267/804 1537/1332/783
f 923/1267/804 922/1307/769 1537/1332/783
f 1149/1312/982 1558/1714/777 892/1310/980
f 1558/1714/777 1561/1419/783 893/1051/791
f 892/1310/980 1558/1714/777 893/1051/791
f 1561/1419/783 1342/1418/1056 1345/1688/2108
f 1345/1688/2108 893/1051/791 1561/1419/783
f 1193/1314/984 1554/1052/777 1398/1689/2152
f 1554/1052/777 1557/1360/783 1398/1689/2152
f 1398/1689/2152 1401/1315/985 1193/1314/984
f 1401/1315/985 897/1054/793 1190/1313/983
f 897/1054/793 896/1709/1822 1190/1313/983
f 1327/1690/2099 919/1289/965 918/1066/802
f 918/1066/802 1232/1065/801 1327/1690/2099
f 1232/1065/801 1231/1318/987 1328/1317/986
f 1327/1690/2099 1232/1065/801 1328/1317/986
f 1231/1318/987 1512/1069/804 1511/1316/769
f 1540/1698/804 1303/1321/989 1541/1320/783
f 1303/1321/989 1302/1367/1021 1242/1319/988
f 1302/1367/1021 890/1366/1020 1243/1691/2036
f 890/1366/1020 889/1049/789 1243/1691/2036
f 1243/1691/2036 1242/1319/988 1302/1367/1021
f 1103/1323/990 895/1695/1820 1192/1692/2006
f 895/1695/1820 894/1050/790 1192/1692/2006
f 1192/1692/2006 1191/1324/991 1103/1323/990
f 1191/1324/991 1532/1358/804 1531/1676/769
f 1531/1676/769 1104/1322/788 1191/1324/991
f 1449/1839/2178 1542/1843/777 1446/1326/993
f 1542/1843/777 1545/1327/783 1446/1326/993
f 1545/1327/783 1182/1336/998 915/1693/1024
f 1182/1336/998 1185/1826/2000 915/1693/1024
f 915/1693/1024 914/1325/992 1545/1327/783
f 1025/1702/1894 1566/1330/777 1022/1329/995
f 1566/1330/777 1569/1379/783 884/1328/994
f 1569/1379/783 1238/1378/1025 885/1694/1817
f 1238/1378/1025 1241/1046/787 885/1694/1817
f 885/1694/1817 884/1328/994 1569/1379/783
f 1536/1333/804 1147/1618/987 1102/1331/996
f 1147/1618/987 1146/1311/981 1103/1323/990
f 1102/1331/996 1147/1618/987 1103/1323/990
f 1146/1311/981 892/1310/980 895/1695/1820
f 895/1695/1820 1103/1323/990 1146/1311/981
f 1351/1497/1122 909/1496/1121 908/1060/797
f 908/1060/797 1448/1059/796 1352/1335/997
f 1448/1059/796 1447/1696/2179 1519/1334/769
f 908/1060/797 1352/1335/997 1351/1497/1122
f 1447/1696/2179 1520/1841/804 1519/1334/769
f 1544/1384/804 1023/1337/999 1545/1327/783
f 1023/1337/999 1022/1329/995 1182/1336/998
f 1022/1329/995 884/1328/994 1183/1697/2001
f 884/1328/994 887/1339/1000 1183/1697/2001
f 1183/1697/2001 1182/1336/998 1022/1329/995
f 1183/1697/2001 887/1339/1000 1184/1286/963
f 887/1339/1000 886/1045/786 1539/1338/769
f 886/1045/786 1304/1044/785 1540/1698/804
f 1304/1044/785 1303/1321/989 1540/1698/804
f 1540/1698/804 1539/1338/769 886/1045/786
f 1427/1699/2166 903/1303/975 902/1057/795
f 902/1057/795 1080/1056/794 1427/1699/2166
f 1080/1056/794 1079/1341/1002 1428/1340/1001
f 1427/1699/2166 1080/1056/794 1428/1340/1001
f 1079/1341/1002 1524/1681/804 1523/1076/769
f 1361/1701/2121 1570/1040/777 1573/1395/783
f 1573/1395/783 1099/1700/1943 1361/1701/2121
f 1099/1700/1943 1098/1344/1005 1358/1343/1004
f 1361/1701/2121 1099/1700/1943 1358/1343/1004
f 1098/1344/1005 879/1811/1809 878/1342/1003
f 880/1499/1124 1181/1347/1008 881/1346/1007
f 1181/1347/1008 1180/1436/1065 1024/1345/1006
f 1180/1436/1065 1567/1435/769 1025/1702/1894
f 1567/1435/769 1566/1330/777 1025/1702/1894
f 1025/1702/1894 1024/1345/1006 1180/1436/1065
f 1383/1704/2142 899/1359/1015 898/1053/792
f 898/1053/792 1252/1703/2041 1383/1704/2142
f 1252/1703/2041 1251/1350/1010 1384/1349/1009
f 1383/1704/2142 1252/1703/2041 1384/1349/1009
f 1251/1350/1010 1528/1684/804 1527/1348/769
f 1552/1352/804 1087/1402/1044 872/1706/1808
f 1087/1402/1044 1086/1354/1012 872/1706/1808
f 872/1706/1808 875/1353/1011 1552/1352/804
f 875/1353/1011 1443/1720/2176 1442/1685/2174
f 1442/1685/2174 1553/1351/783 875/1353/1011
f 1089/1355/1013 1574/1037/777 1266/1707/2054
f 1574/1037/777 1577/1403/783 1266/1707/2054
f 1266/1707/2054 1269/1356/1014 1089/1355/1013
f 1269/1356/1014 873/1039/781 1086/1354/1012
f 873/1039/781 872/1706/1808 1086/1354/1012
f 1532/1358/804 1191/1324/991 896/1709/1822
f 1191/1324/991 1190/1313/983 896/1709/1822
f 896/1709/1822 899/1359/1015 1532/1358/804
f 899/1359/1015 1383/1704/2142 1382/1673/2140
f 1382/1673/2140 1533/1357/783 899/1359/1015
f 1556/1361/804 1255/1411/1051 868/1710/1806
f 1255/1411/1051 1254/1363/1017 868/1710/1806
f 868/1710/1806 871/1362/1016 1556/1361/804
f 871/1362/1016 1399/1401/1043 1557/1360/783
f 1399/1401/1043 1398/1689/2152 1557/1360/783
f 1257/1364/1018 1578/1034/777 1410/1711/2158
f 1578/1034/777 1581/1412/783 1410/1711/2158
f 1410/1711/2158 1413/1365/1019 1257/1364/1018
f 1413/1365/1019 869/1036/779 1254/1363/1017
f 869/1036/779 868/1710/1806 1254/1363/1017
f 1305/1834/2082 1562/1368/777 1302/1367/1021
f 1562/1368/777 1565/1390/783 890/1366/1020
f 1565/1390/783 1070/1389/1037 1073/1712/1922
f 1073/1712/1922 891/1377/1030 1565/1390/783
f 891/1377/1030 890/1366/1020 1565/1390/783
f 1141/1371/1024 1586/1717/777 860/1369/1022
f 1586/1717/777 1589/1430/783 861/1031/774
f 860/1369/1022 1586/1717/777 861/1031/774
f 1589/1430/783 1306/1429/1062 1309/1713/2084
f 1309/1713/2084 861/1031/774 1589/1430/783
f 1197/1374/1027 1582/1612/777 864/1372/1025
f 1582/1612/777 1585/1422/783 1365/1614/2124
f 1585/1422/783 1362/1421/1057 1365/1614/2124
f 1365/1614/2124 865/1033/776 1582/1612/777
f 865/1033/776 864/1372/1025 1582/1612/777
f 891/1377/1030 1073/1712/1922 1148/1375/1028
f 1073/1712/1922 1072/1382/1032 1149/1312/982
f 1148/1375/1028 1073/1712/1922 1149/1312/982
f 1072/1382/1032 1559/1381/769 1558/1714/777
f 1558/1714/777 1149/1312/982 1072/1382/1032
f 1568/1731/804 1299/1380/1031 1569/1379/783
f 1299/1380/1031 1298/1427/1061 1238/1378/1025
f 1298/1427/1061 858/1426/1060 1239/1715/2034
f 858/1426/1060 857/1028/771 1239/1715/2034
f 1239/1715/2034 1238/1378/1025 1298/1427/1061
f 1071/1383/1033 863/1718/1802 1559/1381/769
f 863/1718/1802 862/1030/773 1560/1420/804
f 1559/1381/769 863/1718/1802 1560/1420/804
f 862/1030/773 1196/1029/772 1195/1716/2008
f 1195/1716/2008 1560/1420/804 862/1030/773
f 1127/1549/1174 882/1548/1173 1128/1061/798
f 882/1548/1173 881/1346/1007 1543/1385/769
f 1128/1061/798 882/1548/1173 1543/1385/769
f 881/1346/1007 1024/1345/1006 1544/1384/804
f 1024/1345/1006 1023/1337/999 1544/1384/804
f 859/1388/1036 1029/1727/1896 1140/1386/1034
f 1029/1727/1896 1028/1442/1068 1141/1371/1024
f 1140/1386/1034 1029/1727/1896 1141/1371/1024
f 1028/1442/1068 1587/1441/769 1586/1717/777
f 1586/1717/777 1141/1371/1024 1028/1442/1068
f 1564/1391/804 1139/1611/1971 1070/1389/1037
f 1139/1611/1971 1138/1370/1023 1071/1383/1033
f 1070/1389/1037 1139/1611/1971 1071/1383/1033
f 1138/1370/1023 860/1369/1022 863/1718/1802
f 863/1718/1802 1071/1383/1033 1138/1370/1023
f 1443/1720/2176 875/1353/1011 874/1038/780
f 874/1038/780 1360/1719/2122 1443/1720/2176
f 1360/1719/2122 1359/1394/1038 1444/1393/775
f 1443/1720/2176 1360/1719/2122 1444/1393/775
f 1359/1394/1038 1548/1617/804 1547/1392/769
f 1572/1396/804 1423/1408/1048 851/1527/1152
f 1423/1408/1048 1422/1528/1153 851/1527/1152
f 851/1527/1152 850/959/702 1572/1396/804
f 850/959/702 1100/958/701 1099/1700/1943
f 1099/1700/1943 1573/1395/783 850/959/702
f 852/1546/1171 1237/1399/1041 853/1398/1040
f 1237/1399/1041 1236/1450/1075 1300/1397/1039
f 1236/1450/1075 1591/1449/769 1590/1428/777
f 1590/1428/777 1301/1833/2079 1236/1450/1075
f 1301/1833/2079 1300/1397/1039 1236/1450/1075
f 1399/1401/1043 871/1362/1016 1088/1721/1934
f 871/1362/1016 870/1035/778 1088/1721/1934
f 1088/1721/1934 1087/1402/1044 1399/1401/1043
f 1087/1402/1044 1552/1352/804 1551/1620/769
f 1551/1620/769 1400/1400/1042 1087/1402/1044
f 1576/1404/804 1355/1417/1055 848/1518/1143
f 1355/1417/1055 1354/1519/1144 848/1518/1143
f 848/1518/1143 847/1405/1045 1576/1404/804
f 847/1405/1045 1267/1407/1047 1577/1403/783
f 1267/1407/1047 1266/1707/2054 1577/1403/783
f 1267/1407/1047 847/1405/1045 1424/1521/1146
f 847/1405/1045 846/1522/1147 1424/1521/1146
f 1424/1521/1146 1423/1408/1048 1267/1407/1047
f 1423/1408/1048 1572/1396/804 1571/1616/769
f 1571/1616/769 1268/1406/1046 1423/1408/1048
f 1343/1410/1050 867/1723/1804 1256/1828/2044
f 867/1723/1804 866/1032/775 1256/1828/2044
f 1343/1410/1050 1256/1828/2044 1255/1411/1051
f 1255/1411/1051 1556/1361/804 1344/1409/1049
f 1556/1361/804 1555/1619/769 1344/1409/1049
f 1580/1413/804 1075/1725/1925 841/1543/1168
f 1075/1725/1925 1074/1544/1169 841/1543/1168
f 1580/1413/804 841/1543/1168 844/1414/1052
f 844/1414/1052 1411/1416/1054 1581/1412/783
f 1411/1416/1054 1410/1711/2158 1581/1412/783
f 1411/1416/1054 844/1414/1052 1356/1722/2120
f 844/1414/1052 843/1534/1159 1356/1722/2120
f 1356/1722/2120 1355/1417/1055 1411/1416/1054
f 1355/1417/1055 1576/1404/804 1412/1415/1053
f 1576/1404/804 1575/1615/769 1412/1415/1053
f 1560/1420/804 1195/1716/2008 1342/1418/1056
f 1195/1716/2008 1194/1373/1026 1343/1410/1050
f 1343/1410/1050 1194/1373/1026 867/1723/1804
f 1194/1373/1026 864/1372/1025 867/1723/1804
f 1343/1410/1050 1342/1418/1056 1195/1716/2008
f 1584/1423/804 1247/1729/2038 1363/1424/1058
f 1247/1729/2038 1246/1002/745 840/1724/1790
f 1246/1002/745 837/1001/744 840/1724/1790
f 840/1724/1790 1363/1424/1058 1247/1729/2038
f 1363/1424/1058 1362/1421/1057 1584/1423/804
f 1363/1424/1058 840/1724/1790 1075/1725/1925
f 840/1724/1790 839/936/679 1076/1726/1927
f 1075/1725/1925 840/1724/1790 1076/1726/1927
f 1075/1725/1925 1580/1413/804 1363/1424/1058
f 1580/1413/804 1579/1613/769 1364/1425/1059
f 1301/1833/2079 1590/1428/777 1298/1427/1061
f 1590/1428/777 1593/1439/783 858/1426/1060
f 1593/1439/783 1026/1438/1067 1029/1727/1896
f 1029/1727/1896 859/1388/1036 1593/1439/783
f 859/1388/1036 858/1426/1060 1593/1439/783
f 1588/1431/804 1187/1734/2003 1306/1429/1062
f 1187/1734/2003 1186/952/695 1307/1434/1064
f 1306/1429/1062 1187/1734/2003 1307/1434/1064
f 1186/952/695 833/951/694 836/1728/1788
f 836/1728/1788 1307/1434/1064 1186/952/695
f 1307/1434/1064 836/1728/1788 1583/1432/769
f 836/1728/1788 835/1538/1163 1584/1423/804
f 1584/1423/804 835/1538/1163 1247/1729/2038
f 835/1538/1163 1248/1730/2039 1247/1729/2038
f 1584/1423/804 1583/1432/769 836/1728/1788
f 1179/1473/1098 854/1437/1066 1180/1436/1065
f 854/1437/1066 853/1398/1040 1567/1435/769
f 853/1398/1040 1300/1397/1039 1568/1731/804
f 1300/1397/1039 1299/1380/1031 1568/1731/804
f 1568/1731/804 1567/1435/769 853/1398/1040
f 1592/1440/804 1135/1740/1970 1026/1438/1067
f 1135/1740/1970 1134/939/682 1027/1443/1069
f 1026/1438/1067 1135/1740/1970 1027/1443/1069
f 1134/939/682 832/1733/1785 831/1732/1787
f 831/1732/1787 1027/1443/1069 1134/939/682
f 1027/1443/1069 831/1732/1787 1587/1441/769
f 831/1732/1787 830/1539/1164 1588/1431/804
f 1587/1441/769 831/1732/1787 1588/1431/804
f 830/1539/1164 1188/1735/2004 1187/1734/2003
f 1187/1734/2003 1588/1431/804 830/1539/1164
f 990/1446/1072 777/1584/1743 1131/1561/1966
f 777/1584/1743 776/932/675 1131/1561/1966
f 990/1446/1072 1131/1561/1966 1130/1736/1965
f 1130/1736/1965 1421/990/733 990/1446/1072
f 1421/990/733 1420/1444/1070 990/1446/1072
f 828/1739/1783 730/1803/1707 733/1738/1708
f 733/1738/1708 1172/1737/1992 828/1739/1783
f 1172/1737/1992 1171/1824/1990 826/1448/1074
f 828/1739/1783 1172/1737/1992 826/1448/1074
f 1171/1824/1990 1137/937/680 826/1448/1074
f 1235/1475/1100 827/1451/1076 1236/1450/1075
f 827/1451/1076 826/1448/1074 1591/1449/769
f 826/1448/1074 1136/1447/1073 1135/1740/1970
f 1135/1740/1970 1592/1440/804 826/1448/1074
f 1592/1440/804 1591/1449/769 826/1448/1074
f 705/1556/1181 823/1555/1180 722/1022/765
f 823/1555/1180 822/1453/1078 722/1022/765
f 822/1453/1078 1094/1741/1939 1097/1452/1077
f 910/1454/1079 817/1743/1777 1379/1742/2138
f 817/1743/1777 816/984/727 1380/1589/2139
f 1379/1742/2138 817/1743/1777 1380/1589/2139
f 1379/1742/2138 1126/1455/1080 910/1454/1079
f 1126/1455/1080 1129/1819/1962 911/1456/1081
f 938/1457/1082 812/1746/1775 1207/1744/2015
f 812/1746/1775 811/1608/1774 1208/1745/2016
f 1207/1744/2015 812/1746/1775 1208/1745/2016
f 1207/1744/2015 1350/1458/1083 938/1457/1082
f 1350/1458/1083 1353/1837/2114 939/1459/1084
f 701/1503/1128 719/979/722 806/1461/1086
f 719/979/722 1273/978/721 807/1460/1085
f 1273/978/721 1272/1747/2058 807/1460/1085
f 684/944/687 721/1464/1089 739/1463/1088
f 721/1464/1089 1396/1535/1160 740/1462/1087
f 1396/1535/1160 1395/1748/2151 740/1462/1087
f 906/1465/1090 764/1751/1736 1018/1749/1891
f 764/1751/1736 763/1785/1735 1019/1750/1893
f 1018/1749/1891 764/1751/1736 1019/1750/1893
f 1018/1749/1891 1037/971/714 906/1465/1090
f 1037/971/714 1036/1814/1902 907/1294/968
f 689/967/710 758/966/709 761/1753/1731
f 761/1753/1731 1369/1752/2128 689/967/710
f 1369/1752/2128 1368/1466/1091 689/967/710
f 690/1468/1093 762/1517/1142 1085/1754/1930
f 762/1517/1142 765/1771/1734 1085/1754/1930
f 1085/1754/1930 1084/1467/1092 690/1468/1093
f 932/1469/1094 768/1581/1739 1414/1755/2160
f 768/1581/1739 767/1784/1738 1415/1756/2162
f 1414/1755/2160 768/1581/1739 1415/1756/2162
f 1414/1755/2160 1093/1008/751 932/1469/1094
f 1093/1008/751 1092/1818/1937 933/1470/1095
f 685/1536/1161 729/946/689 743/1472/1097
f 729/946/689 1221/945/688 743/1472/1097
f 1221/945/688 1220/1563/2024 744/1471/1096
f 1178/1474/1099 1095/1758/1940 855/1547/1172
f 1095/1758/1940 1094/1741/1939 822/1453/1078
f 825/1757/1781 1095/1758/1940 822/1453/1078
f 825/1757/1781 855/1547/1172 1095/1758/1940
f 855/1547/1172 854/1437/1066 1178/1474/1099
f 1234/1476/1101 1340/1801/2107 827/1451/1076
f 1340/1801/2107 1339/1541/1166 827/1451/1076
f 1339/1541/1166 731/1759/1709 828/1739/1783
f 731/1759/1709 730/1803/1707 828/1739/1783
f 828/1739/1783 827/1451/1076 1339/1541/1166
f 698/1478/1103 794/1483/1108 1201/1477/1102
f 794/1483/1108 797/1761/1759 1201/1477/1102
f 797/1761/1759 1198/1760/2009 1201/1477/1102
f 994/1762/1870 804/1809/1768 803/1603/1767
f 803/1603/1767 1320/1604/2094 994/1762/1870
f 1320/1604/2094 1319/1835/2093 992/1114/838
f 994/1762/1870 1320/1604/2094 992/1114/838
f 1319/1835/2093 1058/1014/757 992/1114/838
f 998/1481/1106 801/1792/1762 1280/1770/2064
f 801/1792/1762 800/1491/1116 1280/1770/2064
f 998/1481/1106 1280/1770/2064 1279/1763/2063
f 1279/1763/2063 1054/1525/1150 998/1481/1106
f 1054/1525/1150 1057/1174/883 998/1481/1106
f 698/1478/1103 711/999/742 794/1483/1108
f 711/999/742 1033/998/741 794/1483/1108
f 1033/998/741 1032/1559/1899 795/1482/1107
f 1004/1484/1109 792/1766/1758 1199/1764/2010
f 792/1766/1758 791/1594/1757 1200/1765/2011
f 1199/1764/2010 792/1766/1758 1200/1765/2011
f 1199/1764/2010 1386/1485/1110 1004/1484/1109
f 1386/1485/1110 1389/1150/868 1005/1486/1111
f 696/995/738 706/955/698 786/1488/1113
f 706/955/698 1373/954/697 787/1487/1112
f 1373/954/697 1372/1767/2134 787/1487/1112
f 1012/1489/1114 784/1800/1752 1311/1768/2087
f 784/1800/1752 783/1592/1751 1311/1768/2087
f 783/1592/1751 1312/1769/2088 1311/1768/2087
f 1311/1768/2087 1282/1490/1115 1012/1489/1114
f 1282/1490/1115 1285/1132/854 1013/1131/853
f 713/1011/754 1281/1831/2062 1280/1770/2064
f 1280/1770/2064 800/1491/1116 713/1011/754
f 800/1491/1116 799/1808/1764 699/1492/1117
f 1297/1494/1119 1082/1786/1932 906/1465/1090
f 1082/1786/1932 1085/1754/1930 764/1751/1736
f 1085/1754/1930 765/1771/1734 764/1751/1736
f 764/1751/1736 906/1465/1090 1082/1786/1932
f 906/1465/1090 905/1493/1118 1297/1494/1119
f 1101/957/700 1366/1838/2127 876/1495/1120
f 1366/1838/2127 1369/1752/2128 876/1495/1120
f 1369/1752/2128 761/1753/1731 760/1772/1733
f 760/1772/1733 876/1495/1120 1369/1752/2128
f 876/1495/1120 879/1811/1809 1098/1344/1005
f 1350/1458/1083 1207/1744/2015 910/1454/1079
f 1207/1744/2015 1206/1609/2014 817/1743/1777
f 1206/1609/2014 814/1773/1776 817/1743/1777
f 817/1743/1777 910/1454/1079 1207/1744/2015
f 910/1454/1079 909/1496/1121 1350/1458/1083
f 883/1498/1123 821/1775/1779 1095/1758/1940
f 821/1775/1779 820/1610/1780 1096/1774/1941
f 1095/1758/1940 821/1775/1779 1096/1774/1941
f 1095/1758/1940 1178/1474/1099 883/1498/1123
f 1178/1474/1099 1181/1347/1008 880/1499/1124
f 966/1015/758 808/1605/1772 1271/1776/2057
f 808/1605/1772 807/1460/1085 1271/1776/2057
f 807/1460/1085 1272/1747/2058 1271/1776/2057
f 1271/1776/2057 1258/1500/1125 966/1015/758
f 1258/1500/1125 1261/1829/2047 967/1501/1126
f 701/1503/1128 806/1461/1086 809/1606/1770
f 809/1606/1770 1318/1607/2091 701/1503/1128
f 1318/1607/2091 1321/1502/1127 701/1503/1128
f 1258/1500/1125 1271/1776/2057 938/1457/1082
f 1271/1776/2057 1270/1586/2056 812/1746/1775
f 1270/1586/2056 813/1777/1773 812/1746/1775
f 812/1746/1775 938/1457/1082 1271/1776/2057
f 938/1457/1082 937/1504/1129 1258/1500/1125
f 1010/1506/1131 788/1779/1755 1371/1778/2133
f 788/1779/1755 787/1487/1112 1372/1767/2134
f 1371/1778/2133 788/1779/1755 1372/1767/2134
f 1371/1778/2133 1110/1507/1132 1010/1506/1131
f 1110/1507/1132 1113/1123/845 1007/1122/844
f 695/992/735 782/991/734 785/1781/1750
f 785/1781/1750 1262/1780/2049 695/992/735
f 1262/1780/2049 1265/1508/1133 695/992/735
f 693/933/676 775/1806/1745 720/1511/1136
f 775/1806/1745 774/1512/1137 720/1511/1136
f 774/1512/1137 1142/1782/1972 1145/1510/1135
f 720/1511/1136 1145/1510/1135 770/1513/1138
f 1145/1510/1135 1144/1598/1974 771/1783/1741
f 770/1513/1138 1145/1510/1135 771/1783/1741
f 717/1516/1141 1416/1550/1175 766/1515/1140
f 1416/1550/1175 1415/1756/2162 767/1784/1738
f 766/1515/1140 1416/1550/1175 767/1784/1738
f 725/973/716 1020/972/715 763/1785/1735
f 1020/972/715 1019/1750/1893 763/1785/1735
f 763/1785/1735 762/1517/1142 725/973/716
f 876/1495/1120 760/1772/1733 1082/1786/1932
f 760/1772/1733 759/1580/1732 1082/1786/1932
f 759/1580/1732 1083/1787/1931 1082/1786/1932
f 1082/1786/1932 1297/1494/1119 876/1495/1120
f 1297/1494/1119 1296/1832/2076 877/1043/784
f 1110/1507/1132 1371/1778/2133 1004/1484/1109
f 1371/1778/2133 1370/1575/2132 792/1766/1758
f 1370/1575/2132 793/1788/1756 792/1766/1758
f 792/1766/1758 1004/1484/1109 1371/1778/2133
f 1004/1484/1109 1003/1120/842 1110/1507/1132
f 1357/1520/1145 1286/1790/2069 845/1523/1148
f 1286/1790/2069 1289/1795/2070 750/1532/1157
f 753/1789/1723 1286/1790/2069 750/1532/1157
f 753/1789/1723 845/1523/1148 1286/1790/2069
f 845/1523/1148 848/1518/1143 1357/1520/1145
f 845/1523/1148 753/1789/1723 1043/1579/1907
f 753/1789/1723 752/961/704 1043/1579/1907
f 845/1523/1148 1043/1579/1907 1042/1791/1906
f 1042/1791/1906 1425/1529/1154 845/1523/1148
f 1425/1529/1154 1424/1521/1146 845/1523/1148
f 1054/1525/1150 1279/1763/2063 993/1113/837
f 1279/1763/2063 1278/1010/753 993/1113/837
f 1278/1010/753 805/1602/1765 994/1762/1870
f 805/1602/1765 804/1809/1768 994/1762/1870
f 994/1762/1870 993/1113/837 1278/1010/753
f 1434/929/672 1031/1558/1900 998/1481/1106
f 1031/1558/1900 1030/1595/1898 798/1000/743
f 801/1792/1762 1031/1558/1900 798/1000/743
f 801/1792/1762 998/1481/1106 1031/1558/1900
f 998/1481/1106 997/1116/839 1434/929/672
f 1425/1529/1154 1042/1791/1906 851/1527/1152
f 1042/1791/1906 1045/1530/1155 851/1527/1152
f 1045/1530/1155 754/1793/1726 849/1578/1797
f 754/1793/1726 757/1805/1728 849/1578/1797
f 849/1578/1797 851/1527/1152 1045/1530/1155
f 1282/1490/1115 1311/1768/2087 1010/1506/1131
f 1311/1768/2087 1310/1593/2086 788/1779/1755
f 1310/1593/2086 789/1794/1753 788/1779/1755
f 788/1779/1755 1010/1506/1131 1311/1768/2087
f 1010/1506/1131 1009/1126/848 1282/1490/1115
f 688/964/707 755/963/706 754/1793/1726
f 754/1793/1726 1045/1530/1155 688/964/707
f 1045/1530/1155 1044/1815/1909 716/960/703
f 687/962/705 751/1804/1725 715/1531/1156
f 751/1804/1725 750/1532/1157 715/1531/1156
f 750/1532/1157 1289/1795/2070 1288/950/693
f 842/1533/1158 748/1796/1722 1286/1790/2069
f 748/1796/1722 747/948/691 1287/1572/2071
f 1286/1790/2069 748/1796/1722 1287/1572/2071
f 1286/1790/2069 1357/1520/1145 842/1533/1158
f 1357/1520/1145 1356/1722/2120 843/1534/1159
f 685/1536/1161 743/1472/1097 1396/1535/1160
f 743/1472/1097 742/1596/1718 1397/1597/2150
f 1396/1535/1160 743/1472/1097 1397/1597/2150
f 834/1537/1162 741/1573/1716 1394/1797/2149
f 741/1573/1716 740/1462/1087 1395/1748/2151
f 1394/1797/2149 741/1573/1716 1395/1748/2151
f 1394/1797/2149 1249/1003/746 834/1537/1162
f 1249/1003/746 1248/1730/2039 835/1538/1163
f 829/938/681 736/1565/1714 1122/1798/1958
f 736/1565/1714 735/940/683 1122/1798/1958
f 735/940/683 1123/1568/1960 1122/1798/1958
f 1122/1798/1958 1189/953/696 829/938/681
f 1189/953/696 1188/1735/2004 830/1539/1164
f 682/1540/1165 732/1557/1182 731/1759/1709
f 731/1759/1709 1339/1541/1166 682/1540/1165
f 1339/1541/1166 1338/1836/2106 712/1542/1167
f 1077/935/678 1219/1562/2023 842/1533/1158
f 1219/1562/2023 1218/1570/2022 748/1796/1722
f 1218/1570/2022 749/1571/1720 748/1796/1722
f 748/1796/1722 842/1533/1158 1219/1562/2023
f 842/1533/1158 841/1543/1168 1077/935/678
f 1017/1591/1889 781/1807/1748 780/1552/1177
f 780/1552/1177 1264/1799/2052 1017/1591/1889
f 1264/1799/2052 1263/1830/2051 1015/1128/850
f 1017/1591/1889 1264/1799/2052 1015/1128/850
f 1263/1830/2051 1214/1545/1170 1015/1128/850
f 1214/1545/1170 1263/1830/2051 1012/1489/1114
f 1263/1830/2051 1262/1780/2049 1012/1489/1114
f 1262/1780/2049 785/1781/1750 784/1800/1752
f 784/1800/1752 1012/1489/1114 1262/1780/2049
f 1012/1489/1114 1011/1141/862 1215/1140/861
f 855/1547/1172 825/1757/1781 1341/1802/2104
f 825/1757/1781 824/1554/1179 1341/1802/2104
f 855/1547/1172 1341/1802/2104 1340/1801/2107
f 1340/1801/2107 1234/1476/1101 855/1547/1172
f 1234/1476/1101 1237/1399/1041 855/1547/1172
f 1126/1455/1080 1379/1742/2138 883/1498/1123
f 1379/1742/2138 1378/1587/2137 821/1775/1779
f 1378/1587/2137 818/1588/1778 821/1775/1779
f 821/1775/1779 883/1498/1123 1379/1742/2138
f 883/1498/1123 882/1548/1173 1126/1455/1080
f 692/1514/1139 770/1513/1138 1416/1550/1175
f 770/1513/1138 773/1600/1740 1416/1550/1175
f 773/1600/1740 1417/1601/2161 1416/1550/1175
f 1386/1485/1110 1199/1764/2010 1000/928/671
f 1199/1764/2010 1198/1760/2009 796/1560/1761
f 1198/1760/2009 797/1761/1759 796/1560/1761
f 796/1560/1761 1000/928/671 1199/1764/2010
f 1000/928/671 999/1167/879 1386/1485/1110
f 694/986/729 724/1509/1134 779/1553/1178
f 724/1509/1134 1265/1508/1133 1264/1799/2052
f 780/1552/1177 724/1509/1134 1264/1799/2052
f 705/1556/1181 712/1542/1167 824/1554/1179
f 712/1542/1167 1338/1836/2106 1341/1802/2104
f 824/1554/1179 712/1542/1167 1341/1802/2104
f 726/1024/767 1173/1023/766 1172/1737/1992
f 1172/1737/1992 733/1738/1708 726/1024/767
f 733/1738/1708 732/1557/1182 726/1024/767
f 1707/1482/1619 1708/1560/1185 1944/1559/1184
f 1708/1560/1185 1912/928/1875 1943/1558/1183
f 1912/928/1875 1913/930/1876 2346/929/2170
f 1913/930/1876 2349/1157/2169 2346/929/2170
f 2346/929/2170 1943/1558/1183 1912/928/1875
f 2043/1561/1187 2044/1820/1967 1620/931/1188
f 1620/931/1188 1605/933/1688 1688/932/1186
f 1605/933/1688 1687/1806/1744 1688/932/1186
f 1656/1471/1608 1657/1564/1191 2132/1563/1190
f 1657/1564/1191 1750/934/1791 2131/1562/1189
f 1750/934/1791 1751/936/1792 1989/935/1924
f 1751/936/1792 1988/1726/1559 1989/935/1924
f 1989/935/1924 2131/1562/1189 1750/934/1791
f 2082/1567/1194 2083/1824/1991 1741/938/1786
f 2083/1824/1991 2049/937/1969 1741/938/1786
f 2049/937/1969 2046/939/1572 1741/938/1786
f 2046/939/1572 1744/1733/1571 1741/938/1786
f 1741/938/1786 1648/1565/1192 2082/1567/1194
f 2036/943/1197 1635/942/1705 1647/940/1195
f 1635/942/1705 1595/1025/1276 1646/941/1713
f 1647/940/1195 1635/942/1705 1646/941/1713
f 1650/1574/1207 1651/1463/1717 2037/1569/1198
f 1651/1463/1717 1596/944/1199 2037/1569/1198
f 1596/944/1199 1635/942/1705 2036/943/1197
f 1661/1571/1202 1658/949/1721 2133/945/1200
f 1658/949/1721 1598/947/1695 2133/945/1200
f 1598/947/1695 1641/946/1706 2133/945/1200
f 2200/950/1205 1627/1531/1699 1658/949/1721
f 1627/1531/1699 1598/947/1695 1658/949/1721
f 1658/949/1721 1659/948/1203 2200/950/1205
f 2037/1569/1198 2034/1798/1670 1653/1573/1206
f 2034/1798/1670 2101/953/2002 1746/1537/1789
f 2101/953/2002 2098/952/1564 1745/951/1563
f 1745/951/1563 1746/1537/1789 2101/953/2002
f 1746/1537/1789 1653/1573/1206 2034/1798/1670
f 1705/1788/1654 1702/996/1210 2282/1575/1209
f 1702/996/1210 1609/956/1683 2285/954/1208
f 1609/956/1683 1618/955/1696 2285/954/1208
f 1668/1577/1212 1669/1805/1727 1761/1578/1213
f 1761/1578/1213 1762/959/1536 2279/1576/1211
f 1762/959/1536 2012/958/1945 2013/957/1942
f 2278/1838/2130 1762/959/1536 2013/957/1942
f 2278/1838/2130 2279/1576/1211 1762/959/1536
f 1955/1579/1215 1956/1815/1908 1628/960/1216
f 1628/960/1216 1599/962/1686 1664/961/1214
f 1599/962/1686 1663/1804/1724 1664/961/1214
f 2279/1576/1211 2280/1466/2131 1619/965/1217
f 1619/965/1217 1600/964/1665 1667/963/1729
f 1667/963/1729 1668/1577/1212 1619/965/1217
f 1995/1787/1653 1996/1467/1603 1671/1580/1219
f 1996/1467/1603 1622/968/1220 1671/1580/1219
f 1622/968/1220 1601/967/1602 1670/966/1218
f 1933/1583/1223 1930/1749/1597 1680/1581/1221
f 1930/1749/1597 1949/971/1901 1844/1469/1839
f 1680/1581/1221 1930/1749/1597 1844/1469/1839
f 1949/971/1901 1946/970/1423 1847/969/1838
f 1847/969/1838 1844/1469/1839 1949/971/1901
f 1681/1582/1222 1678/1515/1225 1933/1583/1223
f 1678/1515/1225 1603/974/1691 1932/972/1224
f 1603/974/1691 1637/973/1651 1932/972/1224
f 2054/1782/1644 2055/1585/1228 1686/1512/1227
f 2055/1585/1228 2261/977/2110 1902/1446/1578
f 1689/1584/1226 2055/1585/1228 1902/1446/1578
f 2261/977/2110 2258/976/2111 1901/975/1351
f 1901/975/1351 1902/1446/1578 2261/977/2110
f 1725/1777/1637 1722/1017/1267 2182/1586/1230
f 1722/1017/1267 1614/980/1231 2182/1586/1230
f 1614/980/1231 1631/979/1701 2185/978/1229
f 1730/1588/1234 1731/1021/1273 2293/981/1232
f 1731/1021/1273 1616/983/1685 2293/981/1232
f 1616/983/1685 1626/982/1698 2293/981/1232
f 2293/981/1232 1626/982/1698 1727/985/1272
f 1626/982/1698 1615/1020/1694 1727/985/1272
f 1727/985/1272 1728/984/1235 2293/981/1232
f 1690/1590/1238 1691/1553/1749 1606/986/1239
f 1606/986/1239 1620/931/1188 2045/987/1237
f 1620/931/1188 2044/1820/1967 2045/987/1237
f 2045/987/1237 2042/1736/1577 1928/988/1345
f 2042/1736/1577 2333/990/1576 1928/988/1345
f 2333/990/1576 2330/989/2163 1928/988/1345
f 1928/988/1345 1929/1591/1240 2045/987/1237
f 1929/1591/1240 1693/1807/1747 1690/1590/1238
f 2224/1769/1626 2225/994/1244 1695/1592/1242
f 2225/994/1244 1621/993/1243 1695/1592/1242
f 1621/993/1243 1607/992/1642 1694/991/1241
f 1701/1794/1664 1698/1488/1754 2222/1593/1245
f 1698/1488/1754 1608/995/1246 2222/1593/1245
f 1608/995/1246 1621/993/1243 2225/994/1244
f 2112/1765/1621 2113/1477/1248 1703/1594/1247
f 2113/1477/1248 1639/997/1692 1702/996/1210
f 1639/997/1692 1609/956/1683 1702/996/1210
f 1710/1000/1251 1711/1808/1763 1623/999/1697
f 1711/1808/1763 1611/1492/1684 1623/999/1697
f 1623/999/1697 1945/998/1249 1710/1000/1251
f 2309/1597/1253 2306/1797/1669 1657/1564/1191
f 2306/1797/1669 2161/1003/2037 1750/934/1791
f 1657/1564/1191 2306/1797/1669 1750/934/1791
f 2161/1003/2037 2158/1002/1557 1749/1001/1556
f 1749/1001/1556 1750/934/1791 2161/1003/2037
f 1683/1783/1646 1684/1599/1255 2056/1598/1254
f 1684/1599/1255 1872/1004/1854 2055/1585/1228
f 1872/1004/1854 1873/1005/1855 2261/977/2110
f 1873/1005/1855 2260/1628/1324 2261/977/2110
f 2261/977/2110 2055/1585/1228 1872/1004/1854
f 2329/1601/1257 2326/1755/1606 1684/1599/1255
f 2326/1755/1606 2005/1008/1935 1872/1004/1854
f 1684/1599/1255 2326/1755/1606 1872/1004/1854
f 2005/1008/1935 2002/1007/1936 1875/1006/1388
f 1875/1006/1388 1872/1004/1854 2005/1008/1935
f 1717/1602/1259 1714/1012/1766 1612/1009/1260
f 1612/1009/1260 1625/1011/1629 2190/1010/1258
f 1625/1011/1629 2193/1831/2061 2190/1010/1258
f 2232/1604/1262 2233/1502/2092 1630/1013/1263
f 1630/1013/1263 1612/1009/1260 1714/1012/1766
f 1714/1012/1766 1715/1603/1261 1630/1013/1263
f 2230/1607/1266 2231/1835/2095 1878/1015/1857
f 2231/1835/2095 1970/1014/1917 1878/1015/1857
f 1970/1014/1917 1971/1016/1417 1878/1015/1857
f 1971/1016/1417 1877/1813/1858 1878/1015/1857
f 1878/1015/1857 1720/1605/1264 2230/1607/1266
f 2120/1745/1590 2121/1019/1270 1723/1608/1268
f 2121/1019/1270 1640/1018/1269 1723/1608/1268
f 1640/1018/1269 1614/980/1231 1722/1017/1267
f 1726/1773/1632 1727/985/1272 2118/1609/1271
f 1727/985/1272 1615/1020/1694 2121/1019/1270
f 1615/1020/1694 1640/1018/1269 2121/1019/1270
f 2008/1774/1633 2009/1452/1275 1732/1610/1274
f 2009/1452/1275 1634/1022/1704 1731/1021/1273
f 1634/1022/1704 1616/983/1685 1731/1021/1273
f 1649/1566/1193 1646/941/1713 1595/1025/1276
f 1595/1025/1276 1638/1024/1682 2085/1023/1989
f 2085/1023/1989 2082/1567/1194 1595/1025/1276
f 1768/1387/1279 1769/1810/1801 2475/1026/1281
f 1769/1810/1801 2151/1715/1522 2152/1027/1289
f 2475/1026/1281 1769/1810/1801 2152/1027/1289
f 2475/1026/1281 2476/1391/1288 1768/1387/1279
f 2476/1391/1288 2051/1611/1277 1768/1387/1279
f 2220/1433/1282 2221/1713/1517 2109/1374/2007
f 2221/1713/1517 1773/1031/1803 2108/1029/1525
f 1773/1031/1803 1774/1030/1526 2108/1029/1525
f 2108/1029/1525 2109/1374/2007 2221/1713/1517
f 2109/1374/2007 2494/1612/1280 2220/1433/1282
f 2276/1425/2126 2277/1614/1283 2491/1613/1281
f 2277/1614/1283 1777/1033/1805 2490/1034/1280
f 1777/1033/1805 1778/1032/1295 2490/1034/1280
f 1778/1032/1295 2168/1828/2045 2169/1364/1514
f 2490/1034/1280 1778/1032/1295 2169/1364/1514
f 2324/1415/2159 2325/1365/1512 2487/1615/1281
f 2325/1365/1512 1781/1036/1284 2487/1615/1281
f 1781/1036/1284 1782/1035/1807 2486/1037/1280
f 1782/1035/1807 2000/1721/1540 2001/1355/1307
f 2486/1037/1280 1782/1035/1807 2001/1355/1307
f 2180/1406/2055 2181/1356/1506 2483/1616/1281
f 2181/1356/1506 1785/1039/1285 2483/1616/1281
f 1785/1039/1285 1786/1038/1534 2482/1040/1280
f 1786/1038/1534 2272/1719/1533 2482/1040/1280
f 2272/1719/1533 2273/1701/1498 2482/1040/1280
f 2270/1343/1287 2271/1394/2123 2460/1617/1288
f 2460/1617/1288 2461/1042/1343 1790/1342/1286
f 2461/1042/1343 2207/1041/1457 1789/1043/1812
f 2207/1041/1457 2208/1832/2077 1789/1043/1812
f 1789/1043/1812 1790/1342/1286 2461/1042/1343
f 2152/1027/1289 2153/1046/2033 2216/1044/1493
f 2153/1046/2033 1797/1694/1483 1798/1045/1492
f 2216/1044/1493 2153/1046/2033 1798/1045/1492
f 2216/1044/1493 2217/1834/2081 2152/1027/1289
f 2217/1834/2081 2474/1368/1280 2152/1027/1289
f 1800/1376/1292 1801/1049/1819 2447/1047/1281
f 1801/1049/1819 2155/1691/1476 2156/1048/1302
f 2447/1047/1281 1801/1049/1819 2156/1048/1302
f 2447/1047/1281 2448/1333/1288 1800/1376/1292
f 2448/1333/1288 2059/1618/1290 1800/1376/1292
f 2256/1409/1548 2257/1688/1467 2467/1619/1281
f 2257/1688/1467 1805/1051/1293 2467/1619/1281
f 1805/1051/1293 1806/1050/1821 2466/1052/1280
f 1806/1050/1821 2104/1692/1479 2105/1314/1471
f 2466/1052/1280 1806/1050/1821 2105/1314/1471
f 2312/1400/2153 2313/1315/1469 2463/1620/1281
f 2313/1315/1469 1809/1054/1294 2463/1620/1281
f 1809/1054/1294 1810/1053/1502 2462/1055/1280
f 1810/1053/1502 2164/1703/1501 2462/1055/1280
f 2164/1703/1501 2165/1686/1464 2462/1055/1280
f 2356/1393/1295 2357/1306/2175 1813/1621/1296
f 1813/1621/1296 1814/1057/1495 2459/1392/1281
f 1814/1057/1495 1992/1056/1494 2458/1058/1280
f 1992/1056/1494 1993/1682/1458 2458/1058/1280
f 2458/1058/1280 2459/1392/1281 1814/1057/1495
f 2040/1061/1297 2041/1819/1961 1820/1060/1829
f 2041/1819/1961 1823/1456/1828 1820/1060/1829
f 1820/1060/1829 2360/1059/1298 2040/1061/1297
f 2360/1059/1298 2361/1839/2177 2455/1385/1281
f 2361/1839/2177 2454/1843/1280 2455/1385/1281
f 1824/1812/1833 1825/1277/1382 2087/1825/1995
f 2087/1825/1995 2088/1063/1301 1976/1285/1300
f 2088/1063/1301 2427/1062/1281 1975/1064/1299
f 2087/1825/1995 1976/1285/1300 1824/1812/1833
f 2427/1062/1281 2428/1680/1288 1975/1064/1299
f 2156/1048/1302 2157/1067/2035 2144/1065/1472
f 2157/1067/2035 1829/1679/1445 1830/1066/1473
f 2144/1065/1472 2157/1067/2035 1830/1066/1473
f 2144/1065/1472 2145/1827/2029 2156/1048/1302
f 2145/1827/2029 2446/1309/1280 2156/1048/1302
f 2142/1308/1303 2143/1318/1290 2424/1069/1288
f 2424/1069/1288 2425/1068/1343 1833/1070/1280
f 2425/1068/1343 1962/1671/1394 1963/1271/1913
f 1833/1070/1280 2425/1068/1343 1963/1271/1913
f 1833/1070/1280 1834/1307/1281 2424/1069/1288
f 2296/1349/1304 2297/1262/2141 1837/1622/1305
f 1837/1622/1305 1838/1072/1459 2439/1348/1281
f 1838/1072/1459 2248/1071/1460 2438/1073/1280
f 2248/1071/1460 2249/1670/1433 2438/1073/1280
f 2438/1073/1280 2439/1348/1281 1838/1072/1459
f 2340/1340/1306 2341/1253/2165 1841/1623/1307
f 1841/1623/1307 1842/1075/1454 2435/1076/1281
f 1842/1075/1454 1980/1074/1453 2435/1076/1281
f 1980/1074/1453 1981/1816/1918 2434/1842/1280
f 2434/1842/1280 2435/1076/1281 1980/1074/1453
f 1978/1079/1309 1979/1817/1921 2413/1078/1343
f 1979/1817/1921 2412/1840/1288 2413/1078/1343
f 2413/1078/1343 2003/1077/1310 1978/1079/1309
f 2003/1077/1310 2004/1818/1938 1846/1240/1308
f 2004/1818/1938 1845/1470/1840 1846/1240/1308
f 1852/1232/1312 1853/1224/1845 2115/1624/1313
f 2115/1624/1313 2116/1081/1380 2028/1231/1311
f 2116/1081/1380 2403/1080/1281 2027/1082/1954
f 2403/1080/1281 2404/1235/1288 2027/1082/1954
f 2027/1082/1954 2028/1231/1311 2116/1081/1380
f 2240/1317/1314 2241/1215/2098 1857/1084/1315
f 1857/1084/1315 1858/1083/1847 2422/1085/1280
f 1858/1083/1847 2204/1665/1413 2205/1255/1434
f 2422/1085/1280 1858/1083/1847 2205/1255/1434
f 2422/1085/1280 2423/1316/1281 1857/1084/1315
f 1860/1264/1318 1861/1206/1398 2396/1218/1288
f 1861/1206/1398 2235/1088/2097 2395/1086/1281
f 2235/1088/2097 2236/1087/1331 2395/1086/1281
f 2395/1086/1281 2396/1218/1288 1861/1206/1398
f 2396/1218/1288 2139/1625/1316 1860/1264/1318
f 2344/1299/1319 2345/1091/2167 2072/1659/1401
f 2345/1091/2167 1865/1655/1393 1866/1090/1400
f 2072/1659/1401 2345/1091/2167 1866/1090/1400
f 2072/1659/1401 2073/1626/1320 2344/1299/1319
f 2073/1626/1320 2414/1200/1280 2415/1298/1281
f 2288/1291/1321 2289/1094/2135 2244/1092/1422
f 2289/1094/2135 1869/1656/1395 1870/1093/1421
f 2244/1092/1422 2289/1094/2135 1870/1093/1421
f 2244/1092/1422 2245/1627/1322 2288/1291/1321
f 2245/1627/1322 2410/1188/1280 2411/1290/1281
f 2242/1187/1323 2243/1097/2101 2259/1095/1352
f 2243/1097/2101 2388/1667/1288 2389/1096/1343
f 2259/1095/1352 2243/1097/2101 2389/1096/1343
f 2259/1095/1352 2260/1628/1324 2242/1187/1323
f 2260/1628/1324 1873/1005/1855 1874/1186/1325
f 2350/1220/1327 2351/1230/2173 2384/1099/1288
f 2384/1099/1288 2385/1098/1343 1881/1100/1860
f 2385/1098/1343 2134/1652/1378 2135/1181/1384
f 1881/1100/1860 2385/1098/1343 2135/1181/1384
f 1881/1100/1860 1882/1219/1326 2384/1099/1288
f 1884/1169/1861 1885/1162/1370 2020/1629/1329
f 1885/1162/1370 2075/1102/1330 2020/1629/1329
f 2075/1102/1330 2076/1101/1986 2019/1103/1328
f 2076/1101/1986 2375/1648/1281 2376/1172/1288
f 2019/1103/1328 2076/1101/1986 2376/1172/1288
f 2236/1087/1331 2237/1151/1361 2189/1194/2059
f 2237/1151/1361 1889/1106/1864 2188/1104/1373
f 1889/1106/1864 1890/1105/1335 2188/1104/1373
f 2188/1104/1373 2189/1194/2059 2237/1151/1361
f 2189/1194/2059 2394/1630/1280 2236/1087/1331
f 1892/1202/1334 1893/1640/1354 2368/1156/1288
f 1893/1640/1354 2227/1109/2090 2367/1107/1281
f 2227/1109/2090 2228/1108/1344 2367/1107/1281
f 2367/1107/1281 2368/1156/1288 1893/1640/1354
f 2368/1156/1288 2123/1631/1332 1892/1202/1334
f 2320/1238/1335 2321/1112/2156 2068/1110/1358
f 2321/1112/2156 1897/1638/1349 1898/1111/1357
f 2068/1110/1358 2321/1112/2156 1898/1111/1357
f 2068/1110/1358 2069/1632/1336 2320/1238/1335
f 2069/1632/1336 2386/1139/1280 2387/1237/1281
f 1972/1229/1337 1973/1479/1916 1904/1114/1338
f 1904/1114/1338 1905/1113/1871 2382/1115/1280
f 1905/1113/1871 1967/1524/1915 1968/1175/1379
f 2382/1115/1280 1905/1113/1871 1968/1175/1379
f 2382/1115/1280 2383/1228/1281 1904/1114/1338
f 2136/1180/2027 2137/1176/2026 2379/1633/1281
f 2137/1176/2026 1908/1117/1339 2379/1633/1281
f 1908/1117/1339 1909/1116/1873 2378/1118/1280
f 1909/1116/1873 2347/1526/2171 2348/1158/1369
f 2378/1118/1280 1909/1116/1873 2348/1158/1369
f 2032/1164/1340 2033/1641/1359 2370/1634/1280
f 2033/1641/1359 1918/1121/1877 2024/1124/1952
f 2024/1124/1952 1918/1121/1877 2023/1119/1951
f 1918/1121/1877 1915/1120/1878 2023/1119/1951
f 2024/1124/1952 2370/1634/1280 2033/1641/1359
f 2373/1144/1343 2370/1634/1280 1920/1127/1883
f 2370/1634/1280 2024/1124/1952 1919/1122/1882
f 2024/1124/1952 2025/1123/1949 1919/1122/1882
f 1919/1122/1882 1920/1127/1883 2370/1634/1280
f 1920/1127/1883 2229/1635/1341 2373/1144/1343
f 2228/1108/1344 2229/1635/1341 2196/1133/2068
f 2229/1635/1341 1920/1127/1883 2195/1125/2067
f 1920/1127/1883 1921/1126/1884 2195/1125/2067
f 2195/1125/2067 2196/1133/2068 2229/1635/1341
f 2196/1133/2068 2366/1636/1280 2228/1108/1344
f 2365/1184/1343 2362/1639/1280 1927/1128/1890
f 2362/1639/1280 2128/1130/2021 1927/1128/1890
f 2128/1130/2021 2129/1129/2018 1927/1128/1890
f 1927/1128/1890 1928/988/1345 2365/1184/1343
f 1928/988/1345 2330/989/2163 2331/1183/1346
f 2369/1155/1343 2366/1636/1280 1926/1142/1885
f 2366/1636/1280 2196/1133/2068 1925/1131/1888
f 2196/1133/2068 2197/1132/2065 1925/1131/1888
f 1925/1131/1888 1926/1142/1885 2366/1636/1280
f 1926/1142/1885 1953/1637/1347 2369/1155/1343
f 2393/1246/1343 2390/1657/1280 1896/1134/1365
f 2390/1657/1280 2125/1136/2017 1896/1134/1365
f 2125/1136/2017 2122/1135/1366 1896/1134/1365
f 1896/1134/1365 1897/1638/1349 2393/1246/1343
f 1897/1638/1349 2321/1112/2156 2318/1245/1350
f 2389/1096/1343 2386/1139/1280 1900/1137/1387
f 2386/1139/1280 2069/1632/1336 2066/1138/1385
f 1900/1137/1387 2386/1139/1280 2066/1138/1385
f 1900/1137/1387 1901/975/1351 2389/1096/1343
f 1901/975/1351 2258/976/2111 2259/1095/1352
f 1952/1147/1353 1953/1637/1347 2128/1130/2021
f 1953/1637/1347 1926/1142/1885 2127/1140/2020
f 1926/1142/1885 1923/1141/1887 2127/1140/2020
f 2127/1140/2020 2128/1130/2021 1953/1637/1347
f 2128/1130/2021 2362/1639/1280 1952/1147/1353
f 2186/1193/1356 2187/1647/1372 2227/1109/2090
f 2187/1647/1372 2372/1145/1288 2226/1143/1342
f 2372/1145/1288 2373/1144/1343 2226/1143/1342
f 2226/1143/1342 2227/1109/2090 2187/1647/1372
f 2227/1109/2090 1893/1640/1354 2186/1193/1356
f 1898/1111/1357 1899/1644/1364 2363/1146/1281
f 1899/1644/1364 1951/1148/1905 2363/1146/1281
f 1951/1148/1905 1952/1147/1353 2363/1146/1281
f 2363/1146/1281 2364/1185/1288 1898/1111/1357
f 2364/1185/1288 2067/1821/1981 2068/1110/1358
f 2377/1173/1343 2374/1166/1280 2030/1642/1360
f 2374/1166/1280 2300/1149/2146 2033/1641/1359
f 2300/1149/2146 2301/1150/2143 1918/1121/1877
f 2301/1150/2143 1917/1486/1880 1918/1121/1877
f 1918/1121/1877 2033/1641/1359 2300/1149/2146
f 2401/1204/1343 2398/1171/1280 2234/1643/1362
f 2398/1171/1280 2021/1153/1363 2234/1643/1362
f 2021/1153/1363 2018/1152/1947 2237/1151/1361
f 2018/1152/1947 1888/1651/1377 1889/1106/1864
f 1889/1106/1864 2237/1151/1361 2018/1152/1947
f 2122/1135/1366 2123/1631/1332 1951/1148/1905
f 2123/1631/1332 2368/1156/1288 1950/1154/1348
f 2368/1156/1288 2369/1155/1343 1950/1154/1348
f 1950/1154/1348 1951/1148/1905 2123/1631/1332
f 1951/1148/1905 1899/1644/1364 2122/1135/1366
f 2381/1160/1343 2378/1118/1280 2074/1645/1368
f 2378/1118/1280 2348/1158/1369 2074/1645/1368
f 2348/1158/1369 2349/1157/2169 2077/1159/1367
f 2349/1157/2169 1913/930/1876 1914/1168/1374
f 2077/1159/1367 2349/1157/2169 1914/1168/1374
f 2302/1210/2147 2303/1182/1382 1886/1646/1371
f 2303/1182/1382 2380/1161/1288 1886/1646/1371
f 2380/1161/1288 2381/1160/1343 1885/1162/1370
f 2381/1160/1343 2074/1645/1368 2075/1102/1330
f 1885/1162/1370 2381/1160/1343 2075/1102/1330
f 1890/1105/1335 1891/1650/1376 2372/1145/1288
f 1891/1650/1376 2031/1165/1957 2372/1145/1288
f 2372/1145/1288 2031/1165/1957 2371/1163/1281
f 2031/1165/1957 2032/1164/1340 2371/1163/1281
f 2372/1145/1288 2187/1647/1372 1890/1105/1335
f 2076/1101/1986 2077/1159/1367 2375/1648/1281
f 2077/1159/1367 1914/1168/1374 2375/1648/1281
f 1914/1168/1374 1911/1167/1874 2374/1166/1280
f 1911/1167/1874 2299/1551/2145 2300/1149/2146
f 2300/1149/2146 2374/1166/1280 1911/1167/1874
f 2064/1225/1978 2065/1212/1977 2399/1649/1281
f 2065/1212/1977 1887/1170/1375 2399/1649/1281
f 1887/1170/1375 1884/1169/1861 2398/1171/1280
f 1884/1169/1861 2020/1629/1329 2021/1153/1363
f 2398/1171/1280 1884/1169/1861 2021/1153/1363
f 2018/1152/1947 2019/1103/1328 1888/1651/1377
f 2019/1103/1328 2376/1172/1288 1888/1651/1377
f 2376/1172/1288 2377/1173/1343 2031/1165/1957
f 2377/1173/1343 2030/1642/1360 2031/1165/1957
f 2031/1165/1957 1891/1650/1376 2376/1172/1288
f 2385/1098/1343 2382/1115/1280 1968/1175/1379
f 1968/1175/1379 1969/1174/1914 2137/1176/2026
f 1969/1174/1914 1907/1480/1872 1908/1117/1339
f 2137/1176/2026 1969/1174/1914 1908/1117/1339
f 2137/1176/2026 2134/1652/1378 1968/1175/1379
f 2116/1081/1380 2117/1221/2012 1883/1178/1381
f 1883/1178/1381 1880/1177/1859 2402/1179/1280
f 1880/1177/1859 2304/1653/1383 2305/1211/1403
f 2402/1179/1280 1880/1177/1859 2305/1211/1403
f 2402/1179/1280 2403/1080/1281 1883/1178/1381
f 1880/1177/1859 1881/1100/1860 2304/1653/1383
f 1881/1100/1860 2135/1181/1384 2304/1653/1383
f 2135/1181/1384 2136/1180/2027 2303/1182/1382
f 2136/1180/2027 2379/1633/1281 2380/1161/1288
f 2303/1182/1382 2136/1180/2027 2380/1161/1288
f 2066/1138/1385 2067/1821/1981 2331/1183/1346
f 2067/1821/1981 2364/1185/1288 2331/1183/1346
f 2364/1185/1288 2365/1184/1343 2331/1183/1346
f 2331/1183/1346 2332/1444/1386 2066/1138/1385
f 2332/1444/1386 1903/1445/1869 1900/1137/1387
f 2413/1078/1343 2410/1188/1280 1874/1186/1325
f 2410/1188/1280 2245/1627/1322 2242/1187/1323
f 1874/1186/1325 2410/1188/1280 2242/1187/1323
f 1874/1186/1325 1875/1006/1388 2413/1078/1343
f 1875/1006/1388 2002/1007/1936 2003/1077/1310
f 2172/1282/1389 2173/1829/2046 1879/1501/1390
f 1879/1501/1390 1876/1190/1416 2407/1281/1281
f 1876/1190/1416 2352/1189/1415 2406/1191/1280
f 2352/1189/1415 2353/1663/1409 2406/1191/1280
f 2406/1191/1280 2407/1281/1281 1876/1190/1416
f 2397/1217/1343 2394/1630/1280 1895/1203/1865
f 2394/1630/1280 2189/1194/2059 1894/1192/1355
f 2189/1194/2059 2186/1193/1356 1894/1192/1355
f 1894/1192/1355 1895/1203/1865 2394/1630/1280
f 1895/1203/1865 1961/1654/1391 2397/1217/1343
f 2421/1258/1343 2418/1675/1280 1864/1195/1407
f 2418/1675/1280 2141/1197/1439 1864/1195/1407
f 2141/1197/1439 2138/1196/1408 1864/1195/1407
f 1864/1195/1407 1865/1655/1393 2421/1258/1343
f 1865/1655/1393 2345/1091/2167 2342/1257/1394
f 2417/1249/1343 2414/1200/1280 1868/1198/1428
f 2414/1200/1280 2073/1626/1320 2070/1199/1426
f 1868/1198/1428 2414/1200/1280 2070/1199/1426
f 1868/1198/1428 1869/1656/1395 2417/1249/1343
f 1869/1656/1395 2289/1094/2135 2286/1248/1396
f 1960/1208/1397 1961/1654/1391 2125/1136/2017
f 1961/1654/1391 1895/1203/1865 2124/1201/1333
f 1895/1203/1865 1892/1202/1334 2124/1201/1333
f 2124/1201/1333 2125/1136/2017 1961/1654/1391
f 2125/1136/2017 2390/1657/1280 1960/1208/1397
f 2202/1254/2072 2203/1227/1412 1862/1658/1399
f 2203/1227/1412 2400/1205/1288 1862/1658/1399
f 2400/1205/1288 2401/1204/1343 1861/1206/1398
f 2401/1204/1343 2234/1643/1362 2235/1088/2097
f 1861/1206/1398 2401/1204/1343 2235/1088/2097
f 1866/1090/1400 1867/1662/1406 2391/1207/1281
f 1867/1662/1406 1959/1209/1911 2391/1207/1281
f 1959/1209/1911 1960/1208/1397 2391/1207/1281
f 2391/1207/1281 2392/1247/1288 1866/1090/1400
f 2392/1247/1288 2071/1822/1984 2072/1659/1401
f 2405/1234/1343 2402/1179/1280 2305/1211/1403
f 2305/1211/1403 2302/1210/2147 2065/1212/1977
f 2302/1210/2147 1886/1646/1371 1887/1170/1375
f 2065/1212/1977 2302/1210/2147 1887/1170/1375
f 2065/1212/1977 2062/1660/1402 2305/1211/1403
f 2429/1288/1343 2426/1233/1280 2029/1661/1405
f 2029/1661/1405 2026/1214/1420 2238/1287/1404
f 2026/1214/1420 1856/1213/1419 2241/1215/2098
f 1856/1213/1419 1857/1084/1315 2241/1215/2098
f 2241/1215/2098 2238/1287/1404 2026/1214/1420
f 2138/1196/1408 2139/1625/1316 1959/1209/1911
f 2139/1625/1316 2396/1218/1288 1958/1216/1392
f 2396/1218/1288 2397/1217/1343 1958/1216/1392
f 1958/1216/1392 1959/1209/1911 2139/1625/1316
f 1959/1209/1911 1867/1662/1406 2138/1196/1408
f 2409/1223/1343 2406/1191/1280 2353/1663/1409
f 2353/1663/1409 2350/1220/1327 2114/1222/1377
f 2350/1220/1327 1882/1219/1326 2117/1221/2012
f 1882/1219/1326 1883/1178/1381 2117/1221/2012
f 2117/1221/2012 2114/1222/1377 2350/1220/1327
f 2314/1273/1411 2315/1283/2155 2408/1664/1288
f 2408/1664/1288 2409/1223/1343 1854/1272/1410
f 2409/1223/1343 2114/1222/1377 1853/1224/1845
f 2114/1222/1377 2115/1624/1313 1853/1224/1845
f 1853/1224/1845 1854/1272/1410 2409/1223/1343
f 1858/1083/1847 1859/1236/1846 2204/1665/1413
f 1859/1236/1846 2063/1226/1414 2204/1665/1413
f 2063/1226/1414 2064/1225/1978 2203/1227/1412
f 2064/1225/1978 2399/1649/1281 2400/1205/1288
f 2203/1227/1412 2064/1225/1978 2400/1205/1288
f 1876/1190/1416 1877/1813/1858 1971/1016/1417
f 1971/1016/1417 1972/1229/1337 2352/1189/1415
f 1972/1229/1337 2383/1228/1281 2351/1230/2173
f 2383/1228/1281 2384/1099/1288 2351/1230/2173
f 2351/1230/2173 2352/1189/1415 1972/1229/1337
f 2088/1063/1301 2089/1274/1993 1855/1666/1418
f 1855/1666/1418 1852/1232/1312 2427/1062/1281
f 1852/1232/1312 2028/1231/1311 2426/1233/1280
f 2028/1231/1311 2029/1661/1405 2426/1233/1280
f 2426/1233/1280 2427/1062/1281 1852/1232/1312
f 2026/1214/1420 2027/1082/1954 2404/1235/1288
f 2404/1235/1288 2405/1234/1343 1859/1236/1846
f 2405/1234/1343 2062/1660/1402 2063/1226/1414
f 1859/1236/1846 2405/1234/1343 2063/1226/1414
f 1859/1236/1846 1856/1213/1419 2404/1235/1288
f 1870/1093/1421 1871/1239/1852 2387/1237/1281
f 1871/1239/1852 2319/1668/1427 2320/1238/1335
f 2387/1237/1281 1871/1239/1852 2320/1238/1335
f 2387/1237/1281 2388/1667/1288 1870/1093/1421
f 2388/1667/1288 2243/1097/2101 2244/1092/1422
f 2437/1293/1343 2434/1842/1280 1981/1816/1918
f 1981/1816/1918 1978/1079/1309 2437/1293/1343
f 1978/1079/1309 1846/1240/1308 1947/1241/1424
f 2437/1293/1343 1978/1079/1309 1947/1241/1424
f 1846/1240/1308 1847/969/1838 1946/970/1423
f 2264/1335/2117 2265/1837/2113 1851/1459/1841
f 1851/1459/1841 1848/1243/1425 2431/1334/1281
f 1848/1243/1425 2316/1242/1447 2430/1244/1280
f 1851/1459/1841 2431/1334/1281 2264/1335/2117
f 2316/1242/1447 2317/1678/1443 2430/1244/1280
f 2070/1199/1426 2071/1822/1984 2318/1245/1350
f 2071/1822/1984 2392/1247/1288 2318/1245/1350
f 2392/1247/1288 2393/1246/1343 2318/1245/1350
f 2318/1245/1350 2319/1668/1427 2070/1199/1426
f 2319/1668/1427 1871/1239/1852 1868/1198/1428
f 2246/1252/1430 2247/1250/2103 2286/1248/1396
f 2247/1250/2103 2416/1683/1288 2417/1249/1343
f 2286/1248/1396 2247/1250/2103 2417/1249/1343
f 2286/1248/1396 2287/1669/1431 2246/1252/1430
f 2287/1669/1431 1843/1292/1332 1840/1251/1429
f 2441/1302/1343 2438/1073/1280 2249/1670/1433
f 2249/1670/1433 2246/1252/1430 2338/1301/1432
f 2246/1252/1430 1840/1251/1429 2341/1253/2165
f 2338/1301/1432 2246/1252/1430 2341/1253/2165
f 1840/1251/1429 1841/1623/1307 2341/1253/2165
f 2425/1068/1343 2422/1085/1280 2205/1255/1434
f 2205/1255/1434 2202/1254/2072 1965/1256/1912
f 2202/1254/2072 1862/1658/1399 1863/1265/1848
f 1965/1256/1912 2202/1254/2072 1863/1265/1848
f 1965/1256/1912 1962/1671/1394 2205/1255/1434
f 2078/1261/1435 2079/1823/1478 2342/1257/1394
f 2079/1823/1478 2420/1259/1288 2342/1257/1394
f 2420/1259/1288 2421/1258/1343 2342/1257/1394
f 2342/1257/1394 2343/1672/1436 2078/1261/1435
f 2343/1672/1436 1839/1300/1836 1836/1260/1437
f 2445/1357/1343 2442/1268/1280 2081/1674/1439
f 2081/1674/1439 2078/1261/1435 2294/1673/1438
f 2078/1261/1435 1836/1260/1437 2297/1262/2141
f 1836/1260/1437 1837/1622/1305 2297/1262/2141
f 2297/1262/2141 2294/1673/1438 2078/1261/1435
f 1964/1270/1440 1965/1256/1912 2141/1197/1439
f 1965/1256/1912 1863/1265/1848 2140/1263/1317
f 1863/1265/1848 1860/1264/1318 2140/1263/1317
f 2140/1263/1317 2141/1197/1439 1965/1256/1912
f 2141/1197/1439 2418/1675/1280 1964/1270/1440
f 2016/1322/1302 2017/1687/1465 2443/1676/1281
f 2017/1687/1465 1835/1267/1288 2443/1676/1281
f 1835/1267/1288 1832/1266/1343 2442/1268/1280
f 1832/1266/1343 2080/1677/1441 2442/1268/1280
f 2080/1677/1441 2081/1674/1439 2442/1268/1280
f 1832/1266/1343 1833/1070/1280 2419/1269/1281
f 1833/1070/1280 1963/1271/1913 2419/1269/1281
f 1963/1271/1913 1964/1270/1440 2419/1269/1281
f 2419/1269/1281 2420/1259/1288 1832/1266/1343
f 2420/1259/1288 2079/1823/1478 2080/1677/1441
f 2433/1276/1343 2430/1244/1280 2317/1678/1443
f 2317/1678/1443 2314/1273/1411 2086/1275/1442
f 2314/1273/1411 1854/1272/1410 2089/1274/1993
f 1854/1272/1410 1855/1666/1418 2089/1274/1993
f 2089/1274/1993 2086/1275/1442 2314/1273/1411
f 2358/1326/2180 2359/1696/1488 2432/1841/1288
f 2432/1841/1288 2433/1276/1343 2358/1326/2180
f 2433/1276/1343 2086/1275/1442 1825/1277/1382
f 2358/1326/2180 2433/1276/1343 1826/1325/1444
f 2086/1275/1442 2087/1825/1995 1825/1277/1382
f 2453/1320/1343 2450/1280/1280 1828/1278/1451
f 2450/1280/1280 1977/1284/1450 1974/1279/1452
f 1828/1278/1451 2450/1280/1280 1974/1279/1452
f 1828/1278/1451 1829/1679/1445 2453/1320/1343
f 1829/1679/1445 2157/1067/2035 2154/1319/1446
f 1848/1243/1425 1849/1504/1842 2171/1505/1448
f 2171/1505/1448 2172/1282/1389 2316/1242/1447
f 2172/1282/1389 2407/1281/1281 2315/1283/2155
f 2407/1281/1281 2408/1664/1288 2315/1283/2155
f 2315/1283/2155 2316/1242/1447 2172/1282/1389
f 2096/1286/1449 2097/1826/1999 1976/1285/1300
f 2097/1826/1999 1827/1693/1481 1824/1812/1833
f 1824/1812/1833 1976/1285/1300 2097/1826/1999
f 1976/1285/1300 1977/1284/1450 2096/1286/1449
f 1977/1284/1450 2450/1280/1280 2451/1338/1281
f 1974/1279/1452 1975/1064/1299 2428/1680/1288
f 2428/1680/1288 2429/1288/1343 1828/1278/1451
f 2429/1288/1343 2238/1287/1404 1831/1289/1834
f 2238/1287/1404 2239/1690/1474 1831/1289/1834
f 1831/1289/1834 1828/1278/1451 2429/1288/1343
f 1842/1075/1454 1843/1292/1332 2411/1290/1281
f 1843/1292/1332 2287/1669/1431 2288/1291/1321
f 2411/1290/1281 1843/1292/1332 2288/1291/1321
f 2411/1290/1281 2412/1840/1288 1980/1074/1453
f 2412/1840/1288 1979/1817/1921 1980/1074/1453
f 1990/1296/1456 1991/1341/1929 2436/1681/1288
f 2436/1681/1288 2437/1293/1343 1816/1295/1455
f 2437/1293/1343 1947/1241/1424 1819/1294/1825
f 1816/1295/1455 2437/1293/1343 1819/1294/1825
f 1947/1241/1424 1948/1814/1903 1819/1294/1825
f 2461/1042/1343 2458/1058/1280 1993/1682/1458
f 1993/1682/1458 1990/1296/1456 2207/1041/1457
f 1990/1296/1456 1816/1295/1455 2206/1297/2075
f 1816/1295/1455 1817/1493/1826 2206/1297/2075
f 2206/1297/2075 2207/1041/1457 1990/1296/1456
f 1838/1072/1459 1839/1300/1836 2415/1298/1281
f 1839/1300/1836 2343/1672/1436 2344/1299/1319
f 2415/1298/1281 1839/1300/1836 2344/1299/1319
f 2415/1298/1281 2416/1683/1288 1838/1072/1459
f 2416/1683/1288 2247/1250/2103 2248/1071/1460
f 2162/1305/1462 2163/1350/2042 2440/1684/1288
f 2440/1684/1288 2441/1302/1343 1812/1304/1461
f 2441/1302/1343 2338/1301/1432 1815/1303/1823
f 2338/1301/1432 2339/1699/1496 1815/1303/1823
f 1815/1303/1823 1812/1304/1461 2441/1302/1343
f 2465/1351/1343 2462/1055/1280 2165/1686/1464
f 2165/1686/1464 2162/1305/1462 2354/1685/1463
f 2162/1305/1462 1812/1304/1461 2357/1306/2175
f 1812/1304/1461 1813/1621/1296 2357/1306/2175
f 2357/1306/2175 2354/1685/1463 2162/1305/1462
f 2449/1332/1343 2446/1309/1280 1834/1307/1281
f 2446/1309/1280 2145/1827/2029 2142/1308/1303
f 1834/1307/1281 2446/1309/1280 2142/1308/1303
f 1834/1307/1281 1835/1267/1288 2449/1332/1343
f 1835/1267/1288 2017/1687/1465 2449/1332/1343
f 2473/1419/1343 2470/1714/1280 1805/1051/1293
f 2470/1714/1280 2061/1312/1975 1804/1310/1486
f 2061/1312/1975 2058/1311/1487 1804/1310/1486
f 1804/1310/1486 1805/1051/1293 2470/1714/1280
f 1805/1051/1293 2257/1688/1467 2473/1419/1343
f 2469/1360/1343 2466/1052/1280 2310/1689/1470
f 2466/1052/1280 2105/1314/1471 2310/1689/1470
f 2105/1314/1471 2102/1313/2005 2313/1315/1469
f 2102/1313/2005 1808/1709/1509 1809/1054/1294
f 2313/1315/1469 2102/1313/2005 1809/1054/1294
f 1830/1066/1473 1831/1289/1834 2239/1690/1474
f 2239/1690/1474 2240/1317/1314 2144/1065/1472
f 2240/1317/1314 2423/1316/1281 2143/1318/1290
f 2423/1316/1281 2424/1069/1288 2143/1318/1290
f 2143/1318/1290 2144/1065/1472 2240/1317/1314
f 2214/1367/1475 2215/1321/2083 2154/1319/1446
f 2215/1321/2083 2452/1698/1288 2453/1320/1343
f 2154/1319/1446 2215/1321/2083 2453/1320/1343
f 2154/1319/1446 2155/1691/1476 2214/1367/1475
f 2155/1691/1476 1801/1049/1819 1802/1366/1477
f 1806/1050/1821 1807/1695/1485 2104/1692/1479
f 1807/1695/1485 2015/1323/1480 2104/1692/1479
f 2015/1323/1480 2016/1322/1302 2103/1324/1478
f 2016/1322/1302 2443/1676/1281 2103/1324/1478
f 2443/1676/1281 2444/1358/1288 2103/1324/1478
f 2457/1327/1343 2454/1843/1280 2358/1326/2180
f 2454/1843/1280 2361/1839/2177 2358/1326/2180
f 2358/1326/2180 1826/1325/1444 2457/1327/1343
f 1826/1325/1444 1827/1693/1481 2457/1327/1343
f 1827/1693/1481 2097/1826/1999 2094/1336/1482
f 2481/1379/1343 2478/1330/1280 1796/1328/1491
f 2478/1330/1280 1937/1702/1500 1934/1329/1489
f 1796/1328/1491 2478/1330/1280 1934/1329/1489
f 1796/1328/1491 1797/1694/1483 2481/1379/1343
f 1797/1694/1483 2153/1046/2033 2150/1378/1484
f 2058/1311/1487 2059/1618/1290 2015/1323/1480
f 2059/1618/1290 2448/1333/1288 2014/1331/1466
f 2448/1333/1288 2449/1332/1343 2014/1331/1466
f 2014/1331/1466 2015/1323/1480 2059/1618/1290
f 2015/1323/1480 1807/1695/1485 2058/1311/1487
f 1820/1060/1829 1821/1496/1830 2263/1497/2116
f 2263/1497/2116 2264/1335/2117 1820/1060/1829
f 2264/1335/2117 2431/1334/1281 2360/1059/1298
f 1820/1060/1829 2264/1335/2117 2360/1059/1298
f 2431/1334/1281 2432/1841/1288 2359/1696/1488
f 1934/1329/1489 1935/1337/1895 2094/1336/1482
f 1935/1337/1895 2456/1384/1288 2457/1327/1343
f 2094/1336/1482 1935/1337/1895 2457/1327/1343
f 2094/1336/1482 2095/1697/1490 1934/1329/1489
f 2095/1697/1490 1799/1339/1816 1796/1328/1491
f 1798/1045/1492 1799/1339/1816 2451/1338/1281
f 1799/1339/1816 2095/1697/1490 2096/1286/1449
f 2451/1338/1281 1799/1339/1816 2096/1286/1449
f 2451/1338/1281 2452/1698/1288 1798/1045/1492
f 2452/1698/1288 2215/1321/2083 2216/1044/1493
f 1814/1057/1495 1815/1303/1823 2339/1699/1496
f 2339/1699/1496 2340/1340/1306 1992/1056/1494
f 2340/1340/1306 2435/1076/1281 1991/1341/1929
f 2435/1076/1281 2436/1681/1288 1991/1341/1929
f 1991/1341/1929 1992/1056/1494 2340/1340/1306
f 2485/1395/1343 2482/1040/1280 2273/1701/1498
f 2273/1701/1498 2270/1343/1287 2011/1700/1497
f 2270/1343/1287 1790/1342/1286 2010/1344/1944
f 1790/1342/1286 1791/1811/1811 2010/1344/1944
f 2010/1344/1944 2011/1700/1497 2270/1343/1287
f 2092/1436/1499 2093/1347/1996 1936/1345/1528
f 2093/1347/1996 1792/1499/1814 1793/1346/1527
f 1936/1345/1528 2093/1347/1996 1793/1346/1527
f 1936/1345/1528 1937/1702/1500 2092/1436/1499
f 1937/1702/1500 2478/1330/1280 2479/1435/1281
f 1810/1053/1502 1811/1708/1508 2295/1704/1503
f 2295/1704/1503 2296/1349/1304 2164/1703/1501
f 2296/1349/1304 2439/1348/1281 2163/1350/2042
f 2439/1348/1281 2440/1684/1288 2163/1350/2042
f 2163/1350/2042 2164/1703/1501 2296/1349/1304
f 1998/1354/1933 1999/1402/1539 1784/1706/1505
f 1999/1402/1539 2464/1352/1288 1784/1706/1505
f 2464/1352/1288 2465/1351/1343 1787/1705/1504
f 2465/1351/1343 2354/1685/1463 1787/1705/1504
f 2354/1685/1463 2355/1720/1535 1787/1705/1504
f 2489/1403/1343 2486/1037/1280 2178/1707/1507
f 2486/1037/1280 2001/1355/1307 2178/1707/1507
f 2001/1355/1307 1998/1354/1933 2181/1356/1506
f 1998/1354/1933 1784/1706/1505 1785/1039/1285
f 2181/1356/1506 1998/1354/1933 1785/1039/1285
f 2102/1313/2005 2103/1324/1478 1808/1709/1509
f 2103/1324/1478 2444/1358/1288 1808/1709/1509
f 2444/1358/1288 2445/1357/1343 1811/1708/1508
f 2445/1357/1343 2294/1673/1438 1811/1708/1508
f 2294/1673/1438 2295/1704/1503 1811/1708/1508
f 2166/1363/2043 2167/1411/1547 1780/1710/1511
f 2167/1411/1547 2468/1361/1288 1780/1710/1511
f 2468/1361/1288 2469/1360/1343 1783/1362/1510
f 2469/1360/1343 2310/1689/1470 2311/1401/1541
f 1783/1362/1510 2469/1360/1343 2311/1401/1541
f 2493/1412/1343 2490/1034/1280 2322/1711/1513
f 2490/1034/1280 2169/1364/1514 2322/1711/1513
f 2169/1364/1514 2166/1363/2043 2325/1365/1512
f 2166/1363/2043 1780/1710/1511 1781/1036/1284
f 2325/1365/1512 2166/1363/2043 1781/1036/1284
f 2477/1390/1343 2474/1368/1280 1802/1366/1477
f 2474/1368/1280 2217/1834/2081 2214/1367/1475
f 1802/1366/1477 2474/1368/1280 2214/1367/1475
f 1802/1366/1477 1803/1377/1818 2477/1390/1343
f 1803/1377/1818 1985/1712/1515 2477/1390/1343
f 2501/1430/1343 2498/1717/1280 1773/1031/1803
f 2498/1717/1280 2053/1371/1481 1772/1369/1531
f 2053/1371/1481 2050/1370/1532 1772/1369/1531
f 1772/1369/1531 1773/1031/1803 2498/1717/1280
f 1773/1031/1803 2221/1713/1517 2501/1430/1343
f 2497/1422/1343 2494/1612/1280 2277/1614/1283
f 2494/1612/1280 2109/1374/2007 1776/1372/1484
f 2109/1374/2007 2106/1373/1554 1776/1372/1484
f 1776/1372/1484 1777/1033/1805 2494/1612/1280
f 1777/1033/1805 2277/1614/1283 2494/1612/1280
f 1984/1382/1520 1985/1712/1515 2061/1312/1975
f 1985/1712/1515 1803/1377/1818 2060/1375/1291
f 1803/1377/1818 1800/1376/1292 2060/1375/1291
f 2060/1375/1291 2061/1312/1975 1985/1712/1515
f 2061/1312/1975 2470/1714/1280 1984/1382/1520
f 2210/1427/1521 2211/1380/2080 2150/1378/1484
f 2211/1380/2080 2480/1731/1288 2481/1379/1343
f 2150/1378/1484 2211/1380/2080 2481/1379/1343
f 2150/1378/1484 2151/1715/1522 2210/1427/1521
f 2151/1715/1522 1769/1810/1801 1770/1426/1523
f 1774/1030/1526 1775/1718/1530 2472/1420/1288
f 1775/1718/1530 1983/1383/1923 2471/1381/1281
f 1983/1383/1923 1984/1382/1520 2471/1381/1281
f 2471/1381/1281 2472/1420/1288 1775/1718/1530
f 2472/1420/1288 2107/1716/1524 1774/1030/1526
f 1793/1346/1527 1794/1548/1815 2455/1385/1281
f 1794/1548/1815 2039/1549/1964 2040/1061/1297
f 2040/1061/1297 2455/1385/1281 1794/1548/1815
f 2455/1385/1281 2456/1384/1288 1793/1346/1527
f 2456/1384/1288 1935/1337/1895 1936/1345/1528
f 1940/1442/1529 1941/1727/1560 2053/1371/1481
f 1941/1727/1560 1771/1388/1800 2052/1386/1278
f 1771/1388/1800 1768/1387/1279 2052/1386/1278
f 2052/1386/1278 2053/1371/1481 1941/1727/1560
f 2053/1371/1481 2498/1717/1280 1940/1442/1529
f 2050/1370/1532 2051/1611/1277 1983/1383/1923
f 2051/1611/1277 2476/1391/1288 1982/1389/1516
f 2476/1391/1288 2477/1390/1343 1982/1389/1516
f 1982/1389/1516 1983/1383/1923 2051/1611/1277
f 1983/1383/1923 1775/1718/1530 2050/1370/1532
f 1786/1038/1534 1787/1705/1504 2355/1720/1535
f 2355/1720/1535 2356/1393/1295 2272/1719/1533
f 2356/1393/1295 2459/1392/1281 2271/1394/2123
f 2459/1392/1281 2460/1617/1288 2271/1394/2123
f 2271/1394/2123 2272/1719/1533 2356/1393/1295
f 2334/1528/2164 2335/1408/1544 1763/1527/1537
f 2335/1408/1544 2484/1396/1288 1763/1527/1537
f 2484/1396/1288 2485/1395/1343 1762/959/1536
f 2485/1395/1343 2011/1700/1497 1762/959/1536
f 2011/1700/1497 2012/958/1945 1762/959/1536
f 2148/1450/1538 2149/1399/2031 2212/1397/1569
f 2149/1399/2031 1764/1546/1798 1765/1398/1568
f 2212/1397/1569 2149/1399/2031 1765/1398/1568
f 2212/1397/1569 2213/1833/2078 2148/1450/1538
f 2213/1833/2078 2502/1428/1280 2148/1450/1538
f 1782/1035/1807 1783/1362/1510 2000/1721/1540
f 1783/1362/1510 2311/1401/1541 2000/1721/1540
f 2311/1401/1541 2312/1400/2153 1999/1402/1539
f 2312/1400/2153 2463/1620/1281 1999/1402/1539
f 2463/1620/1281 2464/1352/1288 1999/1402/1539
f 2266/1519/2119 2267/1417/1551 1760/1518/1543
f 2267/1417/1551 2488/1404/1288 1760/1518/1543
f 2488/1404/1288 2489/1403/1343 1759/1405/1542
f 2489/1403/1343 2178/1707/1507 2179/1407/1546
f 1759/1405/1542 2489/1403/1343 2179/1407/1546
f 1758/1522/1796 1759/1405/1542 2336/1521/1545
f 1759/1405/1542 2179/1407/1546 2336/1521/1545
f 2179/1407/1546 2180/1406/2055 2335/1408/1544
f 2180/1406/2055 2483/1616/1281 2335/1408/1544
f 2483/1616/1281 2484/1396/1288 2335/1408/1544
f 1778/1032/1295 1779/1723/1553 2168/1828/2045
f 1779/1723/1553 2255/1410/2109 2168/1828/2045
f 2168/1828/2045 2255/1410/2109 2167/1411/1547
f 2255/1410/2109 2256/1409/1548 2167/1411/1547
f 2256/1409/1548 2467/1619/1281 2468/1361/1288
f 1986/1544/1926 1987/1725/1558 1753/1543/1793
f 1987/1725/1558 2492/1413/1288 1753/1543/1793
f 1753/1543/1793 2492/1413/1288 1756/1414/1549
f 2492/1413/1288 2493/1412/1343 1756/1414/1549
f 2493/1412/1343 2322/1711/1513 2323/1416/1550
f 1755/1534/1795 1756/1414/1549 2268/1722/1552
f 1756/1414/1549 2323/1416/1550 2268/1722/1552
f 2323/1416/1550 2324/1415/2159 2267/1417/1551
f 2324/1415/2159 2487/1615/1281 2488/1404/1288
f 2267/1417/1551 2324/1415/2159 2488/1404/1288
f 2106/1373/1554 2107/1716/1524 2255/1410/2109
f 2107/1716/1524 2472/1420/1288 2254/1418/1468
f 2472/1420/1288 2473/1419/1343 2254/1418/1468
f 2254/1418/1468 2255/1410/2109 2107/1716/1524
f 2255/1410/2109 1779/1723/1553 2106/1373/1554
f 2158/1002/1557 2159/1729/1565 1752/1724/1555
f 2159/1729/1565 2496/1423/1288 2275/1424/2125
f 2275/1424/2125 2496/1423/1288 2274/1421/1519
f 2496/1423/1288 2497/1422/1343 2274/1421/1519
f 2275/1424/2125 1752/1724/1555 2159/1729/1565
f 1751/936/1792 1752/1724/1555 1988/1726/1559
f 1752/1724/1555 2275/1424/2125 1987/1725/1558
f 2275/1424/2125 2276/1425/2126 2492/1413/1288
f 2276/1425/2126 2491/1613/1281 2492/1413/1288
f 2492/1413/1288 1987/1725/1558 2275/1424/2125
f 2505/1439/1343 2502/1428/1280 1770/1426/1523
f 2502/1428/1280 2213/1833/2078 2210/1427/1521
f 1770/1426/1523 2502/1428/1280 2210/1427/1521
f 1770/1426/1523 1771/1388/1800 2505/1439/1343
f 1771/1388/1800 1941/1727/1560 2505/1439/1343
f 2098/952/1564 2099/1734/1573 2219/1434/2085
f 2099/1734/1573 2500/1431/1288 2218/1429/1518
f 2500/1431/1288 2501/1430/1343 2218/1429/1518
f 2218/1429/1518 2219/1434/2085 2099/1734/1573
f 2219/1434/2085 1748/1728/1562 2098/952/1564
f 1747/1538/1567 1748/1728/1562 2496/1423/1288
f 1748/1728/1562 2219/1434/2085 2495/1432/1281
f 2219/1434/2085 2220/1433/1282 2495/1432/1281
f 2495/1432/1281 2496/1423/1288 1748/1728/1562
f 2496/1423/1288 2159/1729/1565 1747/1538/1567
f 1765/1398/1568 1766/1437/1799 2479/1435/1281
f 1766/1437/1799 2091/1473/1998 2092/1436/1499
f 2479/1435/1281 1766/1437/1799 2092/1436/1499
f 2479/1435/1281 2480/1731/1288 1765/1398/1568
f 2480/1731/1288 2211/1380/2080 2212/1397/1569
f 2046/939/1572 2047/1740/1582 1939/1443/1897
f 2047/1740/1582 2504/1440/1288 1938/1438/1561
f 2504/1440/1288 2505/1439/1343 1938/1438/1561
f 1938/1438/1561 1939/1443/1897 2047/1740/1582
f 1939/1443/1897 1743/1732/1570 2046/939/1572
f 1742/1539/1575 1743/1732/1570 2500/1431/1288
f 1743/1732/1570 1939/1443/1897 2499/1441/1281
f 1939/1443/1897 1940/1442/1529 2499/1441/1281
f 2499/1441/1281 2500/1431/1288 1743/1732/1570
f 2500/1431/1288 2099/1734/1573 1742/1539/1575
f 1688/932/1186 1689/1584/1226 2043/1561/1187
f 1689/1584/1226 1902/1446/1578 2043/1561/1187
f 2043/1561/1187 1902/1446/1578 2042/1736/1577
f 1902/1446/1578 1903/1445/1869 2332/1444/1386
f 2332/1444/1386 2333/990/1576 1902/1446/1578
f 1645/1738/1580 1642/1803/1710 1740/1739/1581
f 1740/1739/1581 1738/1448/1584 2084/1737/1579
f 1738/1448/1584 2048/1447/1583 2049/937/1969
f 2083/1824/1991 1738/1448/1584 2049/937/1969
f 2083/1824/1991 2084/1737/1579 1738/1448/1584
f 1738/1448/1584 1739/1451/1784 2503/1449/1281
f 1739/1451/1784 2147/1475/2032 2148/1450/1538
f 2503/1449/1281 1739/1451/1784 2148/1450/1538
f 2503/1449/1281 2504/1440/1288 1738/1448/1584
f 2504/1440/1288 2047/1740/1582 1738/1448/1584
f 1734/1453/1586 1735/1555/1782 1634/1022/1704
f 1735/1555/1782 1617/1556/1690 1634/1022/1704
f 1634/1022/1704 2009/1452/1275 1734/1453/1586
f 1728/984/1235 1729/1743/1588 2292/1589/1236
f 1729/1743/1588 1822/1454/1831 2291/1742/1587
f 1822/1454/1831 1823/1456/1828 2038/1455/1963
f 1823/1456/1828 2041/1819/1961 2038/1455/1963
f 2038/1455/1963 2291/1742/1587 1822/1454/1831
f 1723/1608/1268 1724/1746/1591 2120/1745/1590
f 1724/1746/1591 1850/1457/1843 2119/1744/1589
f 1850/1457/1843 1851/1459/1841 2262/1458/2115
f 1851/1459/1841 2265/1837/2113 2262/1458/2115
f 2262/1458/2115 2119/1744/1589 1850/1457/1843
f 2185/978/1229 1631/979/1701 1719/1460/1592
f 1631/979/1701 1613/1503/1636 1718/1461/1771
f 1719/1460/1592 1631/979/1701 1718/1461/1771
f 2308/1535/1596 1633/1464/1703 1652/1462/1594
f 1633/1464/1703 1596/944/1199 1651/1463/1717
f 1652/1462/1594 1633/1464/1703 1651/1463/1717
f 1675/1785/1650 1676/1751/1599 1931/1750/1598
f 1676/1751/1599 1818/1465/1827 1930/1749/1597
f 1818/1465/1827 1819/1294/1825 1949/971/1901
f 1819/1294/1825 1948/1814/1903 1949/971/1901
f 1949/971/1901 1930/1749/1597 1818/1465/1827
f 1673/1753/1601 1670/966/1218 1601/967/1602
f 1601/967/1602 1619/965/1217 2280/1466/2131
f 2280/1466/2131 2281/1752/1600 1601/967/1602
f 1677/1771/1630 1674/1517/1649 1997/1754/1604
f 1674/1517/1649 1602/1468/1605 1997/1754/1604
f 1602/1468/1605 1622/968/1220 1996/1467/1603
f 1679/1784/1647 1680/1581/1221 2327/1756/1607
f 1680/1581/1221 1844/1469/1839 2326/1755/1606
f 1844/1469/1839 1845/1470/1840 2005/1008/1935
f 1845/1470/1840 2004/1818/1938 2005/1008/1935
f 2005/1008/1935 2326/1755/1606 1844/1469/1839
f 2133/945/1200 1641/946/1706 1655/1472/1668
f 1641/946/1706 1597/1536/1689 1655/1472/1668
f 1655/1472/1668 1656/1471/1608 2133/945/1200
f 2006/1741/1585 2007/1758/1610 1734/1453/1586
f 2007/1758/1610 2090/1474/1997 1767/1547/1677
f 1737/1757/1609 2007/1758/1610 1767/1547/1677
f 2090/1474/1997 2091/1473/1998 1766/1437/1799
f 1766/1437/1799 1767/1547/1677 2090/1474/1997
f 2251/1541/1611 2252/1801/1676 1739/1451/1784
f 2252/1801/1676 2146/1476/1675 1739/1451/1784
f 2146/1476/1675 2147/1475/2032 1739/1451/1784
f 1739/1451/1784 1740/1739/1581 2251/1541/1611
f 1740/1739/1581 1642/1803/1710 1643/1759/1612
f 1709/1761/1614 1706/1483/1760 2113/1477/1248
f 1706/1483/1760 1610/1478/1693 2113/1477/1248
f 1610/1478/1693 1639/997/1692 2113/1477/1248
f 1715/1603/1261 1716/1809/1769 1906/1762/1615
f 1906/1762/1615 1904/1114/1338 2232/1604/1262
f 1904/1114/1338 1973/1479/1916 1970/1014/1917
f 2231/1835/2095 1904/1114/1338 1970/1014/1917
f 2231/1835/2095 2232/1604/1262 1904/1114/1338
f 1712/1491/1627 1713/1792/1661 2192/1770/1628
f 1713/1792/1661 1910/1481/1618 2192/1770/1628
f 2192/1770/1628 1910/1481/1618 2191/1763/1617
f 1910/1481/1618 1907/1480/1872 1969/1174/1914
f 1969/1174/1914 1966/1525/1616 1910/1481/1618
f 1945/998/1249 1623/999/1697 1706/1483/1760
f 1623/999/1697 1610/1478/1693 1706/1483/1760
f 1706/1483/1760 1707/1482/1619 1945/998/1249
f 1703/1594/1247 1704/1766/1622 2112/1765/1621
f 1704/1766/1622 1916/1484/1879 2111/1764/1620
f 1916/1484/1879 1917/1486/1880 2298/1485/2144
f 1917/1486/1880 2301/1150/2143 2298/1485/2144
f 2298/1485/2144 2111/1764/1620 1916/1484/1879
f 2285/954/1208 1618/955/1696 1699/1487/1623
f 1618/955/1696 1608/995/1246 1698/1488/1754
f 1699/1487/1623 1618/955/1696 1698/1488/1754
f 1695/1592/1242 1696/1800/1674 2223/1768/1625
f 1696/1800/1674 1924/1489/1886 2223/1768/1625
f 1924/1489/1886 1925/1131/1888 2194/1490/2066
f 1925/1131/1888 2197/1132/2065 2194/1490/2066
f 2194/1490/2066 2223/1768/1625 1924/1489/1886
f 2192/1770/1628 2193/1831/2061 1625/1011/1629
f 1625/1011/1629 1611/1492/1684 1712/1491/1627
f 1611/1492/1684 1711/1808/1763 1712/1491/1627
f 1997/1754/1604 1994/1786/1652 1676/1751/1599
f 1994/1786/1652 2209/1494/2074 1818/1465/1827
f 2209/1494/2074 2206/1297/2075 1817/1493/1826
f 1817/1493/1826 1818/1465/1827 2209/1494/2074
f 1818/1465/1827 1676/1751/1599 1994/1786/1652
f 2281/1752/1600 2278/1838/2130 1788/1495/1810
f 2278/1838/2130 2013/957/1942 1788/1495/1810
f 2013/957/1942 2010/1344/1944 1788/1495/1810
f 2010/1344/1944 1791/1811/1811 1788/1495/1810
f 1788/1495/1810 1672/1772/1631 2281/1752/1600
f 2118/1609/1271 2119/1744/1589 1729/1743/1588
f 2119/1744/1589 2262/1458/2115 1822/1454/1831
f 1729/1743/1588 2119/1744/1589 1822/1454/1831
f 2262/1458/2115 2263/1497/2116 1821/1496/1830
f 1821/1496/1830 1822/1454/1831 2262/1458/2115
f 1732/1610/1274 1733/1775/1634 2008/1774/1633
f 1733/1775/1634 1795/1498/1813 2007/1758/1610
f 1795/1498/1813 1792/1499/1814 2090/1474/1997
f 1792/1499/1814 2093/1347/1996 2090/1474/1997
f 2090/1474/1997 2007/1758/1610 1795/1498/1813
f 1719/1460/1592 1720/1605/1264 2183/1776/1635
f 1720/1605/1264 1878/1015/1857 2183/1776/1635
f 1878/1015/1857 1879/1501/1390 2170/1500/2048
f 1879/1501/1390 2173/1829/2046 2170/1500/2048
f 2170/1500/2048 2183/1776/1635 1878/1015/1857
f 1721/1606/1265 1718/1461/1771 1613/1503/1636
f 1613/1503/1636 1630/1013/1263 2233/1502/2092
f 2233/1502/2092 2230/1607/1266 1613/1503/1636
f 2182/1586/1230 2183/1776/1635 1724/1746/1591
f 2183/1776/1635 2170/1500/2048 1850/1457/1843
f 2170/1500/2048 2171/1505/1448 1849/1504/1842
f 1849/1504/1842 1850/1457/1843 2170/1500/2048
f 1850/1457/1843 1724/1746/1591 2183/1776/1635
f 1699/1487/1623 1700/1779/1639 2284/1767/1624
f 1700/1779/1639 1922/1506/1881 2283/1778/1638
f 1922/1506/1881 1919/1122/1882 2022/1507/1950
f 1919/1122/1882 2025/1123/1949 2022/1507/1950
f 2022/1507/1950 2283/1778/1638 1922/1506/1881
f 1697/1781/1641 1694/991/1241 1607/992/1642
f 1607/992/1642 1636/1509/1678 2177/1508/2050
f 2177/1508/2050 2174/1780/1640 1607/992/1642
f 1686/1512/1227 1687/1806/1744 1632/1511/1702
f 1687/1806/1744 1605/933/1688 1632/1511/1702
f 1632/1511/1702 2057/1510/1643 1686/1512/1227
f 2056/1598/1254 2057/1510/1643 1683/1783/1646
f 2057/1510/1643 1632/1511/1702 1682/1513/1645
f 1632/1511/1702 1604/1514/1687 1682/1513/1645
f 2327/1756/1607 2328/1550/1648 1679/1784/1647
f 2328/1550/1648 1629/1516/1700 1678/1515/1225
f 1629/1516/1700 1603/974/1691 1678/1515/1225
f 1931/1750/1598 1932/972/1224 1675/1785/1650
f 1932/972/1224 1637/973/1651 1675/1785/1650
f 1637/973/1651 1602/1468/1605 1674/1517/1649
f 1671/1580/1219 1672/1772/1631 1994/1786/1652
f 1672/1772/1631 1788/1495/1810 1994/1786/1652
f 1788/1495/1810 1789/1043/1812 2209/1494/2074
f 1789/1043/1812 2208/1832/2077 2209/1494/2074
f 2209/1494/2074 1994/1786/1652 1788/1495/1810
f 2282/1575/1209 2283/1778/1638 1704/1766/1622
f 2283/1778/1638 2022/1507/1950 1916/1484/1879
f 1704/1766/1622 2283/1778/1638 1916/1484/1879
f 2022/1507/1950 2023/1119/1951 1915/1120/1878
f 1915/1120/1878 1916/1484/1879 2022/1507/1950
f 2201/1795/1666 2198/1790/1657 1662/1532/1656
f 2198/1790/1657 2269/1520/2118 1757/1523/1660
f 1665/1789/1655 2198/1790/1657 1757/1523/1660
f 2269/1520/2118 2266/1519/2119 1760/1518/1543
f 1760/1518/1543 1757/1523/1660 2269/1520/2118
f 1664/961/1214 1665/1789/1655 1955/1579/1215
f 1665/1789/1655 1757/1523/1660 1955/1579/1215
f 1955/1579/1215 1757/1523/1660 1954/1791/1659
f 1757/1523/1660 1758/1522/1796 2336/1521/1545
f 2336/1521/1545 2337/1529/1658 1757/1523/1660
f 2190/1010/1258 2191/1763/1617 1905/1113/1871
f 2191/1763/1617 1966/1525/1616 1905/1113/1871
f 1966/1525/1616 1967/1524/1915 1905/1113/1871
f 1905/1113/1871 1906/1762/1615 2190/1010/1258
f 1906/1762/1615 1716/1809/1769 1717/1602/1259
f 1942/1595/1250 1943/1558/1183 1710/1000/1251
f 1943/1558/1183 2346/929/2170 1910/1481/1618
f 1713/1792/1661 1943/1558/1183 1910/1481/1618
f 2346/929/2170 2347/1526/2171 1909/1116/1873
f 1909/1116/1873 1910/1481/1618 2346/929/2170
f 1957/1530/1662 1954/1791/1659 1763/1527/1537
f 1954/1791/1659 2337/1529/1658 1763/1527/1537
f 2337/1529/1658 2334/1528/2164 1763/1527/1537
f 1763/1527/1537 1761/1578/1213 1957/1530/1662
f 1761/1578/1213 1669/1805/1727 1666/1793/1663
f 2222/1593/1245 2223/1768/1625 1700/1779/1639
f 2223/1768/1625 2194/1490/2066 1922/1506/1881
f 2194/1490/2066 2195/1125/2067 1921/1126/1884
f 1921/1126/1884 1922/1506/1881 2194/1490/2066
f 1922/1506/1881 1700/1779/1639 2223/1768/1625
f 1666/1793/1663 1667/963/1729 1600/964/1665
f 1600/964/1665 1628/960/1216 1957/1530/1662
f 1628/960/1216 1956/1815/1908 1957/1530/1662
f 1662/1532/1656 1663/1804/1724 1627/1531/1699
f 1663/1804/1724 1599/962/1686 1627/1531/1699
f 1627/1531/1699 2200/950/1205 1662/1532/1656
f 1659/948/1203 1660/1796/1667 2199/1572/1204
f 1660/1796/1667 1754/1533/1794 2198/1790/1657
f 1754/1533/1794 1755/1534/1795 2269/1520/2118
f 1755/1534/1795 2268/1722/1552 2269/1520/2118
f 2269/1520/2118 2198/1790/1657 1754/1533/1794
f 1654/1596/1252 1655/1472/1668 2309/1597/1253
f 1655/1472/1668 1597/1536/1689 2308/1535/1596
f 1597/1536/1689 1633/1464/1703 2308/1535/1596
f 1652/1462/1594 1653/1573/1206 2307/1748/1595
f 1653/1573/1206 1746/1537/1789 2306/1797/1669
f 1746/1537/1789 1747/1538/1567 2161/1003/2037
f 1747/1538/1567 2160/1730/1566 2161/1003/2037
f 2161/1003/2037 2306/1797/1669 1746/1537/1789
f 1647/940/1195 1648/1565/1192 2034/1798/1670
f 1648/1565/1192 1741/938/1786 2034/1798/1670
f 1741/938/1786 1742/1539/1575 2101/953/2002
f 1742/1539/1575 2100/1735/1574 2101/953/2002
f 2101/953/2002 2034/1798/1670 1741/938/1786
f 1643/1759/1612 1644/1557/1711 1594/1540/1671
f 1594/1540/1671 1624/1542/1681 2251/1541/1611
f 1624/1542/1681 2250/1836/2105 2251/1541/1611
f 2130/1570/1201 2131/1562/1189 1660/1796/1667
f 2131/1562/1189 1989/935/1924 1754/1533/1794
f 1660/1796/1667 2131/1562/1189 1754/1533/1794
f 1989/935/1924 1986/1544/1926 1753/1543/1793
f 1753/1543/1793 1754/1533/1794 1989/935/1924
f 1692/1552/1673 1693/1807/1747 1929/1591/1240
f 1929/1591/1240 1927/1128/1890 2176/1799/1672
f 1927/1128/1890 2129/1129/2018 2126/1545/2019
f 2175/1830/2053 1927/1128/1890 2126/1545/2019
f 2175/1830/2053 2176/1799/1672 1927/1128/1890
f 2174/1780/1640 2175/1830/2053 1924/1489/1886
f 2175/1830/2053 2126/1545/2019 1924/1489/1886
f 2126/1545/2019 2127/1140/2020 1924/1489/1886
f 2127/1140/2020 1923/1141/1887 1924/1489/1886
f 1924/1489/1886 1696/1800/1674 2174/1780/1640
f 1736/1554/1679 1737/1757/1609 2253/1802/1680
f 1737/1757/1609 1767/1547/1677 2253/1802/1680
f 2253/1802/1680 1767/1547/1677 2252/1801/1676
f 1767/1547/1677 1764/1546/1798 2149/1399/2031
f 2149/1399/2031 2146/1476/1675 1767/1547/1677
f 2290/1587/1233 2291/1742/1587 1733/1775/1634
f 2291/1742/1587 2038/1455/1963 1795/1498/1813
f 1733/1775/1634 2291/1742/1587 1795/1498/1813
f 2038/1455/1963 2039/1549/1964 1794/1548/1815
f 1794/1548/1815 1795/1498/1813 2038/1455/1963
f 1685/1600/1256 1682/1513/1645 2328/1550/1648
f 1682/1513/1645 1604/1514/1687 2328/1550/1648
f 1604/1514/1687 1629/1516/1700 2328/1550/1648
f 2110/1760/1613 2111/1764/1620 1708/1560/1185
f 2111/1764/1620 2298/1485/2144 1912/928/1875
f 1708/1560/1185 2111/1764/1620 1912/928/1875
f 2298/1485/2144 2299/1551/2145 1911/1167/1874
f 1911/1167/1874 1912/928/1875 2298/1485/2144
f 2177/1508/2050 1636/1509/1678 2176/1799/1672
f 1636/1509/1678 1606/986/1239 1691/1553/1749
f 1692/1552/1673 1636/1509/1678 1691/1553/1749
f 2250/1836/2105 1624/1542/1681 2253/1802/1680
f 1624/1542/1681 1617/1556/1690 1736/1554/1679
f 1617/1556/1690 1735/1555/1782 1736/1554/1679
f 2084/1737/1579 2085/1023/1989 1638/1024/1682
f 1638/1024/1682 1594/1540/1671 1644/1557/1711
f 1644/1557/1711 1645/1738/1580 1638/1024/1682
f 706/955/698 1618/955/1696 1609/956/1683
f 707/965/708 1619/965/1217 1601/967/1602
f 708/931/674 1620/931/1188 1606/986/1239
f 709/993/736 1621/993/1243 1608/995/1246
f 710/968/711 1622/968/1220 1602/1468/1605
f 711/999/742 1623/999/1697 1611/1492/1684
f 705/1556/1181 1617/1556/1690 1624/1542/1681
f 713/1011/754 1625/1011/1629 1612/1009/1260
f 714/982/725 1626/982/1698 1616/983/1685
f 715/1531/1156 1627/1531/1699 1599/962/1686
f 716/960/703 1628/960/1216 1600/964/1665
f 717/1516/1141 1629/1516/1700 1604/1514/1687
f 718/1013/756 1630/1013/1263 1613/1503/1636
f 719/979/722 1631/979/1701 1614/980/1231
f 720/1511/1136 1632/1511/1702 1605/933/1688
f 721/1464/1089 1633/1464/1703 1597/1536/1689
f 722/1022/765 1634/1022/1704 1617/1556/1690
f 723/942/685 1635/942/1705 1596/944/1199
f 724/1509/1134 1636/1509/1678 1607/992/1642
f 725/973/716 1637/973/1651 1603/974/1691
f 726/1024/767 1638/1024/1682 1595/1025/1276
f 698/1478/1103 727/997/740 1639/997/1692
f 728/1018/761 1640/1018/1269 1615/1020/1694
f 729/946/689 1641/946/1706 1598/947/1695
f 696/995/738 1608/995/1246 1618/955/1696
f 688/964/707 1600/964/1665 1619/965/1217
f 693/933/676 1605/933/1688 1620/931/1188
f 695/992/735 1607/992/1642 1621/993/1243
f 689/967/710 1601/967/1602 1622/968/1220
f 698/1478/1103 1610/1478/1693 1623/999/1697
f 712/1542/1167 1624/1542/1681 1594/1540/1671
f 699/1492/1117 1611/1492/1684 1625/1011/1629
f 714/982/725 703/1020/763 1615/1020/1694
f 686/947/690 1598/947/1695 1627/1531/1699
f 687/962/705 1599/962/1686 1628/960/1216
f 691/974/717 1603/974/1691 1629/1516/1700
f 700/1009/752 1612/1009/1260 1630/1013/1263
f 701/1503/1128 1613/1503/1636 1631/979/1701
f 692/1514/1139 1604/1514/1687 1632/1511/1702
f 684/944/687 1596/944/1199 1633/1464/1703
f 704/983/726 1616/983/1685 1634/1022/1704
f 683/1025/768 1595/1025/1276 1635/942/1705
f 694/986/729 1606/986/1239 1636/1509/1678
f 690/1468/1093 1602/1468/1605 1637/973/1651
f 682/1540/1165 1594/1540/1671 1638/1024/1682
f 697/956/699 1609/956/1683 1639/997/1692
f 702/980/723 1614/980/1231 1640/1018/1269
f 729/946/689 685/1536/1161 1597/1536/1689
f 730/1803/1707 1642/1803/1710 1645/1738/1580
f 731/1759/1709 1643/1759/1612 1642/1803/1710
f 731/1759/1709 732/1557/1182 1644/1557/1711
f 733/1738/1708 1645/1738/1580 1644/1557/1711
f 737/1566/1712 734/941/684 1646/941/1713
f 735/940/683 1647/940/1195 1646/941/1713
f 736/1565/1714 1648/1565/1192 1647/940/1195
f 737/1566/1712 1649/1566/1193 1648/1565/1192
f 738/1574/1715 1650/1574/1207 1653/1573/1206
f 738/1574/1715 739/1463/1088 1651/1463/1717
f 740/1462/1087 1652/1462/1594 1651/1463/1717
f 741/1573/1716 1653/1573/1206 1652/1462/1594
f 742/1596/1718 1654/1596/1252 1657/1564/1191
f 742/1596/1718 743/1472/1097 1655/1472/1668
f 744/1471/1096 1656/1471/1608 1655/1472/1668
f 745/1564/1719 1657/1564/1191 1656/1471/1608
f 749/1571/1720 746/949/692 1658/949/1721
f 747/948/691 1659/948/1203 1658/949/1721
f 748/1796/1722 1660/1796/1667 1659/948/1203
f 749/1571/1720 1661/1571/1202 1660/1796/1667
f 750/1532/1157 1662/1532/1656 1665/1789/1655
f 750/1532/1157 751/1804/1725 1663/1804/1724
f 752/961/704 1664/961/1214 1663/1804/1724
f 753/1789/1723 1665/1789/1655 1664/961/1214
f 754/1793/1726 1666/1793/1663 1669/1805/1727
f 754/1793/1726 755/963/706 1667/963/1729
f 756/1577/1730 1668/1577/1212 1667/963/1729
f 757/1805/1728 1669/1805/1727 1668/1577/1212
f 761/1753/1731 758/966/709 1670/966/1218
f 759/1580/1732 1671/1580/1219 1670/966/1218
f 760/1772/1733 1672/1772/1631 1671/1580/1219
f 761/1753/1731 1673/1753/1601 1672/1772/1631
f 765/1771/1734 762/1517/1142 1674/1517/1649
f 763/1785/1735 1675/1785/1650 1674/1517/1649
f 764/1751/1736 1676/1751/1599 1675/1785/1650
f 765/1771/1734 1677/1771/1630 1676/1751/1599
f 769/1582/1737 766/1515/1140 1678/1515/1225
f 767/1784/1738 1679/1784/1647 1678/1515/1225
f 768/1581/1739 1680/1581/1221 1679/1784/1647
f 769/1582/1737 1681/1582/1222 1680/1581/1221
f 773/1600/1740 770/1513/1138 1682/1513/1645
f 771/1783/1741 1683/1783/1646 1682/1513/1645
f 772/1599/1742 1684/1599/1255 1683/1783/1646
f 773/1600/1740 1685/1600/1256 1684/1599/1255
f 774/1512/1137 1686/1512/1227 1689/1584/1226
f 774/1512/1137 775/1806/1745 1687/1806/1744
f 776/932/675 1688/932/1186 1687/1806/1744
f 777/1584/1743 1689/1584/1226 1688/932/1186
f 778/1590/1746 1690/1590/1238 1693/1807/1747
f 778/1590/1746 779/1553/1178 1691/1553/1749
f 780/1552/1177 1692/1552/1673 1691/1553/1749
f 781/1807/1748 1693/1807/1747 1692/1552/1673
f 785/1781/1750 782/991/734 1694/991/1241
f 783/1592/1751 1695/1592/1242 1694/991/1241
f 784/1800/1752 1696/1800/1674 1695/1592/1242
f 785/1781/1750 1697/1781/1641 1696/1800/1674
f 789/1794/1753 786/1488/1113 1698/1488/1754
f 787/1487/1112 1699/1487/1623 1698/1488/1754
f 788/1779/1755 1700/1779/1639 1699/1487/1623
f 789/1794/1753 1701/1794/1664 1700/1779/1639
f 793/1788/1756 790/996/739 1702/996/1210
f 791/1594/1757 1703/1594/1247 1702/996/1210
f 792/1766/1758 1704/1766/1622 1703/1594/1247
f 793/1788/1756 1705/1788/1654 1704/1766/1622
f 797/1761/1759 794/1483/1108 1706/1483/1760
f 795/1482/1107 1707/1482/1619 1706/1483/1760
f 796/1560/1761 1708/1560/1185 1707/1482/1619
f 797/1761/1759 1709/1761/1614 1708/1560/1185
f 798/1000/743 1710/1000/1251 1713/1792/1661
f 798/1000/743 799/1808/1764 1711/1808/1763
f 800/1491/1116 1712/1491/1627 1711/1808/1763
f 801/1792/1762 1713/1792/1661 1712/1491/1627
f 805/1602/1765 802/1012/755 1714/1012/1766
f 803/1603/1767 1715/1603/1261 1714/1012/1766
f 804/1809/1768 1716/1809/1769 1715/1603/1261
f 805/1602/1765 1717/1602/1259 1716/1809/1769
f 809/1606/1770 806/1461/1086 1718/1461/1771
f 807/1460/1085 1719/1460/1592 1718/1461/1771
f 808/1605/1772 1720/1605/1264 1719/1460/1592
f 809/1606/1770 1721/1606/1265 1720/1605/1264
f 813/1777/1773 810/1017/760 1722/1017/1267
f 811/1608/1774 1723/1608/1268 1722/1017/1267
f 812/1746/1775 1724/1746/1591 1723/1608/1268
f 813/1777/1773 1725/1777/1637 1724/1746/1591
f 814/1773/1776 1726/1773/1632 1729/1743/1588
f 814/1773/1776 815/985/728 1727/985/1272
f 816/984/727 1728/984/1235 1727/985/1272
f 817/1743/1777 1729/1743/1588 1728/984/1235
f 818/1588/1778 1730/1588/1234 1733/1775/1634
f 818/1588/1778 819/1021/764 1731/1021/1273
f 820/1610/1780 1732/1610/1274 1731/1021/1273
f 821/1775/1779 1733/1775/1634 1732/1610/1274
f 822/1453/1078 1734/1453/1586 1737/1757/1609
f 822/1453/1078 823/1555/1180 1735/1555/1782
f 824/1554/1179 1736/1554/1679 1735/1555/1782
f 825/1757/1781 1737/1757/1609 1736/1554/1679
f 826/1448/1074 1738/1448/1584 1740/1739/1581
f 827/1451/1076 1739/1451/1784 1738/1448/1584
f 828/1739/1783 1740/1739/1581 1739/1451/1784
f 832/1733/1785 829/938/681 1741/938/1786
f 830/1539/1164 1742/1539/1575 1741/938/1786
f 831/1732/1787 1743/1732/1570 1742/1539/1575
f 832/1733/1785 1744/1733/1571 1743/1732/1570
f 833/951/694 1745/951/1563 1748/1728/1562
f 834/1537/1162 1746/1537/1789 1745/951/1563
f 835/1538/1163 1747/1538/1567 1746/1537/1789
f 836/1728/1788 1748/1728/1562 1747/1538/1567
f 837/1001/744 1749/1001/1556 1752/1724/1555
f 838/934/677 1750/934/1791 1749/1001/1556
f 839/936/679 1751/936/1792 1750/934/1791
f 840/1724/1790 1752/1724/1555 1751/936/1792
f 841/1543/1168 1753/1543/1793 1756/1414/1549
f 842/1533/1158 1754/1533/1794 1753/1543/1793
f 843/1534/1159 1755/1534/1795 1754/1533/1794
f 844/1414/1052 1756/1414/1549 1755/1534/1795
f 848/1518/1143 845/1523/1148 1757/1523/1660
f 846/1522/1147 1758/1522/1796 1757/1523/1660
f 847/1405/1045 1759/1405/1542 1758/1522/1796
f 848/1518/1143 1760/1518/1543 1759/1405/1542
f 849/1578/1797 1761/1578/1213 1763/1527/1537
f 850/959/702 1762/959/1536 1761/1578/1213
f 851/1527/1152 1763/1527/1537 1762/959/1536
f 852/1546/1171 1764/1546/1798 1767/1547/1677
f 853/1398/1040 1765/1398/1568 1764/1546/1798
f 854/1437/1066 1766/1437/1799 1765/1398/1568
f 854/1437/1066 855/1547/1172 1767/1547/1677
f 856/1387/1035 1768/1387/1279 1771/1388/1800
f 857/1028/771 1769/1810/1801 1768/1387/1279
f 858/1426/1060 1770/1426/1523 1769/1810/1801
f 859/1388/1036 1771/1388/1800 1770/1426/1523
f 860/1369/1022 1772/1369/1531 1775/1718/1530
f 860/1369/1022 861/1031/774 1773/1031/1803
f 862/1030/773 1774/1030/1526 1773/1031/1803
f 863/1718/1802 1775/1718/1530 1774/1030/1526
f 864/1372/1025 1776/1372/1484 1779/1723/1553
f 864/1372/1025 865/1033/776 1777/1033/1805
f 866/1032/775 1778/1032/1295 1777/1033/1805
f 867/1723/1804 1779/1723/1553 1778/1032/1295
f 868/1710/1806 1780/1710/1511 1783/1362/1510
f 869/1036/779 1781/1036/1284 1780/1710/1511
f 870/1035/778 1782/1035/1807 1781/1036/1284
f 871/1362/1016 1783/1362/1510 1782/1035/1807
f 872/1706/1808 1784/1706/1505 1787/1705/1504
f 873/1039/781 1785/1039/1285 1784/1706/1505
f 874/1038/780 1786/1038/1534 1785/1039/1285
f 874/1038/780 875/1353/1011 1787/1705/1504
f 879/1811/1809 876/1495/1120 1788/1495/1810
f 877/1043/784 1789/1043/1812 1788/1495/1810
f 878/1342/1003 1790/1342/1286 1789/1043/1812
f 879/1811/1809 1791/1811/1811 1790/1342/1286
f 880/1499/1124 1792/1499/1814 1795/1498/1813
f 881/1346/1007 1793/1346/1527 1792/1499/1814
f 882/1548/1173 1794/1548/1815 1793/1346/1527
f 883/1498/1123 1795/1498/1813 1794/1548/1815
f 884/1328/994 1796/1328/1491 1799/1339/1816
f 885/1694/1817 1797/1694/1483 1796/1328/1491
f 886/1045/786 1798/1045/1492 1797/1694/1483
f 887/1339/1000 1799/1339/1816 1798/1045/1492
f 888/1376/1029 1800/1376/1292 1803/1377/1818
f 889/1049/789 1801/1049/1819 1800/1376/1292
f 890/1366/1020 1802/1366/1477 1801/1049/1819
f 891/1377/1030 1803/1377/1818 1802/1366/1477
f 892/1310/980 1804/1310/1486 1807/1695/1485
f 893/1051/791 1805/1051/1293 1804/1310/1486
f 894/1050/790 1806/1050/1821 1805/1051/1293
f 895/1695/1820 1807/1695/1485 1806/1050/1821
f 896/1709/1822 1808/1709/1509 1811/1708/1508
f 897/1054/793 1809/1054/1294 1808/1709/1509
f 898/1053/792 1810/1053/1502 1809/1054/1294
f 899/1359/1015 1811/1708/1508 1810/1053/1502
f 900/1304/976 1812/1304/1461 1815/1303/1823
f 901/1621/1824 1813/1621/1296 1812/1304/1461
f 902/1057/795 1814/1057/1495 1813/1621/1296
f 903/1303/975 1815/1303/1823 1814/1057/1495
f 904/1295/969 1816/1295/1455 1819/1294/1825
f 905/1493/1118 1817/1493/1826 1816/1295/1455
f 906/1465/1090 1818/1465/1827 1817/1493/1826
f 907/1294/968 1819/1294/1825 1818/1465/1827
f 908/1060/797 1820/1060/1829 1823/1456/1828
f 909/1496/1121 1821/1496/1830 1820/1060/1829
f 910/1454/1079 1822/1454/1831 1821/1496/1830
f 911/1456/1081 1823/1456/1828 1822/1454/1831
f 912/1812/1832 1824/1812/1833 1827/1693/1481
f 913/1277/890 1825/1277/1382 1824/1812/1833
f 914/1325/992 1826/1325/1444 1825/1277/1382
f 915/1693/1024 1827/1693/1481 1826/1325/1444
f 916/1278/957 1828/1278/1451 1831/1289/1834
f 917/1679/1835 1829/1679/1445 1828/1278/1451
f 918/1066/802 1830/1066/1473 1829/1679/1445
f 919/1289/965 1831/1289/1834 1830/1066/1473
f 920/1266/783 1832/1266/1343 1835/1267/1288
f 921/1070/777 1833/1070/1280 1832/1266/1343
f 922/1307/769 1834/1307/1281 1833/1070/1280
f 923/1267/804 1835/1267/1288 1834/1307/1281
f 924/1260/945 1836/1260/1437 1839/1300/1836
f 925/1622/1837 1837/1622/1305 1836/1260/1437
f 926/1072/806 1838/1072/1459 1837/1622/1305
f 927/1300/973 1839/1300/1836 1838/1072/1459
f 928/1251/938 1840/1251/1429 1843/1292/1332
f 929/1623/1013 1841/1623/1307 1840/1251/1429
f 929/1623/1013 930/1075/808 1842/1075/1454
f 931/1292/967 1843/1292/1332 1842/1075/1454
f 932/1469/1094 1844/1469/1839 1847/969/1838
f 933/1470/1095 1845/1470/1840 1844/1469/1839
f 934/1240/931 1846/1240/1308 1845/1470/1840
f 935/969/712 1847/969/1838 1846/1240/1308
f 936/1243/934 1848/1243/1425 1851/1459/1841
f 937/1504/1129 1849/1504/1842 1848/1243/1425
f 938/1457/1082 1850/1457/1843 1849/1504/1842
f 939/1459/1084 1851/1459/1841 1850/1457/1843
f 940/1232/928 1852/1232/1312 1855/1666/1418
f 941/1224/921 1853/1224/1845 1852/1232/1312
f 942/1272/953 1854/1272/1410 1853/1224/1845
f 943/1666/1844 1855/1666/1418 1854/1272/1410
f 944/1213/913 1856/1213/1419 1859/1236/1846
f 945/1084/814 1857/1084/1315 1856/1213/1419
f 946/1083/813 1858/1083/1847 1857/1084/1315
f 947/1236/929 1859/1236/1846 1858/1083/1847
f 948/1264/949 1860/1264/1318 1863/1265/1848
f 949/1206/907 1861/1206/1398 1860/1264/1318
f 950/1658/1849 1862/1658/1399 1861/1206/1398
f 951/1265/950 1863/1265/1848 1862/1658/1399
f 952/1195/899 1864/1195/1407 1867/1662/1406
f 953/1655/1851 1865/1655/1393 1864/1195/1407
f 954/1090/818 1866/1090/1400 1865/1655/1393
f 955/1662/1850 1867/1662/1406 1866/1090/1400
f 956/1198/902 1868/1198/1428 1871/1239/1852
f 957/1656/1853 1869/1656/1395 1868/1198/1428
f 958/1093/821 1870/1093/1421 1869/1656/1395
f 959/1239/930 1871/1239/1852 1870/1093/1421
f 960/1004/747 1872/1004/1854 1875/1006/1388
f 961/1005/748 1873/1005/1855 1872/1004/1854
f 962/1186/892 1874/1186/1325 1873/1005/1855
f 963/1006/749 1875/1006/1388 1874/1186/1325
f 964/1190/895 1876/1190/1416 1879/1501/1390
f 965/1813/1856 1877/1813/1858 1876/1190/1416
f 965/1813/1856 966/1015/758 1878/1015/1857
f 967/1501/1126 1879/1501/1390 1878/1015/1857
f 968/1177/886 1880/1177/1859 1883/1178/1381
f 969/1100/825 1881/1100/1860 1880/1177/1859
f 970/1219/917 1882/1219/1326 1881/1100/1860
f 970/1219/917 971/1178/887 1883/1178/1381
f 972/1169/881 1884/1169/1861 1887/1170/1375
f 973/1162/876 1885/1162/1370 1884/1169/1861
f 974/1646/1862 1886/1646/1371 1885/1162/1370
f 975/1170/882 1887/1170/1375 1886/1646/1371
f 976/1651/920 1888/1651/1377 1891/1650/1376
f 977/1106/831 1889/1106/1864 1888/1651/1377
f 978/1105/830 1890/1105/1335 1889/1106/1864
f 978/1105/830 979/1650/1863 1891/1650/1376
f 980/1202/905 1892/1202/1334 1895/1203/1865
f 981/1640/1866 1893/1640/1354 1892/1202/1334
f 982/1192/896 1894/1192/1355 1893/1640/1354
f 983/1203/906 1895/1203/1865 1894/1192/1355
f 984/1134/856 1896/1134/1365 1899/1644/1364
f 984/1134/856 985/1638/1868 1897/1638/1349
f 986/1111/835 1898/1111/1357 1897/1638/1349
f 987/1644/1867 1899/1644/1364 1898/1111/1357
f 988/1137/859 1900/1137/1387 1903/1445/1869
f 989/975/718 1901/975/1351 1900/1137/1387
f 989/975/718 990/1446/1072 1902/1446/1578
f 991/1445/1071 1903/1445/1869 1902/1446/1578
f 992/1114/838 1904/1114/1338 1906/1762/1615
f 993/1113/837 1905/1113/1871 1904/1114/1338
f 994/1762/1870 1906/1762/1615 1905/1113/1871
f 995/1480/1105 1907/1480/1872 1910/1481/1618
f 996/1117/840 1908/1117/1339 1907/1480/1872
f 997/1116/839 1909/1116/1873 1908/1117/1339
f 997/1116/839 998/1481/1106 1910/1481/1618
f 999/1167/879 1911/1167/1874 1914/1168/1374
f 1000/928/671 1912/928/1875 1911/1167/1874
f 1001/930/673 1913/930/1876 1912/928/1875
f 1001/930/673 1002/1168/880 1914/1168/1374
f 1003/1120/842 1915/1120/1878 1918/1121/1877
f 1004/1484/1109 1916/1484/1879 1915/1120/1878
f 1005/1486/1111 1917/1486/1880 1916/1484/1879
f 1006/1121/843 1918/1121/1877 1917/1486/1880
f 1007/1122/844 1919/1122/1882 1922/1506/1881
f 1008/1127/849 1920/1127/1883 1919/1122/1882
f 1009/1126/848 1921/1126/1884 1920/1127/1883
f 1010/1506/1131 1922/1506/1881 1921/1126/1884
f 1011/1141/862 1923/1141/1887 1926/1142/1885
f 1011/1141/862 1012/1489/1114 1924/1489/1886
f 1013/1131/853 1925/1131/1888 1924/1489/1886
f 1014/1142/863 1926/1142/1885 1925/1131/1888
f 1015/1128/850 1927/1128/1890 1929/1591/1240
f 1016/988/731 1928/988/1345 1927/1128/1890
f 1017/1591/1889 1929/1591/1240 1928/988/1345
f 1018/1749/1891 1930/1749/1597 1933/1583/1223
f 1019/1750/1893 1931/1750/1598 1930/1749/1597
f 1019/1750/1893 1020/972/715 1932/972/1224
f 1021/1583/1892 1933/1583/1223 1932/972/1224
f 1022/1329/995 1934/1329/1489 1937/1702/1500
f 1023/1337/999 1935/1337/1895 1934/1329/1489
f 1024/1345/1006 1936/1345/1528 1935/1337/1895
f 1025/1702/1894 1937/1702/1500 1936/1345/1528
f 1026/1438/1067 1938/1438/1561 1941/1727/1560
f 1027/1443/1069 1939/1443/1897 1938/1438/1561
f 1028/1442/1068 1940/1442/1529 1939/1443/1897
f 1029/1727/1896 1941/1727/1560 1940/1442/1529
f 1030/1595/1898 1942/1595/1250 1945/998/1249
f 1030/1595/1898 1031/1558/1900 1943/1558/1183
f 1032/1559/1899 1944/1559/1184 1943/1558/1183
f 1032/1559/1899 1033/998/741 1945/998/1249
f 1034/970/713 1946/970/1423 1949/971/1901
f 1035/1241/932 1947/1241/1424 1946/970/1423
f 1036/1814/1902 1948/1814/1903 1947/1241/1424
f 1037/971/714 1949/971/1901 1948/1814/1903
f 1038/1154/872 1950/1154/1348 1953/1637/1347
f 1039/1148/866 1951/1148/1905 1950/1154/1348
f 1040/1147/865 1952/1147/1353 1951/1148/1905
f 1041/1637/1904 1953/1637/1347 1952/1147/1353
f 1042/1791/1906 1954/1791/1659 1957/1530/1662
f 1043/1579/1907 1955/1579/1215 1954/1791/1659
f 1043/1579/1907 1044/1815/1909 1956/1815/1908
f 1045/1530/1155 1957/1530/1662 1956/1815/1908
f 1046/1216/916 1958/1216/1392 1961/1654/1391
f 1047/1209/909 1959/1209/1911 1958/1216/1392
f 1048/1208/908 1960/1208/1397 1959/1209/1911
f 1049/1654/1910 1961/1654/1391 1960/1208/1397
f 1050/1671/944 1962/1671/1394 1965/1256/1912
f 1051/1271/952 1963/1271/1913 1962/1671/1394
f 1052/1270/951 1964/1270/1440 1963/1271/1913
f 1053/1256/943 1965/1256/1912 1964/1270/1440
f 1054/1525/1150 1966/1525/1616 1969/1174/1914
f 1055/1524/1149 1967/1524/1915 1966/1525/1616
f 1056/1175/884 1968/1175/1379 1967/1524/1915
f 1057/1174/883 1969/1174/1914 1968/1175/1379
f 1058/1014/757 1970/1014/1917 1973/1479/1916
f 1059/1016/759 1971/1016/1417 1970/1014/1917
f 1060/1229/925 1972/1229/1337 1971/1016/1417
f 1061/1479/1104 1973/1479/1916 1972/1229/1337
f 1065/1284/961 1062/1279/958 1974/1279/1452
f 1063/1064/800 1975/1064/1299 1974/1279/1452
f 1064/1285/962 1976/1285/1300 1975/1064/1299
f 1065/1284/961 1977/1284/1450 1976/1285/1300
f 1066/1079/810 1978/1079/1309 1981/1816/1918
f 1067/1817/1920 1979/1817/1921 1978/1079/1309
f 1068/1074/807 1980/1074/1453 1979/1817/1921
f 1069/1816/1919 1981/1816/1918 1980/1074/1453
f 1070/1389/1037 1982/1389/1516 1985/1712/1515
f 1071/1383/1033 1983/1383/1923 1982/1389/1516
f 1072/1382/1032 1984/1382/1520 1983/1383/1923
f 1073/1712/1922 1985/1712/1515 1984/1382/1520
f 1074/1544/1169 1986/1544/1926 1989/935/1924
f 1075/1725/1925 1987/1725/1558 1986/1544/1926
f 1076/1726/1927 1988/1726/1559 1987/1725/1558
f 1077/935/678 1989/935/1924 1988/1726/1559
f 1078/1296/970 1990/1296/1456 1993/1682/1458
f 1079/1341/1002 1991/1341/1929 1990/1296/1456
f 1080/1056/794 1992/1056/1494 1991/1341/1929
f 1081/1682/1928 1993/1682/1458 1992/1056/1494
f 1085/1754/1930 1082/1786/1932 1994/1786/1652
f 1083/1787/1931 1995/1787/1653 1994/1786/1652
f 1083/1787/1931 1084/1467/1092 1996/1467/1603
f 1085/1754/1930 1997/1754/1604 1996/1467/1603
f 1086/1354/1012 1998/1354/1933 2001/1355/1307
f 1087/1402/1044 1999/1402/1539 1998/1354/1933
f 1088/1721/1934 2000/1721/1540 1999/1402/1539
f 1089/1355/1013 2001/1355/1307 2000/1721/1540
f 1090/1007/750 2002/1007/1936 2005/1008/1935
f 1091/1077/809 2003/1077/1310 2002/1007/1936
f 1092/1818/1937 2004/1818/1938 2003/1077/1310
f 1093/1008/751 2005/1008/1935 2004/1818/1938
f 1094/1741/1939 2006/1741/1585 2009/1452/1275
f 1095/1758/1940 2007/1758/1610 2006/1741/1585
f 1096/1774/1941 2008/1774/1633 2007/1758/1610
f 1096/1774/1941 1097/1452/1077 2009/1452/1275
f 1098/1344/1005 2010/1344/1944 2013/957/1942
f 1099/1700/1943 2011/1700/1497 2010/1344/1944
f 1100/958/701 2012/958/1945 2011/1700/1497
f 1101/957/700 2013/957/1942 2012/958/1945
f 1102/1331/996 2014/1331/1466 2017/1687/1465
f 1103/1323/990 2015/1323/1480 2014/1331/1466
f 1104/1322/788 2016/1322/1302 2015/1323/1480
f 1105/1687/1946 2017/1687/1465 2016/1322/1302
f 1106/1152/870 2018/1152/1947 2021/1153/1363
f 1107/1103/828 2019/1103/1328 2018/1152/1947
f 1108/1629/1948 2020/1629/1329 2019/1103/1328
f 1109/1153/871 2021/1153/1363 2020/1629/1329
f 1110/1507/1132 2022/1507/1950 2025/1123/1949
f 1111/1119/841 2023/1119/1951 2022/1507/1950
f 1112/1124/846 2024/1124/1952 2023/1119/1951
f 1113/1123/845 2025/1123/1949 2024/1124/1952
f 1114/1214/914 2026/1214/1420 2029/1661/1405
f 1115/1082/812 2027/1082/1954 2026/1214/1420
f 1116/1231/927 2028/1231/1311 2027/1082/1954
f 1117/1661/1953 2029/1661/1405 2028/1231/1311
f 1118/1642/1955 2030/1642/1360 2033/1641/1359
f 1119/1165/878 2031/1165/1957 2030/1642/1360
f 1120/1164/877 2032/1164/1340 2031/1165/1957
f 1121/1641/1956 2033/1641/1359 2032/1164/1340
f 1122/1798/1958 2034/1798/1670 2037/1569/1198
f 1123/1568/1960 2035/1568/1196 2034/1798/1670
f 1123/1568/1960 1124/943/686 2036/943/1197
f 1125/1569/1959 2037/1569/1198 2036/943/1197
f 1126/1455/1080 2038/1455/1963 2041/1819/1961
f 1127/1549/1174 2039/1549/1964 2038/1455/1963
f 1128/1061/798 2040/1061/1297 2039/1549/1964
f 1129/1819/1962 2041/1819/1961 2040/1061/1297
f 1130/1736/1965 2042/1736/1577 2045/987/1237
f 1131/1561/1966 2043/1561/1187 2042/1736/1577
f 1131/1561/1966 1132/1820/1968 2044/1820/1967
f 1133/987/730 2045/987/1237 2044/1820/1967
f 1134/939/682 2046/939/1572 2049/937/1969
f 1135/1740/1970 2047/1740/1582 2046/939/1572
f 1136/1447/1073 2048/1447/1583 2047/1740/1582
f 1137/937/680 2049/937/1969 2048/1447/1583
f 1138/1370/1023 2050/1370/1532 2053/1371/1481
f 1139/1611/1971 2051/1611/1277 2050/1370/1532
f 1140/1386/1034 2052/1386/1278 2051/1611/1277
f 1141/1371/1024 2053/1371/1481 2052/1386/1278
f 1142/1782/1972 2054/1782/1644 2057/1510/1643
f 1143/1585/1973 2055/1585/1228 2054/1782/1644
f 1144/1598/1974 2056/1598/1254 2055/1585/1228
f 1144/1598/1974 1145/1510/1135 2057/1510/1643
f 1146/1311/981 2058/1311/1487 2061/1312/1975
f 1147/1618/987 2059/1618/1290 2058/1311/1487
f 1148/1375/1028 2060/1375/1291 2059/1618/1290
f 1149/1312/982 2061/1312/1975 2060/1375/1291
f 1150/1660/1976 2062/1660/1402 2065/1212/1977
f 1151/1226/923 2063/1226/1414 2062/1660/1402
f 1152/1225/922 2064/1225/1978 2063/1226/1414
f 1153/1212/912 2065/1212/1977 2064/1225/1978
f 1154/1138/860 2066/1138/1385 2069/1632/1336
f 1155/1821/1980 2067/1821/1981 2066/1138/1385
f 1156/1110/834 2068/1110/1358 2067/1821/1981
f 1157/1632/1979 2069/1632/1336 2068/1110/1358
f 1158/1199/903 2070/1199/1426 2073/1626/1320
f 1159/1822/1983 2071/1822/1984 2070/1199/1426
f 1160/1089/817 2072/1659/1401 2071/1822/1984
f 1161/1626/1982 2073/1626/1320 2072/1659/1401
f 1162/1645/1985 2074/1645/1368 2077/1159/1367
f 1163/1102/827 2075/1102/1330 2074/1645/1368
f 1164/1101/826 2076/1101/1986 2075/1102/1330
f 1165/1159/875 2077/1159/1367 2076/1101/1986
f 1166/1261/946 2078/1261/1435 2081/1674/1439
f 1167/1823/991 2079/1823/1478 2078/1261/1435
f 1168/1677/1987 2080/1677/1441 2079/1823/1478
f 1169/1674/901 2081/1674/1439 2080/1677/1441
f 1170/1567/1988 2082/1567/1194 2085/1023/1989
f 1171/1824/1990 2083/1824/1991 2082/1567/1194
f 1171/1824/1990 1172/1737/1992 2084/1737/1579
f 1173/1023/766 2085/1023/1989 2084/1737/1579
f 1174/1275/956 2086/1275/1442 2089/1274/1993
f 1175/1825/1994 2087/1825/1995 2086/1275/1442
f 1176/1063/799 2088/1063/1301 2087/1825/1995
f 1177/1274/955 2089/1274/1993 2088/1063/1301
f 1178/1474/1099 2090/1474/1997 2093/1347/1996
f 1179/1473/1098 2091/1473/1998 2090/1474/1997
f 1180/1436/1065 2092/1436/1499 2091/1473/1998
f 1181/1347/1008 2093/1347/1996 2092/1436/1499
f 1182/1336/998 2094/1336/1482 2097/1826/1999
f 1183/1697/2001 2095/1697/1490 2094/1336/1482
f 1184/1286/963 2096/1286/1449 2095/1697/1490
f 1185/1826/2000 2097/1826/1999 2096/1286/1449
f 1186/952/695 2098/952/1564 2101/953/2002
f 1187/1734/2003 2099/1734/1573 2098/952/1564
f 1188/1735/2004 2100/1735/1574 2099/1734/1573
f 1189/953/696 2101/953/2002 2100/1735/1574
f 1190/1313/983 2102/1313/2005 2105/1314/1471
f 1191/1324/991 2103/1324/1478 2102/1313/2005
f 1192/1692/2006 2104/1692/1479 2103/1324/1478
f 1193/1314/984 2105/1314/1471 2104/1692/1479
f 1194/1373/1026 2106/1373/1554 2109/1374/2007
f 1195/1716/2008 2107/1716/1524 2106/1373/1554
f 1196/1029/772 2108/1029/1525 2107/1716/1524
f 1197/1374/1027 2109/1374/2007 2108/1029/1525
f 1198/1760/2009 2110/1760/1613 2113/1477/1248
f 1199/1764/2010 2111/1764/1620 2110/1760/1613
f 1200/1765/2011 2112/1765/1621 2111/1764/1620
f 1200/1765/2011 1201/1477/1102 2113/1477/1248
f 1202/1222/920 2114/1222/1377 2117/1221/2012
f 1203/1624/2013 2115/1624/1313 2114/1222/1377
f 1204/1081/811 2116/1081/1380 2115/1624/1313
f 1204/1081/811 1205/1221/919 2117/1221/2012
f 1206/1609/2014 2118/1609/1271 2121/1019/1270
f 1207/1744/2015 2119/1744/1589 2118/1609/1271
f 1208/1745/2016 2120/1745/1590 2119/1744/1589
f 1208/1745/2016 1209/1019/762 2121/1019/1270
f 1210/1135/857 2122/1135/1366 2125/1136/2017
f 1211/1631/967 2123/1631/1332 2122/1135/1366
f 1212/1201/904 2124/1201/1333 2123/1631/1332
f 1213/1136/858 2125/1136/2017 2124/1201/1333
f 1214/1545/1170 2126/1545/2019 2129/1129/2018
f 1215/1140/861 2127/1140/2020 2126/1545/2019
f 1216/1130/852 2128/1130/2021 2127/1140/2020
f 1217/1129/851 2129/1129/2018 2128/1130/2021
f 1218/1570/2022 2130/1570/1201 2133/945/1200
f 1219/1562/2023 2131/1562/1189 2130/1570/1201
f 1220/1563/2024 2132/1563/1190 2131/1562/1189
f 1220/1563/2024 1221/945/688 2133/945/1200
f 1222/1652/2025 2134/1652/1378 2137/1176/2026
f 1223/1181/889 2135/1181/1384 2134/1652/1378
f 1224/1180/888 2136/1180/2027 2135/1181/1384
f 1225/1176/885 2137/1176/2026 2136/1180/2027
f 1226/1196/900 2138/1196/1408 2141/1197/1439
f 1227/1625/2028 2139/1625/1316 2138/1196/1408
f 1228/1263/948 2140/1263/1317 2139/1625/1316
f 1229/1197/901 2141/1197/1439 2140/1263/1317
f 1230/1308/979 2142/1308/1303 2145/1827/2029
f 1231/1318/987 2143/1318/1290 2142/1308/1303
f 1232/1065/801 2144/1065/1472 2143/1318/1290
f 1233/1827/2030 2145/1827/2029 2144/1065/1472
f 1234/1476/1101 2146/1476/1675 2149/1399/2031
f 1235/1475/1100 2147/1475/2032 2146/1476/1675
f 1236/1450/1075 2148/1450/1538 2147/1475/2032
f 1237/1399/1041 2149/1399/2031 2148/1450/1538
f 1238/1378/1025 2150/1378/1484 2153/1046/2033
f 1239/1715/2034 2151/1715/1522 2150/1378/1484
f 1240/1027/770 2152/1027/1289 2151/1715/1522
f 1241/1046/787 2153/1046/2033 2152/1027/1289
f 1242/1319/988 2154/1319/1446 2157/1067/2035
f 1243/1691/2036 2155/1691/1476 2154/1319/1446
f 1244/1048/788 2156/1048/1302 2155/1691/1476
f 1245/1067/803 2157/1067/2035 2156/1048/1302
f 1246/1002/745 2158/1002/1557 2161/1003/2037
f 1247/1729/2038 2159/1729/1565 2158/1002/1557
f 1248/1730/2039 2160/1730/1566 2159/1729/1565
f 1249/1003/746 2161/1003/2037 2160/1730/1566
f 1250/1305/977 2162/1305/1462 2165/1686/1464
f 1251/1350/1010 2163/1350/2042 2162/1305/1462
f 1252/1703/2041 2164/1703/1501 2163/1350/2042
f 1253/1686/2040 2165/1686/1464 2164/1703/1501
f 1254/1363/1017 2166/1363/2043 2169/1364/1514
f 1255/1411/1051 2167/1411/1547 2166/1363/2043
f 1256/1828/2044 2168/1828/2045 2167/1411/1547
f 1257/1364/1018 2169/1364/1514 2168/1828/2045
f 1258/1500/1125 2170/1500/2048 2173/1829/2046
f 1259/1505/1130 2171/1505/1448 2170/1500/2048
f 1260/1282/959 2172/1282/1389 2171/1505/1448
f 1261/1829/2047 2173/1829/2046 2172/1282/1389
f 1262/1780/2049 2174/1780/1640 2177/1508/2050
f 1263/1830/2051 2175/1830/2053 2174/1780/1640
f 1264/1799/2052 2176/1799/1672 2175/1830/2053
f 1264/1799/2052 1265/1508/1133 2177/1508/2050
f 1266/1707/2054 2178/1707/1507 2181/1356/1506
f 1267/1407/1047 2179/1407/1546 2178/1707/1507
f 1268/1406/1046 2180/1406/2055 2179/1407/1546
f 1269/1356/1014 2181/1356/1506 2180/1406/2055
f 1270/1586/2056 2182/1586/1230 2185/978/1229
f 1271/1776/2057 2183/1776/1635 2182/1586/1230
f 1272/1747/2058 2184/1747/1593 2183/1776/1635
f 1272/1747/2058 1273/978/721 2185/978/1229
f 1274/1193/897 2186/1193/1356 2189/1194/2059
f 1275/1647/2060 2187/1647/1372 2186/1193/1356
f 1276/1104/829 2188/1104/1373 2187/1647/1372
f 1277/1194/898 2189/1194/2059 2188/1104/1373
f 1278/1010/753 2190/1010/1258 2193/1831/2061
f 1279/1763/2063 2191/1763/1617 2190/1010/1258
f 1280/1770/2064 2192/1770/1628 2191/1763/1617
f 1280/1770/2064 1281/1831/2062 2193/1831/2061
f 1282/1490/1115 2194/1490/2066 2197/1132/2065
f 1283/1125/847 2195/1125/2067 2194/1490/2066
f 1284/1133/855 2196/1133/2068 2195/1125/2067
f 1285/1132/854 2197/1132/2065 2196/1133/2068
f 1286/1790/2069 2198/1790/1657 2201/1795/1666
f 1287/1572/2071 2199/1572/1204 2198/1790/1657
f 1287/1572/2071 1288/950/693 2200/950/1205
f 1289/1795/2070 2201/1795/1666 2200/950/1205
f 1290/1254/941 2202/1254/2072 2205/1255/1434
f 1291/1227/924 2203/1227/1412 2202/1254/2072
f 1292/1665/2073 2204/1665/1413 2203/1227/1412
f 1293/1255/942 2205/1255/1434 2204/1665/1413
f 1294/1297/971 2206/1297/2075 2209/1494/2074
f 1295/1041/782 2207/1041/1457 2206/1297/2075
f 1296/1832/2076 2208/1832/2077 2207/1041/1457
f 1297/1494/1119 2209/1494/2074 2208/1832/2077
f 1298/1427/1061 2210/1427/1521 2213/1833/2078
f 1299/1380/1031 2211/1380/2080 2210/1427/1521
f 1300/1397/1039 2212/1397/1569 2211/1380/2080
f 1301/1833/2079 2213/1833/2078 2212/1397/1569
f 1302/1367/1021 2214/1367/1475 2217/1834/2081
f 1303/1321/989 2215/1321/2083 2214/1367/1475
f 1304/1044/785 2216/1044/1493 2215/1321/2083
f 1305/1834/2082 2217/1834/2081 2216/1044/1493
f 1306/1429/1062 2218/1429/1518 2221/1713/1517
f 1307/1434/1064 2219/1434/2085 2218/1429/1518
f 1308/1433/1063 2220/1433/1282 2219/1434/2085
f 1309/1713/2084 2221/1713/1517 2220/1433/1282
f 1310/1593/2086 2222/1593/1245 2225/994/1244
f 1311/1768/2087 2223/1768/1625 2222/1593/1245
f 1312/1769/2088 2224/1769/1626 2223/1768/1625
f 1312/1769/2088 1313/994/737 2225/994/1244
f 1314/1143/864 2226/1143/1342 2229/1635/1341
f 1315/1109/833 2227/1109/2090 2226/1143/1342
f 1316/1108/832 2228/1108/1344 2227/1109/2090
f 1317/1635/2089 2229/1635/1341 2228/1108/1344
f 1318/1607/2091 2230/1607/1266 2233/1502/2092
f 1319/1835/2093 2231/1835/2095 2230/1607/1266
f 1320/1604/2094 2232/1604/1262 2231/1835/2095
f 1320/1604/2094 1321/1502/1127 2233/1502/2092
f 1322/1643/2096 2234/1643/1362 2237/1151/1361
f 1322/1643/2096 1323/1088/816 2235/1088/2097
f 1324/1087/815 2236/1087/1331 2235/1088/2097
f 1325/1151/869 2237/1151/1361 2236/1087/1331
f 1326/1287/964 2238/1287/1404 2241/1215/2098
f 1327/1690/2099 2239/1690/1474 2238/1287/1404
f 1328/1317/986 2240/1317/1314 2239/1690/1474
f 1329/1215/915 2241/1215/2098 2240/1317/1314
f 1330/1187/893 2242/1187/1323 2245/1627/1322
f 1331/1097/824 2243/1097/2101 2242/1187/1323
f 1332/1092/820 2244/1092/1422 2243/1097/2101
f 1333/1627/2100 2245/1627/1322 2244/1092/1422
f 1334/1252/939 2246/1252/1430 2249/1670/1433
f 1335/1250/937 2247/1250/2103 2246/1252/1430
f 1335/1250/937 1336/1071/805 2248/1071/1460
f 1337/1670/2102 2249/1670/1433 2248/1071/1460
f 1341/1802/2104 1338/1836/2106 2250/1836/2105
f 1339/1541/1166 2251/1541/1611 2250/1836/2105
f 1340/1801/2107 2252/1801/1676 2251/1541/1611
f 1341/1802/2104 2253/1802/1680 2252/1801/1676
f 1342/1418/1056 2254/1418/1468 2257/1688/1467
f 1343/1410/1050 2255/1410/2109 2254/1418/1468
f 1344/1409/1049 2256/1409/1548 2255/1410/2109
f 1344/1409/1049 1345/1688/2108 2257/1688/1467
f 1346/976/719 2258/976/2111 2261/977/2110
f 1347/1095/823 2259/1095/1352 2258/976/2111
f 1348/1628/2112 2260/1628/1324 2259/1095/1352
f 1349/977/720 2261/977/2110 2260/1628/1324
f 1350/1458/1083 2262/1458/2115 2265/1837/2113
f 1351/1497/1122 2263/1497/2116 2262/1458/2115
f 1352/1335/997 2264/1335/2117 2263/1497/2116
f 1353/1837/2114 2265/1837/2113 2264/1335/2117
f 1354/1519/1144 2266/1519/2119 2269/1520/2118
f 1355/1417/1055 2267/1417/1551 2266/1519/2119
f 1356/1722/2120 2268/1722/1552 2267/1417/1551
f 1357/1520/1145 2269/1520/2118 2268/1722/1552
f 1358/1343/1004 2270/1343/1287 2273/1701/1498
f 1359/1394/1038 2271/1394/2123 2270/1343/1287
f 1360/1719/2122 2272/1719/1533 2271/1394/2123
f 1361/1701/2121 2273/1701/1498 2272/1719/1533
f 1362/1421/1057 2274/1421/1519 2277/1614/1283
f 1363/1424/1058 2275/1424/2125 2274/1421/1519
f 1364/1425/1059 2276/1425/2126 2275/1424/2125
f 1365/1614/2124 2277/1614/1283 2276/1425/2126
f 1366/1838/2127 2278/1838/2130 2281/1752/1600
f 1367/1576/2129 2279/1576/1211 2278/1838/2130
f 1367/1576/2129 1368/1466/1091 2280/1466/2131
f 1369/1752/2128 2281/1752/1600 2280/1466/2131
f 1370/1575/2132 2282/1575/1209 2285/954/1208
f 1371/1778/2133 2283/1778/1638 2282/1575/1209
f 1372/1767/2134 2284/1767/1624 2283/1778/1638
f 1372/1767/2134 1373/954/697 2285/954/1208
f 1374/1248/936 2286/1248/1396 2289/1094/2135
f 1375/1669/2136 2287/1669/1431 2286/1248/1396
f 1376/1291/966 2288/1291/1321 2287/1669/1431
f 1377/1094/822 2289/1094/2135 2288/1291/1321
f 1378/1587/2137 2290/1587/1233 2293/981/1232
f 1379/1742/2138 2291/1742/1587 2290/1587/1233
f 1380/1589/2139 2292/1589/1236 2291/1742/1587
f 1380/1589/2139 1381/981/724 2293/981/1232
f 1382/1673/2140 2294/1673/1438 2297/1262/2141
f 1383/1704/2142 2295/1704/1503 2294/1673/1438
f 1384/1349/1009 2296/1349/1304 2295/1704/1503
f 1385/1262/947 2297/1262/2141 2296/1349/1304
f 1386/1485/1110 2298/1485/2144 2301/1150/2143
f 1387/1551/1176 2299/1551/2145 2298/1485/2144
f 1388/1149/867 2300/1149/2146 2299/1551/2145
f 1389/1150/868 2301/1150/2143 2300/1149/2146
f 1390/1210/910 2302/1210/2147 2305/1211/1403
f 1391/1182/890 2303/1182/1382 2302/1210/2147
f 1392/1653/2148 2304/1653/1383 2303/1182/1382
f 1393/1211/911 2305/1211/1403 2304/1653/1383
f 1394/1797/2149 2306/1797/1669 2309/1597/1253
f 1395/1748/2151 2307/1748/1595 2306/1797/1669
f 1395/1748/2151 1396/1535/1160 2308/1535/1596
f 1397/1597/2150 2309/1597/1253 2308/1535/1596
f 1398/1689/2152 2310/1689/1470 2313/1315/1469
f 1399/1401/1043 2311/1401/1541 2310/1689/1470
f 1400/1400/1042 2312/1400/2153 2311/1401/1541
f 1401/1315/985 2313/1315/1469 2312/1400/2153
f 1402/1273/954 2314/1273/1411 2317/1678/1443
f 1403/1283/960 2315/1283/2155 2314/1273/1411
f 1404/1242/933 2316/1242/1447 2315/1283/2155
f 1405/1678/2154 2317/1678/1443 2316/1242/1447
f 1406/1245/935 2318/1245/1350 2321/1112/2156
f 1407/1668/2157 2319/1668/1427 2318/1245/1350
f 1408/1238/830 2320/1238/1335 2319/1668/1427
f 1409/1112/836 2321/1112/2156 2320/1238/1335
f 1410/1711/2158 2322/1711/1513 2325/1365/1512
f 1411/1416/1054 2323/1416/1550 2322/1711/1513
f 1412/1415/1053 2324/1415/2159 2323/1416/1550
f 1413/1365/1019 2325/1365/1512 2324/1415/2159
f 1414/1755/2160 2326/1755/1606 2329/1601/1257
f 1415/1756/2162 2327/1756/1607 2326/1755/1606
f 1415/1756/2162 1416/1550/1175 2328/1550/1648
f 1417/1601/2161 2329/1601/1257 2328/1550/1648
f 1418/989/732 2330/989/2163 2333/990/1576
f 1418/989/732 1419/1183/891 2331/1183/1346
f 1420/1444/1070 2332/1444/1386 2331/1183/1346
f 1421/990/733 2333/990/1576 2332/1444/1386
f 1422/1528/1153 2334/1528/2164 2337/1529/1658
f 1423/1408/1048 2335/1408/1544 2334/1528/2164
f 1424/1521/1146 2336/1521/1545 2335/1408/1544
f 1425/1529/1154 2337/1529/1658 2336/1521/1545
f 1426/1301/974 2338/1301/1432 2341/1253/2165
f 1427/1699/2166 2339/1699/1496 2338/1301/1432
f 1428/1340/1001 2340/1340/1306 2339/1699/1496
f 1429/1253/940 2341/1253/2165 2340/1340/1306
f 1430/1257/944 2342/1257/1394 2345/1091/2167
f 1431/1672/2168 2343/1672/1436 2342/1257/1394
f 1432/1299/972 2344/1299/1319 2343/1672/1436
f 1433/1091/819 2345/1091/2167 2344/1299/1319
f 1434/929/672 2346/929/2170 2349/1157/2169
f 1435/1526/1151 2347/1526/2171 2346/929/2170
f 1436/1158/874 2348/1158/1369 2347/1526/2171
f 1437/1157/873 2349/1157/2169 2348/1158/1369
f 1438/1220/918 2350/1220/1327 2353/1663/1409
f 1439/1230/926 2351/1230/2173 2350/1220/1327
f 1440/1189/894 2352/1189/1415 2351/1230/2173
f 1441/1663/2172 2353/1663/1409 2352/1189/1415
f 1442/1685/2174 2354/1685/1463 2357/1306/2175
f 1443/1720/2176 2355/1720/1535 2354/1685/1463
f 1444/1393/775 2356/1393/1295 2355/1720/1535
f 1445/1306/978 2357/1306/2175 2356/1393/1295
f 1446/1326/993 2358/1326/2180 2361/1839/2177
f 1447/1696/2179 2359/1696/1488 2358/1326/2180
f 1448/1059/796 2360/1059/1298 2359/1696/1488
f 1449/1839/2178 2361/1839/2177 2360/1059/1298
f 1450/1639/777 2362/1639/1280 2365/1184/1343
f 1451/1146/769 2363/1146/1281 2362/1639/1280
f 1452/1185/804 2364/1185/1288 2363/1146/1281
f 1453/1184/783 2365/1184/1343 2364/1185/1288
f 1454/1636/777 2366/1636/1280 2369/1155/1343
f 1455/1107/769 2367/1107/1281 2366/1636/1280
f 1456/1156/804 2368/1156/1288 2367/1107/1281
f 1457/1155/783 2369/1155/1343 2368/1156/1288
f 1458/1634/777 2370/1634/1280 2373/1144/1343
f 1459/1163/769 2371/1163/1281 2370/1634/1280
f 1460/1145/804 2372/1145/1288 2371/1163/1281
f 1461/1144/783 2373/1144/1343 2372/1145/1288
f 1462/1166/777 2374/1166/1280 2377/1173/1343
f 1463/1648/769 2375/1648/1281 2374/1166/1280
f 1464/1172/804 2376/1172/1288 2375/1648/1281
f 1465/1173/783 2377/1173/1343 2376/1172/1288
f 1466/1118/777 2378/1118/1280 2381/1160/1343
f 1467/1633/769 2379/1633/1281 2378/1118/1280
f 1468/1161/804 2380/1161/1288 2379/1633/1281
f 1469/1160/783 2381/1160/1343 2380/1161/1288
f 1470/1115/777 2382/1115/1280 2385/1098/1343
f 1471/1228/769 2383/1228/1281 2382/1115/1280
f 1472/1099/804 2384/1099/1288 2383/1228/1281
f 1473/1098/783 2385/1098/1343 2384/1099/1288
f 1474/1139/777 2386/1139/1280 2389/1096/1343
f 1475/1237/769 2387/1237/1281 2386/1139/1280
f 1476/1667/804 2388/1667/1288 2387/1237/1281
f 1477/1096/783 2389/1096/1343 2388/1667/1288
f 1478/1657/777 2390/1657/1280 2393/1246/1343
f 1479/1207/769 2391/1207/1281 2390/1657/1280
f 1480/1247/804 2392/1247/1288 2391/1207/1281
f 1481/1246/783 2393/1246/1343 2392/1247/1288
f 1482/1630/777 2394/1630/1280 2397/1217/1343
f 1483/1086/769 2395/1086/1281 2394/1630/1280
f 1484/1218/804 2396/1218/1288 2395/1086/1281
f 1485/1217/783 2397/1217/1343 2396/1218/1288
f 1486/1171/777 2398/1171/1280 2401/1204/1343
f 1487/1649/769 2399/1649/1281 2398/1171/1280
f 1488/1205/804 2400/1205/1288 2399/1649/1281
f 1489/1204/783 2401/1204/1343 2400/1205/1288
f 1490/1179/777 2402/1179/1280 2405/1234/1343
f 1491/1080/769 2403/1080/1281 2402/1179/1280
f 1492/1235/804 2404/1235/1288 2403/1080/1281
f 1493/1234/783 2405/1234/1343 2404/1235/1288
f 1494/1191/777 2406/1191/1280 2409/1223/1343
f 1495/1281/769 2407/1281/1281 2406/1191/1280
f 1496/1664/804 2408/1664/1288 2407/1281/1281
f 1497/1223/783 2409/1223/1343 2408/1664/1288
f 1498/1188/777 2410/1188/1280 2413/1078/1343
f 1499/1290/769 2411/1290/1281 2410/1188/1280
f 1500/1840/804 2412/1840/1288 2411/1290/1281
f 1501/1078/783 2413/1078/1343 2412/1840/1288
f 1502/1200/777 2414/1200/1280 2417/1249/1343
f 1503/1298/769 2415/1298/1281 2414/1200/1280
f 1504/1683/804 2416/1683/1288 2415/1298/1281
f 1505/1249/783 2417/1249/1343 2416/1683/1288
f 1506/1675/777 2418/1675/1280 2421/1258/1343
f 1507/1269/769 2419/1269/1281 2418/1675/1280
f 1508/1259/804 2420/1259/1288 2419/1269/1281
f 1509/1258/783 2421/1258/1343 2420/1259/1288
f 1510/1085/777 2422/1085/1280 2425/1068/1343
f 1511/1316/769 2423/1316/1281 2422/1085/1280
f 1512/1069/804 2424/1069/1288 2423/1316/1281
f 1513/1068/783 2425/1068/1343 2424/1069/1288
f 1514/1233/777 2426/1233/1280 2429/1288/1343
f 1515/1062/769 2427/1062/1281 2426/1233/1280
f 1516/1680/804 2428/1680/1288 2427/1062/1281
f 1517/1288/783 2429/1288/1343 2428/1680/1288
f 1518/1244/777 2430/1244/1280 2433/1276/1343
f 1519/1334/769 2431/1334/1281 2430/1244/1280
f 1520/1841/804 2432/1841/1288 2431/1334/1281
f 1521/1276/783 2433/1276/1343 2432/1841/1288
f 1522/1842/777 2434/1842/1280 2437/1293/1343
f 1523/1076/769 2435/1076/1281 2434/1842/1280
f 1524/1681/804 2436/1681/1288 2435/1076/1281
f 1525/1293/783 2437/1293/1343 2436/1681/1288
f 1526/1073/777 2438/1073/1280 2441/1302/1343
f 1527/1348/769 2439/1348/1281 2438/1073/1280
f 1528/1684/804 2440/1684/1288 2439/1348/1281
f 1529/1302/783 2441/1302/1343 2440/1684/1288
f 1530/1268/777 2442/1268/1280 2445/1357/1343
f 1531/1676/769 2443/1676/1281 2442/1268/1280
f 1532/1358/804 2444/1358/1288 2443/1676/1281
f 1533/1357/783 2445/1357/1343 2444/1358/1288
f 1534/1309/777 2446/1309/1280 2449/1332/1343
f 1535/1047/769 2447/1047/1281 2446/1309/1280
f 1536/1333/804 2448/1333/1288 2447/1047/1281
f 1537/1332/783 2449/1332/1343 2448/1333/1288
f 1538/1280/777 2450/1280/1280 2453/1320/1343
f 1539/1338/769 2451/1338/1281 2450/1280/1280
f 1540/1698/804 2452/1698/1288 2451/1338/1281
f 1541/1320/783 2453/1320/1343 2452/1698/1288
f 1542/1843/777 2454/1843/1280 2457/1327/1343
f 1543/1385/769 2455/1385/1281 2454/1843/1280
f 1544/1384/804 2456/1384/1288 2455/1385/1281
f 1545/1327/783 2457/1327/1343 2456/1384/1288
f 1546/1058/777 2458/1058/1280 2461/1042/1343
f 1547/1392/769 2459/1392/1281 2458/1058/1280
f 1548/1617/804 2460/1617/1288 2459/1392/1281
f 1549/1042/783 2461/1042/1343 2460/1617/1288
f 1550/1055/777 2462/1055/1280 2465/1351/1343
f 1551/1620/769 2463/1620/1281 2462/1055/1280
f 1552/1352/804 2464/1352/1288 2463/1620/1281
f 1553/1351/783 2465/1351/1343 2464/1352/1288
f 1554/1052/777 2466/1052/1280 2469/1360/1343
f 1555/1619/769 2467/1619/1281 2466/1052/1280
f 1556/1361/804 2468/1361/1288 2467/1619/1281
f 1557/1360/783 2469/1360/1343 2468/1361/1288
f 1558/1714/777 2470/1714/1280 2473/1419/1343
f 1559/1381/769 2471/1381/1281 2470/1714/1280
f 1560/1420/804 2472/1420/1288 2471/1381/1281
f 1561/1419/783 2473/1419/1343 2472/1420/1288
f 1562/1368/777 2474/1368/1280 2477/1390/1343
f 1563/1026/769 2475/1026/1281 2474/1368/1280
f 1564/1391/804 2476/1391/1288 2475/1026/1281
f 1565/1390/783 2477/1390/1343 2476/1391/1288
f 1566/1330/777 2478/1330/1280 2481/1379/1343
f 1567/1435/769 2479/1435/1281 2478/1330/1280
f 1568/1731/804 2480/1731/1288 2479/1435/1281
f 1569/1379/783 2481/1379/1343 2480/1731/1288
f 1570/1040/777 2482/1040/1280 2485/1395/1343
f 1571/1616/769 2483/1616/1281 2482/1040/1280
f 1572/1396/804 2484/1396/1288 2483/1616/1281
f 1573/1395/783 2485/1395/1343 2484/1396/1288
f 1574/1037/777 2486/1037/1280 2489/1403/1343
f 1575/1615/769 2487/1615/1281 2486/1037/1280
f 1576/1404/804 2488/1404/1288 2487/1615/1281
f 1577/1403/783 2489/1403/1343 2488/1404/1288
f 1578/1034/777 2490/1034/1280 2493/1412/1343
f 1579/1613/769 2491/1613/1281 2490/1034/1280
f 1580/1413/804 2492/1413/1288 2491/1613/1281
f 1581/1412/783 2493/1412/1343 2492/1413/1288
f 1582/1612/777 2494/1612/1280 2497/1422/1343
f 1583/1432/769 2495/1432/1281 2494/1612/1280
f 1584/1423/804 2496/1423/1288 2495/1432/1281
f 1585/1422/783 2497/1422/1343 2496/1423/1288
f 1586/1717/777 2498/1717/1280 2501/1430/1343
f 1587/1441/769 2499/1441/1281 2498/1717/1280
f 1588/1431/804 2500/1431/1288 2499/1441/1281
f 1589/1430/783 2501/1430/1343 2500/1431/1288
f 1590/1428/777 2502/1428/1280 2505/1439/1343
f 1591/1449/769 2503/1449/1281 2502/1428/1280
f 1592/1440/804 2504/1440/1288 2503/1449/1281
f 1593/1439/783 2505/1439/1343 2504/1440/1288
