# Blender 5.0.1
# www.blender.org
mtllib terminal.mtl
o LP1.008
v 0.119407 1.368843 -0.014005
v 0.096520 1.384714 -0.023140
v 0.119407 1.430079 0.060130
v 0.097172 1.442200 0.042994
v 0.119407 1.424230 0.061776
v 0.119407 1.405555 0.037571
v 0.119407 1.365659 -0.010053
v 0.096943 1.424443 0.018038
v 0.119407 1.412661 0.031602
v 0.029423 1.429871 0.059817
v 0.029423 1.442017 0.042718
v 0.029423 1.368472 -0.014563
v 0.029423 1.384436 -0.023558
v 0.029423 1.365147 -0.010821
v 0.029423 1.424199 0.017669
v -0.060562 1.368844 -0.014005
v -0.037675 1.384714 -0.023141
v -0.060562 1.430079 0.060130
v -0.038326 1.442201 0.042994
v -0.060562 1.424230 0.061776
v -0.060562 1.405555 0.037571
v -0.060562 1.365659 -0.010053
v -0.038098 1.424444 0.018037
v -0.060562 1.412661 0.031602
v 0.029423 1.429871 0.059817
v 0.029423 1.442017 0.042718
v 0.029423 1.368472 -0.014563
v 0.029423 1.384436 -0.023558
v 0.029423 1.365147 -0.010821
v 0.029423 1.424199 0.017669
v 0.115451 0.618481 -0.079640
v 0.080551 0.881361 0.338126
v 0.139804 0.930766 0.305434
v 0.098860 0.883778 0.336527
v 0.115377 0.890795 0.331884
v 0.128486 0.901725 0.324651
v 0.136903 0.915498 0.315537
v 0.139809 0.968480 0.280478
v 0.139817 1.043857 0.230600
v 0.161854 1.145779 0.162882
v 0.161891 0.111993 -0.203546
v 0.161964 0.806944 -0.277946
v 0.161946 0.632067 -0.259224
v 0.161926 0.443614 -0.239049
v 0.121363 1.043854 0.230591
v 0.121354 0.968477 0.280470
v 0.178499 0.812642 -0.203348
v 0.178441 0.111993 -0.203546
v 0.178443 0.111993 0.195175
v 0.178443 0.165883 0.193719
v 0.178484 0.819104 -0.123219
v 0.178315 1.050386 0.226298
v 0.178296 1.145784 0.162897
v 0.178496 0.632065 -0.259224
v 0.178443 0.186810 0.182183
v 0.178443 0.428799 -0.038399
v 0.161917 1.028982 -0.013622
v 0.178381 1.028988 -0.013607
v 0.161917 0.972506 -0.025366
v 0.178394 0.972506 -0.025366
v 0.161971 0.899275 -0.136034
v 0.178447 0.899275 -0.136034
v 0.161946 0.948172 -0.167169
v 0.178465 0.948172 -0.167169
v 0.161968 0.923437 -0.290417
v 0.161943 0.961926 -0.233641
v 0.178527 0.923436 -0.290417
v 0.178499 0.961925 -0.233640
v 0.178515 0.806942 -0.277945
v 0.188900 0.795476 -0.287361
v 0.161963 0.795489 -0.287263
v 0.161947 0.641288 -0.270755
v 0.188929 0.641279 -0.270808
v 0.188957 0.650999 -0.190481
v 0.188963 0.667324 -0.177497
v 0.188969 0.788388 -0.190458
v 0.188959 0.801884 -0.206729
v 0.178493 0.793694 -0.180573
v 0.178484 0.641161 -0.184997
v 0.178482 0.664191 -0.166709
v 0.178468 0.446292 -0.192626
v 0.188218 0.432154 -0.248401
v 0.161202 0.432167 -0.248303
v 0.161367 0.364454 -0.241069
v 0.188218 0.364446 -0.241123
v 0.188218 0.371137 -0.189033
v 0.188218 0.387462 -0.176050
v 0.188218 0.422038 -0.179736
v 0.188218 0.435534 -0.196007
v 0.178467 0.355227 -0.229586
v 0.178476 0.443683 -0.239056
v 0.161916 0.355227 -0.229586
v 0.178449 0.384330 -0.165262
v 0.178452 0.361299 -0.183549
v 0.178459 0.427344 -0.169851
v 0.139868 0.716150 -0.100845
v 0.139862 0.812073 -0.121704
v 0.080626 0.606622 -0.077063
v 0.098935 0.609672 -0.077706
v 0.136972 0.649547 -0.086371
v 0.139870 0.668740 -0.090542
v 0.128557 0.632222 -0.082625
v 0.121408 0.812070 -0.121713
v 0.121413 0.716147 -0.100854
v 0.139862 0.819096 -0.123236
v 0.139818 1.050380 0.226283
v 0.139809 0.910627 0.274999
v 0.139816 0.884052 0.234840
v 0.139823 0.857478 0.194680
v 0.139829 0.830903 0.154520
v 0.139836 0.804329 0.114361
v 0.139843 0.777754 0.074201
v 0.080589 0.741637 0.126973
v 0.080582 0.768211 0.167133
v 0.080575 0.794786 0.207292
v 0.080567 0.821360 0.247452
v 0.080560 0.847935 0.287612
v 0.106395 0.885611 0.301635
v 0.094140 0.880405 0.305081
v 0.094145 0.871124 0.291054
v 0.106399 0.876330 0.287608
v 0.094152 0.844550 0.250894
v 0.106406 0.849756 0.247449
v 0.106402 0.859036 0.261476
v 0.094147 0.853831 0.264921
v 0.094159 0.817976 0.210735
v 0.106413 0.823181 0.207289
v 0.106409 0.832462 0.221316
v 0.094154 0.827256 0.224761
v 0.094166 0.791401 0.170575
v 0.106420 0.796607 0.167129
v 0.106416 0.805887 0.181156
v 0.094162 0.800682 0.184602
v 0.094174 0.764827 0.130416
v 0.106428 0.770032 0.126970
v 0.106423 0.779313 0.140997
v 0.094169 0.774107 0.144442
v 0.094181 0.738252 0.090256
v 0.106435 0.743458 0.086810
v 0.106431 0.752738 0.100837
v 0.094176 0.747533 0.104282
v 0.116121 0.893720 0.296269
v 0.116125 0.884439 0.282242
v 0.116132 0.857865 0.242082
v 0.116128 0.867145 0.256109
v 0.116139 0.831290 0.201923
v 0.116135 0.840571 0.215949
v 0.116146 0.804716 0.161763
v 0.116142 0.813996 0.175790
v 0.116153 0.778141 0.121603
v 0.116149 0.787422 0.135630
v 0.116160 0.751567 0.081444
v 0.116156 0.760847 0.095470
v 0.122366 0.903939 0.289506
v 0.122369 0.894658 0.275480
v 0.122376 0.868083 0.235320
v 0.122373 0.877364 0.249347
v 0.122383 0.841509 0.195161
v 0.122380 0.850790 0.209187
v 0.122390 0.814934 0.155001
v 0.122387 0.824215 0.169027
v 0.122397 0.788360 0.114841
v 0.122394 0.797641 0.128868
v 0.122403 0.761785 0.074682
v 0.122401 0.771066 0.088708
v 0.123594 0.910396 0.285234
v 0.123596 0.901114 0.271208
v 0.123603 0.874540 0.231048
v 0.123600 0.883821 0.245074
v 0.123609 0.847965 0.190888
v 0.123607 0.857246 0.204914
v 0.123616 0.821390 0.150729
v 0.123614 0.830672 0.164755
v 0.123623 0.794816 0.110569
v 0.123621 0.804097 0.124595
v 0.123630 0.768241 0.070410
v 0.123627 0.777523 0.084436
v 0.086435 0.746511 0.104959
v 0.086438 0.737230 0.090933
v 0.086428 0.773086 0.145118
v 0.086430 0.763804 0.131092
v 0.086420 0.799660 0.185278
v 0.086423 0.790379 0.171252
v 0.086413 0.826235 0.225438
v 0.086416 0.816953 0.211412
v 0.086406 0.852809 0.265597
v 0.086408 0.843528 0.251571
v 0.086399 0.879384 0.305757
v 0.086401 0.870102 0.291731
v 0.136941 0.767826 0.092374
v 0.136934 0.794400 0.132534
v 0.128525 0.754053 0.101489
v 0.128517 0.780627 0.141648
v 0.115416 0.743123 0.108721
v 0.115409 0.769697 0.148881
v 0.098899 0.736106 0.113364
v 0.098904 0.725426 0.097224
v 0.098892 0.762681 0.153524
v 0.098897 0.752001 0.137383
v 0.115413 0.759018 0.132740
v 0.115420 0.732443 0.092581
v 0.128521 0.769948 0.125508
v 0.128528 0.743373 0.085348
v 0.136937 0.783721 0.116394
v 0.136944 0.757146 0.076234
v 0.115380 0.875995 0.309519
v 0.098863 0.868978 0.314162
v 0.098868 0.858299 0.298022
v 0.115385 0.865316 0.293379
v 0.098875 0.831724 0.257863
v 0.115392 0.838741 0.253219
v 0.115387 0.849421 0.269360
v 0.098870 0.842404 0.274003
v 0.098882 0.805150 0.217703
v 0.115399 0.812167 0.213060
v 0.115395 0.822846 0.229200
v 0.098877 0.815830 0.233843
v 0.098890 0.778575 0.177543
v 0.115406 0.785592 0.172900
v 0.115402 0.796272 0.189040
v 0.098885 0.789255 0.193683
v 0.128489 0.886925 0.302287
v 0.128493 0.876246 0.286146
v 0.128500 0.849671 0.245987
v 0.128496 0.860351 0.262127
v 0.128507 0.823097 0.205827
v 0.128503 0.833776 0.221967
v 0.128514 0.796522 0.165667
v 0.128510 0.807202 0.181808
v 0.136906 0.900698 0.293173
v 0.136909 0.890019 0.277032
v 0.136916 0.863444 0.236873
v 0.136913 0.874124 0.253013
v 0.136923 0.836870 0.196713
v 0.136920 0.847549 0.212853
v 0.136930 0.810295 0.156554
v 0.136927 0.820975 0.172694
v 0.138706 0.910169 0.286906
v 0.138709 0.899489 0.270766
v 0.138716 0.872914 0.230606
v 0.138713 0.883595 0.246746
v 0.138723 0.846340 0.190447
v 0.138720 0.857020 0.206587
v 0.138729 0.819765 0.150287
v 0.138727 0.830446 0.166427
v 0.138736 0.793191 0.110127
v 0.138733 0.803871 0.126267
v 0.138743 0.766617 0.069968
v 0.138740 0.777297 0.086108
v 0.087544 0.734607 0.114356
v 0.087547 0.723927 0.098216
v 0.087537 0.761182 0.154516
v 0.087539 0.750502 0.138376
v 0.087529 0.787756 0.194675
v 0.087532 0.777076 0.178535
v 0.087522 0.814331 0.234835
v 0.087525 0.803651 0.218695
v 0.087515 0.840905 0.274995
v 0.087518 0.830225 0.258855
v 0.087507 0.867480 0.315154
v 0.087510 0.856800 0.299014
v -0.056368 0.618481 -0.079640
v -0.021468 0.881361 0.338126
v -0.080722 0.930766 0.305434
v -0.039777 0.883778 0.336527
v -0.056294 0.890795 0.331884
v -0.069403 0.901725 0.324651
v -0.077820 0.915498 0.315537
v -0.080726 0.968480 0.280478
v -0.080735 1.043857 0.230600
v -0.102772 1.145779 0.162882
v -0.102808 0.111993 -0.203546
v -0.102882 0.806944 -0.277946
v -0.102863 0.632067 -0.259224
v -0.102843 0.443614 -0.239049
v -0.062280 1.043854 0.230591
v -0.062272 0.968477 0.280470
v -0.119417 0.812642 -0.203348
v -0.119359 0.111993 -0.203546
v -0.119360 0.111993 0.195175
v -0.119360 0.165883 0.193719
v -0.119401 0.819104 -0.123219
v -0.119232 1.050386 0.226298
v -0.119213 1.145784 0.162897
v -0.119414 0.632065 -0.259224
v -0.119360 0.186810 0.182183
v -0.119360 0.428799 -0.038399
v -0.102835 1.028982 -0.013622
v -0.119299 1.028988 -0.013607
v -0.102835 0.972506 -0.025366
v -0.119311 0.972506 -0.025366
v -0.102888 0.899275 -0.136034
v -0.119365 0.899275 -0.136034
v -0.102863 0.948172 -0.167169
v -0.119382 0.948172 -0.167169
v -0.102885 0.923437 -0.290417
v -0.102860 0.961926 -0.233641
v -0.119445 0.923436 -0.290417
v -0.119417 0.961925 -0.233640
v -0.119432 0.806942 -0.277945
v -0.129818 0.795476 -0.287361
v -0.102880 0.795489 -0.287263
v -0.102864 0.641288 -0.270755
v -0.129846 0.641279 -0.270808
v -0.129874 0.650999 -0.190481
v -0.129880 0.667324 -0.177497
v -0.129886 0.788388 -0.190458
v -0.129876 0.801884 -0.206729
v -0.119411 0.793694 -0.180573
v -0.119401 0.641161 -0.184997
v -0.119399 0.664191 -0.166709
v -0.119386 0.446292 -0.192626
v -0.129136 0.432154 -0.248401
v -0.102119 0.432167 -0.248303
v -0.102284 0.364454 -0.241069
v -0.129136 0.364446 -0.241123
v -0.129136 0.371137 -0.189033
v -0.129136 0.387462 -0.176050
v -0.129136 0.422038 -0.179736
v -0.129136 0.435534 -0.196007
v -0.119384 0.355227 -0.229586
v -0.119394 0.443683 -0.239056
v -0.102834 0.355227 -0.229586
v -0.119366 0.384330 -0.165262
v -0.119370 0.361299 -0.183549
v -0.119376 0.427344 -0.169851
v -0.080785 0.716150 -0.100845
v -0.080779 0.812073 -0.121704
v -0.021544 0.606622 -0.077063
v -0.039852 0.609672 -0.077706
v -0.077889 0.649547 -0.086371
v -0.080788 0.668740 -0.090542
v -0.069475 0.632222 -0.082625
v -0.062325 0.812070 -0.121713
v -0.062331 0.716147 -0.100854
v -0.080779 0.819096 -0.123236
v -0.080735 1.050380 0.226283
v -0.080724 0.919851 0.288939
v -0.080729 0.901402 0.261059
v -0.080736 0.874828 0.220900
v -0.080731 0.893277 0.248780
v -0.080742 0.848253 0.180740
v -0.080738 0.866702 0.208620
v -0.080749 0.821679 0.140580
v -0.080744 0.840128 0.168460
v -0.080756 0.795104 0.100421
v -0.080751 0.813553 0.128301
v -0.080763 0.768530 0.060261
v -0.080758 0.786979 0.088141
v -0.021507 0.741637 0.126973
v -0.021499 0.768211 0.167133
v -0.021492 0.794786 0.207292
v -0.021485 0.821360 0.247452
v -0.021477 0.847935 0.287612
v -0.047312 0.885611 0.301635
v -0.035057 0.880405 0.305081
v -0.035062 0.871124 0.291054
v -0.047316 0.876330 0.287608
v -0.035069 0.844550 0.250894
v -0.047323 0.849756 0.247449
v -0.047319 0.859036 0.261476
v -0.035064 0.853831 0.264921
v -0.035076 0.817976 0.210735
v -0.047331 0.823181 0.207289
v -0.047327 0.832462 0.221316
v -0.035072 0.827256 0.224761
v -0.035084 0.791401 0.170575
v -0.047338 0.796607 0.167129
v -0.047334 0.805887 0.181156
v -0.035079 0.800682 0.184602
v -0.035091 0.764827 0.130416
v -0.047345 0.770032 0.126970
v -0.047341 0.779313 0.140997
v -0.035086 0.774107 0.144442
v -0.035098 0.738252 0.090256
v -0.047352 0.743458 0.086810
v -0.047348 0.752738 0.100837
v -0.035093 0.747533 0.104282
v -0.057039 0.893720 0.296269
v -0.057042 0.884439 0.282242
v -0.057049 0.857865 0.242082
v -0.057046 0.867145 0.256109
v -0.057056 0.831290 0.201923
v -0.057053 0.840571 0.215949
v -0.057063 0.804716 0.161763
v -0.057060 0.813996 0.175790
v -0.057070 0.778141 0.121603
v -0.057067 0.787422 0.135630
v -0.057077 0.751567 0.081444
v -0.057074 0.760847 0.095470
v -0.063284 0.903939 0.289506
v -0.063286 0.894658 0.275480
v -0.063293 0.868083 0.235320
v -0.063291 0.877364 0.249347
v -0.063300 0.841509 0.195161
v -0.063297 0.850790 0.209187
v -0.063307 0.814934 0.155001
v -0.063304 0.824215 0.169027
v -0.063314 0.788360 0.114841
v -0.063311 0.797641 0.128868
v -0.063321 0.761785 0.074682
v -0.063318 0.771066 0.088708
v -0.064511 0.910396 0.285234
v -0.064513 0.901114 0.271208
v -0.064520 0.874540 0.231048
v -0.064518 0.883821 0.245074
v -0.064527 0.847965 0.190888
v -0.064524 0.857246 0.204914
v -0.064534 0.821390 0.150729
v -0.064531 0.830672 0.164755
v -0.064540 0.794816 0.110569
v -0.064538 0.804097 0.124595
v -0.064547 0.768241 0.070410
v -0.064545 0.777523 0.084436
v -0.027352 0.746511 0.104959
v -0.027355 0.737230 0.090933
v -0.027345 0.773086 0.145118
v -0.027348 0.763804 0.131092
v -0.027338 0.799660 0.185278
v -0.027340 0.790379 0.171252
v -0.027330 0.826235 0.225438
v -0.027333 0.816953 0.211412
v -0.027323 0.852809 0.265597
v -0.027326 0.843528 0.251571
v -0.027316 0.879384 0.305757
v -0.027318 0.870102 0.291731
v -0.077858 0.767826 0.092374
v -0.077851 0.794400 0.132534
v -0.069442 0.754053 0.101489
v -0.069435 0.780627 0.141648
v -0.056334 0.743123 0.108721
v -0.056326 0.769697 0.148881
v -0.039817 0.736106 0.113364
v -0.039821 0.725426 0.097224
v -0.039809 0.762681 0.153524
v -0.039814 0.752001 0.137383
v -0.056331 0.759018 0.132740
v -0.056338 0.732443 0.092581
v -0.069438 0.769948 0.125508
v -0.069445 0.743373 0.085348
v -0.077854 0.783721 0.116394
v -0.077861 0.757146 0.076234
v -0.056298 0.875995 0.309519
v -0.039780 0.868978 0.314162
v -0.039785 0.858299 0.298022
v -0.056302 0.865316 0.293379
v -0.039792 0.831724 0.257863
v -0.056309 0.838741 0.253219
v -0.056305 0.849421 0.269360
v -0.039787 0.842404 0.274003
v -0.039800 0.805150 0.217703
v -0.056316 0.812167 0.213060
v -0.056312 0.822846 0.229200
v -0.039795 0.815830 0.233843
v -0.039807 0.778575 0.177543
v -0.056323 0.785592 0.172900
v -0.056319 0.796272 0.189040
v -0.039802 0.789255 0.193683
v -0.069407 0.886925 0.302287
v -0.069410 0.876246 0.286146
v -0.069417 0.849671 0.245987
v -0.069414 0.860351 0.262127
v -0.069424 0.823097 0.205827
v -0.069421 0.833776 0.221967
v -0.069431 0.796522 0.165667
v -0.069428 0.807202 0.181808
v -0.077824 0.900698 0.293173
v -0.077827 0.890019 0.277032
v -0.077834 0.863444 0.236873
v -0.077831 0.874124 0.253013
v -0.077841 0.836870 0.196713
v -0.077838 0.847549 0.212853
v -0.077847 0.810295 0.156554
v -0.077844 0.820975 0.172694
v -0.079624 0.910169 0.286906
v -0.079626 0.899489 0.270766
v -0.079633 0.872914 0.230606
v -0.079630 0.883595 0.246746
v -0.079640 0.846340 0.190447
v -0.079637 0.857020 0.206587
v -0.079647 0.819765 0.150287
v -0.079644 0.830446 0.166427
v -0.079653 0.793191 0.110127
v -0.079651 0.803871 0.126267
v -0.079660 0.766617 0.069968
v -0.079657 0.777297 0.086108
v -0.028461 0.734607 0.114356
v -0.028464 0.723927 0.098216
v -0.028454 0.761182 0.154516
v -0.028457 0.750502 0.138376
v -0.028447 0.787756 0.194675
v -0.028449 0.777076 0.178535
v -0.028439 0.814331 0.234835
v -0.028442 0.803651 0.218695
v -0.028432 0.840905 0.274995
v -0.028435 0.830225 0.258855
v -0.028425 0.867480 0.315154
v -0.028428 0.856800 0.299014
v 0.173431 0.348811 -0.007573
v 0.173432 0.357849 -0.026515
v 0.173431 0.355158 -0.016289
v 0.173430 0.143218 0.079874
v 0.173430 0.143097 0.091311
v 0.173431 0.152286 0.112688
v 0.173431 0.171046 0.126452
v 0.173430 0.146178 0.102499
v 0.173431 0.161937 0.051044
v 0.173431 0.152806 0.059169
v 0.173430 0.146521 0.068924
v 0.173431 0.160839 0.120932
v 0.173431 0.182217 0.128908
v 0.173431 0.193630 0.128153
v 0.173437 0.313688 -0.051733
v 0.173437 0.323609 -0.055955
v 0.173434 0.351986 -0.046145
v 0.173435 0.344168 -0.052810
v 0.173433 0.356720 -0.037029
v 0.173436 0.334178 -0.056276
v 0.173431 0.214521 0.117156
v 0.173431 0.204549 0.124225
v 0.185631 0.145750 0.080262
v 0.185631 0.145636 0.090982
v 0.185631 0.148846 0.069998
v 0.185636 0.342887 -0.050570
v 0.185637 0.333789 -0.053727
v 0.185637 0.314907 -0.049495
v 0.185632 0.154750 0.060834
v 0.185632 0.212918 0.115185
v 0.185632 0.193107 0.125647
v 0.185632 0.203365 0.121957
v 0.185631 0.154288 0.111096
v 0.185631 0.148531 0.101492
v 0.185632 0.346906 -0.009263
v 0.185632 0.171939 0.124053
v 0.185632 0.162350 0.118867
v 0.185638 0.324163 -0.053434
v 0.185632 0.352827 -0.017395
v 0.185632 0.163498 0.053050
v 0.185635 0.349964 -0.044537
v 0.185632 0.355279 -0.026708
v 0.185632 0.182410 0.126354
v 0.185634 0.354250 -0.036283
v -0.114348 0.348811 -0.007573
v -0.114349 0.357849 -0.026515
v -0.114349 0.355158 -0.016289
v -0.114347 0.143218 0.079874
v -0.114347 0.143097 0.091311
v -0.114348 0.152286 0.112688
v -0.114348 0.171046 0.126452
v -0.114347 0.146178 0.102499
v -0.114349 0.161937 0.051044
v -0.114348 0.152806 0.059169
v -0.114348 0.146521 0.068924
v -0.114348 0.160839 0.120932
v -0.114348 0.182217 0.128908
v -0.114348 0.193630 0.128153
v -0.114354 0.313688 -0.051733
v -0.114354 0.323609 -0.055955
v -0.114352 0.351986 -0.046145
v -0.114353 0.344168 -0.052810
v -0.114350 0.356720 -0.037029
v -0.114354 0.334178 -0.056276
v -0.114348 0.214521 0.117156
v -0.114348 0.204549 0.124225
v -0.126548 0.145750 0.080262
v -0.126548 0.145636 0.090982
v -0.126548 0.148846 0.069998
v -0.126553 0.342887 -0.050570
v -0.126554 0.333789 -0.053727
v -0.126555 0.314907 -0.049495
v -0.126549 0.154750 0.060834
v -0.126549 0.212918 0.115185
v -0.126549 0.193107 0.125647
v -0.126549 0.203365 0.121957
v -0.126549 0.154288 0.111096
v -0.126548 0.148531 0.101492
v -0.126549 0.346906 -0.009263
v -0.126549 0.171939 0.124053
v -0.126549 0.162350 0.118867
v -0.126555 0.324163 -0.053434
v -0.126549 0.352827 -0.017395
v -0.126549 0.163498 0.053050
v -0.126552 0.349964 -0.044537
v -0.126550 0.355279 -0.026708
v -0.126549 0.182410 0.126354
v -0.126551 0.354250 -0.036283
v 0.150511 0.419430 -0.046276
v 0.123709 0.192693 0.162535
v 0.099110 0.562500 -0.055945
v 0.123709 0.514622 -0.045534
v 0.099110 0.239488 0.241482
v 0.123709 0.228006 0.218369
v 0.150511 0.202325 0.153665
v 0.137417 0.192693 0.162535
v 0.137417 0.577894 -0.080732
v 0.150511 0.565100 -0.077950
v 0.150511 0.569551 -0.057478
v 0.137417 0.582346 -0.060260
v 0.123709 0.435880 -0.028413
v 0.150511 0.435880 -0.028413
v 0.150511 0.218775 0.171528
v 0.137417 0.209144 0.180398
v 0.123709 0.209144 0.180398
v 0.123709 0.121536 0.172009
v 0.099110 0.103907 0.259352
v 0.233270 -0.001000 0.347919
v 0.199412 0.121536 -0.261541
v 0.233270 0.067793 -0.307980
v 0.233270 -0.001000 -0.307980
v 0.199412 0.121536 0.229159
v 0.233270 0.067793 0.321203
v 0.162219 0.822973 -0.216049
v 0.162068 1.115130 0.192371
v 0.129144 0.121536 -0.261541
v 0.129156 1.384285 0.013017
v 0.162068 1.356894 0.031258
v 0.162056 0.121536 -0.228457
v 0.162056 0.121536 -0.222521
v 0.106380 0.141482 -0.263580
v 0.199412 0.121536 -0.221382
v 0.106380 0.144981 -0.229351
v 0.106380 1.061561 -0.323051
v 0.029630 1.238489 -0.260415
v 0.029630 1.213359 -0.243680
v 0.073194 1.231360 -0.271119
v 0.096010 1.202497 -0.259991
v 0.106380 1.058061 -0.357279
v 0.096010 1.058051 -0.357278
v 0.073194 1.054937 -0.387309
v 0.199412 0.121536 -0.070635
v 0.161372 0.121536 -0.070635
v 0.162056 0.326658 -0.152471
v 0.162056 0.326658 -0.231327
v 0.199412 0.326658 -0.152475
v 0.199412 0.209190 -0.079596
v 0.199412 0.259297 -0.145589
v 0.123709 0.121536 0.229159
v 0.199412 0.314563 -0.241114
v 0.199412 0.326658 -0.230187
v 0.162056 0.314563 -0.242254
v 0.162056 0.259300 -0.145589
v 0.162056 0.209193 -0.079596
v 0.199412 0.154587 -0.094978
v 0.199412 0.154587 -0.114229
v 0.199412 0.154587 -0.163311
v 0.199412 0.154587 -0.182724
v 0.199412 0.121536 -0.114229
v 0.216330 0.094681 -0.095214
v 0.216320 0.094698 -0.114465
v 0.199412 0.121536 -0.094978
v 0.216294 0.094739 -0.163193
v 0.199412 0.121536 -0.163311
v 0.199412 0.121536 -0.182724
v 0.216282 0.094758 -0.182607
v 0.216814 0.099239 -0.114425
v 0.216827 0.099219 -0.095174
v 0.216769 0.099311 -0.182627
v 0.216783 0.099289 -0.163213
v 0.202767 0.121536 -0.094978
v 0.202767 0.121536 -0.114229
v 0.202767 0.149149 -0.094978
v 0.202767 0.149150 -0.114229
v 0.202767 0.121536 -0.163311
v 0.202767 0.121536 -0.182724
v 0.202767 0.149149 -0.163311
v 0.202767 0.149149 -0.182724
v 0.070523 1.061278 -0.325186
v 0.069816 1.067289 -0.326493
v 0.069287 1.055590 -0.380843
v 0.068610 1.061741 -0.380787
v 0.029630 0.071631 -0.304664
v 0.029630 0.118052 -0.264551
v 0.064153 0.075547 -0.301280
v 0.064149 0.113932 -0.268111
v 0.029630 0.105385 -0.249668
v 0.029630 0.121536 -0.261541
v 0.064584 0.101497 -0.253028
v 0.064584 0.062363 -0.286844
v -0.091251 0.419430 -0.046276
v -0.064449 0.192693 0.162535
v -0.064450 0.514622 -0.045534
v -0.039850 0.239488 0.241482
v -0.064450 0.228006 0.218369
v -0.091251 0.202325 0.153665
v -0.078158 0.192693 0.162535
v -0.078158 0.577894 -0.080732
v -0.091251 0.565100 -0.077950
v -0.091251 0.569551 -0.057478
v -0.078158 0.582346 -0.060260
v -0.064449 0.435880 -0.028413
v -0.091251 0.435880 -0.028413
v -0.091251 0.218775 0.171528
v -0.078158 0.209144 0.180398
v -0.064449 0.209144 0.180398
v -0.064924 0.121536 0.189738
v -0.039850 0.103907 0.259352
v -0.039850 0.562500 -0.055945
v -0.174010 -0.001000 0.347919
v -0.140152 0.121536 -0.261541
v -0.174010 0.067793 -0.307980
v -0.174010 -0.001000 -0.307980
v -0.140152 0.121536 0.229159
v -0.174010 0.067793 0.321203
v -0.102809 1.115130 0.192371
v -0.069884 0.121536 -0.261541
v -0.069897 1.384285 0.013017
v -0.102809 1.356894 0.031258
v -0.102795 0.121536 -0.228458
v -0.102795 0.121536 -0.222521
v -0.047120 0.141481 -0.263580
v -0.140152 0.121536 -0.221382
v -0.047120 0.144981 -0.229352
v -0.047121 1.061561 -0.323051
v -0.013935 1.231360 -0.271119
v -0.036751 1.202497 -0.259991
v -0.047121 1.058061 -0.357279
v -0.036750 1.058051 -0.357278
v -0.013935 1.054937 -0.387309
v -0.140152 0.121536 -0.070635
v -0.102796 0.822973 -0.216049
v -0.102796 0.326658 -0.152471
v -0.102796 0.326658 -0.231327
v -0.101298 0.121536 -0.067155
v -0.140152 0.326658 -0.152475
v -0.140152 0.209190 -0.079596
v -0.140152 0.259297 -0.145589
v -0.064449 0.121536 0.229159
v -0.140152 0.314563 -0.241115
v -0.140152 0.326658 -0.230187
v -0.102796 0.314563 -0.242254
v -0.102796 0.259300 -0.145589
v -0.102796 0.209193 -0.079596
v -0.140152 0.154587 -0.094978
v -0.140152 0.154587 -0.114229
v -0.140152 0.154587 -0.163311
v -0.140152 0.154587 -0.182725
v -0.140152 0.121536 -0.114229
v -0.157070 0.094681 -0.095214
v -0.157060 0.094697 -0.114465
v -0.140152 0.121536 -0.094978
v -0.157034 0.094739 -0.163193
v -0.140152 0.121536 -0.163311
v -0.140152 0.121536 -0.182725
v -0.157022 0.094758 -0.182607
v -0.157554 0.099239 -0.114425
v -0.157567 0.099219 -0.095175
v -0.157509 0.099311 -0.182627
v -0.157523 0.099289 -0.163214
v -0.143507 0.121536 -0.094978
v -0.143507 0.121536 -0.114229
v -0.143507 0.149149 -0.094978
v -0.143507 0.149149 -0.114229
v -0.143507 0.121536 -0.163311
v -0.143507 0.121536 -0.182725
v -0.143507 0.149149 -0.163311
v -0.143507 0.149149 -0.182725
v -0.011264 1.061278 -0.325186
v -0.010556 1.067289 -0.326493
v -0.010028 1.055590 -0.380843
v -0.009350 1.061741 -0.380787
v 0.029630 0.059409 -0.289397
v -0.004893 0.075547 -0.301280
v -0.004889 0.113932 -0.268111
v -0.005323 0.101497 -0.253028
v -0.005324 0.062363 -0.286845
v 0.029630 -0.001000 -0.307980
v 0.029630 0.067793 -0.307980
v 0.073197 1.095930 -0.390716
v 0.073198 1.128424 -0.384840
v 0.073198 1.150693 -0.374337
v 0.073197 1.175762 -0.352909
v -0.013938 1.128424 -0.384840
v -0.013937 1.095930 -0.390716
v -0.013938 1.175762 -0.352909
v -0.013938 1.150693 -0.374337
v 0.129144 1.085745 -0.360109
v 0.129144 1.106996 -0.359040
v 0.129144 1.127175 -0.353231
v 0.129145 1.158756 -0.325673
v 0.129144 1.144414 -0.341392
v 0.162056 1.142414 -0.290835
v 0.162056 1.128057 -0.306576
v 0.162056 1.069256 -0.325341
v 0.162056 1.110647 -0.318504
v 0.162056 1.090535 -0.324274
v 0.096010 1.158710 -0.325743
v 0.096010 1.144380 -0.341442
v 0.096010 1.127147 -0.353273
v 0.096010 1.085828 -0.360118
v 0.096010 1.107056 -0.359046
v -0.069885 1.127097 -0.353268
v -0.069885 1.085745 -0.360109
v -0.069885 1.106996 -0.359040
v -0.069885 1.158756 -0.325673
v -0.069885 1.144414 -0.341392
v -0.102797 1.142414 -0.290835
v -0.102796 1.128057 -0.306577
v -0.102796 1.110647 -0.318504
v -0.102796 1.069256 -0.325341
v -0.102796 1.090535 -0.324274
v -0.036750 1.127147 -0.353273
v -0.036751 1.158710 -0.325743
v -0.036750 1.144380 -0.341442
v -0.036750 1.085828 -0.360118
v -0.036750 1.107056 -0.359046
v 0.146376 1.377404 -0.001931
v 0.213165 1.412152 0.033940
v 0.243963 0.937667 0.411380
v 0.240086 0.925111 0.419654
v 0.229214 0.915934 0.425700
v 0.239959 1.431414 0.086030
v 0.243961 1.419708 0.093744
v 0.213376 1.443017 0.078385
v 0.228735 1.439968 0.080394
v 0.214334 0.912661 0.427857
v 0.029630 0.912630 0.427878
v 0.029629 1.443007 0.078391
v 0.029630 0.882866 0.382708
v 0.029629 1.413243 0.033221
v 0.029629 1.377404 -0.001931
v 0.029630 0.964878 0.269899
v 0.029630 1.032543 0.225312
v 0.029630 0.867952 0.333767
v 0.188039 1.032543 0.225312
v 0.123364 0.924887 0.105218
v 0.128044 0.921042 0.107850
v 0.188039 0.965355 0.269585
v 0.145461 0.925066 0.105399
v 0.140801 0.921145 0.107955
v 0.145433 0.935676 0.098314
v 0.140753 0.939522 0.095682
v 0.127996 0.939419 0.095578
v 0.123336 0.935497 0.098133
v 0.123412 0.906426 0.117547
v 0.128092 0.902580 0.120178
v 0.145509 0.906605 0.117728
v 0.140850 0.902684 0.120283
v 0.029630 0.957430 0.112375
v 0.145481 0.917215 0.110643
v 0.029630 0.890467 0.156964
v 0.123385 0.917036 0.110461
v 0.161791 0.891918 0.158152
v 0.123461 0.887965 0.129875
v 0.128141 0.884119 0.132507
v 0.140898 0.884222 0.132612
v 0.161789 0.958891 0.113556
v 0.145557 0.888144 0.130057
v 0.188039 0.890717 0.318767
v 0.145530 0.898754 0.122971
v 0.123433 0.898575 0.122790
v 0.156188 1.377404 -0.001931
v 0.183870 1.365756 0.005745
v 0.228591 1.409064 0.035975
v 0.239920 1.400540 0.041592
v 0.243963 0.907057 0.366767
v 0.240060 0.894413 0.375099
v 0.229113 0.885170 0.381189
v 0.213784 0.881880 0.383357
v 0.188037 1.348479 0.017129
v 0.243961 1.388825 0.049311
v 0.145274 0.902023 0.150842
v 0.145149 0.949597 0.119161
v 0.145246 0.912643 0.143770
v 0.123129 0.920322 0.138356
v 0.123101 0.930941 0.131284
v 0.123178 0.901844 0.150660
v 0.123150 0.912464 0.143589
v 0.123080 0.938799 0.126051
v 0.123052 0.949419 0.118980
v 0.127809 0.916473 0.140983
v 0.127760 0.934950 0.128678
v 0.145177 0.938978 0.126233
v 0.140518 0.935054 0.128783
v 0.127858 0.897995 0.153287
v 0.145198 0.931120 0.131466
v 0.140469 0.953447 0.116535
v 0.140615 0.898099 0.153392
v 0.140566 0.916576 0.141087
v 0.145226 0.920501 0.138537
v 0.127712 0.953343 0.116430
v 0.181168 0.873697 0.329982
v 0.164491 0.867952 0.333767
v -0.087117 1.377404 -0.001931
v -0.153906 1.412152 0.033940
v -0.184704 0.937667 0.411379
v -0.180827 0.925111 0.419654
v -0.169955 0.915934 0.425700
v -0.180700 1.431414 0.086030
v -0.184702 1.419708 0.093744
v -0.154117 1.443016 0.078385
v -0.169477 1.439968 0.080394
v -0.155075 0.912661 0.427857
v -0.128780 1.032543 0.225311
v -0.064105 0.924887 0.105218
v -0.068785 0.921042 0.107850
v -0.128780 0.965355 0.269585
v -0.086201 0.925066 0.105399
v -0.081542 0.921145 0.107954
v -0.086174 0.935676 0.098314
v -0.081494 0.939522 0.095682
v -0.068736 0.939419 0.095578
v -0.064077 0.935497 0.098133
v -0.064153 0.906426 0.117547
v -0.068833 0.902580 0.120178
v -0.086250 0.906605 0.117728
v -0.081590 0.902684 0.120283
v -0.086222 0.917215 0.110643
v -0.064125 0.917036 0.110461
v -0.102532 0.891917 0.158152
v -0.064202 0.887965 0.129875
v -0.068881 0.884119 0.132507
v -0.081639 0.884222 0.132612
v -0.102530 0.958891 0.113556
v -0.086298 0.888144 0.130056
v -0.128780 0.890716 0.318767
v -0.086270 0.898754 0.122971
v -0.064174 0.898575 0.122790
v -0.096929 1.377404 -0.001931
v -0.124611 1.365755 0.005745
v -0.169332 1.409064 0.035975
v -0.180661 1.400540 0.041592
v -0.184704 0.907057 0.366767
v -0.180801 0.894413 0.375099
v -0.169854 0.885170 0.381189
v -0.154525 0.881880 0.383357
v -0.128778 1.348479 0.017129
v -0.184702 1.388824 0.049311
v -0.086015 0.902023 0.150842
v -0.085890 0.949597 0.119161
v -0.085987 0.912642 0.143770
v -0.063870 0.920322 0.138356
v -0.063842 0.930941 0.131284
v -0.063919 0.901844 0.150660
v -0.063891 0.912464 0.143589
v -0.063821 0.938799 0.126051
v -0.063793 0.949418 0.118980
v -0.068550 0.916473 0.140983
v -0.068501 0.934950 0.128678
v -0.085918 0.938978 0.126233
v -0.081258 0.935053 0.128783
v -0.068598 0.897995 0.153287
v -0.085939 0.931120 0.131466
v -0.081210 0.953447 0.116535
v -0.081356 0.898099 0.153392
v -0.081307 0.916576 0.141087
v -0.085966 0.920501 0.138537
v -0.068453 0.953343 0.116430
v -0.121909 0.873697 0.329982
v -0.105232 0.867952 0.333767
v 0.131513 0.781984 -0.136726
v 0.132698 0.778760 -0.135133
v 0.131104 0.774398 -0.133002
v 0.128770 0.772156 -0.131906
v 0.130957 0.768770 -0.130236
v 0.129873 0.764410 -0.128100
v 0.127835 0.762169 -0.127001
v 0.130514 0.758787 -0.125327
v 0.130127 0.754430 -0.123184
v 0.128433 0.752191 -0.122081
v 0.131681 0.748813 -0.120402
v 0.131987 0.744460 -0.118252
v 0.130627 0.742223 -0.117146
v 0.134349 0.738848 -0.115462
v 0.135125 0.734497 -0.113307
v 0.133131 0.731556 -0.111871
v 0.138761 0.812363 -0.082968
v 0.139933 0.809057 -0.081180
v 0.138494 0.805015 -0.078434
v 0.136186 0.802938 -0.077013
v 0.138262 0.799565 -0.075022
v 0.137111 0.795489 -0.072248
v 0.134960 0.793399 -0.070816
v 0.137273 0.790025 -0.068822
v 0.136452 0.785949 -0.066044
v 0.134471 0.783865 -0.064613
v 0.137044 0.780491 -0.062615
v 0.136543 0.776415 -0.059834
v 0.134717 0.774336 -0.058404
v 0.137532 0.770964 -0.056404
v 0.137289 0.766887 -0.053618
v 0.134863 0.764465 -0.051503
v 0.138779 0.848349 -0.031085
v 0.141046 0.844992 -0.029293
v 0.140802 0.841017 -0.026500
v 0.139014 0.838978 -0.025056
v 0.141805 0.835597 -0.023057
v 0.141267 0.831597 -0.020251
v 0.139313 0.829545 -0.018800
v 0.141822 0.826142 -0.016791
v 0.140921 0.822117 -0.013973
v 0.138775 0.820053 -0.012517
v 0.140986 0.816633 -0.010500
v 0.139710 0.812590 -0.007675
v 0.137374 0.810526 -0.006222
v 0.139320 0.807107 -0.004210
v 0.137714 0.803068 -0.001392
v 0.134180 0.800771 0.000777
v 0.137580 0.874507 0.015911
v 0.140671 0.871017 0.017500
v 0.140951 0.866931 0.020119
v 0.139384 0.864840 0.021473
v 0.142742 0.861349 0.023279
v 0.142477 0.857251 0.025899
v 0.140598 0.855154 0.027253
v 0.143433 0.851652 0.029059
v 0.142435 0.847541 0.031678
v 0.140157 0.845436 0.033031
v 0.142375 0.841925 0.034836
v 0.140643 0.837802 0.037452
v 0.138020 0.835691 0.038804
v 0.139747 0.832171 0.040608
v 0.137469 0.828042 0.043222
v 0.133077 0.825730 0.045329
v 0.127597 0.903112 0.057914
v 0.130494 0.899156 0.058940
v 0.130182 0.895333 0.061910
v 0.128336 0.893393 0.063460
v 0.131562 0.889670 0.064979
v 0.130929 0.885844 0.067944
v 0.128904 0.883901 0.069490
v 0.131856 0.880170 0.070996
v 0.130836 0.876339 0.073954
v 0.128609 0.874392 0.075495
v 0.131244 0.870655 0.076992
v 0.129832 0.866817 0.079939
v 0.127410 0.864867 0.081475
v 0.129735 0.861126 0.082967
v 0.127982 0.857271 0.085888
v 0.123694 0.855810 0.089045
v 0.137872 0.918460 0.074854
v 0.140226 0.914327 0.075619
v 0.139676 0.910470 0.078551
v 0.137745 0.908530 0.080110
v 0.140667 0.904690 0.081460
v 0.139983 0.900830 0.084388
v 0.137970 0.898892 0.085950
v 0.140767 0.895047 0.087292
v 0.139880 0.891185 0.090218
v 0.137755 0.889248 0.091780
v 0.140379 0.885400 0.093118
v 0.139260 0.881537 0.096042
v 0.137018 0.879598 0.097604
v 0.139456 0.875750 0.098940
v 0.138122 0.871885 0.101861
v 0.134396 0.870567 0.105249
v 0.139985 0.936860 0.102325
v 0.141774 0.933423 0.104080
v 0.140733 0.929364 0.106728
v 0.138527 0.927289 0.108096
v 0.140608 0.923852 0.110020
v 0.140081 0.919796 0.112674
v 0.137949 0.917722 0.114042
v 0.140463 0.914288 0.115971
v 0.139431 0.910228 0.118619
v 0.137288 0.908154 0.119988
v 0.139790 0.904719 0.121916
v 0.138740 0.900660 0.124564
v 0.136588 0.898585 0.125932
v 0.139076 0.895151 0.127860
v 0.138011 0.891091 0.130508
v 0.134734 0.888782 0.132490
v -0.072430 0.781984 -0.136726
v -0.073616 0.778761 -0.135133
v -0.072021 0.774398 -0.133002
v -0.069688 0.772156 -0.131906
v -0.071875 0.768770 -0.130236
v -0.070791 0.764410 -0.128100
v -0.068752 0.762169 -0.127001
v -0.071432 0.758787 -0.125327
v -0.071044 0.754430 -0.123184
v -0.069351 0.752191 -0.122081
v -0.072598 0.748813 -0.120402
v -0.072904 0.744460 -0.118252
v -0.071544 0.742223 -0.117146
v -0.075266 0.738848 -0.115462
v -0.076042 0.734497 -0.113307
v -0.074048 0.731556 -0.111871
v -0.079679 0.812363 -0.082968
v -0.080850 0.809057 -0.081180
v -0.079412 0.805015 -0.078434
v -0.077103 0.802938 -0.077013
v -0.079179 0.799565 -0.075022
v -0.078028 0.795489 -0.072248
v -0.075877 0.793399 -0.070816
v -0.078190 0.790025 -0.068822
v -0.077369 0.785949 -0.066044
v -0.075388 0.783865 -0.064613
v -0.077961 0.780491 -0.062615
v -0.077460 0.776415 -0.059834
v -0.075634 0.774336 -0.058404
v -0.078449 0.770964 -0.056404
v -0.078206 0.766887 -0.053618
v -0.075780 0.764465 -0.051503
v -0.079696 0.848349 -0.031085
v -0.081964 0.844992 -0.029293
v -0.081719 0.841017 -0.026500
v -0.079932 0.838979 -0.025056
v -0.082722 0.835597 -0.023057
v -0.082184 0.831597 -0.020251
v -0.080231 0.829545 -0.018800
v -0.082739 0.826142 -0.016791
v -0.081838 0.822117 -0.013973
v -0.079692 0.820053 -0.012517
v -0.081903 0.816633 -0.010500
v -0.080627 0.812590 -0.007675
v -0.078291 0.810526 -0.006222
v -0.080237 0.807107 -0.004210
v -0.078631 0.803069 -0.001392
v -0.075097 0.800771 0.000777
v -0.078497 0.874507 0.015911
v -0.081589 0.871017 0.017500
v -0.081869 0.866932 0.020119
v -0.080302 0.864840 0.021473
v -0.083659 0.861349 0.023279
v -0.083394 0.857251 0.025899
v -0.081515 0.855154 0.027253
v -0.084350 0.851652 0.029059
v -0.083352 0.847541 0.031678
v -0.081074 0.845436 0.033031
v -0.083293 0.841925 0.034836
v -0.081560 0.837802 0.037452
v -0.078937 0.835691 0.038804
v -0.080664 0.832171 0.040608
v -0.078386 0.828042 0.043222
v -0.073994 0.825730 0.045329
v -0.068515 0.903112 0.057914
v -0.071411 0.899156 0.058940
v -0.071100 0.895333 0.061910
v -0.069253 0.893393 0.063460
v -0.072479 0.889670 0.064979
v -0.071846 0.885844 0.067944
v -0.069821 0.883901 0.069490
v -0.072773 0.880170 0.070996
v -0.071754 0.876339 0.073954
v -0.069526 0.874392 0.075495
v -0.072162 0.870655 0.076992
v -0.070749 0.866817 0.079939
v -0.068327 0.864867 0.081475
v -0.070652 0.861127 0.082967
v -0.068900 0.857271 0.085888
v -0.064611 0.855810 0.089045
v -0.078790 0.918460 0.074854
v -0.081144 0.914327 0.075618
v -0.080593 0.910470 0.078551
v -0.078662 0.908530 0.080110
v -0.081584 0.904690 0.081460
v -0.080900 0.900830 0.084388
v -0.078887 0.898892 0.085950
v -0.081684 0.895047 0.087292
v -0.080797 0.891185 0.090218
v -0.078673 0.889248 0.091780
v -0.081296 0.885400 0.093118
v -0.080178 0.881537 0.096042
v -0.077936 0.879599 0.097604
v -0.080373 0.875750 0.098940
v -0.079039 0.871885 0.101861
v -0.075313 0.870567 0.105249
v -0.080902 0.936860 0.102325
v -0.082691 0.933423 0.104080
v -0.081650 0.929364 0.106728
v -0.079444 0.927289 0.108096
v -0.081525 0.923852 0.110020
v -0.080999 0.919796 0.112674
v -0.078866 0.917722 0.114042
v -0.081381 0.914288 0.115971
v -0.080349 0.910228 0.118619
v -0.078205 0.908154 0.119987
v -0.080707 0.904720 0.121915
v -0.079657 0.900660 0.124564
v -0.077505 0.898586 0.125932
v -0.079993 0.895151 0.127860
v -0.078928 0.891091 0.130508
v -0.075651 0.888782 0.132490
v 0.162056 1.156395 -0.217491
v 0.162067 1.147595 0.132137
v 0.162067 1.313953 0.022167
v 0.162059 1.027605 -0.049123
v 0.162056 0.932131 -0.127057
v 0.162058 0.974937 -0.062395
v 0.162056 0.969984 -0.149721
v 0.174978 1.156394 -0.217491
v 0.174989 1.147595 0.132137
v 0.174989 1.313953 0.022166
v 0.174982 1.027605 -0.049123
v 0.174978 0.932131 -0.127058
v 0.174981 0.974936 -0.062395
v 0.174978 0.969984 -0.149721
v -0.102796 1.156394 -0.217491
v -0.102808 1.147595 0.132137
v -0.102808 1.313953 0.022166
v -0.102800 1.027605 -0.049123
v -0.102796 0.932131 -0.127058
v -0.102799 0.974936 -0.062395
v -0.102796 0.969984 -0.149721
v -0.115719 1.156394 -0.217491
v -0.115730 1.147594 0.132137
v -0.115730 1.313953 0.022166
v -0.115722 1.027605 -0.049123
v -0.115719 0.932131 -0.127058
v -0.115721 0.974936 -0.062395
v -0.115718 0.969984 -0.149721
v 0.003416 1.076434 -0.353757
v 0.013453 1.075428 -0.363444
v 0.026906 1.075797 -0.359639
v 0.026608 1.077808 -0.339965
v 0.020284 1.078176 -0.336459
v 0.006831 1.077808 -0.340265
v 0.006164 0.984320 -0.354739
v 0.018899 0.983651 -0.360482
v 0.030273 0.984360 -0.352375
v 0.016178 0.986407 -0.332780
v 0.004804 0.985698 -0.340887
v 0.011769 0.899458 -0.355109
v 0.025710 0.899171 -0.356194
v 0.033639 0.900163 -0.344716
v 0.013686 0.901730 -0.331068
v 0.005757 0.900737 -0.342546
v 0.019797 0.821128 -0.353672
v 0.033262 0.821258 -0.349893
v 0.013261 0.823393 -0.330456
v 0.009796 0.822195 -0.343953
v 0.032044 0.731365 -0.347799
v 0.042508 0.732030 -0.338544
v 0.039707 0.733317 -0.324902
v 0.015977 0.733274 -0.329772
v 0.018779 0.731987 -0.343413
v 0.046999 0.633955 -0.333188
v 0.050878 0.635129 -0.319802
v 0.023726 0.634807 -0.326518
v 0.033423 0.633794 -0.336545
v 0.057721 0.545688 -0.310553
v 0.053434 0.546914 -0.297297
v 0.034663 0.544885 -0.317935
v 0.048335 0.544674 -0.320872
v 0.059728 0.503184 -0.299337
v 0.051609 0.502690 -0.287960
v 0.040003 0.504045 -0.313374
v 0.053925 0.503862 -0.312045
v 0.056381 0.441332 -0.296047
v 0.044291 0.440035 -0.289136
v 0.044222 0.446541 -0.316340
v 0.056346 0.444585 -0.309649
v 0.046836 0.377954 -0.302316
v 0.032914 0.378034 -0.300984
v 0.037537 0.385551 -0.326520
v 0.044666 0.384968 -0.325401
v 0.052712 0.381421 -0.314525
v 0.033157 0.317465 -0.312060
v 0.020046 0.318908 -0.316711
v 0.035667 0.323703 -0.338229
v 0.041571 0.322585 -0.334192
v 0.043920 0.319304 -0.320800
v 0.018339 0.261510 -0.319989
v 0.008685 0.262152 -0.330088
v 0.012622 0.263001 -0.343482
v 0.032396 0.262968 -0.343017
v 0.035867 0.262565 -0.336676
v 0.031930 0.261716 -0.323283
v 0.011603 0.234496 -0.321843
v 0.004540 0.233547 -0.333877
v 0.032507 0.234022 -0.334074
v 0.025586 0.234734 -0.321941
v 0.005960 0.206931 -0.321270
v 0.001935 0.203785 -0.334289
v 0.011513 0.201858 -0.344297
v 0.028922 0.204595 -0.335317
v 0.029141 0.206222 -0.328266
v 0.019563 0.208149 -0.318258
v 0.001940 0.177651 -0.316938
v 0.001249 0.172207 -0.329803
v 0.012980 0.169906 -0.337062
v 0.027616 0.175837 -0.325152
v 0.026093 0.178494 -0.318592
v 0.014362 0.180794 -0.311333
v 0.000832 0.111598 -0.289514
v 0.006852 0.103634 -0.299308
v 0.020737 0.103889 -0.300966
v 0.027274 0.116745 -0.287430
v 0.022581 0.120071 -0.283034
v 0.008696 0.119816 -0.281376
v 0.004519 0.075490 -0.262840
v 0.013448 0.067937 -0.270510
v 0.027150 0.070702 -0.270033
v 0.028887 0.085808 -0.257384
v 0.022993 0.088573 -0.254216
v 0.009292 0.085808 -0.254693
v 0.052550 1.079345 -0.324536
v 0.038988 1.079714 -0.321140
v 0.029249 1.078708 -0.331127
v 0.046635 1.076965 -0.347906
v 0.056374 1.077971 -0.337919
v 0.042511 0.988375 -0.310703
v 0.028592 0.988352 -0.312068
v 0.022810 0.987147 -0.324746
v 0.025355 0.986461 -0.331488
v 0.050648 0.987193 -0.322016
v 0.030912 0.904340 -0.301385
v 0.018286 0.903932 -0.307386
v 0.017179 0.902620 -0.321266
v 0.021877 0.902035 -0.326743
v 0.042432 0.903435 -0.309264
v 0.019141 0.826437 -0.296680
v 0.009367 0.825670 -0.306654
v 0.013141 0.824362 -0.320058
v 0.019451 0.823931 -0.323581
v 0.036463 0.824588 -0.313513
v 0.032689 0.825896 -0.300110
v 0.006455 0.736428 -0.296847
v 0.002031 0.735300 -0.310067
v 0.011308 0.734198 -0.320475
v 0.018533 0.734038 -0.320897
v 0.020155 0.736452 -0.294035
v -0.002010 0.637144 -0.303784
v 0.001348 0.635881 -0.317302
v 0.014784 0.635389 -0.321153
v 0.021122 0.635639 -0.317663
v 0.021504 0.637422 -0.297968
v 0.008068 0.637915 -0.294117
v 0.000550 0.545154 -0.313361
v 0.010919 0.544324 -0.322710
v 0.024232 0.544788 -0.318448
v 0.027535 0.545406 -0.312036
v 0.003494 0.546447 -0.299750
v 0.006107 0.504625 -0.319323
v 0.018832 0.504805 -0.325124
v 0.030220 0.504308 -0.317020
v 0.031417 0.503945 -0.309890
v 0.004771 0.503948 -0.305418
v 0.015821 0.451848 -0.335046
v 0.029801 0.451468 -0.335173
v 0.036821 0.448460 -0.323456
v 0.034966 0.446885 -0.316638
v 0.008861 0.449222 -0.323202
v 0.027136 0.394049 -0.353595
v 0.039819 0.391954 -0.348085
v 0.041072 0.387905 -0.334757
v 0.015706 0.392094 -0.345777
v 0.038474 0.330680 -0.367501
v 0.047399 0.327953 -0.357085
v 0.042541 0.324997 -0.344307
v 0.024691 0.330451 -0.365140
v 0.048120 0.264599 -0.368776
v 0.051420 0.263739 -0.355213
v 0.041301 0.263129 -0.345578
v 0.034699 0.264851 -0.372705
v 0.051834 0.232409 -0.362508
v 0.051916 0.233368 -0.348555
v 0.039847 0.233642 -0.341494
v 0.032845 0.233394 -0.343314
v 0.039683 0.231723 -0.369399
v 0.054607 0.201982 -0.351029
v 0.051401 0.204910 -0.337735
v 0.038017 0.205319 -0.333696
v 0.044429 0.199462 -0.360285
v 0.056337 0.173807 -0.334340
v 0.049963 0.178279 -0.322722
v 0.036018 0.177792 -0.321767
v 0.048766 0.168849 -0.345003
v 0.056852 0.122502 -0.285099
v 0.045359 0.126953 -0.278487
v 0.032802 0.122061 -0.282228
v 0.055787 0.113160 -0.295452
v 0.056145 0.097350 -0.251281
v 0.043079 0.100114 -0.247128
v 0.032413 0.092561 -0.252107
v 0.058544 0.087032 -0.260413
v 0.053305 1.074260 -0.374273
v 0.056721 1.075634 -0.360780
v 0.029815 1.074897 -0.368392
v 0.039852 1.073891 -0.378079
v 0.060088 0.983637 -0.357274
v 0.058727 0.985015 -0.343423
v 0.045993 0.985684 -0.337679
v 0.035979 0.983597 -0.359637
v 0.048713 0.982928 -0.365381
v 0.063357 0.900298 -0.339216
v 0.057345 0.901578 -0.326654
v 0.043404 0.901865 -0.325569
v 0.041487 0.899593 -0.349610
v 0.055428 0.899306 -0.350695
v 0.062722 0.823461 -0.321013
v 0.052721 0.824528 -0.311294
v 0.039483 0.822563 -0.334765
v 0.045793 0.822132 -0.338288
v 0.059258 0.822263 -0.334510
v 0.056360 0.735322 -0.299761
v 0.043094 0.735944 -0.295375
v 0.032630 0.735279 -0.304630
v 0.048698 0.733369 -0.322658
v 0.059162 0.734034 -0.313402
v 0.041764 0.638868 -0.279680
v 0.028189 0.638707 -0.283038
v 0.041243 0.636431 -0.306583
v 0.047581 0.636680 -0.303093
v 0.051461 0.637854 -0.289708
v 0.023368 0.549425 -0.269074
v 0.013982 0.548410 -0.279393
v 0.018269 0.547185 -0.292649
v 0.038023 0.547369 -0.291679
v 0.041327 0.547988 -0.285267
v 0.037040 0.549213 -0.272011
v 0.014373 0.502118 -0.270072
v 0.008570 0.502796 -0.282780
v 0.016688 0.503290 -0.294157
v 0.035216 0.502793 -0.287252
v 0.036413 0.502430 -0.280121
v 0.028294 0.501935 -0.268743
v 0.003005 0.440967 -0.287955
v 0.002970 0.444220 -0.301557
v 0.015060 0.445517 -0.308468
v 0.029075 0.441883 -0.294993
v 0.027219 0.440308 -0.288174
v 0.015129 0.439011 -0.281263
v -0.004892 0.384014 -0.316532
v 0.000984 0.387481 -0.328741
v 0.014906 0.387401 -0.330073
v 0.021713 0.381840 -0.312355
v 0.017075 0.380387 -0.306989
v 0.003153 0.380467 -0.305656
v -0.006952 0.326854 -0.346957
v 0.003811 0.328693 -0.355697
v 0.016922 0.327250 -0.351046
v 0.015084 0.322684 -0.331889
v 0.008507 0.322130 -0.328915
v -0.004603 0.323573 -0.333565
v -0.001869 0.264682 -0.369951
v 0.011722 0.264889 -0.373245
v 0.021376 0.264247 -0.363146
v 0.003848 0.263191 -0.346458
v -0.005806 0.263833 -0.356557
v 0.003468 0.230700 -0.375078
v 0.017452 0.230938 -0.375177
v 0.024515 0.231887 -0.363143
v 0.010613 0.232609 -0.349092
v 0.003610 0.232361 -0.350912
v -0.003452 0.231412 -0.362946
v 0.010596 0.195063 -0.373732
v 0.024199 0.196282 -0.370720
v 0.028225 0.199428 -0.357701
v 0.005043 0.200136 -0.350705
v 0.001018 0.196990 -0.363725
v 0.019337 0.158815 -0.364448
v 0.031759 0.161958 -0.358842
v 0.032450 0.167402 -0.345978
v 0.008297 0.166560 -0.344325
v 0.007606 0.161116 -0.357189
v 0.040328 0.090003 -0.319319
v 0.048192 0.098221 -0.311181
v 0.042171 0.106185 -0.301386
v 0.020422 0.097712 -0.307866
v 0.026443 0.089748 -0.317661
v 0.051753 0.059161 -0.283258
v 0.056526 0.069478 -0.275112
v 0.047597 0.077031 -0.267442
v 0.029122 0.063949 -0.276065
v 0.038051 0.056396 -0.283735
vn 0.8910 0.3556 -0.2823
vn 1.0000 -0.0000 -0.0000
vn 0.0081 -0.6371 -0.7707
vn 0.0074 -0.4908 -0.8713
vn 0.0083 -0.6907 -0.7231
vn 0.6181 0.5648 -0.5468
vn 0.6282 0.6029 -0.4918
vn 0.0085 -0.7634 -0.6458
vn 0.9012 0.3114 -0.3014
vn 0.0007 0.7698 -0.6383
vn 0.0002 0.8149 -0.5797
vn 0.0002 0.8148 -0.5797
vn -0.0042 0.8146 0.5799
vn -0.0042 0.8145 0.5801
vn 0.6364 0.6432 -0.4257
vn 0.0008 0.7692 -0.6390
vn 0.0013 0.7197 -0.6943
vn 0.0013 0.7198 -0.6942
vn -0.8910 0.3556 -0.2823
vn -1.0000 -0.0000 -0.0000
vn -0.9046 0.3554 -0.2352
vn -0.0081 -0.6371 -0.7708
vn -0.0074 -0.4908 -0.8712
vn -0.0074 -0.4909 -0.8712
vn -0.6181 0.5648 -0.5468
vn -0.9012 0.3113 -0.3014
vn -0.0085 -0.7634 -0.6459
vn -0.0083 -0.6907 -0.7231
vn -0.0002 0.8149 -0.5797
vn -0.0007 0.7698 -0.6383
vn -0.0001 0.8148 -0.5797
vn 0.0042 0.8145 0.5802
vn 0.0042 0.8145 0.5801
vn -0.6364 0.6432 -0.4257
vn -0.9046 0.3555 -0.2352
vn -0.0007 0.7692 -0.6390
vn -0.0012 0.7197 -0.6943
vn 0.7045 -0.4417 0.5555
vn 0.7046 -0.4416 0.5555
vn 0.7047 -0.4414 0.5555
vn 0.7289 -0.4259 0.5360
vn 0.7292 -0.4256 0.5359
vn -0.0000 0.2623 0.9650
vn -0.0000 0.0270 0.9996
vn -0.0000 0.6737 0.7390
vn -0.0000 0.5822 0.8130
vn -0.0004 0.2123 0.9772
vn 0.0001 0.2124 0.9772
vn -0.0001 0.2124 0.9772
vn 0.5877 -0.6747 0.4465
vn 0.7904 -0.5108 0.3382
vn 0.8090 -0.4902 0.3245
vn -0.0000 0.9793 0.2026
vn -0.0004 0.2127 0.9771
vn -0.0003 0.2125 0.9772
vn -0.0005 0.2131 0.9770
vn 0.0784 -0.8314 0.5502
vn 0.1563 -0.8237 0.5451
vn 0.3089 -0.7931 0.5249
vn -0.0000 0.5371 0.8435
vn 0.0007 0.2038 -0.9790
vn 0.0001 0.2036 -0.9790
vn -0.0000 0.2036 -0.9791
vn 0.9877 -0.1304 0.0865
vn 0.9510 -0.2577 0.1707
vn 0.7301 0.5254 0.4369
vn 0.7299 0.5257 0.4369
vn 0.5877 -0.6747 0.4466
vn 0.1564 -0.8237 0.5451
vn 0.9877 -0.1304 0.0864
vn 0.0784 -0.8314 0.5501
vn 0.2972 -0.7962 0.5269
vn -0.0001 -0.8339 0.5518
vn 1.0000 -0.0001 0.0002
vn 1.0000 -0.0000 0.0001
vn 0.9969 -0.0654 0.0435
vn 0.9969 -0.0654 0.0434
vn 0.3090 -0.7931 0.5249
vn 0.5877 -0.6746 0.4465
vn 0.8089 -0.4902 0.3245
vn 0.8090 -0.4901 0.3245
vn 0.8089 -0.4902 0.3246
vn -0.0007 -0.7814 -0.6240
vn -0.0010 -0.7816 -0.6237
vn -0.0009 -0.7816 -0.6238
vn 0.7053 0.5453 0.4530
vn 0.7052 0.5454 0.4530
vn 0.7054 0.5452 0.4530
vn 0.7123 0.6997 -0.0548
vn 0.7124 0.6997 -0.0548
vn -0.0027 -0.1066 -0.9943
vn -0.0029 -0.1066 -0.9943
vn 0.7082 -0.7008 0.0852
vn 0.7083 -0.7008 0.0852
vn 1.0000 -0.0000 -0.0005
vn 1.0000 0.0001 -0.0007
vn 1.0000 -0.0000 -0.0006
vn -0.0000 -0.1064 -0.9943
vn -0.0000 -0.1065 -0.9943
vn 0.7043 0.0755 0.7059
vn 0.7042 0.0755 0.7060
vn 1.0000 -0.0001 0.0003
vn 0.0001 0.8277 -0.5611
vn -0.0016 0.6325 -0.7745
vn -0.0013 0.6323 -0.7748
vn -0.0015 0.6324 -0.7747
vn 0.7341 -0.6734 0.0877
vn 0.7340 -0.6734 0.0877
vn -0.0029 -0.1065 -0.9943
vn -0.0030 -0.1065 -0.9943
vn 0.7288 0.0725 0.6809
vn 0.7289 0.0725 0.6808
vn 0.7287 0.0725 0.6809
vn -0.0002 0.2124 0.9772
vn 0.7405 0.6708 -0.0406
vn -0.0010 -0.7802 -0.6255
vn -0.0007 -0.7800 -0.6258
vn -0.0009 -0.7802 -0.6256
vn -0.0027 0.6285 -0.7778
vn -0.0027 0.6286 -0.7777
vn -0.0029 0.6288 -0.7776
vn 0.9953 -0.0807 0.0536
vn 1.0000 0.0001 0.0001
vn 0.9394 -0.2858 0.1893
vn 0.0485 0.4943 0.8679
vn 0.0667 0.5095 0.8579
vn 0.0131 0.4811 0.8766
vn 0.0255 0.4845 0.8744
vn 0.0131 -0.6188 -0.7854
vn 0.0255 -0.6155 -0.7877
vn 0.0668 0.5095 0.8579
vn 0.0130 -0.6189 -0.7854
vn -0.0733 -0.8317 0.5503
vn 0.0485 0.4943 0.8680
vn 0.0486 -0.6058 -0.7942
vn 0.0256 0.4845 0.8744
vn 0.0670 -0.5905 -0.8042
vn 0.0486 -0.6057 -0.7942
vn 0.0669 -0.5905 -0.8043
vn 0.0787 -0.5713 -0.8170
vn 0.0784 0.5287 0.8452
vn 0.0667 0.5096 0.8578
vn 0.0669 -0.5905 -0.8042
vn 0.0785 0.5287 0.8452
vn 0.0787 -0.5712 -0.8170
vn 0.0825 0.5390 0.8383
vn 0.0131 -0.6189 -0.7854
vn 0.0827 -0.5608 -0.8238
vn 0.0827 -0.5609 -0.8237
vn 0.0131 0.4810 0.8766
vn 0.0132 0.4810 0.8766
vn 0.0825 0.5390 0.8382
vn 0.0827 -0.5609 -0.8238
vn 0.0828 -0.5609 -0.8237
vn 0.0828 -0.5608 -0.8238
vn 0.0130 -0.6188 -0.7854
vn 0.0130 0.4811 0.8766
vn 0.3089 -0.7932 0.5249
vn -0.0734 -0.8317 0.5504
vn 0.6022 -0.6657 0.4406
vn 0.3090 -0.7931 0.5248
vn 0.5878 -0.6746 0.4466
vn 0.8090 -0.4902 0.3246
vn 0.5878 -0.6746 0.4465
vn 0.9511 -0.2576 0.1707
vn 0.9510 -0.2576 0.1707
vn 0.9510 -0.2577 0.1706
vn 0.1562 -0.8237 0.5451
vn -0.0734 -0.8317 0.5503
vn 0.9973 0.0611 -0.0402
vn 0.9973 0.0611 -0.0403
vn 0.9877 -0.1305 0.0865
vn -0.0733 -0.8317 0.5504
vn -0.0001 -0.8354 0.5496
vn 0.5690 -0.6857 0.4539
vn 0.0769 -0.8315 0.5502
vn 0.0256 0.4844 0.8745
vn -0.0000 0.8340 -0.5518
vn 0.0001 0.8339 -0.5518
vn 0.0002 0.8339 -0.5518
vn 1.0000 0.0003 0.0002
vn 1.0000 0.0001 0.0003
vn 1.0000 -0.0000 0.0004
vn 1.0000 0.0001 0.0005
vn 1.0000 0.0001 0.0006
vn 1.0000 0.0003 0.0004
vn 1.0000 0.0005 0.0002
vn -0.0005 0.2125 0.9772
vn -0.0769 -0.8315 0.5502
vn -0.0784 -0.8314 0.5502
vn 1.0000 0.0002 0.0003
vn 1.0000 0.0004 0.0002
vn -0.0000 0.2124 0.9772
vn -0.0003 0.2123 0.9772
vn -0.0012 0.2122 0.9772
vn 0.0003 0.2126 0.9772
vn -0.0001 0.2123 0.9772
vn 0.0001 0.2123 0.9772
vn -0.0003 0.2126 0.9772
vn 1.0000 -0.0000 0.0002
vn -0.7048 -0.4413 0.5555
vn -0.7047 -0.4414 0.5555
vn -0.7292 -0.4256 0.5359
vn -0.7289 -0.4259 0.5360
vn -0.7290 -0.4258 0.5359
vn -0.7904 -0.5108 0.3382
vn -0.5877 -0.6747 0.4465
vn -0.8090 -0.4901 0.3245
vn 0.0004 0.2127 0.9771
vn 0.0005 0.2131 0.9770
vn 0.0003 0.2125 0.9772
vn -0.3089 -0.7931 0.5249
vn -0.1563 -0.8237 0.5451
vn -0.0007 0.2038 -0.9790
vn -0.0001 0.2036 -0.9790
vn -0.0008 0.2038 -0.9790
vn -0.9510 -0.2577 0.1707
vn -0.9877 -0.1305 0.0865
vn -0.9969 -0.0654 0.0434
vn -0.8090 -0.4902 0.3245
vn -0.7296 0.5260 0.4370
vn -0.7299 0.5256 0.4370
vn -0.5877 -0.6747 0.4466
vn -0.9969 -0.0654 0.0435
vn -0.2972 -0.7962 0.5269
vn 0.0001 -0.8339 0.5518
vn -1.0000 -0.0000 0.0001
vn -1.0000 0.0001 0.0001
vn -0.9877 -0.1305 0.0864
vn -0.9877 -0.1304 0.0865
vn -0.9877 -0.1304 0.0864
vn -0.3090 -0.7931 0.5249
vn -0.8089 -0.4902 0.3245
vn 0.0010 -0.7816 -0.6237
vn 0.0011 -0.7817 -0.6237
vn 0.0009 -0.7816 -0.6238
vn -0.7053 0.5454 0.4529
vn -0.7056 0.5449 0.4529
vn -0.7053 0.5453 0.4529
vn -0.7124 0.6997 -0.0548
vn 0.0030 -0.1066 -0.9943
vn 0.0025 -0.1066 -0.9943
vn 0.0027 -0.1066 -0.9943
vn -0.7083 -0.7007 0.0852
vn -0.7082 -0.7008 0.0853
vn -0.7083 -0.7008 0.0852
vn -0.7042 0.0755 0.7060
vn -0.7043 0.0755 0.7059
vn -0.7043 0.0755 0.7058
vn -1.0000 -0.0001 0.0002
vn -1.0000 -0.0001 0.0003
vn -0.0001 0.8277 -0.5611
vn 0.0016 0.6325 -0.7745
vn 0.0014 0.6323 -0.7747
vn 0.0015 0.6324 -0.7746
vn -1.0000 -0.0000 -0.0006
vn -1.0000 -0.0001 -0.0007
vn -1.0000 0.0001 -0.0007
vn -0.7340 -0.6734 0.0877
vn -0.7289 0.0725 0.6808
vn -0.7287 0.0725 0.6809
vn -0.7287 0.0725 0.6810
vn 0.0002 0.2124 0.9772
vn -0.7405 0.6708 -0.0406
vn 0.0009 -0.7802 -0.6255
vn 0.0010 -0.7802 -0.6255
vn 0.0027 0.6285 -0.7778
vn 0.0027 0.6286 -0.7777
vn 0.0025 0.6284 -0.7779
vn -0.9953 -0.0807 0.0536
vn -0.9394 -0.2858 0.1893
vn -0.0485 0.4943 0.8679
vn -0.0667 0.5095 0.8579
vn -0.0131 0.4811 0.8766
vn -0.0255 0.4845 0.8744
vn -0.0784 -0.8314 0.5501
vn -0.0255 -0.6155 -0.7877
vn -0.0131 -0.6188 -0.7854
vn -0.0668 0.5095 0.8579
vn -0.0130 -0.6189 -0.7854
vn 0.0733 -0.8317 0.5503
vn -0.0485 0.4943 0.8680
vn -0.0486 -0.6058 -0.7942
vn -0.0669 -0.5905 -0.8042
vn -0.0670 -0.5905 -0.8042
vn -0.0669 -0.5905 -0.8043
vn -0.0486 -0.6057 -0.7942
vn -0.0787 -0.5713 -0.8170
vn -0.0667 0.5096 0.8578
vn -0.0784 0.5287 0.8452
vn -0.0785 0.5287 0.8452
vn -0.0787 -0.5712 -0.8170
vn -0.0825 0.5390 0.8383
vn -0.0131 -0.6189 -0.7854
vn -0.0827 -0.5609 -0.8238
vn -0.0131 0.4810 0.8766
vn -0.0825 0.5390 0.8382
vn -0.0827 -0.5608 -0.8238
vn -0.0828 -0.5608 -0.8238
vn -0.1564 -0.8237 0.5451
vn -0.0130 -0.6188 -0.7854
vn -0.0256 0.4845 0.8744
vn -0.9969 -0.0655 0.0434
vn -0.0256 0.4844 0.8744
vn 0.0734 -0.8317 0.5504
vn -0.6022 -0.6657 0.4406
vn 0.0734 -0.8317 0.5503
vn -0.5878 -0.6746 0.4465
vn -0.5878 -0.6747 0.4465
vn -0.9511 -0.2576 0.1707
vn -0.9510 -0.2577 0.1706
vn -0.6023 -0.6657 0.4406
vn -0.1562 -0.8237 0.5451
vn -0.1564 -0.8237 0.5450
vn -0.9973 0.0611 -0.0402
vn -0.9973 0.0611 -0.0403
vn -0.9973 0.0612 -0.0403
vn 0.0733 -0.8317 0.5504
vn 0.0001 -0.8354 0.5496
vn -0.5690 -0.6857 0.4539
vn -0.0000 0.8339 -0.5518
vn -0.0001 0.8339 -0.5518
vn -0.0002 0.8339 -0.5518
vn -0.0002 0.8340 -0.5518
vn -1.0000 0.0003 0.0002
vn -1.0000 -0.0000 0.0004
vn -1.0000 0.0001 0.0003
vn -1.0000 0.0001 0.0005
vn -1.0000 0.0001 0.0006
vn -1.0000 0.0003 0.0004
vn -1.0000 0.0004 0.0002
vn 0.0005 0.2125 0.9772
vn -1.0000 0.0002 0.0003
vn 0.0003 0.2123 0.9772
vn 0.0012 0.2122 0.9772
vn 0.0004 0.2123 0.9772
vn -1.0000 -0.0000 0.0002
vn 0.0030 -0.1065 -0.9943
vn 0.2069 0.9367 -0.2825
vn 0.2067 0.9756 0.0735
vn 0.2069 0.8838 0.4197
vn 0.2072 0.7657 -0.6090
vn 0.2054 -0.8885 -0.4103
vn 0.2053 -0.7435 -0.6364
vn 0.2070 -0.2100 -0.9555
vn 0.2068 0.1480 -0.9671
vn 0.2053 -0.3411 0.9173
vn 0.2052 -0.5777 0.7900
vn 0.2053 -0.5777 0.7900
vn 0.2052 0.4528 0.8677
vn 0.2039 0.6176 0.7597
vn 0.2053 0.1999 0.9581
vn 0.2054 0.1999 0.9581
vn 0.2054 -0.0735 0.9759
vn 0.2045 -0.4683 -0.8596
vn 0.2053 -0.8998 0.3851
vn 0.2052 -0.7660 0.6092
vn 0.2043 0.7322 0.6498
vn 0.2043 0.7322 0.6497
vn 0.2054 -0.9705 0.1260
vn 0.2054 -0.3412 0.9173
vn 0.2055 -0.9674 -0.1480
vn 0.2039 -0.6012 -0.7726
vn 0.2069 0.4861 -0.8491
vn 0.2071 0.7657 -0.6090
vn 1.0000 -0.0001 -0.0000
vn 1.0000 0.0001 -0.0002
vn -0.2067 0.9756 0.0735
vn -0.2069 0.9367 -0.2825
vn -0.2069 0.8838 0.4197
vn -0.2072 0.7657 -0.6090
vn -0.2053 -0.7435 -0.6364
vn -0.2054 -0.8885 -0.4103
vn -0.2068 0.1480 -0.9671
vn -0.2070 -0.2100 -0.9555
vn -0.2052 -0.5777 0.7900
vn -0.2053 -0.3411 0.9173
vn -0.2053 -0.5777 0.7900
vn -0.2052 0.4528 0.8677
vn -0.2039 0.6176 0.7597
vn -0.2053 0.1999 0.9581
vn -0.2054 -0.0735 0.9759
vn -0.2054 0.1999 0.9581
vn -0.2045 -0.4683 -0.8596
vn -0.2053 -0.8998 0.3851
vn -0.2052 -0.7660 0.6092
vn -0.2043 0.7322 0.6498
vn -0.2043 0.7322 0.6497
vn -0.2054 -0.9705 0.1260
vn -0.2054 -0.3412 0.9173
vn -0.2055 -0.9674 -0.1480
vn -0.2040 -0.6012 -0.7726
vn -0.2069 0.4861 -0.8491
vn -0.2069 0.4861 -0.8490
vn -1.0000 -0.0002 -0.0000
vn -1.0000 -0.0001 -0.0000
vn 0.7278 0.0806 0.6810
vn 0.0001 0.7964 0.6047
vn 0.1506 -0.7589 -0.6336
vn -0.0000 -0.7676 -0.6409
vn 0.1506 -0.7589 -0.6335
vn 0.7187 -0.0304 -0.6947
vn 0.7071 -0.0719 -0.7034
vn 0.7246 -0.0067 -0.6891
vn 0.0016 -0.9948 0.1016
vn 0.0011 -0.9949 0.1011
vn 0.8461 0.5330 -0.0000
vn 0.2831 0.5316 0.7983
vn -0.0000 0.8272 -0.5619
vn -0.0000 0.7452 -0.6669
vn -0.0001 0.7451 -0.6669
vn -0.7985 0.4436 -0.4070
vn -0.7987 0.4000 -0.4494
vn -0.7988 0.4779 -0.3654
vn -0.0001 0.7964 0.6047
vn -0.7934 0.5048 -0.3400
vn -0.7934 0.5049 -0.3401
vn -0.0000 -0.9949 0.1005
vn -0.0000 0.9948 -0.1017
vn -0.7071 0.5886 -0.3920
vn -0.7187 0.5554 -0.4184
vn 0.7071 0.6910 -0.1502
vn 0.7071 0.6910 -0.1503
vn 0.0303 -0.1017 -0.9944
vn 0.0303 -0.1016 -0.9944
vn -0.0000 0.6538 -0.7567
vn -0.0000 0.6774 0.7356
vn 0.9941 -0.1083 -0.0006
vn 0.9941 -0.1088 -0.0008
vn 0.9941 -0.1081 -0.0006
vn -0.0000 1.0000 -0.0000
vn 0.9934 -0.1098 0.0333
vn -0.0000 0.3620 0.9322
vn -0.0000 -0.0000 1.0000
vn -0.0000 -0.0034 1.0000
vn -0.0000 -0.0051 1.0000
vn 1.0000 0.0002 -0.0000
vn 0.7071 -0.5201 0.4790
vn -0.9998 -0.0145 0.0167
vn -0.9998 -0.0146 0.0168
vn -0.0016 -0.9948 0.1016
vn -0.0016 -0.9947 0.1027
vn -0.0015 -0.9948 0.1016
vn -0.0000 -0.2125 -0.9772
vn -0.0000 0.8636 0.5042
vn -0.0000 0.9772 -0.2125
vn 0.7097 0.4772 0.5183
vn 0.7096 0.4773 0.5183
vn -0.0000 -0.1017 -0.9948
vn 0.0002 -0.0259 -0.9997
vn 0.1296 0.7526 0.6456
vn -0.0000 0.7590 0.6511
vn -0.9943 -0.1068 -0.0007
vn -0.9943 -0.1064 -0.0008
vn -0.9943 -0.1069 -0.0007
vn 0.0226 0.6702 -0.7418
vn -0.0007 -0.9926 0.1211
vn 0.0016 -0.9947 0.1027
vn -0.8511 0.5251 -0.0000
vn -1.0000 0.0001 -0.0001
vn -0.0000 -0.0017 -1.0000
vn -0.0000 -0.0000 -1.0000
vn -0.0000 -0.0025 -1.0000
vn -0.8461 0.5330 -0.0000
vn -0.0003 -0.0086 1.0000
vn 0.8511 0.5251 -0.0000
vn 0.9943 -0.1068 -0.0007
vn 0.9943 -0.1064 -0.0008
vn 0.9998 -0.0145 0.0167
vn 0.9998 -0.0144 0.0167
vn -1.0000 0.0014 0.0026
vn -1.0000 0.0021 0.0013
vn -0.7071 0.6909 -0.1502
vn -0.7071 0.6910 -0.1502
vn -0.0000 -0.7356 0.6774
vn -0.0001 0.1017 0.9948
vn -0.0000 0.1017 0.9948
vn -0.0001 0.1016 0.9948
vn -0.2831 0.5316 0.7983
vn -0.0303 -0.1017 -0.9944
vn -0.7278 0.0806 0.6810
vn 0.0015 -0.9948 0.1016
vn -0.0000 0.2125 0.9772
vn -0.0002 -0.0256 -0.9997
vn -0.0002 -0.0259 -0.9997
vn -0.0000 0.5430 -0.8397
vn -0.0000 0.3049 -0.9524
vn -0.0020 -0.9948 0.1016
vn -0.0000 0.0017 1.0000
vn -0.0003 0.0046 1.0000
vn -0.0226 0.6702 -0.7418
vn 0.0002 0.7879 -0.6158
vn 0.0001 0.8323 -0.5543
vn -0.0000 0.8324 -0.5542
vn -0.0000 -0.0828 -0.9966
vn -0.0000 0.0480 -0.9988
vn -0.0000 0.0088 -1.0000
vn -0.0000 0.0034 -1.0000
vn -0.0000 0.0051 -1.0000
vn 0.8510 0.5251 -0.0000
vn -1.0000 0.0049 -0.0045
vn -1.0000 0.0033 0.0041
vn -1.0000 0.0022 0.0013
vn 0.0001 0.1017 0.9948
vn 0.0001 0.1016 0.9948
vn -0.9934 -0.1096 0.0333
vn -0.9941 -0.1086 -0.0007
vn -0.9941 -0.1084 -0.0007
vn -0.9941 -0.1085 -0.0007
vn -0.0000 0.0025 1.0000
vn -0.0000 0.6538 -0.7566
vn -0.0000 0.6539 -0.7566
vn -0.7071 -0.5201 0.4790
vn -0.1506 -0.7589 -0.6335
vn -0.0000 -0.7677 -0.6408
vn -0.1296 0.7526 0.6456
vn -0.0000 0.0044 1.0000
vn -0.0000 -0.0044 -1.0000
vn -0.0000 -0.0088 1.0000
vn 0.7187 0.5554 -0.4184
vn 0.7071 0.5886 -0.3920
vn -0.0453 0.1207 0.9917
vn -0.7097 0.4772 0.5183
vn -0.7096 0.4773 0.5184
vn 0.8462 0.5329 -0.0000
vn -0.0000 0.1307 0.9914
vn 0.7934 0.5048 -0.3400
vn 0.7988 0.4779 -0.3654
vn 0.7985 0.4436 -0.4070
vn -0.7976 0.3096 -0.5177
vn -0.7975 0.1628 -0.5810
vn -0.7978 0.2829 -0.5324
vn -0.7969 -0.0000 -0.6041
vn -0.7948 -0.0549 -0.6044
vn -0.7976 0.1299 -0.5891
vn -0.7971 0.0214 -0.6035
vn 0.7246 0.5360 -0.4332
vn 0.7456 0.4457 -0.4954
vn 0.7486 0.4283 -0.5062
vn 0.7598 0.2772 -0.5881
vn 0.7455 0.0984 -0.6592
vn 0.7484 0.1183 -0.6526
vn 0.0002 0.7877 -0.6161
vn 0.0005 0.6568 -0.7541
vn 0.0004 0.6565 -0.7543
vn 0.0007 0.4269 -0.9043
vn 0.0008 0.4265 -0.9045
vn 0.0002 -0.0256 -0.9997
vn 0.0005 0.1644 -0.9864
vn 0.0006 0.1646 -0.9864
vn -0.7598 0.2769 -0.5883
vn -0.7485 0.4282 -0.5063
vn -0.7598 0.2772 -0.5881
vn -0.7456 0.4457 -0.4954
vn -0.7246 0.5360 -0.4332
vn -0.7484 0.1181 -0.6526
vn -0.7455 0.0984 -0.6591
vn -0.7246 -0.0067 -0.6891
vn -0.7187 -0.0304 -0.6947
vn -0.0007 0.4263 -0.9046
vn -0.0006 0.6564 -0.7544
vn -0.0007 0.4264 -0.9045
vn -0.0005 0.6566 -0.7543
vn -0.0002 0.7877 -0.6161
vn -0.0004 0.1645 -0.9864
vn -0.0005 0.1641 -0.9864
vn 0.7948 -0.0550 -0.6044
vn 0.7969 -0.0000 -0.6041
vn 0.7947 -0.0549 -0.6045
vn 0.7971 0.0214 -0.6035
vn 0.7976 0.1299 -0.5891
vn 0.7975 0.1628 -0.5810
vn 0.7978 0.2829 -0.5324
vn 0.7976 0.3096 -0.5177
vn 0.7987 0.4001 -0.4494
vn 1.0000 0.0002 -0.0002
vn 1.0000 -0.0000 -0.0014
vn -1.0000 -0.0000 -0.0001
vn 1.0000 -0.0001 -0.0001
vn 1.0000 -0.0003 -0.0000
vn -0.7071 -0.0719 -0.7034
vn -0.0002 0.7879 -0.6158
vn -0.0001 0.8323 -0.5543
vn -1.0000 0.0030 0.0054
vn 0.4677 0.7252 -0.5053
vn 0.8471 0.4360 -0.3040
vn 0.8508 0.4311 -0.3006
vn 0.9900 0.1156 -0.0807
vn 0.5011 -0.7127 0.4909
vn 0.8682 -0.4088 0.2812
vn 0.8712 -0.4046 0.2782
vn 0.9919 -0.1050 0.0720
vn 0.9905 0.1125 -0.0784
vn 0.9922 -0.1026 0.0704
vn 0.1186 0.8187 -0.5618
vn 0.4652 0.7263 -0.5061
vn -0.0000 0.8283 -0.5603
vn -0.0000 -0.5502 -0.8350
vn 0.2048 0.5128 -0.8337
vn 0.1092 0.6199 -0.7771
vn 0.3519 0.2991 -0.8870
vn -0.0000 0.5502 0.8350
vn 0.1243 -0.8197 0.5591
vn -0.0000 -0.8288 0.5596
vn 0.6411 -0.5014 -0.5810
vn 0.6596 -0.4136 -0.6276
vn 0.0314 0.6863 -0.7267
vn -0.0000 0.7073 -0.7069
vn 0.4389 -0.8740 -0.2085
vn 0.4427 -0.8631 -0.2432
vn 0.5853 -0.6759 -0.4479
vn 0.5205 -0.0015 -0.8539
vn 0.6490 -0.3595 -0.6705
vn 0.5661 -0.1025 -0.8179
vn 0.6469 -0.3501 -0.6775
vn 0.0039 -0.8352 0.5499
vn -0.0000 -0.8352 0.5499
vn -0.0000 -0.8350 0.5502
vn 0.9247 -0.3106 0.2200
vn 0.9250 0.3216 -0.2022
vn 0.9249 0.3219 -0.2023
vn -0.0000 -0.9592 0.2826
vn 0.0785 -0.9772 0.1974
vn 0.1998 -0.9778 0.0637
vn -0.3807 -0.7714 0.5099
vn 0.3847 -0.7652 0.5162
vn 0.3848 -0.7652 0.5162
vn 0.9247 -0.3108 0.2201
vn 0.9999 0.0032 0.0115
vn 0.9999 0.0036 0.0112
vn -0.9245 0.3110 -0.2203
vn -0.3847 0.7652 -0.5162
vn -0.9247 0.3107 -0.2201
vn 0.9230 0.3257 -0.2049
vn 0.9248 -0.3106 0.2200
vn 0.9247 -0.3107 0.2201
vn -0.9231 -0.3255 0.2048
vn -0.9230 -0.3258 0.2049
vn -0.9999 -0.0130 -0.0049
vn -0.9230 -0.3257 0.2049
vn -0.9999 -0.0126 -0.0052
vn 0.0113 -0.5542 -0.8323
vn 0.0114 -0.5542 -0.8323
vn -0.9267 0.3066 -0.2174
vn 0.0158 -0.5735 -0.8190
vn 0.0259 -0.5577 -0.8296
vn 0.0241 -0.5616 -0.8271
vn 0.0250 -0.5468 -0.8369
vn 0.0259 -0.5499 -0.8348
vn 0.0156 -0.5288 -0.8486
vn 0.9249 0.3218 -0.2023
vn 0.9999 0.0031 0.0115
vn 0.3805 0.7715 -0.5100
vn 0.3806 0.7714 -0.5099
vn 0.9229 0.3260 -0.2051
vn 0.0257 -0.5541 -0.8321
vn -0.9266 0.3069 -0.2175
vn 0.0113 -0.5553 -0.8316
vn 0.0130 -0.5727 -0.8197
vn -0.0019 0.8339 -0.5519
vn -0.0000 0.8338 -0.5520
vn -0.9266 0.3068 -0.2175
vn 0.9813 -0.1065 -0.1605
vn 0.9812 -0.1063 -0.1608
vn -0.0000 -0.5554 -0.8316
vn 0.0129 -0.5298 -0.8480
vn -0.0000 -0.5531 -0.8331
vn 0.0256 -0.5541 -0.8321
vn 0.0256 -0.5540 -0.8321
vn 0.6427 -0.4951 -0.5846
vn 0.0113 -0.5552 -0.8316
vn 0.0113 -0.5553 -0.8315
vn 0.0114 -0.5553 -0.8316
vn 0.0113 -0.5554 -0.8315
vn 0.4972 -0.7146 0.4921
vn 0.1264 -0.8195 0.5590
vn -0.4677 0.7252 -0.5053
vn -0.8470 0.4360 -0.3040
vn -0.4652 0.7263 -0.5061
vn -0.9900 0.1156 -0.0807
vn -0.8508 0.4310 -0.3006
vn -0.9906 0.1125 -0.0784
vn -0.5011 -0.7127 0.4909
vn -0.8682 -0.4088 0.2812
vn -0.4973 -0.7145 0.4921
vn -0.9919 -0.1050 0.0720
vn -0.8712 -0.4046 0.2782
vn -0.9922 -0.1026 0.0704
vn -0.1185 0.8187 -0.5618
vn -0.1187 0.8187 -0.5618
vn -0.1092 0.6199 -0.7771
vn -0.2048 0.5128 -0.8337
vn -0.3519 0.2991 -0.8870
vn 0.0001 0.5503 0.8350
vn -0.0001 0.5503 0.8350
vn -0.1243 -0.8198 0.5591
vn -0.6469 -0.3502 -0.6774
vn -0.6490 -0.3595 -0.6705
vn -0.6596 -0.4136 -0.6276
vn -0.0314 0.6863 -0.7267
vn -0.4389 -0.8740 -0.2085
vn -0.5853 -0.6759 -0.4479
vn -0.4427 -0.8631 -0.2432
vn -0.5205 -0.0015 -0.8539
vn -0.5661 -0.1024 -0.8179
vn -0.0039 -0.8352 0.5499
vn -0.0036 -0.8354 0.5497
vn -0.9250 0.3216 -0.2022
vn -0.9247 -0.3106 0.2200
vn -0.9249 0.3218 -0.2023
vn -0.0785 -0.9772 0.1974
vn -0.0000 -0.9593 0.2825
vn -0.3847 -0.7652 0.5162
vn 0.3808 -0.7714 0.5099
vn -0.3848 -0.7652 0.5162
vn -0.9246 -0.3108 0.2201
vn -0.9999 0.0031 0.0115
vn -0.9248 -0.3105 0.2200
vn 0.3847 0.7652 -0.5162
vn 0.9245 0.3110 -0.2203
vn 0.9247 0.3107 -0.2201
vn -0.9999 0.0036 0.0112
vn -0.9230 0.3257 -0.2049
vn -0.9229 0.3260 -0.2051
vn 0.9231 -0.3255 0.2048
vn 0.9230 -0.3258 0.2049
vn 0.9230 -0.3257 0.2050
vn 0.9999 -0.0130 -0.0049
vn 0.9999 -0.0126 -0.0052
vn -0.0113 -0.5542 -0.8323
vn -0.0114 -0.5542 -0.8323
vn 0.9267 0.3066 -0.2174
vn 0.9266 0.3068 -0.2175
vn -0.9247 -0.3107 0.2201
vn -0.0158 -0.5735 -0.8191
vn -0.0242 -0.5613 -0.8273
vn -0.0259 -0.5578 -0.8296
vn -0.0249 -0.5463 -0.8372
vn -0.0156 -0.5288 -0.8486
vn -0.0259 -0.5499 -0.8348
vn -0.9999 0.0032 0.0115
vn -0.3807 0.7714 -0.5099
vn 0.3845 0.7653 -0.5162
vn 0.9230 -0.3257 0.2049
vn 0.3807 -0.7714 0.5099
vn -0.3805 0.7715 -0.5100
vn -0.0258 -0.5540 -0.8321
vn -0.0256 -0.5540 -0.8321
vn 0.9266 0.3069 -0.2175
vn -0.0113 -0.5553 -0.8316
vn -0.0130 -0.5726 -0.8197
vn 0.0019 0.8339 -0.5519
vn -0.0000 0.8339 -0.5519
vn -0.0000 -0.5503 -0.8350
vn -0.9812 -0.1063 -0.1608
vn -0.9813 -0.1065 -0.1605
vn -0.9813 -0.1064 -0.1606
vn -0.0129 -0.5298 -0.8480
vn -0.0256 -0.5541 -0.8321
vn -0.6427 -0.4951 -0.5846
vn -0.6411 -0.5014 -0.5810
vn -0.1998 -0.9778 0.0637
vn -0.1264 -0.8195 0.5590
vn 0.8857 -0.4251 0.1865
vn 0.9931 -0.0618 -0.0992
vn 0.9957 0.0124 -0.0920
vn 0.9938 -0.1070 -0.0304
vn 0.8522 -0.4969 0.1637
vn 0.9847 0.0594 -0.1637
vn 0.9888 -0.1390 -0.0545
vn 0.8984 -0.4086 0.1611
vn 0.9841 0.0865 -0.1554
vn 0.9951 -0.0836 -0.0523
vn 0.8841 -0.4476 0.1344
vn 0.9704 0.1428 -0.1946
vn 0.9933 -0.0872 -0.0757
vn 0.9771 0.1211 -0.1751
vn 0.9203 -0.3769 0.1051
vn 0.9971 -0.0489 -0.0591
vn 0.9142 -0.3780 0.1460
vn 0.9491 0.2313 -0.2139
vn 0.9957 -0.0238 -0.0892
vn 0.9696 0.1667 -0.1794
vn 0.9518 -0.2947 0.0852
vn 0.9988 -0.0082 -0.0482
vn 0.9301 -0.3371 0.1459
vn 0.9291 0.3023 -0.2133
vn 0.9951 0.0420 -0.0900
vn 0.9633 0.2120 -0.1647
vn 0.9590 -0.2629 0.1054
vn 0.9282 -0.3254 0.1805
vn 0.8220 -0.5111 0.2513
vn 0.9386 -0.2991 0.1721
vn 0.9752 0.1869 -0.1185
vn 0.9992 -0.0409 -0.0036
vn 0.9683 0.1927 -0.1591
vn 0.9246 -0.3416 0.1687
vn 0.9967 -0.0814 -0.0038
vn 0.9779 0.1470 -0.1489
vn 0.9054 -0.3822 0.1847
vn 0.9931 -0.1160 0.0160
vn 0.9868 0.1089 -0.1196
vn 0.8864 -0.4097 0.2155
vn 0.9895 -0.1351 0.0506
vn 0.9930 0.0887 -0.0785
vn 0.8531 -0.4451 0.2722
vn 0.7739 -0.5412 0.3288
vn 0.9286 0.2778 -0.2461
vn 0.9452 0.2132 -0.2472
vn 0.9506 0.3016 -0.0727
vn 0.9520 -0.1966 0.2345
vn 0.9922 0.1092 0.0601
vn 0.9573 0.2817 -0.0641
vn 0.9290 -0.2575 0.2657
vn 0.9943 0.0498 0.0941
vn 0.9779 0.2079 -0.0216
vn 0.8944 -0.3288 0.3032
vn 0.9907 -0.0217 0.1342
vn 0.9913 0.1290 0.0247
vn 0.8559 -0.3923 0.3369
vn 0.9959 0.0640 0.0639
vn 0.9824 -0.0827 0.1674
vn 0.7951 -0.4743 0.3781
vn 0.6667 -0.6324 0.3944
vn 0.8659 0.4284 -0.2582
vn 0.9460 0.2054 -0.2509
vn 0.9280 -0.3397 0.1532
vn 0.9527 0.1925 -0.2352
vn 0.9058 -0.3747 0.1976
vn 0.9722 0.1385 -0.1887
vn 0.8742 -0.4248 0.2353
vn 0.9861 0.0688 -0.1513
vn 0.8406 -0.4764 0.2576
vn 0.9913 -0.0003 -0.1319
vn 0.7586 -0.5613 0.3309
vn 0.6012 -0.6408 0.4775
vn 0.7582 0.4248 -0.4946
vn 0.9378 0.0590 -0.3422
vn 0.9095 -0.4112 0.0613
vn 0.9785 -0.1541 -0.1368
vn 0.9929 -0.0136 -0.1179
vn 0.9443 0.0901 -0.3165
vn 0.9112 -0.4028 0.0866
vn 0.9815 -0.1524 -0.1160
vn 0.9952 -0.0439 -0.0870
vn 0.9532 0.0686 -0.2944
vn 0.8950 -0.4300 0.1184
vn 0.9806 -0.1720 -0.0940
vn 0.9940 -0.0895 -0.0623
vn 0.9597 0.0415 -0.2780
vn 0.8809 -0.4538 0.1343
vn 0.9762 -0.1996 -0.0851
vn 0.9890 -0.1388 -0.0507
vn 0.9620 0.0089 -0.2729
vn 0.8286 -0.5311 0.1770
vn 0.6060 -0.6944 0.3880
vn 0.5692 -0.6992 0.4326
vn 0.9823 0.1257 -0.1387
vn 0.9103 -0.3598 0.2045
vn 0.9734 0.1873 -0.1318
vn 0.9964 -0.0792 0.0305
vn 0.9178 -0.3302 0.2205
vn 0.9781 0.1772 -0.1094
vn 0.9976 -0.0561 0.0398
vn 0.8995 -0.3568 0.2523
vn 0.9821 0.1646 -0.0917
vn 0.9963 -0.0620 0.0588
vn 0.8907 -0.3699 0.2642
vn 0.9858 0.1445 -0.0858
vn 0.9949 -0.0761 0.0663
vn 0.8473 -0.4399 0.2975
vn 0.8074 0.5436 -0.2292
vn 0.8108 0.3487 -0.4701
vn 0.8739 0.3754 -0.3089
vn -0.9931 -0.0618 -0.0992
vn -0.8857 -0.4251 0.1865
vn -0.9957 0.0125 -0.0920
vn -0.8522 -0.4969 0.1637
vn -0.9938 -0.1070 -0.0302
vn -0.9847 0.0594 -0.1637
vn -0.9841 0.0865 -0.1554
vn -0.8984 -0.4086 0.1611
vn -0.8841 -0.4476 0.1344
vn -0.9951 -0.0836 -0.0523
vn -0.9704 0.1427 -0.1946
vn -0.9771 0.1210 -0.1752
vn -0.9203 -0.3769 0.1051
vn -0.9143 -0.3779 0.1460
vn -0.9971 -0.0488 -0.0590
vn -0.9491 0.2313 -0.2139
vn -0.9696 0.1667 -0.1794
vn -0.9518 -0.2947 0.0852
vn -0.9301 -0.3371 0.1459
vn -0.9988 -0.0082 -0.0482
vn -0.9291 0.3023 -0.2133
vn -0.9633 0.2120 -0.1647
vn -0.9590 -0.2629 0.1054
vn -0.9282 -0.3254 0.1805
vn -0.8220 -0.5111 0.2513
vn -0.7740 -0.5412 0.3288
vn -0.9386 -0.2991 0.1721
vn -0.9752 0.1870 -0.1185
vn -0.9992 -0.0410 -0.0035
vn -0.9683 0.1926 -0.1590
vn -0.9246 -0.3416 0.1686
vn -0.9967 -0.0813 -0.0036
vn -0.9779 0.1469 -0.1488
vn -0.9055 -0.3821 0.1847
vn -0.9931 -0.1160 0.0160
vn -0.9868 0.1089 -0.1196
vn -0.8864 -0.4097 0.2155
vn -0.9895 -0.1352 0.0506
vn -0.9930 0.0887 -0.0784
vn -0.8532 -0.4450 0.2721
vn -0.6668 -0.6324 0.3944
vn -0.9286 0.2779 -0.2461
vn -0.9506 0.3017 -0.0727
vn -0.9520 -0.1966 0.2345
vn -0.9922 0.1091 0.0602
vn -0.9574 0.2817 -0.0640
vn -0.9291 -0.2574 0.2657
vn -0.9943 0.0498 0.0941
vn -0.9779 0.2079 -0.0216
vn -0.8944 -0.3288 0.3032
vn -0.9907 -0.0216 0.1341
vn -0.9913 0.1290 0.0247
vn -0.8559 -0.3923 0.3369
vn -0.9824 -0.0826 0.1674
vn -0.9959 0.0640 0.0639
vn -0.7951 -0.4743 0.3781
vn -0.6011 -0.6408 0.4775
vn -0.8659 0.4284 -0.2582
vn -0.9460 0.2055 -0.2509
vn -0.9280 -0.3397 0.1533
vn -0.9527 0.1925 -0.2352
vn -0.9929 -0.0136 -0.1178
vn -0.9058 -0.3748 0.1977
vn -0.9722 0.1386 -0.1887
vn -0.9952 -0.0440 -0.0869
vn -0.8742 -0.4248 0.2352
vn -0.9861 0.0688 -0.1513
vn -0.9940 -0.0895 -0.0623
vn -0.8406 -0.4765 0.2577
vn -0.9913 -0.0002 -0.1320
vn -0.9890 -0.1388 -0.0507
vn -0.7586 -0.5613 0.3309
vn -0.9378 0.0590 -0.3422
vn -0.7582 0.4247 -0.4947
vn -0.9095 -0.4113 0.0613
vn -0.9785 -0.1541 -0.1367
vn -0.9443 0.0901 -0.3165
vn -0.9112 -0.4027 0.0864
vn -0.9815 -0.1524 -0.1160
vn -0.9532 0.0686 -0.2945
vn -0.8950 -0.4300 0.1183
vn -0.9806 -0.1719 -0.0940
vn -0.9597 0.0416 -0.2780
vn -0.8809 -0.4538 0.1343
vn -0.9762 -0.1997 -0.0850
vn -0.9620 0.0089 -0.2728
vn -0.8287 -0.5311 0.1770
vn -0.6060 -0.6944 0.3880
vn -0.5692 -0.6992 0.4326
vn -0.9823 0.1257 -0.1387
vn -0.9103 -0.3598 0.2046
vn -0.9964 -0.0792 0.0305
vn -0.9734 0.1873 -0.1318
vn -0.9178 -0.3302 0.2204
vn -0.9976 -0.0561 0.0398
vn -0.9781 0.1772 -0.1094
vn -0.8995 -0.3568 0.2522
vn -0.9963 -0.0621 0.0589
vn -0.9821 0.1646 -0.0917
vn -0.8907 -0.3699 0.2642
vn -0.9949 -0.0762 0.0664
vn -0.9858 0.1445 -0.0858
vn -0.8473 -0.4399 0.2975
vn -0.6503 -0.6325 0.4208
vn -0.8074 0.5437 -0.2293
vn -0.8108 0.3487 -0.4701
vn -0.8739 0.3755 -0.3089
vn -0.0000 -0.5137 -0.8580
vn -0.0001 -0.5137 -0.8580
vn -0.0000 -0.2444 0.9697
vn -0.0000 -0.3417 -0.9398
vn 0.0001 0.5515 0.8342
vn -0.0000 0.5514 0.8342
vn -0.0000 -0.8339 0.5520
vn -0.0000 -0.8338 0.5520
vn -0.0001 -0.8338 0.5520
vn 0.0001 0.8356 -0.5493
vn -0.0000 0.8356 -0.5493
vn -0.0000 0.5515 0.8342
vn 0.0001 -0.8339 0.5520
vn 0.4334 -0.0294 -0.9007
vn 0.0979 -0.0326 -0.9947
vn -0.0980 -0.0367 -0.9945
vn -0.8087 0.0154 0.5880
vn -0.3471 0.0383 0.9371
vn -0.1457 0.0479 0.9882
vn -0.0818 0.0558 0.9951
vn 0.1424 0.0614 0.9879
vn -0.8137 -0.0334 -0.5804
vn -0.9960 -0.0327 0.0827
vn -0.9094 -0.0004 0.4160
vn -0.4021 0.1375 0.9052
vn 0.4144 0.0687 0.9075
vn 0.5919 0.0588 0.8038
vn -0.9496 0.0877 0.3009
vn -0.5788 0.1329 0.8046
vn -0.7474 -0.1171 -0.6540
vn -0.7897 -0.1008 -0.6052
vn -0.8811 -0.0867 -0.4649
vn 0.5843 -0.0181 -0.8113
vn 0.4181 -0.0178 -0.9082
vn -0.6645 0.0161 0.7471
vn -0.4647 0.0395 0.8846
vn -0.5672 -0.0522 -0.8220
vn -0.9555 -0.0706 -0.2864
vn 0.0796 0.0747 0.9940
vn -0.9938 0.0788 0.0783
vn -0.8208 0.1175 0.5590
vn 0.8082 0.0106 -0.5888
vn 0.7043 -0.0007 -0.7099
vn -0.8917 -0.0148 0.4525
vn -0.2258 -0.0657 -0.9720
vn -0.7303 -0.1168 -0.6731
vn 0.4296 -0.1445 -0.8914
vn -0.0086 -0.1696 -0.9855
vn -0.3522 -0.1552 -0.9230
vn -0.3122 -0.1500 -0.9381
vn -0.5967 -0.1311 -0.7917
vn -0.2916 0.0716 0.9538
vn -0.9473 0.0575 -0.3151
vn -0.9712 0.0950 0.2186
vn 0.9426 0.0414 -0.3315
vn 0.9545 0.0332 -0.2963
vn 0.9838 0.0857 0.1572
vn -0.9978 -0.0636 0.0178
vn 0.2239 -0.0681 -0.9722
vn -0.2741 -0.1599 -0.9483
vn 0.1286 -0.1646 -0.9779
vn -0.6822 0.0522 0.7293
vn -0.7671 0.0364 -0.6405
vn -0.9714 0.0611 -0.2296
vn -0.2842 -0.0099 0.9587
vn -0.9618 0.0049 0.2738
vn 0.9755 0.1080 0.1914
vn -0.8594 -0.1297 -0.4945
vn 0.6941 -0.0439 -0.7186
vn 0.2367 -0.1534 -0.9594
vn 0.4252 -0.1750 -0.8880
vn 0.5391 -0.1759 -0.8237
vn -0.4099 0.0187 -0.9119
vn -0.7170 0.0195 -0.6968
vn -0.5004 -0.1593 -0.8510
vn 0.9659 -0.0633 0.2511
vn 0.9816 -0.1317 -0.1379
vn 0.7968 -0.1676 -0.5805
vn 0.9607 0.0066 -0.2775
vn 0.7627 0.1389 0.6316
vn 0.7689 0.1488 0.6218
vn 0.3998 0.1551 0.9034
vn 0.6190 -0.0610 -0.7830
vn 0.9880 0.0048 0.1542
vn 0.1161 0.0186 -0.9931
vn -0.2854 0.0232 -0.9581
vn 0.4426 0.0404 0.8958
vn 0.0076 0.0398 0.9992
vn -0.1184 -0.0548 -0.9915
vn 0.8690 -0.0117 -0.4948
vn -0.3584 -0.0329 -0.9330
vn -0.6986 -0.1278 -0.7040
vn 0.8586 -0.1071 0.5013
vn -0.8113 0.0116 -0.5845
vn -0.9732 -0.0442 -0.2256
vn 0.5903 0.0662 -0.8045
vn 0.1307 0.1480 -0.9803
vn -0.9960 -0.0592 -0.0663
vn -0.5051 0.1681 -0.8465
vn 0.0718 -0.1156 0.9907
vn 0.2352 0.0816 -0.9685
vn 0.9894 -0.0900 -0.1142
vn -0.8732 0.0555 -0.4842
vn -0.0877 0.2427 -0.9661
vn 0.5750 -0.2091 0.7910
vn 0.8701 0.1348 -0.4740
vn 0.5092 0.2562 -0.8216
vn -0.3782 -0.0851 0.9218
vn -0.3536 -0.1399 0.9249
vn 0.5552 0.0870 -0.8272
vn 0.9366 -0.1763 0.3027
vn -0.5750 0.0834 -0.8139
vn 0.3404 0.1696 -0.9249
vn 0.9846 0.1217 -0.1253
vn 0.8169 0.2147 -0.5354
vn 0.2341 0.1468 -0.9611
vn -0.0479 0.1116 -0.9926
vn 0.7758 -0.2729 0.5690
vn 0.7614 -0.2984 0.5755
vn 0.9574 -0.1912 0.2165
vn -0.7307 -0.0616 0.6799
vn -0.7345 -0.0295 0.6780
vn 0.8324 -0.0157 -0.5540
vn 0.1698 -0.1840 0.9682
vn 0.7373 -0.1532 0.6579
vn 0.6587 -0.0814 0.7480
vn 0.5245 0.0432 0.8503
vn 0.8267 -0.0226 0.5622
vn -0.2331 -0.0446 0.9714
vn 0.9773 0.0288 0.2099
vn 0.9798 0.1117 -0.1656
vn 0.5704 0.0645 -0.8188
vn -0.9560 0.0496 0.2891
vn -0.9450 0.0966 0.3124
vn 0.9858 -0.0946 -0.1391
vn 0.8916 -0.0369 -0.4513
vn 0.5100 -0.0341 0.8595
vn -0.5068 0.0895 0.8574
vn 0.0623 -0.1709 -0.9833
vn 0.6693 0.0318 -0.7423
vn 0.8531 -0.0523 -0.5192
vn 0.9753 0.0792 0.2061
vn 0.8842 -0.0559 0.4637
vn -0.9795 0.1319 -0.1526
vn -0.9943 0.1054 0.0141
vn 0.9748 -0.0939 0.2025
vn 0.9919 -0.0885 -0.0915
vn 0.2909 0.1247 0.9486
vn -0.7014 0.1699 0.6922
vn -0.9706 0.0157 -0.2401
vn -0.8982 0.0647 -0.4348
vn -0.7543 -0.0829 -0.6513
vn 0.9233 -0.0220 0.3834
vn 0.9945 -0.0826 0.0638
vn -0.0178 0.3386 0.9408
vn -0.8921 0.1617 0.4218
vn 0.8731 0.1461 0.4651
vn 0.9506 -0.0640 -0.3039
vn -0.8429 -0.1879 -0.5042
vn 0.8017 0.1958 0.5648
vn 0.9655 0.0831 0.2469
vn -0.2658 0.3255 0.9074
vn -0.2652 0.4889 0.8310
vn 0.0045 0.3539 0.9353
vn -0.3862 0.4882 0.7826
vn -0.9926 0.0082 0.1214
vn 0.7329 0.2740 0.6227
vn 0.9988 0.0288 -0.0401
vn -0.4917 -0.3067 -0.8149
vn -0.6024 -0.4816 -0.6365
vn 0.5219 0.4957 0.6942
vn -0.5811 0.4924 0.6479
vn -0.9905 -0.1335 -0.0336
vn 0.9246 -0.2652 -0.2733
vn 0.9342 0.2741 0.2283
vn 0.8154 0.4549 0.3581
vn 0.4911 0.4868 0.7224
vn 0.1271 0.6973 0.7055
vn 0.8012 0.3732 0.4678
vn -0.1425 -0.5631 -0.8140
vn -0.4325 -0.6144 -0.6599
vn 0.3298 0.6317 0.7016
vn 0.6741 0.5181 0.5264
vn 0.9973 -0.0613 -0.0402
vn 0.9490 -0.0914 -0.3018
vn 0.8719 -0.0993 -0.4796
vn 0.8779 -0.0361 0.4775
vn 0.9274 0.0845 0.3645
vn 0.9103 -0.0306 -0.4128
vn 0.8055 -0.0486 -0.5906
vn -0.1019 -0.1459 -0.9840
vn -0.6176 -0.1307 -0.7756
vn 0.9858 -0.0493 0.1607
vn 0.9963 -0.0822 0.0246
vn 0.6493 -0.0162 0.7604
vn 0.8267 0.1095 0.5518
vn 0.9968 -0.0014 -0.0799
vn 0.9286 -0.0581 0.3666
vn -0.7559 0.0131 -0.6546
vn 0.2547 -0.0024 0.9670
vn 0.5777 0.1441 0.8034
vn 0.9566 0.0327 0.2894
vn 0.6787 -0.0291 0.7338
vn -0.4630 -0.0018 -0.8864
vn -0.0261 -0.0070 -0.9996
vn 0.2625 0.1611 0.9514
vn 0.7318 0.0739 0.6775
vn 0.2053 -0.0136 0.9786
vn -0.7266 -0.0515 0.6851
vn -0.1869 0.1773 0.9663
vn 0.2737 0.1109 0.9554
vn -0.3397 -0.0309 0.9400
vn 0.4928 0.0132 -0.8701
vn -0.9338 -0.1049 0.3420
vn -0.6668 0.1700 0.7256
vn -0.2333 0.0949 0.9678
vn -0.7004 -0.1192 0.7037
vn 0.8515 0.0670 -0.5201
vn -0.0032 -0.2907 0.9568
vn -0.5857 -0.0050 0.8105
vn -0.8551 -0.0515 0.5159
vn -0.9429 0.1313 0.3061
vn -0.9216 -0.1472 0.3593
vn 0.9876 0.0928 -0.1270
vn 0.9779 0.0368 0.2058
vn -0.9864 0.1419 -0.0829
vn -0.9966 -0.0573 -0.0599
vn -0.8633 0.2487 -0.4392
vn -0.9941 0.0357 0.1020
vn -0.8803 0.0109 -0.4744
vn -0.2199 -0.0234 -0.9752
vn -0.5672 0.3508 -0.7451
vn -0.9310 0.1218 -0.3442
vn -0.6318 -0.0406 -0.7741
vn 0.4536 -0.3699 0.8108
vn 0.3277 -0.3042 0.8945
vn -0.1651 0.3278 -0.9302
vn -0.7196 0.0835 -0.6893
vn -0.9941 -0.1074 -0.0125
vn -0.9602 -0.1136 0.2551
vn -0.3812 -0.1723 -0.9083
vn 0.2909 -0.3007 -0.9083
vn -0.4371 -0.2023 0.8763
vn -0.4078 -0.0524 0.9116
vn -0.1341 -0.1970 0.9712
vn 0.2150 0.1933 -0.9573
vn -0.4975 -0.0428 -0.8664
vn 0.2152 0.2000 0.9559
vn -0.1527 -0.3212 -0.9346
vn 0.5542 -0.3990 -0.7305
vn -0.6707 -0.0828 0.7371
vn -0.6638 0.0603 0.7455
vn 0.4771 0.0597 -0.8768
vn -0.2840 -0.2001 -0.9377
vn 0.1475 -0.4877 -0.8605
vn 0.8158 -0.3657 -0.4481
vn 0.6614 -0.0327 -0.7493
vn 0.0081 -0.3991 -0.9169
vn 0.4997 -0.5679 -0.6541
vn -0.9627 -0.0755 0.2598
vn -0.9789 -0.0679 0.1928
vn -0.8791 0.0514 0.4738
vn 0.3594 -0.5432 -0.7588
vn -0.4040 -0.7202 -0.5640
vn -0.5853 -0.6023 -0.5429
vn 0.8393 -0.0681 -0.5393
vn -0.5993 0.5280 0.6017
vn -0.1042 0.7561 0.6461
vn 0.6542 -0.5504 -0.5187
vn -0.9693 -0.2459 -0.0074
vn -0.9832 -0.1756 0.0495
vn 0.9656 0.0431 -0.2564
vn 0.5625 -0.5330 -0.6320
vn 0.6339 0.1206 0.7639
vn 0.4499 0.1434 0.8815
vn 0.0975 -0.1472 -0.9843
vn -0.9163 -0.0211 -0.3999
vn -0.9991 0.0422 0.0019
vn 0.7295 -0.1336 -0.6708
vn -0.9631 0.0329 -0.2670
vn 0.1042 0.1702 0.9799
vn -0.2227 0.1693 0.9601
vn 0.9533 -0.1081 -0.2820
vn -0.7562 0.0160 0.6541
vn -0.6320 0.1658 0.7570
vn -0.9653 -0.0260 0.2597
vn 0.7157 -0.0376 0.6974
vn -0.9588 -0.0900 -0.2695
vn -0.9371 0.1349 0.3220
vn -0.9735 0.1003 -0.2053
vn 0.8486 -0.1423 -0.5096
vn 0.3767 -0.1356 0.9163
vn 0.9523 -0.1542 0.2635
vn 0.9817 -0.1223 -0.1456
vn -0.7852 0.1740 -0.5943
vn -0.4249 -0.3148 0.8487
vn -0.4853 0.3196 -0.8139
vn -0.7796 -0.2122 0.5892
vn -0.0757 0.3856 -0.9195
vn -0.0217 -0.3314 0.9432
vn 0.3550 0.3134 -0.8808
vn 0.6798 0.1836 -0.7101
vn -0.9592 -0.1754 -0.2219
vn 0.2685 0.0021 0.9633
vn 0.8561 0.1016 -0.5067
vn -0.8444 -0.0205 0.5353
vn -0.8300 -0.3546 -0.4306
vn -0.0921 0.1783 0.9797
vn 0.9463 0.0899 -0.3106
vn 0.9810 0.1843 -0.0605
vn 0.9067 0.3869 0.1680
vn -0.4827 0.4160 0.7707
vn 0.9815 0.1671 -0.0933
vn -0.9239 -0.3631 -0.1207
vn -0.7698 0.3982 0.4989
vn -0.7407 0.4877 0.4621
vn 0.9046 0.3554 -0.2352
vn 0.0075 -0.4909 -0.8712
vn 0.0085 -0.7634 -0.6459
vn -0.6282 0.6029 -0.4918
vn -0.0013 0.7198 -0.6942
vn 0.7048 -0.4413 0.5555
vn 0.7294 -0.4254 0.5358
vn 0.0008 0.2038 -0.9790
vn 0.7300 0.5256 0.4369
vn -0.0010 -0.7816 -0.6238
vn 0.7082 -0.7008 0.0853
vn 1.0000 -0.0001 -0.0007
vn 1.0000 -0.0001 -0.0003
vn 0.7041 0.0755 0.7060
vn -0.0015 0.6324 -0.7746
vn 0.7290 0.0726 0.6807
vn -0.0025 0.6284 -0.7779
vn 0.0129 -0.6188 -0.7854
vn 0.0825 0.5389 0.8383
vn 0.0824 0.5391 0.8382
vn 0.0824 0.5390 0.8383
vn 0.6022 -0.6657 0.4407
vn 0.9877 -0.1303 0.0865
vn 0.9973 0.0610 -0.0403
vn -0.7299 0.5257 0.4370
vn -0.7054 0.5452 0.4529
vn -0.7123 0.6997 -0.0548
vn -0.7041 0.0755 0.7060
vn 0.0015 0.6324 -0.7747
vn -1.0000 -0.0000 -0.0005
vn -1.0000 -0.0001 -0.0003
vn -0.7340 -0.6735 0.0877
vn -0.7289 0.0726 0.6807
vn 0.0029 0.6288 -0.7776
vn -0.0129 -0.6188 -0.7854
vn -0.0827 -0.5609 -0.8237
vn -0.0132 0.4810 0.8766
vn -0.0828 -0.5609 -0.8238
vn -0.0824 0.5391 0.8382
vn -0.0828 -0.5609 -0.8237
vn -0.0824 0.5390 0.8382
vn -0.0130 0.4811 0.8766
vn -0.2072 0.7657 -0.6089
vn 0.0007 -0.9927 0.1209
vn -0.0000 0.8273 -0.5617
vn 0.9941 -0.1089 -0.0008
vn -0.9998 -0.0144 0.0167
vn 0.9943 -0.1069 -0.0007
vn 0.9998 -0.0146 0.0167
vn -0.7071 0.6909 -0.1503
vn -0.9941 -0.1081 -0.0006
vn -0.0001 -0.0044 -1.0000
vn 0.1187 0.8187 -0.5618
vn 0.0001 0.5501 0.8351
vn 0.0039 -0.8352 0.5500
vn -0.3845 0.7653 -0.5163
vn 0.9812 -0.1064 -0.1607
vn -0.0001 0.5501 0.8351
vn -0.6595 -0.4136 -0.6276
vn -0.0113 -0.5553 -0.8315
vn -0.0113 -0.5552 -0.8317
vn -0.0113 -0.5554 -0.8315
vn 0.6503 -0.6325 0.4208
vn -0.9888 -0.1390 -0.0545
vn -0.9933 -0.0872 -0.0757
vn -0.9957 -0.0238 -0.0894
vn -0.9950 0.0418 -0.0904
vn -0.9452 0.2132 -0.2472
vn -0.0000 -0.2443 0.9697
vn 0.0388 -0.6505 -0.7586
vn 0.8239 0.5055 0.2561
vn -0.8691 0.3400 0.3592
vt 0.518636 0.321610
vt 0.506248 0.317830
vt 0.518560 0.317896
vt 0.721091 0.077822
vt 0.728493 0.104850
vt 0.721118 0.114071
vt 0.542925 0.331723
vt 0.519844 0.333061
vt 0.719074 0.077828
vt 0.543527 0.317817
vt 0.543932 0.319839
vt 0.239466 0.007930
vt 0.227260 0.035128
vt 0.227128 0.007837
vt 0.220816 0.241816
vt 0.248095 0.250258
vt 0.211847 0.250258
vt 0.507440 0.332353
vt 0.239643 0.035129
vt 0.262516 0.008099
vt 0.262716 0.035128
vt 0.744951 0.297267
vt 0.732564 0.301050
vt 0.731633 0.298762
vt 0.032706 0.266088
vt 0.040108 0.239061
vt 0.040087 0.266090
vt 0.769238 0.287149
vt 0.770247 0.299032
vt 0.030689 0.266083
vt 0.032734 0.229839
vt 0.769843 0.301055
vt 0.481584 0.007812
vt 0.493786 0.035012
vt 0.481448 0.035102
vt 0.270557 0.007829
vt 0.278999 0.035108
vt 0.270557 0.044078
vt 0.733752 0.286527
vt 0.493966 0.007813
vt 0.516836 0.034846
vt 0.082569 0.469808
vt 0.092686 0.475757
vt 0.084284 0.475755
vt 0.610104 0.559572
vt 0.599987 0.553821
vt 0.608389 0.553825
vt 0.705807 0.731774
vt 0.684091 0.611810
vt 0.705807 0.611810
vt 0.847334 0.731774
vt 0.715433 0.611810
vt 0.847334 0.611810
vt 0.935724 0.705116
vt 0.855164 0.631811
vt 0.975127 0.631810
vt 0.560679 0.608440
vt 0.479543 0.600961
vt 0.560680 0.600973
vt 0.692186 0.867828
vt 0.719529 0.874484
vt 0.692186 0.874482
vt 0.959586 0.789809
vt 0.975144 0.792706
vt 0.959586 0.792705
vt 0.574276 0.623377
vt 0.568475 0.620540
vt 0.568475 0.615909
vt 0.116790 0.977822
vt 0.093440 0.984466
vt 0.093440 0.977812
vt 0.147846 0.977823
vt 0.124608 0.984455
vt 0.124610 0.977818
vt 0.568477 0.588876
vt 0.580079 0.593509
vt 0.568476 0.593508
vt 0.618876 0.593516
vt 0.607273 0.600981
vt 0.607274 0.593514
vt 0.422436 0.538877
vt 0.428188 0.549088
vt 0.422443 0.547393
vt 0.618875 0.608449
vt 0.607272 0.615915
vt 0.607273 0.608448
vt 0.618875 0.600983
vt 0.618874 0.615916
vt 0.618874 0.620548
vt 0.613073 0.623383
vt 0.580078 0.608443
vt 0.568475 0.608442
vt 0.665468 0.615925
vt 0.676271 0.608459
vt 0.676271 0.615926
vt 0.657672 0.608455
vt 0.646069 0.615921
vt 0.646070 0.608454
vt 0.638274 0.608452
vt 0.626671 0.615918
vt 0.626671 0.608451
vt 0.657672 0.600989
vt 0.646070 0.600987
vt 0.638274 0.600986
vt 0.626671 0.600984
vt 0.657673 0.593522
vt 0.646071 0.593520
vt 0.638274 0.593519
vt 0.626672 0.593517
vt 0.580078 0.600976
vt 0.568476 0.600975
vt 0.599476 0.615913
vt 0.599476 0.620545
vt 0.593675 0.623379
vt 0.657672 0.615923
vt 0.657672 0.620555
vt 0.651871 0.623389
vt 0.646071 0.588889
vt 0.657674 0.588890
vt 0.626673 0.588885
vt 0.638275 0.588887
vt 0.607274 0.588883
vt 0.618877 0.588884
vt 0.665468 0.620556
vt 0.676271 0.623393
vt 0.560679 0.620539
vt 0.476182 0.615894
vt 0.560679 0.615907
vt 0.481867 0.965322
vt 0.313037 0.949818
vt 0.481867 0.949814
vt 0.279946 0.971818
vt 0.448773 0.974957
vt 0.279946 0.974968
vt 0.642173 0.586052
vt 0.622775 0.586049
vt 0.355258 0.511438
vt 0.349719 0.504664
vt 0.355259 0.504663
vt 0.811621 0.980587
vt 0.806082 0.973812
vt 0.811622 0.973812
vt 0.599478 0.588881
vt 0.603377 0.586047
vt 0.366339 0.511436
vt 0.360799 0.504662
vt 0.366339 0.504662
vt 0.065856 0.963817
vt 0.071393 0.970593
vt 0.065852 0.970591
vt 0.071396 0.963818
vt 0.076932 0.970595
vt 0.421111 0.155816
vt 0.415160 0.162480
vt 0.415163 0.155813
vt 0.504920 0.283765
vt 0.515130 0.277814
vt 0.513436 0.283760
vt 0.374149 0.067042
vt 0.380153 0.038602
vt 0.380108 0.068740
vt 0.901917 0.575813
vt 0.964389 0.586665
vt 0.901917 0.586682
vt 0.203219 0.547789
vt 0.231628 0.541815
vt 0.235814 0.547789
vt 0.058560 0.648390
vt 0.058560 0.585919
vt 0.097068 0.592924
vt 0.337098 0.740483
vt 0.289902 0.733816
vt 0.337098 0.733813
vt 0.152326 0.655752
vt 0.101579 0.649809
vt 0.150625 0.649808
vt 0.220975 0.050506
vt 0.134844 0.056607
vt 0.142477 0.047433
vt 0.122242 0.733811
vt 0.149870 0.740482
vt 0.122239 0.740481
vt 0.782626 0.595816
vt 0.684085 0.602483
vt 0.684085 0.595816
vt 0.874096 0.189797
vt 0.880766 0.183852
vt 0.880763 0.189800
vt 0.655684 0.199627
vt 0.649880 0.182606
vt 0.655687 0.178471
vt 0.826882 0.081818
vt 0.840889 0.081829
vt 0.846869 0.087731
vt 0.466443 0.246626
vt 0.439012 0.235809
vt 0.466444 0.235809
vt 0.538801 0.179819
vt 0.554510 0.185565
vt 0.537085 0.185565
vt 0.959588 0.750266
vt 0.769247 0.157615
vt 0.775133 0.140520
vt 0.775024 0.159253
vt 0.185031 0.107818
vt 0.191912 0.113761
vt 0.181095 0.113761
vt 0.325068 0.139827
vt 0.318125 0.145795
vt 0.318401 0.139865
vt 0.564580 0.586041
vt 0.485002 0.586028
vt 0.492083 0.567812
vt 0.482136 0.593494
vt 0.560680 0.593506
vt 0.560681 0.588875
vt 0.665470 0.588891
vt 0.661572 0.586055
vt 0.252292 0.643814
vt 0.258795 0.649919
vt 0.253255 0.649919
vt 0.049932 0.543632
vt 0.047136 0.550182
vt 0.045285 0.547623
vt 0.646069 0.620553
vt 0.632472 0.623386
vt 0.638273 0.620551
vt 0.776520 0.834840
vt 0.770018 0.828734
vt 0.775558 0.828735
vt 0.562535 0.815634
vt 0.565332 0.822183
vt 0.559821 0.819387
vt 0.142741 0.557811
vt 0.136237 0.563915
vt 0.135274 0.557811
vt 0.774409 0.553817
vt 0.780958 0.551021
vt 0.778161 0.556531
vt 0.120230 0.541815
vt 0.113727 0.547919
vt 0.112763 0.541815
vt 0.382924 0.782150
vt 0.376819 0.789436
vt 0.376819 0.782661
vt 0.714777 0.580830
vt 0.708227 0.583627
vt 0.711024 0.578115
vt 0.801052 0.814822
vt 0.794502 0.817619
vt 0.797299 0.812108
vt 0.249800 0.581816
vt 0.243297 0.587921
vt 0.242334 0.581816
vt 0.563625 0.827455
vt 0.557521 0.826491
vt 0.783624 0.832542
vt 0.780829 0.827031
vt 0.130967 0.565621
vt 0.128170 0.560111
vt 0.108456 0.549625
vt 0.105659 0.544114
vt 0.790195 0.809808
vt 0.783692 0.815912
vt 0.782728 0.809808
vt 0.949757 0.912844
vt 0.956257 0.906737
vt 0.957224 0.912840
vt 0.720823 0.234850
vt 0.725130 0.227040
vt 0.727927 0.232550
vt 0.256904 0.584116
vt 0.248837 0.587921
vt 0.052646 0.569060
vt 0.048842 0.560993
vt 0.054946 0.561957
vt 0.557521 0.833958
vt 0.565332 0.838266
vt 0.559821 0.841062
vt 0.761950 0.832537
vt 0.769053 0.834838
vt 0.799836 0.556532
vt 0.791769 0.552727
vt 0.797040 0.551021
vt 0.149845 0.560111
vt 0.141777 0.563915
vt 0.696453 0.575816
vt 0.692146 0.583626
vt 0.689349 0.578115
vt 0.127334 0.544114
vt 0.119267 0.547919
vt 0.270616 0.648828
vt 0.264066 0.651625
vt 0.266863 0.646114
vt 0.778421 0.817618
vt 0.702500 0.229836
vt 0.709049 0.227040
vt 0.706252 0.232550
vt 0.731680 0.229836
vt 0.727689 0.225189
vt 0.101906 0.546829
vt 0.105897 0.551476
vt 0.049932 0.572813
vt 0.047136 0.566263
vt 0.562536 0.844816
vt 0.567183 0.840824
vt 0.758197 0.829821
vt 0.764747 0.827026
vt 0.803589 0.553817
vt 0.799598 0.549170
vt 0.153597 0.562825
vt 0.147048 0.565621
vt 0.685596 0.580830
vt 0.689588 0.585477
vt 0.131087 0.546829
vt 0.124537 0.549626
vt 0.771871 0.814822
vt 0.775862 0.819469
vt 0.587875 0.593511
vt 0.587876 0.588879
vt 0.247985 0.651625
vt 0.245188 0.646114
vt 0.599476 0.608446
vt 0.587874 0.615912
vt 0.587874 0.608445
vt 0.789232 0.815912
vt 0.714320 0.228745
vt 0.713356 0.234850
vt 0.665468 0.608458
vt 0.676271 0.600991
vt 0.259759 0.643814
vt 0.702957 0.581920
vt 0.703920 0.575816
vt 0.786229 0.552727
vt 0.785265 0.558832
vt 0.054947 0.554490
vt 0.052646 0.547386
vt 0.626671 0.620550
vt 0.580077 0.620542
vt 0.599477 0.600980
vt 0.587875 0.600978
vt 0.241434 0.648828
vt 0.245426 0.653475
vt 0.938897 0.907836
vt 0.945445 0.905035
vt 0.942651 0.910548
vt 0.787378 0.829828
vt 0.783388 0.825181
vt 0.124417 0.562825
vt 0.128408 0.567472
vt 0.665469 0.600990
vt 0.676272 0.593525
vt 0.599478 0.593513
vt 0.676273 0.586058
vt 0.964327 0.910536
vt 0.961527 0.905027
vt 0.260657 0.586830
vt 0.254108 0.589627
vt 0.231476 0.586830
vt 0.238026 0.589627
vt 0.235467 0.591477
vt 0.719859 0.228746
vt 0.697417 0.581920
vt 0.792732 0.558832
vt 0.638273 0.615919
vt 0.048842 0.555453
vt 0.375601 0.511948
vt 0.369497 0.504662
vt 0.375601 0.504151
vt 0.563626 0.832994
vt 0.817161 0.980587
vt 0.817163 0.973812
vt 0.670765 0.736589
vt 0.665226 0.729814
vt 0.670767 0.729813
vt 0.016515 0.969809
vt 0.022053 0.976584
vt 0.016513 0.976584
vt 0.136440 0.640589
vt 0.130901 0.633814
vt 0.136442 0.633814
vt 0.360799 0.511437
vt 0.659687 0.729814
vt 0.665225 0.736589
vt 0.659685 0.736589
vt 0.027593 0.976585
vt 0.022054 0.969809
vt 0.027595 0.969809
vt 0.141980 0.640589
vt 0.141981 0.633814
vt 0.800542 0.973812
vt 0.806081 0.980587
vt 0.800541 0.980587
vt 0.082473 0.970597
vt 0.076936 0.963819
vt 0.082476 0.963822
vt 0.654146 0.729814
vt 0.654145 0.736589
vt 0.030751 0.976585
vt 0.030752 0.969810
vt 0.147520 0.640589
vt 0.147521 0.633814
vt 0.797384 0.973812
vt 0.797383 0.980587
vt 0.085631 0.970598
vt 0.085633 0.963822
vt 0.007816 0.969810
vt 0.010973 0.976585
vt 0.007815 0.976585
vt 0.150679 0.633815
vt 0.127743 0.633815
vt 0.130900 0.640589
vt 0.127743 0.640589
vt 0.673923 0.736589
vt 0.673924 0.729813
vt 0.062698 0.963815
vt 0.062695 0.970591
vt 0.346561 0.504664
vt 0.349718 0.511439
vt 0.346561 0.511440
vt 0.820319 0.980587
vt 0.047658 0.644155
vt 0.041554 0.651441
vt 0.041554 0.644666
vt 0.693333 0.535920
vt 0.686047 0.529816
vt 0.693843 0.529816
vt 0.885669 0.733948
vt 0.879565 0.726663
vt 0.885669 0.726152
vt 0.358825 0.734150
vt 0.364929 0.741436
vt 0.358825 0.741946
vt 0.752282 0.333816
vt 0.759568 0.339920
vt 0.751772 0.339920
vt 0.650988 0.736589
vt 0.650989 0.729813
vt 0.465190 0.591449
vt 0.471291 0.584160
vt 0.471295 0.591956
vt 0.883704 0.581921
vt 0.876419 0.575816
vt 0.884215 0.575816
vt 0.607272 0.620546
vt 0.136541 0.791814
vt 0.306412 0.799248
vt 0.136538 0.799248
vt 0.890759 0.363814
vt 0.883473 0.369918
vt 0.882962 0.363814
vt 0.177651 0.269817
vt 0.184936 0.275921
vt 0.177140 0.275921
vt 0.047909 0.260153
vt 0.054013 0.267438
vt 0.047909 0.267949
vt 0.477491 0.608427
vt 0.968079 0.907819
vt 0.964085 0.903175
vt 0.475719 0.623361
vt 0.010975 0.969809
vt 0.583978 0.586044
vt 0.580080 0.588878
vt 0.235229 0.584116
vt 0.950717 0.906739
vt 0.325864 0.615817
vt 0.379318 0.622453
vt 0.325861 0.622454
vt 0.990377 0.760005
vt 0.982945 0.575817
vt 0.990380 0.575815
vt 0.821989 0.803819
vt 0.991867 0.840680
vt 0.807674 0.840680
vt 0.611067 0.447079
vt 0.604444 0.361823
vt 0.611067 0.361820
vt 0.889292 0.506176
vt 0.882625 0.429856
vt 0.889292 0.429828
vt 0.007811 0.203650
vt 0.037950 0.198416
vt 0.029520 0.203064
vt 0.007811 0.043034
vt 0.108239 0.051089
vt 0.135430 0.109560
vt 0.117516 0.058456
vt 0.217311 0.020606
vt 0.141425 0.028730
vt 0.292656 0.075392
vt 0.230253 0.057873
vt 0.282420 0.052288
vt 0.290053 0.043114
vt 0.334684 0.008040
vt 0.350188 0.030911
vt 0.344648 0.057688
vt 0.324951 0.070230
vt 0.354450 0.114810
vt 0.385823 0.216187
vt 0.952154 0.750265
vt 0.475719 0.664517
vt 0.574276 0.664504
vt 0.377203 0.119547
vt 0.424252 0.190648
vt 0.959589 0.730722
vt 0.958421 0.722809
vt 0.955032 0.715669
vt 0.949752 0.710005
vt 0.943099 0.706372
vt 0.887192 0.706372
vt 0.880539 0.710005
vt 0.676276 0.567840
vt 0.939223 0.366840
vt 0.945172 0.376957
vt 0.939225 0.375242
vt 0.068433 0.571817
vt 0.058317 0.577568
vt 0.060031 0.571821
vt 0.479542 0.686918
vt 0.560678 0.679440
vt 0.560679 0.686907
vt 0.699099 0.905826
vt 0.671755 0.912482
vt 0.671755 0.905813
vt 0.870705 0.789810
vt 0.870705 0.792705
vt 0.855148 0.792706
vt 0.568475 0.671971
vt 0.568475 0.667340
vt 0.661267 0.980462
vt 0.637916 0.973818
vt 0.661267 0.973825
vt 0.178897 0.984447
vt 0.155658 0.977815
vt 0.178899 0.977815
vt 0.580078 0.694371
vt 0.580078 0.699002
vt 0.577243 0.701838
vt 0.618875 0.694366
vt 0.607272 0.686900
vt 0.618874 0.686899
vt 0.891226 0.521574
vt 0.881016 0.515821
vt 0.889531 0.515829
vt 0.618874 0.679432
vt 0.607272 0.671966
vt 0.618874 0.671965
vt 0.607272 0.679433
vt 0.613073 0.664499
vt 0.580077 0.679437
vt 0.580077 0.671970
vt 0.665468 0.671957
vt 0.676271 0.679424
vt 0.665467 0.679425
vt 0.657671 0.679427
vt 0.646069 0.671960
vt 0.657671 0.671960
vt 0.638273 0.679430
vt 0.626670 0.671963
vt 0.638272 0.671962
vt 0.657672 0.686894
vt 0.646069 0.679427
vt 0.638273 0.686896
vt 0.626670 0.679430
vt 0.657672 0.694360
vt 0.646069 0.686894
vt 0.638274 0.694363
vt 0.626670 0.686897
vt 0.568475 0.679438
vt 0.580077 0.686904
vt 0.568475 0.686905
vt 0.593675 0.664501
vt 0.599476 0.671968
vt 0.587873 0.671969
vt 0.651870 0.664493
vt 0.646070 0.694362
vt 0.654838 0.701828
vt 0.626671 0.694364
vt 0.635439 0.701831
vt 0.607273 0.694367
vt 0.616040 0.701833
vt 0.665468 0.667326
vt 0.676270 0.671957
vt 0.476181 0.671984
vt 0.560678 0.667341
vt 0.560678 0.671973
vt 0.305223 0.931867
vt 0.136394 0.947374
vt 0.136393 0.931816
vt 0.627654 0.974271
vt 0.458805 0.976973
vt 0.458814 0.973823
vt 0.646070 0.698993
vt 0.638274 0.698995
vt 0.629507 0.701831
vt 0.618875 0.698997
vt 0.626671 0.698996
vt 0.395474 0.864660
vt 0.389935 0.871434
vt 0.389934 0.864659
vt 0.327285 0.931814
vt 0.321747 0.938590
vt 0.321745 0.931814
vt 0.607273 0.698999
vt 0.596642 0.701836
vt 0.599477 0.698999
vt 0.406555 0.864661
vt 0.401016 0.871436
vt 0.401014 0.864661
vt 0.831301 0.980583
vt 0.836839 0.973808
vt 0.836840 0.980583
vt 0.842379 0.973808
vt 0.842380 0.980583
vt 0.137312 0.120675
vt 0.143262 0.127340
vt 0.137314 0.127342
vt 0.194287 0.331770
vt 0.184077 0.325818
vt 0.192592 0.325823
vt 0.021035 0.375815
vt 0.049475 0.369811
vt 0.053619 0.375815
vt 0.590173 0.545833
vt 0.527702 0.556685
vt 0.527702 0.545816
vt 0.360786 0.435818
vt 0.389194 0.441793
vt 0.356601 0.441793
vt 0.361424 0.789809
vt 0.314228 0.796476
vt 0.314228 0.789809
vt 0.010821 0.029758
vt 0.061570 0.023812
vt 0.059869 0.029757
vt 0.642877 0.175007
vt 0.564379 0.178080
vt 0.556746 0.168906
vt 0.989618 0.797440
vt 0.982948 0.769812
vt 0.989619 0.769809
vt 0.992175 0.978480
vt 0.893634 0.971813
vt 0.992176 0.971812
vt 0.360435 0.192650
vt 0.354485 0.199316
vt 0.354460 0.188464
vt 0.497422 0.351336
vt 0.491485 0.357440
vt 0.458914 0.358341
vt 0.340882 0.189625
vt 0.346688 0.172606
vt 0.346646 0.191311
vt 0.981515 0.247420
vt 0.960364 0.246983
vt 0.960384 0.220891
vt 0.349240 0.084582
vt 0.343494 0.068873
vt 0.349240 0.067156
vt 0.870703 0.750266
vt 0.845019 0.007808
vt 0.827926 0.013703
vt 0.823869 0.007814
vt 0.471045 0.255814
vt 0.464164 0.261757
vt 0.460228 0.255814
vt 0.497639 0.050935
vt 0.503607 0.043992
vt 0.503607 0.054875
vt 0.557844 0.701840
vt 0.492081 0.720067
vt 0.485001 0.701850
vt 0.482135 0.694384
vt 0.560679 0.694373
vt 0.668305 0.701826
vt 0.657673 0.698992
vt 0.665469 0.698991
vt 0.165261 0.573809
vt 0.158758 0.579913
vt 0.157794 0.573809
vt 0.578777 0.815635
vt 0.581573 0.822185
vt 0.576062 0.819388
vt 0.632471 0.664496
vt 0.646069 0.667329
vt 0.638273 0.667330
vt 0.985747 0.898991
vt 0.991852 0.892488
vt 0.991852 0.899955
vt 0.535857 0.909028
vt 0.542406 0.911824
vt 0.538653 0.914539
vt 0.958668 0.954736
vt 0.965171 0.960840
vt 0.957704 0.960840
vt 0.745132 0.836267
vt 0.742335 0.842815
vt 0.739621 0.839063
vt 0.360325 0.899917
vt 0.353822 0.893813
vt 0.361288 0.893813
vt 0.479399 0.719450
vt 0.473295 0.712165
vt 0.479399 0.712675
vt 0.303422 0.285629
vt 0.296873 0.282833
vt 0.300625 0.280118
vt 0.914780 0.957621
vt 0.908231 0.954824
vt 0.911984 0.952110
vt 0.455764 0.537919
vt 0.449259 0.531817
vt 0.456726 0.531814
vt 0.530586 0.910734
vt 0.531549 0.916838
vt 0.989552 0.907058
vt 0.953397 0.953029
vt 0.950600 0.958540
vt 0.365595 0.901623
vt 0.368392 0.896112
vt 0.925591 0.955914
vt 0.919088 0.949810
vt 0.926554 0.949810
vt 0.064673 0.517450
vt 0.058566 0.523951
vt 0.058568 0.516484
vt 0.942681 0.892532
vt 0.950749 0.888728
vt 0.949785 0.894832
vt 0.450224 0.537921
vt 0.442156 0.534119
vt 0.579867 0.832995
vt 0.576062 0.841063
vt 0.573762 0.833959
vt 0.519775 0.909028
vt 0.524082 0.916839
vt 0.516978 0.914539
vt 0.984041 0.888180
vt 0.989552 0.885384
vt 0.739621 0.817388
vt 0.743425 0.825456
vt 0.737321 0.824492
vt 0.964208 0.954736
vt 0.972275 0.958540
vt 0.322300 0.280116
vt 0.314233 0.283921
vt 0.315195 0.277816
vt 0.354785 0.899917
vt 0.346718 0.896113
vt 0.153487 0.581620
vt 0.146937 0.578824
vt 0.150690 0.576110
vt 0.933659 0.952110
vt 0.930862 0.957621
vt 0.961560 0.887021
vt 0.968109 0.889817
vt 0.964356 0.892532
vt 0.938928 0.889818
vt 0.945478 0.887021
vt 0.372145 0.898827
vt 0.581573 0.838266
vt 0.578777 0.844815
vt 0.513224 0.911825
vt 0.986838 0.881631
vt 0.742335 0.813635
vt 0.745132 0.820185
vt 0.969478 0.953029
vt 0.976027 0.955826
vt 0.326053 0.282829
vt 0.319503 0.285627
vt 0.349514 0.901623
vt 0.342965 0.898827
vt 0.937411 0.954824
vt 0.587874 0.694369
vt 0.599477 0.694368
vt 0.169569 0.581620
vt 0.172366 0.576109
vt 0.599476 0.679435
vt 0.920051 0.955914
vt 0.956289 0.888727
vt 0.957252 0.894832
vt 0.676271 0.686891
vt 0.665468 0.686892
vt 0.308693 0.283922
vt 0.307728 0.277818
vt 0.743425 0.830996
vt 0.737321 0.831959
vt 0.573762 0.826492
vt 0.657671 0.667327
vt 0.626670 0.667332
vt 0.618874 0.667333
vt 0.587873 0.667337
vt 0.580077 0.667339
vt 0.599476 0.686902
vt 0.587874 0.679435
vt 0.176119 0.578824
vt 0.066374 0.528262
vt 0.063575 0.534810
vt 0.060863 0.531056
vt 0.986838 0.910811
vt 0.984041 0.904262
vt 0.946847 0.955826
vt 0.676271 0.694358
vt 0.665469 0.694359
vt 0.587874 0.686902
vt 0.676272 0.701825
vt 0.060871 0.509381
vt 0.444955 0.539629
vt 0.438404 0.536834
vt 0.467584 0.536825
vt 0.461035 0.539623
vt 0.463830 0.534111
vt 0.568475 0.694372
vt 0.579867 0.827455
vt 0.415817 0.871947
vt 0.409713 0.864662
vt 0.415817 0.864151
vt 0.525046 0.910734
vt 0.327287 0.938590
vt 0.332825 0.931815
vt 0.332827 0.938590
vt 0.837551 0.782511
vt 0.830777 0.776972
vt 0.837552 0.776970
vt 0.873121 0.973808
vt 0.867582 0.980583
vt 0.867581 0.973808
vt 0.281855 0.962589
vt 0.287393 0.955814
vt 0.287395 0.962589
vt 0.395475 0.871435
vt 0.830776 0.782512
vt 0.837551 0.788050
vt 0.830776 0.788052
vt 0.873122 0.980583
vt 0.878661 0.973808
vt 0.878662 0.980583
vt 0.292933 0.955814
vt 0.292935 0.962589
vt 0.316207 0.938590
vt 0.316205 0.931815
vt 0.847919 0.973808
vt 0.847920 0.980583
vt 0.837551 0.793591
vt 0.830777 0.793592
vt 0.881819 0.973808
vt 0.881820 0.980583
vt 0.298473 0.955814
vt 0.298474 0.962589
vt 0.409713 0.871437
vt 0.313049 0.938590
vt 0.313048 0.931815
vt 0.851077 0.973808
vt 0.851078 0.980583
vt 0.862041 0.973808
vt 0.858884 0.980583
vt 0.858883 0.973808
vt 0.301632 0.962588
vt 0.301631 0.955813
vt 0.281853 0.955813
vt 0.278697 0.962588
vt 0.278696 0.955813
vt 0.830777 0.773814
vt 0.831299 0.973808
vt 0.828142 0.980583
vt 0.828142 0.973808
vt 0.386777 0.871434
vt 0.386777 0.864658
vt 0.335983 0.931815
vt 0.335984 0.938590
vt 0.449745 0.319950
vt 0.443641 0.312664
vt 0.449745 0.312153
vt 0.448729 0.601915
vt 0.456015 0.595810
vt 0.456525 0.601915
vt 0.103172 0.733809
vt 0.110457 0.739914
vt 0.103682 0.739914
vt 0.344911 0.741960
vt 0.351015 0.734675
vt 0.351015 0.741450
vt 0.160337 0.644153
vt 0.166441 0.651439
vt 0.160337 0.651950
vt 0.830777 0.796749
vt 0.837552 0.796748
vt 0.219151 0.601938
vt 0.225251 0.594649
vt 0.225255 0.601424
vt 0.731241 0.587922
vt 0.723955 0.581817
vt 0.730730 0.581817
vt 0.599476 0.667336
vt 0.607272 0.667335
vt 0.643176 0.729815
vt 0.473297 0.737249
vt 0.473294 0.729815
vt 0.372787 0.605951
vt 0.366683 0.598665
vt 0.372787 0.598154
vt 0.007810 0.838148
vt 0.013914 0.845434
vt 0.007810 0.845945
vt 0.571312 0.701839
vt 0.560680 0.699005
vt 0.568476 0.699004
vt 0.436003 0.557944
vt 0.442107 0.550657
vt 0.442107 0.557433
vt 0.477490 0.679451
vt 0.063587 0.505629
vt 0.066381 0.512180
vt 0.862042 0.980583
vt 0.587875 0.699001
vt 0.590711 0.701836
vt 0.064670 0.522990
vt 0.474755 0.476454
vt 0.528208 0.469816
vt 0.528211 0.476454
vt 0.007813 0.007816
vt 0.192002 0.015250
vt 0.007810 0.015250
vt 0.988036 0.529809
vt 0.818160 0.566672
vt 0.803844 0.529811
vt 0.673327 0.014440
vt 0.588073 0.007817
vt 0.673331 0.007817
vt 0.893496 0.790167
vt 0.900160 0.713847
vt 0.900163 0.790168
vt 0.429713 0.021862
vt 0.459852 0.027096
vt 0.429713 0.182479
vt 0.530141 0.174423
vt 0.527695 0.192968
vt 0.557332 0.115953
vt 0.639213 0.204907
vt 0.714557 0.150121
vt 0.652154 0.167640
vt 0.756585 0.217473
vt 0.711954 0.182399
vt 0.772089 0.194602
vt 0.766549 0.167825
vt 0.746853 0.155283
vt 0.704322 0.173224
vt 0.776352 0.110703
vt 0.807724 0.009326
vt 0.878137 0.750265
vt 0.799104 0.105966
vt 0.846153 0.034865
vt 0.870702 0.730722
vt 0.871869 0.722810
vt 0.875259 0.715669
vt 0.894567 0.705116
vt 0.610109 0.701833
vt 0.676274 0.720042
vt 0.676271 0.664490
vt 0.274708 0.131892
vt 0.247277 0.142708
vt 0.247276 0.131825
vt 0.665469 0.593523
vt 0.715433 0.731774
vt 0.896007 0.957773
vt 0.893071 0.963529
vt 0.892212 0.958580
vt 0.888368 0.959100
vt 0.888849 0.964100
vt 0.899602 0.956717
vt 0.897238 0.962645
vt 0.529923 0.200360
vt 0.525723 0.205659
vt 0.525541 0.200641
vt 0.443128 0.199097
vt 0.438425 0.203527
vt 0.439283 0.198577
vt 0.793028 0.959069
vt 0.787448 0.962890
vt 0.788758 0.958041
vt 0.805948 0.960642
vt 0.810690 0.965703
vt 0.805766 0.965661
vt 0.801565 0.960361
vt 0.801101 0.965362
vt 0.797278 0.959839
vt 0.796527 0.964804
vt 0.446982 0.204348
vt 0.442646 0.204097
vt 0.542729 0.198040
vt 0.548623 0.201510
vt 0.544039 0.202887
vt 0.782865 0.961513
vt 0.784438 0.956744
vt 0.884513 0.964350
vt 0.884322 0.959333
vt 0.538460 0.199068
vt 0.539495 0.203982
vt 0.791992 0.963984
vt 0.534210 0.199838
vt 0.530388 0.205361
vt 0.520799 0.205702
vt 0.520824 0.200681
vt 0.435489 0.197772
vt 0.434258 0.202642
vt 0.431894 0.196717
vt 0.430287 0.201477
vt 0.534962 0.204803
vt 0.983524 0.210321
vt 0.988379 0.203191
vt 0.986432 0.207127
vt 0.981449 0.183978
vt 0.984855 0.186634
vt 0.989222 0.198760
vt 0.975610 0.213751
vt 0.972687 0.181815
vt 0.977375 0.182339
vt 0.979842 0.212577
vt 0.895075 0.184180
vt 0.899036 0.183322
vt 0.897874 0.203998
vt 0.891842 0.186324
vt 0.891062 0.200209
vt 0.889584 0.189478
vt 0.988881 0.194262
vt 0.810665 0.960683
vt 0.447173 0.199330
vt 0.889172 0.196821
vt 0.888661 0.193109
vt 0.894035 0.202701
vt 0.675306 0.867992
vt 0.678242 0.873749
vt 0.674447 0.872942
vt 0.670603 0.872422
vt 0.679473 0.868878
vt 0.681837 0.874805
vt 0.765789 0.967858
vt 0.769989 0.973158
vt 0.765606 0.972877
vt 0.678485 0.969982
vt 0.683187 0.974413
vt 0.679342 0.974932
vt 0.569688 0.868624
vt 0.575268 0.872444
vt 0.570998 0.873472
vt 0.588187 0.870873
vt 0.592929 0.865812
vt 0.592904 0.870832
vt 0.583805 0.871153
vt 0.588006 0.865854
vt 0.579518 0.871675
vt 0.583340 0.866153
vt 0.687043 0.969162
vt 0.687233 0.974179
vt 0.782795 0.975481
vt 0.788690 0.972011
vt 0.787115 0.976779
vt 0.565104 0.869999
vt 0.566678 0.874769
vt 0.666749 0.867171
vt 0.666557 0.872188
vt 0.778526 0.974452
vt 0.784107 0.970632
vt 0.574233 0.867530
vt 0.770454 0.968158
vt 0.774276 0.973682
vt 0.760865 0.967816
vt 0.760889 0.972836
vt 0.675547 0.975736
vt 0.671952 0.976792
vt 0.674317 0.970866
vt 0.779562 0.969537
vt 0.299440 0.102384
vt 0.294590 0.095251
vt 0.297496 0.098447
vt 0.292497 0.121592
vt 0.290910 0.092993
vt 0.300280 0.106816
vt 0.295905 0.118939
vt 0.283734 0.123750
vt 0.286679 0.091817
vt 0.288422 0.123229
vt 0.206125 0.121333
vt 0.208936 0.101516
vt 0.210084 0.122193
vt 0.202122 0.105301
vt 0.202893 0.119187
vt 0.200637 0.116030
vt 0.281961 0.091817
vt 0.299936 0.111314
vt 0.200230 0.108688
vt 0.199717 0.112399
vt 0.205097 0.102811
vt 0.126605 0.370764
vt 0.080148 0.355862
vt 0.123246 0.356801
vt 0.320591 0.307578
vt 0.201746 0.317928
vt 0.318946 0.297935
vt 0.305378 0.520857
vt 0.338755 0.505809
vt 0.338756 0.520857
vt 0.449981 0.367817
vt 0.464058 0.375706
vt 0.449826 0.375691
vt 0.224232 0.558825
vt 0.600339 0.487249
vt 0.220828 0.578936
vt 0.678123 0.237467
vt 0.687667 0.226702
vt 0.690285 0.228277
vt 0.728398 0.875398
vt 0.747105 0.849810
vt 0.763282 0.849810
vt 0.798137 0.193974
vt 0.779839 0.181812
vt 0.807721 0.181812
vt 0.769856 0.939365
vt 0.724838 0.956915
vt 0.724838 0.921814
vt 0.430876 0.496561
vt 0.422789 0.482412
vt 0.431180 0.480708
vt 0.442006 0.372863
vt 0.408629 0.357815
vt 0.442008 0.357815
vt 0.371945 0.469813
vt 0.118495 0.497523
vt 0.107734 0.469812
vt 0.007814 0.308429
vt 0.015634 0.297877
vt 0.015634 0.308458
vt 0.194101 0.259817
vt 0.205225 0.267569
vt 0.194102 0.267571
vt 0.468764 0.484248
vt 0.461369 0.470644
vt 0.991941 0.214433
vt 0.989323 0.247957
vt 0.989323 0.216007
vt 0.468046 0.227671
vt 0.406212 0.213812
vt 0.468046 0.213812
vt 0.383596 0.604732
vt 0.525003 0.536511
vt 0.393700 0.620524
vt 0.833204 0.327935
vt 0.714360 0.317578
vt 0.716005 0.307936
vt 0.083495 0.335813
vt 0.076036 0.344252
vt 0.076036 0.335813
vt 0.007816 0.289988
vt 0.022871 0.211874
vt 0.022871 0.290035
vt 0.262857 0.893812
vt 0.248952 0.897860
vt 0.222771 0.893812
vt 0.282792 0.631816
vt 0.401685 0.642612
vt 0.277517 0.642612
vt 0.163767 0.115650
vt 0.156027 0.113810
vt 0.163781 0.113809
vt 0.128583 0.929817
vt 0.030839 0.960312
vt 0.007817 0.929817
vt 0.215077 0.441815
vt 0.192818 0.444293
vt 0.193087 0.441815
vt 0.765713 0.913541
vt 0.929776 0.883813
vt 0.929776 0.913541
vt 0.250798 0.043965
vt 0.240474 0.048320
vt 0.240103 0.047020
vt 0.859725 0.189221
vt 0.989410 0.275713
vt 0.924508 0.373100
vt 0.397468 0.123591
vt 0.390009 0.113809
vt 0.397468 0.113809
vt 0.115667 0.024141
vt 0.123541 0.044759
vt 0.115667 0.044577
vt 0.678123 0.183986
vt 0.664263 0.179809
vt 0.678123 0.179809
vt 0.057127 0.402289
vt 0.024465 0.399811
vt 0.056842 0.399811
vt 0.007817 0.483245
vt 0.036668 0.593264
vt 0.007817 0.647307
vt 0.790100 0.529814
vt 0.703260 0.538253
vt 0.703260 0.529814
vt 0.490181 0.965876
vt 0.650029 0.951812
vt 0.667058 0.965876
vt 0.007814 0.461989
vt 0.387300 0.452978
vt 0.398522 0.462173
vt 0.432403 0.015712
vt 0.446465 0.007912
vt 0.446465 0.015790
vt 0.131358 0.031654
vt 0.133201 0.023843
vt 0.133201 0.031664
vt 0.667279 0.112014
vt 0.660720 0.126938
vt 0.660714 0.111883
vt 0.665130 0.194254
vt 0.664263 0.241644
vt 0.694284 0.052097
vt 0.682948 0.031133
vt 0.696198 0.032421
vt 0.942534 0.610864
vt 0.973840 0.595816
vt 0.973838 0.610864
vt 0.078400 0.023815
vt 0.070645 0.026390
vt 0.070645 0.023816
vt 0.186199 0.120837
vt 0.169504 0.121598
vt 0.177827 0.119863
vt 0.461955 0.416179
vt 0.457611 0.426508
vt 0.460655 0.415809
vt 0.016212 0.350464
vt 0.007810 0.364706
vt 0.007810 0.329213
vt 0.741075 0.054781
vt 0.756123 0.068109
vt 0.727818 0.068109
vt 0.183973 0.850706
vt 0.203584 0.837831
vt 0.203600 0.850588
vt 0.736296 0.088936
vt 0.744119 0.077815
vt 0.744117 0.088938
vt 0.577299 0.278034
vt 0.566729 0.282314
vt 0.567100 0.281014
vt 0.471063 0.007812
vt 0.468489 0.015631
vt 0.468489 0.007812
vt 0.793415 0.015656
vt 0.791572 0.007845
vt 0.793416 0.007836
vt 0.605085 0.468178
vt 0.609429 0.478508
vt 0.608728 0.480985
vt 0.007831 0.421935
vt 0.015886 0.452837
vt 0.775885 0.028520
vt 0.783759 0.007902
vt 0.783759 0.028736
vt 0.393959 0.905956
vt 0.519340 0.940220
vt 0.396392 0.922861
vt 0.538139 0.071815
vt 0.529699 0.079274
vt 0.529699 0.071815
vt 0.656451 0.269787
vt 0.479575 0.213810
vt 0.656451 0.213810
vt 0.278666 0.579338
vt 0.288447 0.573814
vt 0.288448 0.579336
vt 0.318024 0.181091
vt 0.333072 0.153816
vt 0.333072 0.181091
vt 0.168230 0.505815
vt 0.149932 0.517977
vt 0.140350 0.505815
vt 0.401826 0.729980
vt 0.386771 0.651866
vt 0.401826 0.651819
vt 0.515016 0.341809
vt 0.505234 0.347331
vt 0.505234 0.341809
vt 0.015923 0.391025
vt 0.976570 0.309048
vt 0.991472 0.355505
vt 0.977508 0.352146
vt 0.678123 0.241644
vt 0.386071 0.018611
vt 0.418532 0.007815
vt 0.418532 0.018611
vt 0.398481 0.395405
vt 0.387223 0.391230
vt 0.398439 0.382058
vt 0.551751 0.322471
vt 0.559505 0.311903
vt 0.559505 0.322519
vt 0.711553 0.956915
vt 0.701635 0.921814
vt 0.711553 0.921814
vt 0.687667 0.194751
vt 0.080395 0.306185
vt 0.076116 0.295651
vt 0.076807 0.293943
vt 0.847372 0.072953
vt 0.840808 0.058033
vt 0.847373 0.057898
vt 0.432551 0.462169
vt 0.464317 0.448787
vt 0.596418 0.461980
vt 0.386771 0.883809
vt 0.757908 0.897670
vt 0.386771 0.897669
vt 0.671763 0.956914
vt 0.688333 0.921815
vt 0.688333 0.956914
vt 0.267697 0.294239
vt 0.278259 0.289967
vt 0.277887 0.291267
vt 0.269403 0.154391
vt 0.277157 0.151817
vt 0.277157 0.154391
vt 0.163195 0.744615
vt 0.157920 0.739341
vt 0.157920 0.733819
vt 0.395025 0.932547
vt 0.365209 0.939809
vt 0.375122 0.319157
vt 0.372140 0.327052
vt 0.394043 0.501813
vt 0.383475 0.509568
vt 0.383427 0.501813
vt 0.672954 0.218861
vt 0.700229 0.203813
vt 0.700229 0.218861
vt 0.248950 0.918295
vt 0.262857 0.922424
vt 0.180826 0.922424
vt 0.626421 0.285563
vt 0.615296 0.277812
vt 0.626419 0.277808
vt 0.119928 0.609810
vt 0.104881 0.641116
vt 0.104879 0.609813
vt 0.087009 0.402290
vt 0.064750 0.399812
vt 0.087293 0.399812
vt 0.529679 0.062815
vt 0.516353 0.047767
vt 0.529679 0.034509
vt 0.147362 0.339816
vt 0.400812 0.367528
vt 0.136599 0.367528
vt 0.778027 0.307634
vt 0.788581 0.299815
vt 0.788608 0.307636
vt 0.524882 0.007816
vt 0.527456 0.015636
vt 0.524882 0.015636
vt 0.086253 0.025649
vt 0.093993 0.023810
vt 0.094007 0.025648
vt 0.605898 0.111965
vt 0.595573 0.116315
vt 0.595202 0.115015
vt 0.426432 0.469965
vt 0.416103 0.474311
vt 0.415733 0.473011
vt 0.672082 0.249816
vt 0.664266 0.260942
vt 0.664262 0.249819
vt 0.378960 0.725649
vt 0.007815 0.663814
vt 0.378960 0.663815
vt 0.183178 0.587924
vt 0.197258 0.585854
vt 0.211338 0.587924
vt 0.007810 0.921523
vt 0.089842 0.893812
vt 0.089842 0.921523
vt 0.700323 0.247271
vt 0.690541 0.239812
vt 0.700323 0.239812
vt 0.478135 0.367817
vt 0.464058 0.367833
vt 0.171874 0.893812
vt 0.171874 0.921523
vt 0.276762 0.897860
vt 0.262857 0.895667
vt 0.276764 0.918295
vt 0.262857 0.920380
vt 0.194465 0.893812
vt 0.331249 0.893812
vt 0.344888 0.922424
vt 0.302944 0.893812
vt 0.460527 0.015712
vt 0.460632 0.007835
vt 0.405567 0.470035
vt 0.403858 0.470727
vt 0.457680 0.405655
vt 0.288583 0.294322
vt 0.291060 0.293625
vt 0.229903 0.044044
vt 0.228201 0.044739
vt 0.609360 0.457652
vt 0.608670 0.455942
vt 0.076053 0.316514
vt 0.076754 0.318991
vt 0.556403 0.277963
vt 0.553926 0.278661
vt 0.585013 0.112036
vt 0.583308 0.112730
vt 0.191455 0.553331
vt 0.050047 0.485112
vt 0.060151 0.469319
vt 0.007810 0.800351
vt 0.007810 0.769856
vt 0.023689 0.770047
vt 0.954190 0.381312
vt 0.969236 0.345817
vt 0.969239 0.381310
vt 0.294222 0.129573
vt 0.310206 0.166664
vt 0.287302 0.164343
vt 0.283098 0.856224
vt 0.412036 0.839813
vt 0.407264 0.856212
vt 0.050751 0.633669
vt 0.050751 0.603174
vt 0.036668 0.537288
vt 0.050751 0.496884
vt 0.050751 0.527379
vt 0.405895 0.112034
vt 0.420947 0.147527
vt 0.405899 0.147527
vt 0.271620 0.969880
vt 0.111773 0.955816
vt 0.268716 0.955814
vt 0.007850 0.381848
vt 0.756123 0.051931
vt 0.741075 0.052390
vt 0.513502 0.062815
vt 0.824006 0.849810
vt 0.814105 0.862596
vt 0.814200 0.849810
vt 0.778902 0.862560
vt 0.778854 0.849810
vt 0.806351 0.862588
vt 0.786674 0.849810
vt 0.806446 0.849810
vt 0.786722 0.862568
vt 0.693496 0.059810
vt 0.679257 0.068210
vt 0.680253 0.058456
vt 0.767978 0.012685
vt 0.764794 0.043821
vt 0.737523 0.043821
vt 0.683848 0.023299
vt 0.685432 0.007810
vt 0.697090 0.024653
vt 0.763579 0.007811
vt 0.714744 0.068210
vt 0.007817 0.960312
vt 0.128574 0.800351
vt 0.127172 0.784699
vt 0.944770 0.849811
vt 0.981848 0.875398
vt 0.023926 0.349675
vt 0.032205 0.306429
vt 0.043595 0.347664
vt 0.025280 0.362920
vt 0.176220 0.850714
vt 0.166320 0.837929
vt 0.176124 0.837930
vt 0.227037 0.837930
vt 0.211419 0.850677
vt 0.211467 0.837930
vt 0.261917 0.863514
vt 0.243212 0.837930
vt 0.045569 0.837929
vt 0.008496 0.863512
vt 0.052728 0.360114
vt 0.051375 0.346870
vt 0.068220 0.358531
vt 0.068221 0.280370
vt 0.063347 0.275970
vt 0.032205 0.279153
vt 0.282086 0.733814
vt 0.282087 0.744611
vt 0.277517 0.637091
vt 0.783945 0.173788
vt 0.839032 0.117812
vt 0.839032 0.173788
vt 0.701635 0.956915
vt 0.521571 0.292256
vt 0.559155 0.288715
vt 0.559459 0.304567
vt 0.417660 0.497910
vt 0.407802 0.496819
vt 0.414370 0.482562
vt 0.398372 0.477076
vt 0.380853 0.484311
vt 0.388741 0.471267
vt 0.406187 0.480575
vt 0.395169 0.492654
vt 0.188116 0.573453
vt 0.199147 0.557138
vt 0.195799 0.577254
vt 0.207299 0.559547
vt 0.203876 0.579649
vt 0.215720 0.559916
vt 0.212326 0.580024
vt 0.432506 0.448823
vt 0.423979 0.462176
vt 0.423947 0.448831
vt 0.415554 0.462181
vt 0.415531 0.448838
vt 0.398571 0.448848
vt 0.407094 0.462182
vt 0.407119 0.448843
vt 0.540848 0.530296
vt 0.529347 0.512588
vt 0.537459 0.510188
vt 0.532695 0.532705
vt 0.521665 0.516389
vt 0.545875 0.509819
vt 0.549268 0.529927
vt 0.554377 0.510907
vt 0.557781 0.531018
vt 0.415429 0.382043
vt 0.423879 0.395376
vt 0.415461 0.395386
vt 0.423885 0.382032
vt 0.432438 0.395365
vt 0.407043 0.395395
vt 0.407007 0.382052
vt 0.609482 0.292315
vt 0.591962 0.285080
vt 0.601593 0.279271
vt 0.595165 0.300658
vt 0.584148 0.288580
vt 0.582533 0.304824
vt 0.575965 0.290567
vt 0.572675 0.305916
vt 0.567546 0.290418
vt 0.843625 0.183860
vt 0.851947 0.185595
vt 0.835252 0.184833
vt 0.096939 0.309102
vt 0.194275 0.123740
vt 0.268891 0.202563
vt 0.161725 0.125224
vt 0.032039 0.211713
vt 0.827176 0.187736
vt 0.752559 0.266558
vt 0.461972 0.271659
vt 0.531595 0.306720
vt 0.530674 0.308927
vt 0.387362 0.448798
vt 0.455781 0.273846
vt 0.443553 0.303163
vt 0.565668 0.337836
vt 0.577895 0.367154
vt 0.933890 0.602592
vt 0.930804 0.621135
vt 0.007815 0.885684
vt 0.378960 0.871821
vt 0.378960 0.885681
vt 0.211338 0.608758
vt 0.183178 0.608758
vt 0.197258 0.610331
vt 0.432454 0.382021
vt 0.464251 0.395325
vt 0.596321 0.381814
vt 0.472176 0.422047
vt 0.363428 0.007815
vt 0.366334 0.028521
vt 0.358153 0.013089
vt 0.358153 0.099929
vt 0.366334 0.084497
vt 0.363428 0.105203
vt 0.386071 0.094407
vt 0.418532 0.105203
vt 0.418532 0.094407
vt 0.489851 0.370710
vt 0.559476 0.335650
vt 0.490771 0.372917
vt 0.659828 0.329154
vt 0.662809 0.337049
vt 0.286395 0.135440
vt 0.356190 0.926737
vt 0.408985 0.780394
vt 0.402507 0.801995
vt 0.402845 0.780201
vt 0.396639 0.801766
vt 0.181818 0.829602
vt 0.187798 0.807831
vt 0.188045 0.829625
vt 0.194096 0.807887
vt 0.426490 0.810072
vt 0.194300 0.829680
vt 0.415373 0.780520
vt 0.408624 0.802188
vt 0.488991 0.803350
vt 0.489298 0.781563
vt 0.855367 0.007813
vt 0.919176 0.007813
vt 0.855368 0.160221
vt 0.410934 0.331032
vt 0.441280 0.327790
vt 0.446228 0.331833
vt 0.874807 0.508552
vt 0.868801 0.518925
vt 0.862743 0.520487
vt 0.874822 0.434151
vt 0.630207 0.520486
vt 0.618968 0.434150
vt 0.620434 0.514353
vt 0.618963 0.508166
vt 0.175152 0.807846
vt 0.101223 0.830478
vt 0.100976 0.808690
vt 0.206255 0.653098
vt 0.233625 0.610177
vt 0.263801 0.598346
vt 0.407702 0.328758
vt 0.380877 0.285158
vt 0.193925 0.652947
vt 0.191509 0.624417
vt 0.200061 0.654241
vt 0.601886 0.822792
vt 0.611371 0.811811
vt 0.665695 0.811811
vt 0.419586 0.340036
vt 0.420678 0.348467
vt 0.449667 0.336923
vt 0.450783 0.342697
vt 0.545425 0.812537
vt 0.492188 0.866295
vt 0.492188 0.811817
vt 0.735982 0.329848
vt 0.730842 0.339916
vt 0.730842 0.329841
vt 0.129196 0.605042
vt 0.185025 0.621134
vt 0.188471 0.649645
vt 0.743781 0.329850
vt 0.738642 0.339916
vt 0.738642 0.329850
vt 0.725493 0.339916
vt 0.728154 0.329839
vt 0.728154 0.339916
vt 0.624118 0.121914
vt 0.621458 0.111815
vt 0.624118 0.111815
vt 0.709865 0.339916
vt 0.715004 0.329825
vt 0.715004 0.339916
vt 0.629257 0.121907
vt 0.629257 0.111815
vt 0.642407 0.121893
vt 0.639747 0.111815
vt 0.642407 0.111815
vt 0.648380 0.928099
vt 0.648371 0.924296
vt 0.650256 0.926173
vt 0.639747 0.121896
vt 0.634607 0.111815
vt 0.735982 0.339916
vt 0.655415 0.935102
vt 0.657292 0.933218
vt 0.663947 0.938239
vt 0.663945 0.905827
vt 0.657240 0.910196
vt 0.655355 0.908319
vt 0.717664 0.339916
vt 0.720353 0.329830
vt 0.720353 0.339916
vt 0.717664 0.329827
vt 0.631917 0.121905
vt 0.631917 0.111815
vt 0.616319 0.121916
vt 0.616319 0.111815
vt 0.652895 0.121881
vt 0.650235 0.111815
vt 0.652895 0.111815
vt 0.725493 0.329836
vt 0.707205 0.339916
vt 0.709865 0.329818
vt 0.919177 0.174174
vt 0.657281 0.928079
vt 0.655395 0.926161
vt 0.657272 0.924276
vt 0.645096 0.121891
vt 0.645096 0.111815
vt 0.605679 0.499815
vt 0.607560 0.506835
vt 0.605679 0.508716
vt 0.650276 0.935115
vt 0.411564 0.725700
vt 0.465477 0.672464
vt 0.465478 0.736274
vt 0.634607 0.121902
vt 0.665695 0.858568
vt 0.601886 0.858798
vt 0.650235 0.121884
vt 0.604653 0.814582
vt 0.711267 0.132607
vt 0.678856 0.077818
vt 0.711267 0.077820
vt 0.610707 0.938463
vt 0.648391 0.933238
vt 0.648360 0.919157
vt 0.648351 0.915354
vt 0.650236 0.917231
vt 0.650217 0.908330
vt 0.610707 0.906052
vt 0.657252 0.915334
vt 0.657261 0.919137
vt 0.655375 0.917219
vt 0.648340 0.910215
vt 0.868198 0.174174
vt 0.857047 0.168555
vt 0.200104 0.623319
vt 0.582655 0.499815
vt 0.580774 0.506835
vt 0.580774 0.501696
vt 0.600540 0.508716
vt 0.598618 0.506835
vt 0.600540 0.499815
vt 0.596737 0.499815
vt 0.598618 0.501696
vt 0.591597 0.508716
vt 0.596737 0.508716
vt 0.589675 0.506835
vt 0.587794 0.499815
vt 0.589675 0.501696
vt 0.591597 0.499815
vt 0.587794 0.508716
vt 0.181527 0.807808
vt 0.175619 0.829638
vt 0.569612 0.782658
vt 0.575478 0.804433
vt 0.569357 0.804455
vt 0.581351 0.804371
vt 0.575755 0.782639
vt 0.581636 0.782576
vt 0.020630 0.831434
vt 0.014156 0.809805
vt 0.020425 0.809640
vt 0.007861 0.810004
vt 0.014405 0.831599
vt 0.008153 0.831796
vt 0.813870 0.801652
vt 0.563223 0.782605
vt 0.562998 0.804400
vt 0.982985 0.007812
vt 0.982986 0.160220
vt 0.320351 0.242702
vt 0.327548 0.272361
vt 0.314874 0.239410
vt 0.868801 0.349376
vt 0.874807 0.359750
vt 0.862743 0.347814
vt 0.630207 0.347815
vt 0.618963 0.360135
vt 0.620434 0.353948
vt 0.624560 0.349427
vt 0.026799 0.809533
vt 0.303110 0.238792
vt 0.307847 0.269077
vt 0.165575 0.323727
vt 0.330781 0.274635
vt 0.065058 0.556350
vt 0.062094 0.550824
vt 0.093121 0.550666
vt 0.729504 0.822792
vt 0.720019 0.811811
vt 0.316151 0.267257
vt 0.308922 0.237893
vt 0.438951 0.812537
vt 0.428378 0.866295
vt 0.534601 0.371914
vt 0.529463 0.361845
vt 0.534602 0.361838
vt 0.098090 0.555969
vt 0.141558 0.588552
vt 0.288774 0.233917
vt 0.283635 0.223851
vt 0.288774 0.223851
vt 0.539950 0.371914
vt 0.537291 0.361836
vt 0.539951 0.361834
vt 0.252198 0.233917
vt 0.254858 0.223818
vt 0.254858 0.233917
vt 0.537290 0.371914
vt 0.555578 0.371915
vt 0.550440 0.361824
vt 0.555579 0.361817
vt 0.259997 0.223825
vt 0.259997 0.233917
vt 0.270485 0.233917
vt 0.273146 0.223839
vt 0.273146 0.233917
vt 0.573035 0.928099
vt 0.571158 0.926173
vt 0.573044 0.924296
vt 0.270485 0.223836
vt 0.265346 0.233917
vt 0.265346 0.223830
vt 0.529462 0.371913
vt 0.526803 0.361847
vt 0.565999 0.935103
vt 0.557467 0.938239
vt 0.564123 0.933218
vt 0.557469 0.905827
vt 0.566059 0.908319
vt 0.564174 0.910196
vt 0.547779 0.371915
vt 0.545090 0.361828
vt 0.547780 0.361826
vt 0.550439 0.371915
vt 0.262657 0.223827
vt 0.262657 0.233917
vt 0.558239 0.371916
vt 0.563379 0.361815
vt 0.563378 0.371916
vt 0.280974 0.233917
vt 0.283635 0.233917
vt 0.545090 0.371914
vt 0.558239 0.361815
vt 0.564134 0.928079
vt 0.564142 0.924276
vt 0.566019 0.926161
vt 0.275835 0.223842
vt 0.275835 0.233917
vt 0.016996 0.476839
vt 0.018878 0.469818
vt 0.018877 0.478720
vt 0.571138 0.935115
vt 0.411564 0.619229
vt 0.410842 0.672464
vt 0.729504 0.858798
vt 0.280974 0.223849
vt 0.726737 0.814582
vt 0.420512 0.027808
vt 0.388101 0.082597
vt 0.388100 0.027810
vt 0.573023 0.933238
vt 0.573055 0.919157
vt 0.571178 0.917231
vt 0.573063 0.915354
vt 0.571197 0.908330
vt 0.564163 0.915334
vt 0.566039 0.917220
vt 0.564154 0.919137
vt 0.573074 0.910215
vt 0.970157 0.174174
vt 0.966204 0.174174
vt 0.091763 0.542109
vt 0.061454 0.544558
vt 0.069757 0.560659
vt 0.043782 0.471703
vt 0.041900 0.478723
vt 0.041901 0.469822
vt 0.024017 0.469819
vt 0.024016 0.478720
vt 0.025938 0.476840
vt 0.025939 0.471700
vt 0.027819 0.478721
vt 0.032960 0.469820
vt 0.032959 0.478721
vt 0.034881 0.476841
vt 0.036762 0.469821
vt 0.036761 0.478722
vt 0.026827 0.831329
vt 0.270705 0.528082
vt 0.295607 0.530725
vt 0.270763 0.530110
vt 0.270715 0.526720
vt 0.295842 0.528680
vt 0.296059 0.525634
vt 0.296038 0.527350
vt 0.270593 0.522924
vt 0.270658 0.524945
vt 0.270608 0.521600
vt 0.296265 0.523645
vt 0.296454 0.520551
vt 0.296443 0.522382
vt 0.270536 0.519776
vt 0.296620 0.518611
vt 0.270460 0.516500
vt 0.270456 0.517780
vt 0.296783 0.515447
vt 0.296769 0.517423
vt 0.270391 0.514620
vt 0.296916 0.513511
vt 0.270272 0.511399
vt 0.270292 0.512642
vt 0.297076 0.510282
vt 0.297031 0.512388
vt 0.270229 0.509469
vt 0.297193 0.508328
vt 0.270115 0.507503
vt 0.297322 0.506796
vt 0.245499 0.529435
vt 0.245624 0.531390
vt 0.245439 0.528195
vt 0.245417 0.526324
vt 0.245298 0.524346
vt 0.245258 0.523062
vt 0.245223 0.521248
vt 0.245110 0.519238
vt 0.245078 0.517903
vt 0.245051 0.516141
vt 0.244937 0.514093
vt 0.244892 0.512712
vt 0.244894 0.510938
vt 0.244771 0.508860
vt 0.269904 0.505913
vt 0.270721 0.531683
vt 0.295550 0.532236
vt 0.224438 0.530701
vt 0.224387 0.528789
vt 0.224287 0.527618
vt 0.224523 0.525593
vt 0.224472 0.523689
vt 0.224374 0.522448
vt 0.224604 0.520554
vt 0.224547 0.518617
vt 0.224447 0.517272
vt 0.224669 0.515506
vt 0.224605 0.513491
vt 0.224726 0.510370
vt 0.224510 0.512043
vt 0.224663 0.508274
vt 0.244500 0.506981
vt 0.245541 0.533164
vt 0.202598 0.532002
vt 0.202438 0.529883
vt 0.202520 0.526548
vt 0.202357 0.524433
vt 0.202440 0.521145
vt 0.202282 0.519007
vt 0.202362 0.515734
vt 0.202213 0.513551
vt 0.202282 0.510257
vt 0.202142 0.507995
vt 0.224319 0.506147
vt 0.202192 0.534101
vt 0.192643 0.533098
vt 0.192601 0.531239
vt 0.192687 0.530014
vt 0.202388 0.528683
vt 0.192838 0.527914
vt 0.192759 0.526056
vt 0.192806 0.524811
vt 0.202292 0.523203
vt 0.192938 0.522741
vt 0.192837 0.520882
vt 0.192860 0.519609
vt 0.202216 0.517729
vt 0.192968 0.517584
vt 0.192846 0.515722
vt 0.192854 0.514421
vt 0.202157 0.512216
vt 0.192915 0.512448
vt 0.192773 0.510590
vt 0.192077 0.508713
vt 0.201400 0.505825
vt 0.178976 0.533114
vt 0.179026 0.531071
vt 0.179172 0.528138
vt 0.179069 0.529819
vt 0.179171 0.526131
vt 0.179252 0.523144
vt 0.179169 0.524902
vt 0.179225 0.521108
vt 0.179273 0.518135
vt 0.179198 0.519882
vt 0.179225 0.516102
vt 0.179236 0.513142
vt 0.179184 0.514879
vt 0.179176 0.511105
vt 0.224153 0.532624
vt 0.192215 0.534951
vt 0.178823 0.534827
vt 0.894042 0.926076
vt 0.869139 0.928710
vt 0.869197 0.926681
vt 0.894276 0.928120
vt 0.869148 0.930070
vt 0.894492 0.931168
vt 0.869090 0.931847
vt 0.869025 0.933867
vt 0.894697 0.933155
vt 0.869039 0.935192
vt 0.894884 0.936250
vt 0.868966 0.937015
vt 0.895050 0.938190
vt 0.868885 0.939011
vt 0.868889 0.940292
vt 0.895212 0.941355
vt 0.868820 0.942171
vt 0.895344 0.943290
vt 0.868719 0.944148
vt 0.868698 0.945392
vt 0.895502 0.946519
vt 0.868656 0.947322
vt 0.895620 0.948474
vt 0.868540 0.949288
vt 0.895747 0.950005
vt 0.868329 0.950878
vt 0.843933 0.927347
vt 0.844060 0.925392
vt 0.843873 0.928587
vt 0.843850 0.930456
vt 0.843730 0.932435
vt 0.843690 0.933719
vt 0.843655 0.935533
vt 0.843540 0.937544
vt 0.843507 0.938878
vt 0.843480 0.940640
vt 0.843365 0.942689
vt 0.843320 0.944069
vt 0.843321 0.945843
vt 0.843198 0.947922
vt 0.842926 0.949800
vt 0.869156 0.925109
vt 0.822873 0.926073
vt 0.822821 0.927985
vt 0.822720 0.929154
vt 0.822956 0.931180
vt 0.822905 0.933084
vt 0.822806 0.934324
vt 0.823035 0.936219
vt 0.822977 0.938156
vt 0.822877 0.939500
vt 0.823097 0.941267
vt 0.823033 0.943282
vt 0.822938 0.944730
vt 0.823154 0.946403
vt 0.823089 0.948499
vt 0.822744 0.950626
vt 0.843977 0.923617
vt 0.801033 0.924763
vt 0.800873 0.926881
vt 0.800954 0.930216
vt 0.800823 0.928081
vt 0.800789 0.932331
vt 0.800872 0.935619
vt 0.800724 0.933562
vt 0.800713 0.937758
vt 0.800791 0.941030
vt 0.800646 0.939035
vt 0.800641 0.943213
vt 0.800709 0.946506
vt 0.800585 0.944549
vt 0.800569 0.948769
vt 0.791079 0.923662
vt 0.800629 0.922663
vt 0.791036 0.925522
vt 0.791122 0.926747
vt 0.791272 0.928847
vt 0.791192 0.930705
vt 0.791239 0.931950
vt 0.791370 0.934020
vt 0.791268 0.935879
vt 0.791291 0.937153
vt 0.791398 0.939176
vt 0.791276 0.941038
vt 0.791283 0.942340
vt 0.791343 0.944313
vt 0.791200 0.946170
vt 0.790503 0.948047
vt 0.799826 0.950939
vt 0.777411 0.923641
vt 0.777461 0.925685
vt 0.777504 0.926936
vt 0.777606 0.928617
vt 0.777604 0.930624
vt 0.777602 0.931853
vt 0.777685 0.933611
vt 0.777657 0.935647
vt 0.777629 0.936874
vt 0.777703 0.938621
vt 0.777655 0.940654
vt 0.777613 0.941876
vt 0.777665 0.943613
vt 0.777604 0.945650
vt 0.777387 0.947429
vt 0.822588 0.924149
vt 0.790652 0.921810
vt 0.777259 0.921929
vt 0.199817 0.013017
vt 0.217589 0.007812
vt 0.217589 0.013017
vt 0.877023 0.617815
vt 0.855144 0.623021
vt 0.855144 0.617815
vt 0.263616 0.325814
vt 0.343515 0.331019
vt 0.263616 0.331019
vt 0.913182 0.713810
vt 0.907976 0.794146
vt 0.907976 0.713810
vt 0.989857 0.927022
vt 0.902292 0.921813
vt 0.989857 0.921816
vt 0.985661 0.489816
vt 0.990862 0.521056
vt 0.985656 0.521055
vt 0.900378 0.376782
vt 0.882646 0.407228
vt 0.882624 0.375990
vt 0.977792 0.510947
vt 0.897398 0.423387
vt 0.978076 0.395412
vt 0.991099 0.365808
vt 0.985892 0.481341
vt 0.985894 0.365808
vt 0.928699 0.225014
vt 0.946471 0.219809
vt 0.946471 0.225014
vt 0.098721 0.527814
vt 0.076842 0.533019
vt 0.076842 0.527814
vt 0.939219 0.715811
vt 0.934013 0.795709
vt 0.934013 0.715811
vt 0.920997 0.794149
vt 0.926202 0.713814
vt 0.926202 0.794149
vt 0.903245 0.941019
vt 0.990812 0.935813
vt 0.990812 0.941019
vt 0.706909 0.911016
vt 0.738147 0.905811
vt 0.738147 0.911016
vt 0.567312 0.007832
vt 0.536867 0.025566
vt 0.536074 0.007812
vt 0.583472 0.022583
vt 0.671038 0.102972
vt 0.555503 0.103263
vt 0.232819 0.439809
vt 0.348353 0.445014
vt 0.232819 0.445014
vt 0.843057 0.764878
vt 0.806673 0.760136
vt 0.843153 0.759328
vt 0.844072 0.748239
vt 0.807804 0.743566
vt 0.844263 0.742693
vt 0.807858 0.739891
vt 0.844275 0.739820
vt 0.807079 0.754608
vt 0.774035 0.750080
vt 0.807576 0.749095
vt 0.011740 0.743291
vt 0.046370 0.753292
vt 0.010402 0.748645
vt 0.012883 0.737909
vt 0.047675 0.747973
vt 0.023828 0.434642
vt 0.061264 0.437807
vt 0.023764 0.438429
vt 0.806622 0.765682
vt 0.773089 0.761104
vt 0.774264 0.744554
vt 0.774309 0.740885
vt 0.773514 0.755587
vt 0.743085 0.751197
vt 0.079380 0.757323
vt 0.048735 0.742589
vt 0.080702 0.752017
vt 0.773053 0.766647
vt 0.742087 0.762191
vt 0.743304 0.745685
vt 0.742538 0.756689
vt 0.707539 0.752816
vt 0.096194 0.427787
vt 0.127764 0.432840
vt 0.095871 0.433453
vt 0.127740 0.435788
vt 0.095779 0.437226
vt 0.109901 0.760766
vt 0.081751 0.746652
vt 0.111227 0.755461
vt 0.706458 0.763793
vt 0.741984 0.768674
vt 0.706398 0.769317
vt 0.707763 0.747316
vt 0.706948 0.758297
vt 0.668674 0.754935
vt 0.164307 0.435462
vt 0.144991 0.764175
vt 0.112265 0.750094
vt 0.146325 0.758892
vt 0.182232 0.772641
vt 0.183427 0.767321
vt 0.667522 0.765843
vt 0.668913 0.749453
vt 0.668034 0.760379
vt 0.632741 0.757465
vt 0.164371 0.431705
vt 0.204309 0.433189
vt 0.147347 0.753541
vt 0.184767 0.762058
vt 0.633047 0.751949
vt 0.204652 0.424626
vt 0.240771 0.428558
vt 0.204284 0.430258
vt 0.632147 0.762921
vt 0.631746 0.768435
vt 0.667465 0.772331
vt 0.631688 0.774999
vt 0.615950 0.758707
vt 0.615010 0.764141
vt 0.185745 0.756731
vt 0.220748 0.764194
vt 0.614228 0.769520
vt 0.613815 0.775940
vt 0.616412 0.753106
vt 0.592551 0.758732
vt 0.616547 0.749406
vt 0.633130 0.748270
vt 0.591223 0.763962
vt 0.236065 0.770093
vt 0.219314 0.769521
vt 0.221497 0.758738
vt 0.237404 0.764392
vt 0.258413 0.775423
vt 0.259312 0.769816
vt 0.590116 0.769252
vt 0.593395 0.753385
vt 0.568051 0.757552
vt 0.283127 0.775145
vt 0.284008 0.769727
vt 0.566609 0.762815
vt 0.238155 0.758616
vt 0.260532 0.764254
vt 0.589461 0.775578
vt 0.565426 0.768144
vt 0.569072 0.752200
vt 0.543230 0.756321
vt 0.308347 0.774978
vt 0.309171 0.769667
vt 0.261369 0.758645
vt 0.285178 0.764367
vt 0.569340 0.749383
vt 0.593726 0.749775
vt 0.283685 0.427041
vt 0.309052 0.428810
vt 0.283627 0.429922
vt 0.564720 0.774523
vt 0.540593 0.767269
vt 0.544272 0.750837
vt 0.541755 0.761757
vt 0.519001 0.755721
vt 0.311147 0.755457
vt 0.335338 0.757927
vt 0.310900 0.759073
vt 0.517520 0.761397
vt 0.285978 0.758941
vt 0.310245 0.764417
vt 0.544549 0.747973
vt 0.539978 0.773793
vt 0.516284 0.767034
vt 0.519894 0.749982
vt 0.520114 0.747065
vt 0.507158 0.755564
vt 0.505639 0.761266
vt 0.346609 0.773188
vt 0.334413 0.768841
vt 0.347012 0.767701
vt 0.335129 0.763449
vt 0.286323 0.755309
vt 0.515781 0.772629
vt 0.504411 0.766906
vt 0.508080 0.749819
vt 0.508449 0.746122
vt 0.495276 0.755325
vt 0.493669 0.761024
vt 0.492355 0.766645
vt 0.503784 0.773407
vt 0.491719 0.772217
vt 0.496302 0.749552
vt 0.496536 0.746628
vt 0.482675 0.754646
vt 0.481020 0.760342
vt 0.347558 0.762142
vt 0.359802 0.765913
vt 0.479674 0.765918
vt 0.483937 0.748875
vt 0.484364 0.745950
vt 0.359233 0.750615
vt 0.372183 0.751458
vt 0.359705 0.754411
vt 0.453899 0.751669
vt 0.451893 0.756918
vt 0.360059 0.760189
vt 0.372942 0.763277
vt 0.478863 0.771479
vt 0.450087 0.762158
vt 0.455329 0.746132
vt 0.436757 0.748273
vt 0.434438 0.753315
vt 0.420516 0.755351
vt 0.402229 0.755073
vt 0.419236 0.749792
vt 0.372939 0.757406
vt 0.401500 0.749073
vt 0.455751 0.743239
vt 0.448953 0.767541
vt 0.432373 0.758601
vt 0.438412 0.743160
vt 0.438903 0.740403
vt 0.009239 0.754026
vt 0.044068 0.764971
vt 0.008382 0.759457
vt 0.078165 0.762652
vt 0.025031 0.417515
vt 0.062226 0.422678
vt 0.024545 0.423230
vt 0.024039 0.428937
vt 0.061360 0.434027
vt 0.045162 0.758631
vt 0.077117 0.768997
vt 0.108699 0.766106
vt 0.062705 0.416997
vt 0.096815 0.422138
vt 0.107875 0.771530
vt 0.082149 0.743843
vt 0.143806 0.769484
vt 0.097333 0.416479
vt 0.128733 0.421523
vt 0.142879 0.775826
vt 0.112642 0.747286
vt 0.147697 0.750738
vt 0.129279 0.415870
vt 0.165399 0.420427
vt 0.181501 0.778058
vt 0.217907 0.774863
vt 0.165989 0.414780
vt 0.205428 0.419026
vt 0.216851 0.781219
vt 0.186046 0.753926
vt 0.234916 0.775716
vt 0.206078 0.413408
vt 0.241919 0.417479
vt 0.234203 0.782270
vt 0.221581 0.755874
vt 0.284155 0.421555
vt 0.260259 0.417081
vt 0.284919 0.416128
vt 0.242782 0.411937
vt 0.258045 0.782041
vt 0.238252 0.755681
vt 0.261555 0.755737
vt 0.261041 0.411771
vt 0.282761 0.781618
vt 0.285473 0.410647
vt 0.310183 0.414674
vt 0.308023 0.781346
vt 0.333787 0.774203
vt 0.310761 0.409075
vt 0.335898 0.413277
vt 0.333521 0.780619
vt 0.309050 0.425864
vt 0.334648 0.427425
vt 0.336615 0.407737
vt 0.361604 0.412744
vt 0.373196 0.418272
vt 0.360443 0.417989
vt 0.346692 0.779740
vt 0.359692 0.771542
vt 0.359730 0.423422
vt 0.372129 0.426625
vt 0.359442 0.427146
vt 0.362571 0.407419
vt 0.374475 0.413115
vt 0.347510 0.756410
vt 0.360120 0.778159
vt 0.373125 0.769039
vt 0.372368 0.423704
vt 0.384753 0.427858
vt 0.375665 0.407926
vt 0.387626 0.414074
vt 0.374027 0.775753
vt 0.403224 0.760952
vt 0.388995 0.409045
vt 0.400902 0.415592
vt 0.404823 0.767687
vt 0.398389 0.425411
vt 0.426422 0.433702
vt 0.397846 0.428909
vt 0.430744 0.420602
vt 0.447266 0.429008
vt 0.429079 0.425463
vt 0.402469 0.410796
vt 0.400547 0.743114
vt 0.418450 0.744232
vt 0.422515 0.761894
vt 0.427463 0.430352
vt 0.444067 0.437820
vt 0.432067 0.415597
vt 0.448948 0.423545
vt 0.025304 0.410816
vt 0.062850 0.411291
vt 0.061656 0.428341
vt 0.843589 0.753783
vt 0.013534 0.734339
vt 0.128083 0.427165
vt 0.049174 0.739782
vt 0.097452 0.410779
vt 0.129486 0.409201
vt 0.164701 0.426050
vt 0.743334 0.742021
vt 0.166140 0.409091
vt 0.707780 0.743659
vt 0.241058 0.422989
vt 0.668924 0.745798
vt 0.206307 0.406758
vt 0.243143 0.406297
vt 0.240871 0.431468
vt 0.259398 0.422324
vt 0.258981 0.427672
vt 0.259013 0.430525
vt 0.261237 0.406205
vt 0.309435 0.420238
vt 0.285452 0.404990
vt 0.335075 0.418804
vt 0.310792 0.403345
vt 0.334677 0.424465
vt 0.336841 0.402079
vt 0.362914 0.401837
vt 0.386208 0.419027
vt 0.335283 0.754243
vt 0.376342 0.402404
vt 0.385236 0.424236
vt 0.399418 0.420396
vt 0.347239 0.753449
vt 0.389914 0.403638
vt 0.403711 0.405697
vt 0.432881 0.410314
vt 0.371408 0.747620
vt 0.450017 0.418070
vt 0.445324 0.434373
vt 0.399853 0.739266
vt 0.417708 0.738584
vt 0.505318 0.320118
vt 0.728472 0.077820
vt 0.719074 0.114077
vt 0.248108 0.241809
vt 0.744875 0.300981
vt 0.746156 0.285816
vt 0.030689 0.229833
vt 0.279006 0.007817
vt 0.517039 0.007817
vt 0.094416 0.469808
vt 0.598258 0.559572
vt 0.684091 0.731774
vt 0.719529 0.867814
vt 0.580077 0.615910
vt 0.116790 0.984460
vt 0.147848 0.984455
vt 0.428188 0.537153
vt 0.587874 0.620543
vt 0.313036 0.965376
vt 0.449819 0.972257
vt 0.421121 0.166685
vt 0.503196 0.277814
vt 0.374149 0.034458
vt 0.964389 0.575814
vt 0.201503 0.541836
vt 0.091131 0.586820
vt 0.097054 0.641971
vt 0.091151 0.647952
vt 0.289902 0.740483
vt 0.099862 0.655755
vt 0.149873 0.733812
vt 0.782627 0.602484
vt 0.869914 0.183819
vt 0.649920 0.201312
vt 0.847308 0.108882
vt 0.820777 0.087754
vt 0.819876 0.108884
vt 0.439011 0.246692
vt 0.552808 0.179821
vt 0.769242 0.136465
vt 0.191699 0.107827
vt 0.329009 0.145795
vt 0.567182 0.819625
vt 0.778400 0.549170
vt 0.382924 0.789947
vt 0.710785 0.585477
vt 0.797060 0.819469
vt 0.266625 0.653475
vt 0.775624 0.812108
vt 0.706491 0.225189
vt 0.045285 0.568822
vt 0.762189 0.825175
vt 0.149606 0.567472
vt 0.127096 0.551476
vt 0.942886 0.903187
vt 0.256666 0.591477
vt 0.369497 0.511437
vt 0.150678 0.640589
vt 0.820320 0.973812
vt 0.047658 0.651952
vt 0.686557 0.535920
vt 0.879565 0.733438
vt 0.364929 0.734661
vt 0.759058 0.333815
vt 0.465186 0.584674
vt 0.876929 0.581921
vt 0.306415 0.791814
vt 0.890248 0.369918
vt 0.184426 0.269817
vt 0.054013 0.260663
vt 0.379321 0.615816
vt 0.982943 0.760008
vt 0.991867 0.804270
vt 0.604435 0.447082
vt 0.882625 0.506176
vt 0.105793 0.032544
vt 0.287756 0.013064
vt 0.952152 0.789809
vt 0.945172 0.365110
vt 0.070163 0.577568
vt 0.699099 0.912480
vt 0.637916 0.980472
vt 0.155660 0.984452
vt 0.879292 0.521574
vt 0.648906 0.701829
vt 0.305223 0.947374
vt 0.628694 0.976974
vt 0.406556 0.871436
vt 0.143274 0.116471
vt 0.182353 0.331770
vt 0.019337 0.369856
vt 0.590173 0.556684
vt 0.390910 0.435840
vt 0.361424 0.796479
vt 0.009104 0.023812
vt 0.982948 0.797443
vt 0.893633 0.978480
vt 0.360433 0.199317
vt 0.458914 0.295870
vt 0.491506 0.296308
vt 0.497408 0.302289
vt 0.340881 0.168470
vt 0.954461 0.241003
vt 0.954449 0.226997
vt 0.981515 0.219989
vt 0.343497 0.082880
vt 0.846659 0.013585
vt 0.470831 0.261748
vt 0.497677 0.044268
vt 0.164298 0.579913
vt 0.583423 0.819626
vt 0.985747 0.893451
vt 0.538415 0.907177
vt 0.746982 0.838824
vt 0.473295 0.719961
vt 0.300864 0.287479
vt 0.912222 0.959471
vt 0.150928 0.583470
vt 0.964118 0.885171
vt 0.942919 0.885171
vt 0.368154 0.903474
vt 0.583423 0.840824
vt 0.517216 0.907177
vt 0.982191 0.885622
vt 0.746982 0.817626
vt 0.972036 0.951179
vt 0.322062 0.287477
vt 0.346956 0.903474
vt 0.933420 0.959471
vt 0.172128 0.583470
vt 0.068224 0.530821
vt 0.982191 0.906821
vt 0.950838 0.951179
vt 0.442397 0.541480
vt 0.463595 0.541473
vt 0.837552 0.773813
vt 0.443641 0.319439
vt 0.449240 0.595810
vt 0.110967 0.733809
vt 0.344911 0.734164
vt 0.166441 0.644664
vt 0.219146 0.594142
vt 0.723445 0.587922
vt 0.643179 0.737249
vt 0.366683 0.605440
vt 0.013914 0.838659
vt 0.436003 0.550147
vt 0.068232 0.509622
vt 0.474752 0.469816
vt 0.192005 0.007816
vt 0.988037 0.566219
vt 0.588069 0.014449
vt 0.893493 0.713819
vt 0.451422 0.022449
vt 0.539418 0.167057
vt 0.563327 0.196783
vt 0.709658 0.212449
vt 0.878139 0.789809
vt 0.274709 0.142708
vt 0.901208 0.961478
vt 0.547049 0.196742
vt 0.970892 0.213746
vt 0.987387 0.190132
vt 0.671085 0.867422
vt 0.683443 0.870045
vt 0.682706 0.969412
vt 0.578767 0.866709
vt 0.775028 0.968716
vt 0.670346 0.972031
vt 0.298440 0.115442
vt 0.071518 0.370764
vt 0.203390 0.327571
vt 0.305377 0.505809
vt 0.597254 0.468705
vt 0.665130 0.227200
vt 0.779839 0.193974
vt 0.764676 0.921815
vt 0.764676 0.956914
vt 0.408628 0.372863
vt 0.371945 0.497525
vt 0.007814 0.297837
vt 0.205224 0.259814
vt 0.991941 0.249531
vt 0.406212 0.227671
vt 0.831558 0.337578
vt 0.083495 0.344252
vt 0.007816 0.211827
vt 0.401685 0.631816
vt 0.156013 0.115650
vt 0.128583 0.945140
vt 0.215361 0.444294
vt 0.765713 0.883813
vt 0.253275 0.044663
vt 0.390009 0.123591
vt 0.123541 0.023925
vt 0.024180 0.402289
vt 0.790100 0.538253
vt 0.493086 0.951810
vt 0.432297 0.007835
vt 0.131357 0.023833
vt 0.667285 0.127069
vt 0.681036 0.050809
vt 0.942074 0.595816
vt 0.078400 0.026389
vt 0.458312 0.428984
vt 0.017565 0.363708
vt 0.183814 0.837930
vt 0.736299 0.077813
vt 0.579002 0.278728
vt 0.471063 0.015631
vt 0.791572 0.015665
vt 0.606385 0.467808
vt 0.775885 0.008085
vt 0.549363 0.927882
vt 0.538139 0.079274
vt 0.479575 0.269786
vt 0.278665 0.573816
vt 0.318024 0.153815
vt 0.168230 0.517976
vt 0.386771 0.730026
vt 0.515016 0.347331
vt 0.991472 0.300418
vt 0.387218 0.395411
vt 0.551751 0.311846
vt 0.690285 0.193177
vt 0.079095 0.305815
vt 0.840808 0.073087
vt 0.757908 0.883809
vt 0.671763 0.921815
vt 0.265993 0.293546
vt 0.269403 0.151817
vt 0.394100 0.509568
vt 0.672953 0.203813
vt 0.615298 0.285566
vt 0.119929 0.641575
vt 0.065018 0.402291
vt 0.400812 0.339816
vt 0.777989 0.299813
vt 0.527456 0.007816
vt 0.086238 0.023809
vt 0.608376 0.112664
vt 0.428909 0.470665
vt 0.672086 0.260939
vt 0.007815 0.725648
vt 0.007810 0.893812
vt 0.690541 0.247271
vt 0.478290 0.375691
vt 0.458371 0.403944
vt 0.953913 0.345818
vt 0.310206 0.123555
vt 0.255092 0.839813
vt 0.421609 0.111863
vt 0.094744 0.969879
vt 0.513961 0.047767
vt 0.044949 0.360909
vt 0.783945 0.117812
vt 0.528965 0.278653
vt 0.007815 0.871825
vt 0.396968 0.779972
vt 0.426825 0.831866
vt 0.414983 0.802313
vt 0.873228 0.514546
vt 0.624560 0.518874
vt 0.405693 0.542716
vt 0.422626 0.568269
vt 0.369241 0.301696
vt 0.555998 0.866295
vt 0.743781 0.339916
vt 0.621458 0.121916
vt 0.707205 0.329815
vt 0.872150 0.174175
vt 0.607560 0.501696
vt 0.678856 0.132759
vt 0.582655 0.508716
vt 0.814024 0.779859
vt 0.873228 0.353756
vt 0.101707 0.348260
vt 0.086160 0.322127
vt 0.135319 0.335349
vt 0.252198 0.223816
vt 0.526801 0.371913
vt 0.016997 0.471700
vt 0.465478 0.608655
vt 0.420512 0.082748
vt 0.981307 0.168554
vt 0.043781 0.476842
vt 0.027820 0.469820
vt 0.034881 0.471702
vt 0.178960 0.509326
vt 0.894471 0.929451
vt 0.894874 0.934418
vt 0.895198 0.939378
vt 0.895459 0.944414
vt 0.893985 0.924565
vt 0.199817 0.007812
vt 0.877023 0.623021
vt 0.343515 0.325814
vt 0.913182 0.794146
vt 0.902292 0.927018
vt 0.990865 0.489816
vt 0.897460 0.510952
vt 0.991098 0.481341
vt 0.928699 0.219809
vt 0.098721 0.533019
vt 0.939219 0.795709
vt 0.920997 0.713814
vt 0.903245 0.935813
vt 0.706909 0.905811
vt 0.671038 0.022639
vt 0.348353 0.439809
vt 0.431201 0.764000
vt 0.450639 0.412551
vt 0.417166 0.734781
s 1
usemtl uv_checker_material_uv_grid_2048x2048
f 9/1/1 5/2/2 6/3/2
f 12/4/3 2/5/4 1/6/5
f 9/1/1 2/7/6 8/8/7
f 1/6/5 14/9/8 12/4/3
f 9/1/1 7/10/2 1/11/9
f 8/12/10 11/13/11 4/14/12
f 4/15/13 10/16/14 3/17/14
f 4/18/15 9/1/1 8/8/7
f 15/19/16 2/20/17 13/21/18
f 24/22/19 20/23/20 18/24/21
f 27/25/22 17/26/23 28/27/24
f 24/22/19 17/28/25 16/29/26
f 29/30/27 16/31/28 27/25/22
f 22/32/20 24/22/19 16/29/26
f 26/33/29 23/34/30 19/35/31
f 25/36/32 19/37/32 18/38/33
f 19/39/34 24/22/19 18/24/35
f 30/40/36 17/41/37 23/34/30
f 80/42/38 74/43/39 75/44/40
f 93/45/41 86/46/42 87/47/41
f 281/48/43 49/49/44 50/50/43
f 287/51/45 55/52/46 56/53/45
f 98/54/47 287/55/48 56/56/49
f 201/57/50 102/58/51 203/59/52
f 64/60/53 66/61/53 63/62/53
f 97/63/54 51/64/55 105/65/56
f 113/66/57 250/67/58 196/68/59
f 61/69/60 64/70/60 63/71/60
f 57/72/61 60/73/62 59/74/63
f 249/75/64 204/76/65 190/77/65
f 234/78/65 229/79/52 237/80/65
f 89/81/66 95/82/67 88/83/67
f 215/84/50 221/85/59 220/86/50
f 226/87/52 220/86/50 229/79/52
f 214/88/59 257/89/58 115/90/57
f 200/91/50 196/68/59 194/92/68
f 207/93/59 35/94/68 34/95/59
f 209/96/50 213/97/59 212/98/50
f 211/99/50 217/100/59 216/101/68
f 223/102/52 212/98/50 225/103/52
f 224/104/52 216/101/68 227/105/52
f 231/106/65 225/103/52 233/107/65
f 232/108/65 227/105/52 235/109/65
f 202/110/52 194/92/68 192/111/52
f 218/112/59 255/113/69 114/114/57
f 208/115/59 261/116/69 117/117/57
f 231/106/65 241/118/64 239/119/64
f 232/108/65 243/120/64 240/121/64
f 234/78/65 245/122/70 242/123/64
f 260/124/69 34/95/59 32/125/71
f 251/126/58 99/127/72 197/128/59
f 106/129/73 51/130/73 52/131/73
f 39/132/74 105/133/75 106/134/74
f 241/118/64 240/121/64 108/135/76
f 243/120/64 242/123/64 109/136/77
f 118/137/68 120/138/78 121/139/79
f 123/140/50 145/141/80 124/142/68
f 245/122/70 244/143/70 110/144/77
f 154/145/65 143/146/81 155/147/65
f 126/148/78 128/149/68 129/150/59
f 127/151/68 147/152/82 128/149/68
f 72/153/83 54/154/84 43/155/85
f 77/156/86 78/157/87 76/158/88
f 77/159/89 69/160/90 47/161/89
f 72/162/91 70/163/92 73/164/91
f 74/165/93 54/166/94 73/167/94
f 73/168/95 70/169/96 76/170/97
f 67/171/98 42/172/99 65/173/98
f 78/174/100 75/175/101 76/176/100
f 79/177/74 95/178/74 81/179/102
f 65/180/103 68/181/103 67/182/103
f 92/183/98 48/184/98 41/185/98
f 69/186/104 71/187/105 42/188/106
f 86/189/107 90/190/108 85/191/108
f 88/192/2 87/193/2 86/194/2
f 84/195/109 82/196/110 85/197/109
f 87/198/111 95/199/112 93/200/113
f 96/201/114 51/64/55 97/63/54
f 89/202/115 91/203/115 81/204/115
f 90/205/116 84/206/117 85/207/118
f 91/208/119 83/209/120 44/210/121
f 112/211/77 101/212/122 96/213/123
f 203/59/52 100/214/124 205/215/65
f 205/215/65 101/212/122 248/216/64
f 238/217/64 239/119/64 107/218/76
f 209/219/125 143/220/126 121/221/125
f 259/222/127 122/223/128 187/224/127
f 258/225/58 116/226/71 259/227/58
f 215/228/125 146/229/126 127/230/125
f 258/231/129 125/232/130 213/233/130
f 228/234/131 131/235/125 219/236/125
f 256/237/132 129/238/130 217/239/130
f 203/240/131 139/241/125 201/242/125
f 246/243/133 175/244/133 174/245/133
f 254/246/129 133/247/130 221/248/130
f 250/249/129 141/250/130 196/251/130
f 202/252/126 135/253/125 200/254/134
f 213/233/130 124/255/135 212/256/135
f 214/257/128 127/230/125 126/258/136
f 219/236/125 130/259/128 218/260/128
f 201/242/125 138/261/128 197/262/128
f 194/263/135 153/264/137 192/265/137
f 206/266/138 142/267/139 222/268/139
f 193/269/139 163/270/140 191/271/140
f 204/272/141 150/273/142 202/252/126
f 232/274/141 144/275/142 224/276/126
f 225/277/143 157/278/140 233/279/140
f 234/280/144 146/229/126 226/281/126
f 235/282/145 147/283/143 159/284/140
f 236/285/141 148/286/126 228/234/131
f 229/287/137 161/288/140 237/289/140
f 205/290/144 152/291/131 203/240/131
f 239/292/146 155/293/144 231/294/144
f 165/295/140 192/265/137 153/264/137
f 252/296/147 137/297/130 198/298/130
f 247/299/148 163/270/140 175/300/149
f 251/301/150 138/261/128 179/302/151
f 240/303/152 156/304/141 232/274/141
f 241/305/148 157/278/140 169/306/153
f 242/307/152 158/308/141 234/280/144
f 243/309/148 159/284/140 171/310/154
f 244/311/152 160/312/141 236/285/141
f 245/313/155 161/288/140 173/314/155
f 248/315/146 164/316/141 205/290/144
f 249/317/155 165/295/140 177/318/155
f 244/143/70 191/319/65 247/320/64
f 209/219/125 120/321/128 208/322/128
f 219/323/50 198/324/59 195/325/68
f 196/251/130 140/326/135 194/263/135
f 198/298/130 136/327/135 195/328/138
f 206/329/68 36/330/52 35/94/68
f 231/294/144 143/220/126 223/331/126
f 221/248/130 132/332/138 220/333/135
f 217/239/130 128/334/135 216/335/138
f 211/336/134 122/223/128 210/337/128
f 260/124/69 117/117/57 261/116/69
f 256/338/69 115/90/57 257/89/58
f 253/339/69 114/114/57 113/66/57
f 228/340/52 195/325/68 193/341/52
f 261/342/127 120/321/128 189/343/150
f 260/344/156 119/345/130 207/346/130
f 257/347/150 126/258/136 185/348/150
f 255/349/150 130/259/128 183/350/151
f 222/351/52 37/352/65 36/330/52
f 236/353/65 193/341/52 191/319/65
f 238/217/64 107/218/76 33/354/76
f 230/355/140 142/267/139 154/356/140
f 246/357/152 162/358/141 204/272/141
f 253/359/150 134/360/128 181/361/157
f 193/269/139 136/327/135 151/362/143
f 220/333/135 149/363/143 229/287/137
f 227/364/139 128/334/135 147/283/143
f 204/76/65 192/111/52 190/77/65
f 210/365/158 259/227/58 116/226/71
f 224/276/126 123/366/134 211/336/134
f 238/367/159 167/368/160 239/369/133
f 212/256/135 145/370/143 225/277/143
f 122/371/78 124/142/68 125/372/59
f 130/373/161 132/374/68 133/375/59
f 135/376/162 151/377/163 136/378/68
f 140/379/68 138/380/78 139/381/164
f 121/139/79 142/382/82 118/137/68
f 149/383/80 131/384/50 148/385/52
f 163/386/65 150/387/81 162/388/165
f 153/389/52 139/381/164 152/390/81
f 157/391/65 144/392/81 156/393/65
f 159/394/65 146/395/81 158/396/165
f 161/397/65 148/385/52 160/398/165
f 175/399/64 162/388/165 174/400/70
f 165/401/166 152/390/81 164/402/167
f 167/368/160 154/145/65 155/147/65
f 169/403/64 156/393/65 168/404/64
f 171/405/64 158/396/165 170/406/70
f 181/407/58 137/408/59 180/409/168
f 176/410/64 165/401/166 164/402/167
f 179/411/69 141/412/59 178/413/69
f 183/414/69 133/375/59 182/415/58
f 185/416/69 129/150/59 184/417/58
f 189/418/58 119/419/59 188/420/168
f 125/372/59 187/421/69 122/371/78
f 242/422/169 171/423/169 170/424/169
f 185/425/170 256/426/170 257/427/171
f 241/428/159 168/429/159 240/430/159
f 259/431/171 186/432/171 258/433/171
f 189/434/171 260/435/171 261/436/171
f 161/397/65 172/437/64 173/438/172
f 183/439/170 254/440/170 255/441/170
f 173/442/173 244/443/173 245/444/173
f 254/445/58 114/114/57 255/113/69
f 45/446/174 97/447/174 39/448/174
f 249/449/173 176/450/173 248/451/133
f 179/452/170 250/453/170 251/454/170
f 249/75/64 248/216/64 112/211/77
f 253/455/171 180/456/171 252/457/171
f 197/128/59 31/458/175 201/57/50
f 238/459/148 154/356/140 166/460/148
f 251/126/58 113/66/57 98/461/176
f 136/378/68 134/462/78 135/376/162
f 111/463/77 247/320/64 246/464/64
f 200/254/134 134/360/128 199/465/177
f 206/266/138 119/345/130 118/466/135
f 61/467/178 60/468/178 62/469/178
f 96/470/179 46/471/179 38/472/179
f 103/473/123 46/474/75 104/475/123
f 58/476/180 40/477/180 53/478/180
f 43/479/99 91/480/98 44/481/98
f 49/482/2 55/483/2 50/484/2
f 48/485/2 94/486/75 55/483/2
f 94/486/75 56/487/75 55/483/2
f 56/487/75 93/488/2 95/178/74
f 54/489/74 81/179/102 91/490/74
f 51/491/181 80/492/74 78/493/74
f 47/494/182 67/495/183 68/496/184
f 47/494/182 64/497/185 62/498/186
f 51/491/181 47/494/182 62/498/186
f 51/491/181 60/499/187 52/500/187
f 97/63/54 104/501/188 96/201/114
f 329/502/189 113/66/57 350/503/190
f 52/500/181 58/504/191 53/505/192
f 101/506/193 51/64/55 96/201/114
f 101/506/193 100/507/194 56/56/49
f 100/507/194 102/508/195 56/56/49
f 31/509/196 99/510/197 56/56/49
f 330/511/198 262/512/199 287/55/48
f 38/513/200 33/354/76 107/218/76
f 305/514/201 311/515/202 306/516/202
f 317/517/203 324/518/204 318/519/205
f 333/520/206 438/521/207 440/522/208
f 295/523/53 297/524/53 299/525/53
f 328/526/209 336/527/210 282/528/211
f 433/529/212 487/530/213 350/503/190
f 292/531/60 295/532/60 293/533/60
f 288/534/214 291/535/215 289/536/216
f 441/537/217 483/538/218 346/539/219
f 471/540/217 466/541/220 463/542/220
f 326/543/221 320/544/222 319/545/222
f 452/546/207 458/547/212 451/548/212
f 463/542/220 457/549/207 452/546/207
f 352/550/190 451/548/212 458/547/212
f 437/551/207 433/529/212 436/552/212
f 444/553/212 266/554/223 443/555/223
f 446/556/207 450/557/212 445/558/212
f 448/559/207 454/560/212 447/561/212
f 460/562/220 449/563/223 446/556/207
f 461/564/220 453/565/223 448/559/207
f 468/566/217 462/567/220 460/562/220
f 469/568/217 464/569/220 461/564/220
f 431/570/223 439/571/220 429/572/208
f 351/573/190 455/574/212 435/575/212
f 354/576/190 445/558/212 450/557/212
f 113/66/57 351/573/190 350/503/190
f 470/577/217 468/566/217 339/578/224
f 472/579/217 469/568/217 340/580/224
f 474/581/217 471/540/217 342/582/219
f 497/583/213 265/584/212 444/553/212
f 330/585/225 488/586/213 434/587/212
f 337/588/226 282/589/226 336/590/226
f 336/591/227 270/592/228 337/593/228
f 478/594/229 340/580/224 477/595/230
f 343/596/219 479/597/231 480/598/218
f 355/599/223 357/600/232 356/601/212
f 360/602/207 382/603/233 381/604/220
f 482/605/230 344/606/219 481/607/231
f 391/608/217 380/609/220 379/610/233
f 363/611/232 365/612/223 364/613/223
f 364/613/223 384/614/220 383/615/208
f 285/616/234 303/617/235 274/618/236
f 309/619/237 308/620/238 307/621/239
f 308/622/240 300/623/240 301/624/240
f 301/625/241 303/626/242 304/627/243
f 285/628/244 305/629/245 304/630/246
f 56/487/75 79/177/74 80/492/74
f 298/631/98 273/632/99 300/633/99
f 306/634/247 309/635/248 307/636/249
f 310/637/250 312/638/251 326/639/250
f 299/640/252 296/641/252 298/642/252
f 279/643/98 323/644/98 272/645/98
f 300/646/253 302/647/254 301/648/255
f 307/649/256 308/650/257 301/651/258
f 317/652/259 321/653/259 325/654/259
f 316/655/20 317/656/20 320/657/20
f 326/658/260 318/659/261 324/660/262
f 327/661/263 328/526/209 282/528/211
f 320/662/264 322/663/264 313/664/264
f 315/665/265 321/666/266 316/667/265
f 322/668/267 314/669/268 313/670/269
f 348/671/219 327/672/228 332/673/270
f 331/674/271 440/522/208 442/675/217
f 332/673/270 331/674/271 442/675/217
f 338/676/224 476/677/230 475/678/230
f 446/679/272 380/680/273 460/681/273
f 496/682/274 359/683/275 447/684/275
f 353/685/276 495/686/213 496/687/213
f 364/688/272 463/689/273 452/690/272
f 362/691/277 495/692/278 450/693/277
f 368/694/272 465/695/279 456/696/272
f 366/697/277 493/698/280 454/699/277
f 376/700/272 440/701/279 438/702/272
f 412/703/281 483/704/281 411/705/281
f 370/706/277 491/707/278 458/708/277
f 378/709/277 487/710/278 433/711/277
f 372/712/272 439/713/273 437/714/282
f 361/715/283 450/693/277 449/716/283
f 451/717/275 364/688/272 452/690/272
f 367/718/275 456/696/272 455/719/275
f 375/720/275 438/702/272 434/721/275
f 390/722/284 431/723/283 429/724/285
f 379/725/286 443/726/287 459/727/286
f 428/728/288 388/729/284 430/730/286
f 387/731/289 441/732/290 439/713/273
f 381/733/289 469/734/290 461/735/273
f 394/736/288 462/737/284 470/738/288
f 463/689/273 395/739/290 471/740/291
f 472/741/292 384/742/284 464/743/286
f 385/744/273 473/745/290 465/695/279
f 474/746/288 386/747/284 466/748/286
f 389/749/279 442/750/291 440/701/279
f 392/751/291 476/752/293 468/753/291
f 390/722/284 427/754/288 402/755/292
f 374/756/277 489/757/294 435/758/277
f 484/759/295 400/760/288 428/728/288
f 488/761/296 375/720/275 434/721/275
f 393/762/290 477/763/297 469/734/290
f 478/764/298 394/736/288 470/738/288
f 395/739/290 479/765/297 471/740/291
f 480/766/298 396/767/288 472/741/292
f 397/768/290 481/769/297 473/745/290
f 482/770/299 398/771/288 474/746/288
f 401/772/290 485/773/293 442/750/291
f 486/774/299 402/755/292 427/754/288
f 428/775/217 473/776/217 344/606/219
f 357/777/275 446/679/272 445/778/275
f 456/779/207 435/575/212 455/574/212
f 377/780/283 433/711/277 431/723/283
f 373/781/283 435/758/277 432/782/287
f 443/555/223 267/783/220 459/784/220
f 460/681/273 392/751/291 468/753/291
f 369/785/287 458/708/277 457/786/283
f 365/787/283 454/699/277 453/788/287
f 359/683/275 448/789/282 447/684/275
f 354/576/190 497/583/213 498/790/300
f 352/550/190 493/791/300 494/792/213
f 350/503/190 489/793/300 490/794/300
f 465/795/220 432/796/223 456/779/207
f 498/797/274 357/777/275 445/778/275
f 356/798/277 497/799/301 444/800/277
f 494/801/296 363/802/302 451/717/275
f 492/803/296 367/718/275 455/719/275
f 459/784/220 268/804/217 467/805/217
f 473/776/217 430/806/220 465/795/220
f 268/804/217 264/807/303 338/676/224
f 467/808/288 379/725/286 459/727/286
f 399/809/290 483/810/297 441/732/290
f 490/811/296 371/812/302 436/813/304
f 430/730/286 373/781/283 432/782/287
f 386/747/284 457/786/283 466/748/286
f 464/743/286 365/787/283 453/788/287
f 429/572/208 441/537/217 427/814/217
f 353/685/276 447/561/212 454/560/212
f 360/815/282 461/735/273 448/789/282
f 476/816/305 403/817/306 475/818/307
f 382/819/284 449/716/283 462/737/284
f 361/820/223 359/821/232 362/822/212
f 369/823/223 367/824/232 370/825/212
f 388/826/220 372/827/308 373/828/223
f 375/829/232 377/830/223 376/831/309
f 379/610/233 358/832/207 355/599/223
f 368/833/309 386/834/220 385/835/208
f 387/836/208 400/837/217 399/838/310
f 376/831/309 390/839/220 389/840/208
f 381/604/220 394/841/217 393/842/311
f 383/615/208 396/843/217 395/844/217
f 385/835/208 398/845/217 397/846/217
f 399/838/310 412/847/230 411/848/231
f 389/840/208 402/849/217 401/850/310
f 404/851/312 391/608/217 403/817/306
f 393/842/311 406/852/218 405/853/218
f 395/844/217 408/854/230 407/855/230
f 374/856/212 418/857/300 417/858/313
f 413/859/230 402/849/217 414/860/218
f 378/861/212 416/862/300 415/863/300
f 420/864/300 370/825/212 367/824/232
f 366/865/212 422/866/314 421/867/213
f 356/601/212 426/868/213 425/869/313
f 362/822/212 424/870/300 423/871/213
f 479/872/307 408/873/307 480/874/307
f 493/875/315 422/876/315 494/877/316
f 478/878/305 405/879/305 406/880/281
f 496/881/315 423/882/315 424/883/315
f 497/884/316 426/885/316 498/886/317
f 409/887/230 398/845/217 410/888/230
f 492/889/316 419/890/316 420/891/316
f 482/892/318 409/893/318 410/894/318
f 492/895/213 352/550/190 491/896/213
f 276/897/319 328/898/319 334/899/319
f 485/900/318 414/901/318 486/902/281
f 487/903/315 416/904/315 488/905/315
f 349/906/219 485/907/230 486/908/218
f 490/909/315 417/910/315 418/911/315
f 262/912/320 434/587/212 438/521/207
f 475/913/298 391/914/288 467/808/288
f 488/586/213 350/503/190 487/530/213
f 371/915/232 373/828/223 372/827/308
f 346/539/219 484/916/230 347/917/219
f 436/813/304 372/712/272 437/714/282
f 355/918/287 444/800/277 443/726/287
f 291/919/321 292/920/178 293/921/178
f 277/922/322 327/923/322 269/924/322
f 277/925/227 334/926/228 335/927/228
f 271/928/323 289/929/323 284/930/324
f 274/931/99 322/932/98 285/933/99
f 280/934/20 286/935/20 279/936/20
f 279/936/20 325/937/227 321/938/20
f 287/939/227 325/937/227 286/935/20
f 326/639/250 287/939/227 310/637/250
f 285/940/250 312/638/251 310/637/250
f 282/941/325 311/942/250 287/939/227
f 298/943/326 278/944/327 299/945/328
f 295/946/329 278/944/327 293/947/330
f 282/941/325 278/944/327 309/948/250
f 291/949/331 282/941/325 283/950/331
f 335/951/332 328/526/209 327/661/263
f 289/952/333 283/950/331 284/953/331
f 282/528/211 332/954/193 327/661/263
f 332/954/193 287/55/48 331/955/334
f 331/955/334 287/55/48 333/956/335
f 329/957/336 330/511/198 287/55/48
f 262/512/199 333/956/335 287/55/48
f 99/510/197 98/54/47 56/56/49
f 344/606/219 345/958/224 269/959/337
f 116/226/71 354/576/190 353/685/276
f 116/226/71 352/550/190 115/90/57
f 354/576/190 32/125/71 263/960/276
f 115/90/57 351/573/190 114/114/57
f 102/508/195 31/509/196 56/56/49
f 315/961/243 313/962/338 314/963/338
f 238/217/64 37/352/65 230/964/65
f 107/218/76 241/118/64 108/135/76
f 240/121/64 109/136/77 108/135/76
f 109/136/77 245/122/70 110/144/77
f 110/144/77 247/320/64 111/463/77
f 111/463/77 249/75/64 112/211/77
f 112/211/77 248/216/64 101/212/122
f 38/513/200 107/218/76 108/135/76
f 38/513/200 108/135/76 109/136/77
f 112/211/77 96/213/123 111/463/77
f 38/513/200 111/463/77 96/213/123
f 110/144/77 38/513/200 109/136/77
f 50/50/43 286/965/46 281/48/43
f 542/966/339 500/967/340 540/968/340
f 537/969/341 500/967/340 501/970/341
f 539/971/342 517/972/339 542/966/339
f 523/973/343 508/974/344 527/975/344
f 536/976/345 518/977/346 525/978/346
f 534/979/347 510/980/348 535/981/349
f 530/982/350 519/983/351 520/984/350
f 529/985/352 520/984/350 512/986/353
f 541/987/354 512/986/353 511/988/354
f 536/976/345 513/989/355 514/990/345
f 532/991/356 504/992/357 506/993/356
f 535/981/349 504/994/357 531/995/357
f 537/969/341 499/996/358 533/997/359
f 522/998/360 506/993/356 503/999/360
f 541/987/354 505/1000/361 534/979/347
f 521/1001/362 509/1002/343 523/973/343
f 527/975/344 507/1003/363 538/1004/363
f 524/1005/364 518/977/346 516/1006/364
f 539/1007/342 516/1006/364 515/1008/365
f 521/1001/362 503/999/360 502/1009/362
f 521/1010/2 532/1011/2 522/1012/2
f 521/1010/2 529/1013/2 541/1014/2
f 521/1010/2 541/1014/2 531/1015/2
f 527/1016/2 528/1017/2 530/1018/2
f 527/1016/2 529/1013/2 523/1019/366
f 537/1020/123 533/1021/123 526/1022/75
f 540/1023/123 525/1024/123 542/1025/200
f 528/1017/2 526/1022/75 533/1021/123
f 541/1014/2 535/1026/367 531/1015/2
f 533/997/359 519/983/351 528/1027/351
f 526/1028/355 507/1003/363 513/989/355
f 542/1025/200 524/1029/123 539/1030/123
f 537/1020/123 536/1031/200 540/1023/123
f 544/1032/368 586/1033/369 584/1034/368
f 581/1035/370 544/1032/368 584/1034/368
f 561/1036/369 583/1037/371 586/1033/369
f 552/1038/372 567/1039/373 571/1040/372
f 562/1041/374 580/1042/375 569/1043/374
f 554/1044/376 578/1045/377 579/1046/378
f 574/1047/379 563/1048/380 572/1049/380
f 573/1050/381 564/1051/379 574/1047/379
f 585/1052/382 556/1053/383 573/1050/381
f 580/1042/375 557/1054/384 570/1055/384
f 576/1056/385 548/1057/386 575/1058/386
f 548/1059/386 579/1046/378 575/1060/386
f 543/1061/387 581/1035/370 577/1062/388
f 566/1063/389 550/1064/385 576/1056/385
f 549/1065/390 585/1052/382 578/1045/377
f 553/1066/373 565/1067/391 567/1039/373
f 551/1068/392 571/1040/372 582/1069/392
f 568/1070/393 562/1041/374 569/1043/374
f 583/1071/371 560/1072/394 568/1070/393
f 565/1067/391 547/1073/389 566/1063/389
f 576/1074/395 565/1075/20 566/1076/20
f 565/1075/20 573/1077/20 567/1078/396
f 565/1075/20 575/1079/20 585/1080/20
f 572/1081/20 571/1082/20 574/1083/20
f 573/1077/20 571/1082/20 567/1078/396
f 581/1084/228 570/1085/228 577/1086/228
f 569/1087/228 584/1088/228 586/1089/228
f 572/1081/20 570/1085/228 582/1090/20
f 579/1091/20 585/1080/20 575/1079/20
f 563/1048/380 577/1062/388 572/1049/380
f 570/1055/384 551/1068/392 582/1069/392
f 568/1092/228 586/1089/228 583/1093/228
f 580/1094/228 581/1084/228 584/1088/228
f 591/1095/397 637/1096/397 592/1097/397
f 600/1098/2 593/1099/2 587/1100/2
f 642/1101/398 636/1102/398 641/1103/398
f 763/1104/399 675/1105/400 764/1106/401
f 783/1107/402 614/1108/403 776/1109/404
f 628/1110/405 669/1111/406 629/1112/406
f 608/1113/407 607/1114/407 620/1115/407
f 625/1116/408 624/1117/408 626/1118/408
f 623/1119/409 771/1120/410 774/1121/411
f 774/1122/412 803/1123/413 802/1124/414
f 732/1125/415 726/1126/415 725/1127/415
f 609/1128/2 611/1129/2 606/1130/2
f 663/1131/407 657/1132/407 664/1133/407
f 749/1134/20 752/1135/20 750/1136/20
f 714/1137/416 802/1124/414 715/1138/417
f 718/1139/418 669/1140/406 759/1141/418
f 712/1142/419 619/1143/419 710/1144/419
f 706/1145/420 796/1146/421 707/1147/420
f 684/1148/20 691/1149/20 679/1150/20
f 597/1151/422 595/1152/422 598/1153/423
f 638/1154/424 618/1155/425 640/1156/424
f 676/1157/426 763/1158/426 705/1159/426
f 601/1160/427 599/1161/427 603/1162/427
f 655/1163/428 648/1164/429 649/1165/430
f 630/1166/431 604/1167/431 610/1168/431
f 758/1169/432 759/1170/432 760/1171/432
f 606/1172/433 703/1173/433 698/1174/433
f 661/1175/434 650/1176/435 659/1177/436
f 781/1178/2 616/1179/2 613/1180/437
f 601/1181/438 594/1182/438 593/1183/438
f 673/1184/439 677/1185/440 674/1186/440
f 717/1187/441 713/1188/442 716/1189/443
f 667/1190/444 758/1191/444 668/1192/444
f 611/1193/445 696/1194/445 703/1195/445
f 598/1196/446 686/1197/446 689/1198/446
f 591/1199/447 590/1200/448 589/1201/448
f 614/1202/449 627/1203/449 776/1204/450
f 762/1205/451 761/1206/452 671/1207/452
f 748/1208/453 744/1209/454 741/1210/455
f 638/1211/456 633/1212/456 639/1213/456
f 757/1214/457 622/1215/458 713/1188/442
f 644/1216/2 652/1217/2 645/1218/2
f 639/1219/431 632/1220/431 634/1221/431
f 734/1222/459 751/1223/459 733/1224/459
f 800/1225/20 797/1226/460 798/1227/20
f 653/1228/461 666/1229/462 664/1230/463
f 733/1231/20 719/1232/20 725/1233/20
f 617/1234/431 607/1235/431 614/1236/431
f 739/1237/464 742/1238/464 741/1239/464
f 665/1240/2 664/1241/2 666/1242/2
f 746/1243/465 740/1244/435 749/1245/436
f 646/1246/466 665/1247/466 666/1248/466
f 658/1249/467 654/1250/468 657/1251/468
f 743/1252/461 756/1253/462 736/1254/462
f 614/1202/449 676/1255/449 619/1256/449
f 762/1257/469 764/1258/469 765/1259/470
f 683/1260/471 690/1261/20 694/1262/472
f 688/1263/473 686/1264/473 687/1265/474
f 591/1266/427 697/1267/427 682/1268/427
f 694/1269/475 685/1270/475 680/1271/475
f 724/1272/476 731/1273/477 721/1274/478
f 624/1275/479 714/1276/479 715/1277/479
f 709/1278/480 728/1279/480 730/1280/480
f 588/1281/475 602/1282/475 603/1283/475
f 676/1255/449 710/1284/449 619/1256/449
f 727/1285/481 682/1286/481 683/1287/481
f 622/1215/458 628/1110/405 627/1288/482
f 681/1289/483 691/1290/483 690/1291/483
f 804/1292/484 716/1293/449 792/1294/485
f 746/1295/464 750/1296/464 745/1297/464
f 770/1298/486 772/1299/487 775/1300/486
f 717/1187/441 759/1301/488 757/1214/457
f 742/1302/489 748/1303/490 741/1304/490
f 722/1305/491 728/1306/491 729/1307/491
f 779/1308/492 626/1309/493 615/1310/494
f 627/1311/20 621/1312/20 622/1313/20
f 629/1314/495 773/1315/496 768/1316/496
f 655/1317/497 647/1318/498 660/1319/499
f 643/1320/466 662/1321/500 644/1322/500
f 692/1323/427 693/1324/427 694/1325/427
f 680/1326/501 695/1327/502 694/1262/503
f 600/1098/2 596/1328/2 597/1329/2
f 660/1330/407 656/1331/407 655/1332/407
f 641/1333/477 634/1334/504 632/1335/505
f 762/1336/426 767/1337/426 700/1338/426
f 660/1339/2 661/1340/2 659/1341/2
f 721/1342/431 729/1343/431 724/1344/431
f 668/1345/506 669/1346/506 667/1347/506
f 699/1348/431 708/1349/431 705/1350/431
f 703/1351/20 701/1352/20 698/1353/20
f 747/1354/464 753/1355/464 754/1356/464
f 736/1357/459 755/1358/459 735/1359/459
f 745/1360/507 738/1361/508 746/1362/509
f 752/1363/462 737/1364/498 750/1365/499
f 665/1366/434 652/1367/489 663/1368/510
f 753/1369/20 756/1370/20 754/1371/20
f 622/1372/449 712/1373/449 713/1374/449
f 764/1375/511 675/1376/512 677/1377/511
f 701/1378/462 767/1379/462 766/1380/462
f 685/1381/513 692/1382/513 684/1383/513
f 674/1384/514 675/1105/400 672/1385/515
f 766/1380/462 608/1386/462 609/1387/462
f 676/1157/426 674/1388/426 672/1389/426
f 673/1390/426 767/1337/426 671/1391/426
f 705/1159/426 762/1336/426 699/1392/426
f 673/1390/426 607/1393/426 608/1394/426
f 614/1395/426 673/1390/426 674/1388/426
f 700/1338/426 699/1392/426 762/1336/426
f 673/1396/516 761/1206/452 678/1397/516
f 658/1398/517 652/1367/489 651/1399/517
f 657/1400/518 653/1228/461 664/1230/463
f 662/1401/462 647/1318/498 644/1402/462
f 656/1403/519 650/1176/435 648/1404/519
f 747/1405/518 743/1252/461 744/1406/518
f 755/1407/434 742/1302/489 735/1408/434
f 751/1409/434 740/1244/435 733/1410/434
f 745/1411/497 737/1364/498 739/1412/497
f 781/1413/520 615/1414/521 616/1415/521
f 702/1416/431 727/1417/431 695/1418/431
f 642/1419/477 630/1420/477 635/1421/477
f 603/1422/2 637/1423/2 604/1424/2
f 599/1425/2 592/1426/2 603/1427/2
f 702/1428/445 696/1194/445 727/1429/445
f 605/1430/445 610/1431/445 637/1432/445
f 719/1433/522 732/1434/522 725/1435/522
f 682/1436/523 681/1437/524 683/1438/523
f 676/1255/449 705/1439/449 710/1284/449
f 620/1440/431 617/1234/431 618/1441/431
f 711/1442/431 708/1349/431 699/1348/431
f 630/1443/407 648/1444/407 650/1445/407
f 654/1446/407 620/1115/407 653/1447/407
f 649/1448/525 652/1449/407 647/1450/407
f 608/1113/407 654/1446/407 651/1451/407
f 643/1452/2 630/1453/2 650/1454/2
f 639/1455/2 634/1456/2 636/1457/2
f 653/1458/2 620/1459/2 646/1460/2
f 620/1459/2 638/1461/2 646/1460/2
f 635/1462/2 644/1216/2 636/1457/2
f 638/1461/2 636/1457/2 646/1460/2
f 636/1457/2 645/1218/2 646/1460/2
f 637/1463/431 610/1168/431 604/1167/431
f 719/1464/431 695/1418/431 723/1465/431
f 610/1466/407 648/1444/407 630/1443/407
f 608/1113/407 648/1444/407 611/1467/407
f 649/1448/525 608/1113/407 651/1451/407
f 734/1468/20 725/1233/20 726/1469/20
f 735/1470/20 737/1471/20 734/1468/20
f 735/1470/20 734/1468/20 726/1469/20
f 738/1472/464 719/1473/464 740/1474/464
f 711/1475/464 744/1476/464 743/1477/464
f 700/1478/464 711/1475/464 699/1479/464
f 702/1480/464 738/1472/464 703/1481/464
f 700/1478/464 738/1472/464 739/1237/464
f 700/1478/464 741/1239/464 744/1476/464
f 743/1482/20 736/1483/20 711/1484/20
f 736/1483/20 728/1485/20 711/1484/20
f 729/1486/20 726/1469/20 724/1487/20
f 736/1483/20 726/1469/20 729/1486/20
f 692/1323/427 690/1488/427 691/1489/427
f 602/1490/427 601/1160/427 603/1162/427
f 591/1491/526 696/1492/526 605/1493/526
f 768/1316/496 772/1299/487 769/1494/487
f 775/1300/486 771/1120/410 770/1298/486
f 625/1495/527 786/1496/528 771/1497/529
f 775/1498/530 803/1123/413 774/1122/412
f 772/1499/531 801/1500/532 775/1498/530
f 804/1501/533 718/1502/534 717/1503/534
f 805/1504/535 773/1505/536 804/1501/533
f 779/1506/537 782/1507/538 780/1508/539
f 780/1508/539 784/1509/540 778/1510/540
f 776/1109/404 785/1511/541 783/1107/402
f 777/1512/542 784/1509/540 785/1511/541
f 786/1513/543 780/1514/544 787/1515/545
f 787/1515/545 778/1516/546 788/1517/547
f 789/1518/548 777/1519/549 776/1204/450
f 790/1520/550 778/1516/546 777/1519/549
f 798/1521/551 795/1522/552 791/1523/553
f 797/1524/554 794/1525/555 795/1522/552
f 798/1521/551 793/1526/556 800/1527/557
f 800/1527/557 792/1528/558 799/1529/559
f 791/1530/560 803/1531/561 801/1532/562
f 795/1533/563 802/1534/564 803/1531/561
f 791/1530/560 805/1535/565 793/1536/566
f 793/1536/566 804/1292/484 792/1294/485
f 629/1537/567 789/1538/568 628/1539/569
f 768/1540/570 790/1541/571 789/1538/568
f 769/1542/572 788/1543/573 790/1541/571
f 770/1544/574 787/1545/575 788/1543/573
f 787/1545/575 771/1497/529 786/1496/528
f 784/1546/2 782/1547/2 785/1548/2
f 781/1178/2 785/1548/2 782/1547/2
f 704/1549/20 799/1550/20 720/1551/20
f 796/1552/20 800/1225/20 799/1550/20
f 704/1549/20 707/1553/20 796/1552/20
f 783/1554/576 781/1178/2 613/1180/437
f 783/1554/576 613/1180/437 612/1555/577
f 704/1549/20 796/1552/20 799/1550/20
f 730/1556/578 708/1557/20 709/1558/20
f 730/1556/578 720/1551/20 799/1550/20
f 789/1518/548 627/1203/449 628/1559/449
f 722/1560/20 721/1561/20 720/1551/20
f 633/1562/579 612/1555/577 632/1563/580
f 799/1529/559 705/1564/581 708/1565/581
f 705/1439/449 716/1293/449 710/1284/449
f 712/1566/2 716/1567/2 713/1568/2
f 783/1554/576 612/1555/577 633/1562/579
f 764/1375/511 678/1569/511 765/1570/511
f 761/1571/426 765/1570/511 678/1569/511
f 794/1572/582 715/1573/583 802/1534/564
f 715/1573/583 706/1574/494 624/1575/494
f 706/1574/494 615/1310/494 624/1575/494
f 624/1575/494 615/1310/494 626/1309/493
f 688/1576/483 697/1577/483 689/1578/483
f 598/1579/483 697/1577/483 589/1580/483
f 597/1581/483 589/1580/483 590/1582/483
f 600/1583/483 590/1582/483 599/1584/483
f 617/1585/2 640/1586/2 618/1587/2
f 783/1554/576 633/1562/579 640/1586/2
f 687/1588/20 691/1149/20 688/1589/20
f 588/1590/2 603/1422/2 604/1424/2
f 727/1591/584 694/1262/472 695/1327/502
f 853/1592/585 811/1593/586 854/1594/587
f 812/1595/588 854/1594/587 811/1593/586
f 810/1596/589 856/1597/590 809/1598/591
f 855/1599/592 809/1598/591 856/1597/590
f 860/1600/593 808/1601/594 855/1599/592
f 807/1602/595 814/1603/596 853/1592/585
f 817/1604/597 807/1602/595 819/1605/597
f 824/1606/598 822/1607/598 859/1608/598
f 851/1609/599 807/1610/600 853/1611/601
f 815/1612/602 809/1613/602 808/1614/602
f 808/1614/602 816/1615/602 815/1612/602
f 812/1616/602 817/1617/602 816/1615/602
f 812/1616/602 814/1618/602 813/1619/602
f 858/1620/603 816/1621/604 818/1622/604
f 855/1623/605 827/1624/606 824/1625/606
f 806/1626/607 819/1627/608 807/1610/600
f 857/1628/609 881/1629/610 856/1630/611
f 848/1631/598 882/1632/598 823/1633/598
f 853/1611/601 852/1634/612 851/1609/599
f 859/1635/613 854/1636/614 860/1637/615
f 842/1638/616 821/1639/617 840/1640/618
f 861/1641/619 849/1642/620 863/1643/621
f 818/1644/622 882/1645/623 858/1646/624
f 874/1647/625 845/1648/626 877/1649/627
f 836/1650/628 878/1651/629 837/1652/630
f 869/1653/631 832/1654/632 833/1655/633
f 837/1652/630 863/1643/621 849/1642/620
f 830/1656/634 872/1657/635 828/1658/636
f 868/1659/637 833/1655/633 825/1660/638
f 870/1661/639 834/1662/640 835/1663/641
f 867/1664/642 864/1665/642 870/1666/643
f 864/1667/637 841/1668/644 834/1662/640
f 847/1669/636 877/1649/627 845/1648/626
f 877/1670/645 861/1671/646 842/1672/647
f 846/1673/648 862/1674/649 876/1675/650
f 829/1676/630 875/1677/651 839/1678/620
f 828/1658/636 873/1679/652 829/1676/630
f 871/1680/639 825/1660/638 826/1681/641
f 832/1654/632 876/1682/653 831/1683/654
f 874/1684/625 843/1685/640 844/1686/625
f 839/1678/620 879/1687/635 836/1650/628
f 831/1688/654 862/1689/655 830/1656/634
f 820/1690/598 859/1608/598 822/1607/598
f 863/1691/656 878/1692/643 879/1693/656
f 867/1694/657 835/1663/641 850/1695/644
f 847/1696/658 844/1697/658 843/1698/658
f 842/1672/647 874/1699/659 877/1670/645
f 846/1700/660 822/1701/661 824/1702/660
f 865/1703/662 826/1681/641 841/1668/644
f 848/1631/598 821/1704/598 827/1705/598
f 866/1706/637 850/1695/644 843/1685/640
f 848/1631/598 881/1707/598 882/1632/598
f 842/1708/663 824/1709/663 827/1710/664
f 874/1699/659 840/1711/665 866/1712/642
f 865/1713/642 868/1714/642 871/1715/643
f 846/1673/648 880/1716/666 838/1717/667
f 872/1718/668 875/1719/669 873/1720/642
f 846/1673/648 872/1718/668 862/1674/649
f 866/1712/642 840/1711/665 867/1664/642
f 867/1664/642 840/1711/665 864/1665/642
f 838/1717/667 864/1665/642 840/1711/665
f 865/1713/642 838/1717/667 868/1714/642
f 868/1714/642 838/1717/667 869/1721/642
f 869/1721/642 838/1717/667 880/1716/666
f 861/1671/646 863/1691/656 842/1672/647
f 863/1691/656 879/1693/656 842/1672/647
f 875/1719/669 872/1718/668 846/1673/648
f 879/1693/656 846/1673/648 842/1672/647
f 859/1608/598 851/1722/598 852/1723/598
f 856/1630/611 848/1724/670 855/1623/605
f 858/1646/624 881/1629/610 857/1628/609
f 830/1725/658 832/1726/671 831/1727/672
f 850/1728/672 847/1696/658 843/1698/658
f 835/1729/658 849/1730/658 850/1728/672
f 835/1729/658 836/1731/658 837/1732/673
f 841/1733/658 836/1731/658 834/1734/658
f 826/1735/658 828/1736/658 829/1737/674
f 841/1733/658 829/1737/674 839/1738/658
f 825/1739/658 830/1725/658 828/1736/658
f 857/1740/675 815/1741/676 858/1620/603
f 920/1742/677 888/1743/678 891/1744/679
f 889/1745/680 921/1746/681 927/1747/682
f 887/1748/683 923/1749/684 924/1750/685
f 922/1751/686 886/1752/687 885/1753/688
f 927/1747/682 885/1754/688 889/1745/680
f 884/1755/689 891/1744/679 890/1756/690
f 884/1755/689 817/1604/597 819/1605/597
f 893/1757/598 926/1758/598 822/1607/598
f 884/1759/691 918/1760/692 920/1761/693
f 886/1762/694 892/1763/602 885/1764/602
f 885/1764/602 816/1615/602 889/1765/602
f 889/1765/602 817/1617/602 890/1766/602
f 889/1765/602 891/1767/602 888/1768/695
f 816/1621/604 925/1769/696 818/1622/604
f 927/1770/697 926/1771/698 893/1772/699
f 819/1627/608 883/1773/700 884/1759/691
f 924/1774/701 923/1775/702 948/1776/703
f 915/1777/598 823/1633/598 949/1778/598
f 920/1761/693 919/1779/704 921/1780/705
f 921/1780/705 926/1771/698 927/1770/697
f 909/1781/706 821/1639/617 896/1782/707
f 916/1783/708 928/1784/709 930/1785/710
f 818/1644/622 949/1786/711 823/1787/712
f 912/1788/713 941/1789/714 944/1790/715
f 905/1791/716 945/1792/717 946/1793/718
f 901/1794/719 936/1795/720 902/1796/721
f 906/1797/722 930/1785/710 945/1792/717
f 899/1798/723 939/1799/709 929/1800/724
f 902/1796/721 935/1801/725 894/1802/726
f 903/1803/727 937/1804/728 904/1805/729
f 934/1806/730 937/1807/731 931/1808/730
f 931/1809/725 908/1810/732 932/1811/733
f 914/1812/734 944/1813/715 928/1784/709
f 944/1814/735 909/1815/736 928/1816/737
f 913/1817/738 943/1818/739 929/1819/740
f 898/1820/722 942/1821/710 940/1822/741
f 897/1823/716 940/1822/741 939/1799/709
f 894/1802/726 938/1824/728 895/1825/729
f 900/1826/742 947/1827/743 901/1828/719
f 910/1829/744 941/1789/714 911/1830/745
f 907/1831/708 946/1793/718 942/1821/710
f 900/1826/742 929/1800/724 943/1832/746
f 926/1758/598 820/1690/598 822/1607/598
f 930/1833/747 946/1834/748 945/1835/730
f 904/1805/729 934/1836/749 917/1837/732
f 911/1838/750 914/1839/750 910/1840/750
f 941/1841/751 909/1815/736 944/1814/735
f 913/1842/752 822/1701/661 838/1843/753
f 895/1825/729 932/1811/733 908/1810/732
f 821/1704/598 915/1777/598 896/1844/598
f 933/1845/725 917/1837/732 934/1836/749
f 915/1777/598 949/1778/598 948/1846/754
f 893/1847/755 909/1848/756 896/1849/757
f 941/1841/751 933/1850/730 840/1711/665
f 932/1851/730 938/1852/731 935/1853/730
f 947/1854/758 913/1817/738 838/1717/667
f 939/1855/759 940/1856/731 942/1857/748
f 913/1817/738 929/1819/740 939/1855/759
f 933/1850/730 934/1806/730 840/1711/665
f 934/1806/730 931/1808/730 840/1711/665
f 931/1808/730 838/1717/667 840/1711/665
f 932/1851/730 935/1853/730 838/1717/667
f 935/1853/730 936/1858/730 838/1717/667
f 936/1858/730 947/1854/758 838/1717/667
f 928/1816/737 909/1815/736 930/1833/747
f 930/1833/747 909/1815/736 946/1834/748
f 942/1857/748 913/1817/738 939/1855/759
f 946/1834/748 913/1817/738 942/1857/748
f 926/1758/598 918/1859/598 883/1860/598
f 915/1861/760 923/1775/702 922/1862/761
f 948/1776/703 925/1863/762 924/1774/701
f 900/1864/750 902/1865/750 899/1866/750
f 910/1840/750 916/1867/750 917/1868/750
f 916/1867/750 904/1869/750 917/1868/750
f 906/1870/750 903/1871/750 904/1869/750
f 903/1871/750 907/1872/750 908/1873/750
f 895/1874/750 897/1875/750 894/1876/750
f 907/1872/750 895/1874/750 908/1873/750
f 897/1875/750 902/1865/750 894/1876/750
f 924/1750/685 892/1877/763 887/1748/683
f 968/1878/764 951/1879/765 967/1880/766
f 969/1881/767 952/1882/768 968/1878/764
f 969/1881/767 954/1883/769 953/1884/770
f 971/1885/771 954/1883/769 970/1886/772
f 972/1887/773 955/1888/774 971/1885/771
f 972/1887/773 957/1889/775 956/1890/776
f 973/1891/777 958/1892/778 957/1889/775
f 975/1893/779 958/1892/778 974/1894/780
f 975/1893/779 960/1895/781 959/1896/782
f 976/1897/783 961/1898/784 960/1895/781
f 978/1899/785 961/1898/784 977/1900/786
f 978/1899/785 963/1901/787 962/1902/788
f 979/1903/789 964/1904/790 963/1901/787
f 980/1905/791 965/1906/792 964/1904/790
f 984/1907/793 967/1880/766 983/1908/794
f 985/1909/795 968/1878/764 984/1907/793
f 986/1910/796 969/1881/767 985/1909/795
f 987/1911/797 970/1886/772 986/1910/796
f 988/1912/798 971/1885/771 987/1911/797
f 989/1913/799 972/1887/773 988/1912/798
f 990/1914/800 973/1891/777 989/1913/799
f 991/1915/801 974/1894/780 990/1914/800
f 992/1916/802 975/1893/779 991/1915/801
f 993/1917/803 976/1897/783 992/1916/802
f 994/1918/804 977/1900/786 993/1917/803
f 995/1919/805 978/1899/785 994/1918/804
f 996/1920/806 979/1903/789 995/1919/805
f 996/1920/806 981/1921/807 980/1905/791
f 966/1922/808 951/1879/765 950/1923/809
f 999/1924/810 984/1907/793 983/1908/794
f 1000/1925/811 985/1909/795 984/1907/793
f 1001/1926/812 986/1910/796 985/1909/795
f 1002/1927/813 987/1911/797 986/1910/796
f 1003/1928/814 988/1912/798 987/1911/797
f 1004/1929/815 989/1913/799 988/1912/798
f 1005/1930/816 990/1914/800 989/1913/799
f 1006/1931/817 991/1915/801 990/1914/800
f 1007/1932/818 992/1916/802 991/1915/801
f 1008/1933/819 993/1917/803 992/1916/802
f 1009/1934/820 994/1918/804 993/1917/803
f 1011/1935/821 994/1918/804 1010/1936/822
f 1011/1935/821 996/1920/806 995/1919/805
f 1012/1937/823 997/1938/824 996/1920/806
f 983/1908/794 966/1922/808 982/1939/825
f 1015/1940/826 1000/1925/811 999/1924/810
f 1016/1941/827 1001/1926/812 1000/1925/811
f 1001/1926/812 1018/1942/828 1002/1927/813
f 1018/1942/828 1003/1928/814 1002/1927/813
f 1019/1943/829 1004/1929/815 1003/1928/814
f 1004/1929/815 1021/1944/830 1005/1930/816
f 1021/1944/830 1006/1931/817 1005/1930/816
f 1022/1945/831 1007/1932/818 1006/1931/817
f 1007/1932/818 1024/1946/832 1008/1933/819
f 1024/1946/832 1009/1934/820 1008/1933/819
f 1025/1947/833 1010/1936/822 1009/1934/820
f 1010/1936/822 1027/1948/834 1011/1935/821
f 1027/1948/834 1012/1937/823 1011/1935/821
f 1028/1949/835 1013/1950/836 1012/1937/823
f 1014/1951/837 1031/1952/838 1015/1940/826
f 1015/1940/826 1032/1953/839 1016/1941/827
f 1016/1941/827 1033/1954/840 1017/1955/841
f 1017/1955/841 1034/1956/842 1018/1942/828
f 1018/1942/828 1035/1957/843 1019/1943/829
f 1019/1943/829 1036/1958/844 1020/1959/845
f 1020/1959/845 1037/1960/846 1021/1944/830
f 1021/1944/830 1038/1961/847 1022/1945/831
f 1022/1945/831 1039/1962/848 1023/1963/849
f 1023/1963/849 1040/1964/850 1024/1946/832
f 1024/1946/832 1041/1965/851 1025/1947/833
f 1025/1947/833 1042/1966/852 1026/1967/853
f 1026/1967/853 1043/1968/854 1027/1948/834
f 1027/1948/834 1044/1969/855 1028/1949/835
f 1028/1949/835 1045/1970/856 1029/1971/857
f 1047/1972/858 1032/1953/839 1031/1952/838
f 1048/1973/859 1033/1954/840 1032/1953/839
f 1050/1974/860 1033/1954/840 1049/1975/861
f 1050/1974/860 1035/1957/843 1034/1956/842
f 1051/1976/862 1036/1958/844 1035/1957/843
f 1053/1977/863 1036/1958/844 1052/1978/864
f 1053/1977/863 1038/1961/847 1037/1960/846
f 1054/1979/865 1039/1962/848 1038/1961/847
f 1056/1980/866 1039/1962/848 1055/1981/867
f 1056/1980/866 1041/1965/851 1040/1964/850
f 1057/1982/868 1042/1966/852 1041/1965/851
f 1059/1983/869 1042/1966/852 1058/1984/870
f 1059/1983/869 1044/1969/855 1043/1968/854
f 1060/1985/871 1045/1970/856 1044/1969/855
f 998/1986/872 1015/1940/826 999/1924/810
f 1047/1972/858 1030/1987/873 1046/1988/874
f 999/1924/810 982/1939/825 998/1986/872
f 1063/1989/875 1080/1990/876 1079/1991/877
f 1064/1992/878 1081/1993/879 1080/1990/876
f 1081/1993/879 1066/1994/880 1082/1995/881
f 1066/1994/880 1083/1996/882 1082/1995/881
f 1067/1997/883 1084/1998/884 1083/1996/882
f 1084/1998/884 1069/1999/885 1085/2000/886
f 1085/2000/886 1070/2001/887 1086/2002/888
f 1070/2001/887 1087/2003/889 1086/2002/888
f 1087/2003/889 1072/2004/890 1088/2005/891
f 1088/2005/891 1073/2006/892 1089/2007/893
f 1073/2006/892 1090/2008/894 1089/2007/893
f 1090/2008/894 1075/2009/895 1091/2010/896
f 1091/2010/896 1076/2011/897 1092/2012/898
f 1092/2012/898 1077/2013/899 1093/2014/900
f 1079/1991/877 1096/2015/901 1095/2016/902
f 1080/1990/876 1097/2017/903 1096/2015/901
f 1081/1993/879 1098/2018/904 1097/2017/903
f 1082/1995/881 1099/2019/905 1098/2018/904
f 1083/1996/882 1100/2020/906 1099/2019/905
f 1084/1998/884 1101/2021/907 1100/2020/906
f 1085/2000/886 1102/2022/908 1101/2021/907
f 1086/2002/888 1103/2023/909 1102/2022/908
f 1087/2003/889 1104/2024/910 1103/2023/909
f 1088/2005/891 1105/2025/911 1104/2024/910
f 1089/2007/893 1106/2026/912 1105/2025/911
f 1090/2008/894 1107/2027/913 1106/2026/912
f 1091/2010/896 1108/2028/914 1107/2027/913
f 1108/2028/914 1093/2014/900 1109/2029/915
f 1078/2030/916 1063/1989/875 1079/1991/877
f 1111/2031/917 1096/2015/901 1112/2032/918
f 1112/2032/918 1097/2017/903 1113/2033/919
f 1113/2033/919 1098/2018/904 1114/2034/920
f 1114/2034/920 1099/2019/905 1115/2035/921
f 1115/2035/921 1100/2020/906 1116/2036/922
f 1116/2036/922 1101/2021/907 1117/2037/923
f 1117/2037/923 1102/2022/908 1118/2038/924
f 1118/2038/924 1103/2023/909 1119/2039/925
f 1119/2039/925 1104/2024/910 1120/2040/926
f 1120/2040/926 1105/2025/911 1121/2041/927
f 1121/2041/927 1106/2026/912 1122/2042/928
f 1106/2026/912 1123/2043/929 1122/2042/928
f 1123/2043/929 1108/2028/914 1124/2044/930
f 1124/2044/930 1109/2029/915 1125/2045/931
f 1078/2030/916 1095/2016/902 1094/2046/932
f 1112/2032/918 1127/2047/933 1111/2031/917
f 1113/2033/919 1128/2048/934 1112/2032/918
f 1113/2033/919 1130/2049/935 1129/2050/936
f 1115/2035/921 1130/2049/935 1114/2034/920
f 1116/2036/922 1131/2051/937 1115/2035/921
f 1116/2036/922 1133/2052/938 1132/2053/939
f 1118/2038/924 1133/2052/938 1117/2037/923
f 1119/2039/925 1134/2054/940 1118/2038/924
f 1119/2039/925 1136/2055/941 1135/2056/942
f 1121/2041/927 1136/2055/941 1120/2040/926
f 1122/2042/928 1137/2057/943 1121/2041/927
f 1122/2042/928 1139/2058/944 1138/2059/945
f 1124/2044/930 1139/2058/944 1123/2043/929
f 1125/2045/931 1140/2060/946 1124/2044/930
f 1143/2061/947 1126/2062/948 1127/2047/933
f 1144/2063/949 1127/2047/933 1128/2048/934
f 1145/2064/950 1128/2048/934 1129/2050/936
f 1146/2065/951 1129/2050/936 1130/2049/935
f 1147/2066/952 1130/2049/935 1131/2051/937
f 1148/2067/953 1131/2051/937 1132/2053/939
f 1149/2068/954 1132/2053/939 1133/2052/938
f 1150/2069/955 1133/2052/938 1134/2054/940
f 1151/2070/956 1134/2054/940 1135/2056/942
f 1152/2071/957 1135/2056/942 1136/2055/941
f 1153/2072/958 1136/2055/941 1137/2057/943
f 1154/2073/959 1137/2057/943 1138/2059/945
f 1155/2074/960 1138/2059/945 1139/2058/944
f 1156/2075/961 1139/2058/944 1140/2060/946
f 1157/2076/962 1140/2060/946 1141/2077/963
f 1159/2078/964 1144/2063/949 1160/2079/965
f 1160/2079/965 1145/2064/950 1161/2080/966
f 1145/2064/950 1162/2081/967 1161/2080/966
f 1162/2081/967 1147/2066/952 1163/2082/968
f 1163/2082/968 1148/2067/953 1164/2083/969
f 1148/2067/953 1165/2084/970 1164/2083/969
f 1165/2084/970 1150/2069/955 1166/2085/971
f 1166/2085/971 1151/2070/956 1167/2086/972
f 1151/2070/956 1168/2087/973 1167/2086/972
f 1168/2087/973 1153/2072/958 1169/2088/974
f 1169/2088/974 1154/2073/959 1170/2089/975
f 1154/2073/959 1171/2090/976 1170/2089/975
f 1171/2090/976 1156/2075/961 1172/2091/977
f 1172/2091/977 1157/2076/962 1173/2092/978
f 1110/2093/979 1127/2047/933 1126/2062/948
f 1142/2094/980 1159/2078/964 1158/2095/981
f 1094/2046/932 1111/2031/917 1110/2093/979
f 1180/2096/982 1185/2097/983 1178/2098/983
f 1179/2099/984 1184/2100/984 1177/2101/984
f 1181/2102/985 1180/2103/985 1174/2104/985
f 1176/2105/986 1182/2106/987 1183/2107/986
f 1184/2108/988 1175/2109/989 1177/2110/988
f 1186/2111/990 1178/2112/988 1185/2113/988
f 1187/2114/2 1186/2115/2 1185/2116/2
f 1183/2117/2 1184/2118/2 1181/2119/2
f 1174/2120/991 1183/2121/992 1181/2122/991
f 1187/2114/2 1181/2119/2 1184/2118/2
f 1192/2123/982 1201/2124/982 1194/2125/982
f 1191/2126/984 1200/2127/984 1193/2128/984
f 1188/2129/985 1201/2130/985 1195/2131/985
f 1197/2132/993 1189/2133/987 1190/2134/993
f 1189/2135/994 1198/2136/988 1191/2137/988
f 1199/2138/988 1193/2139/988 1200/2140/988
f 1200/2141/20 1201/2142/20 1199/2143/20
f 1198/2144/20 1197/2145/20 1195/2146/20
f 1195/2147/992 1190/2148/992 1188/2149/992
f 1201/2142/20 1198/2144/20 1195/2146/20
f 1204/2150/995 1209/2151/996 1203/2152/997
f 1207/2153/998 1211/2154/999 1206/2155/1000
f 1206/2155/1000 1295/2156/1001 1205/2157/1002
f 1208/2158/1003 1217/2159/1004 1212/2160/1005
f 1288/2161/1006 1292/2162/1007 1287/2163/1008
f 1289/2164/1009 1293/2165/1010 1288/2161/1006
f 1369/2166/1011 1210/2167/1012 1204/2168/1013
f 1210/2169/1014 1214/2170/1015 1209/2151/996
f 1212/2160/1005 1216/2171/1016 1211/2154/999
f 1211/2154/999 1300/2172/1017 1295/2156/1001
f 1213/2173/1018 1221/2174/1019 1217/2159/1004
f 1293/2165/1010 1297/2175/1020 1292/2162/1007
f 1294/2176/1021 1298/2177/1022 1293/2165/1010
f 1215/2178/1023 1219/2179/1024 1214/2170/1015
f 1220/2180/1025 1217/2159/1004 1221/2174/1019
f 1218/2181/1026 1226/2182/1027 1221/2174/1019
f 1380/2183/1028 1384/2184/1029 1379/2185/1030
f 1379/2185/1030 1383/2186/1031 1215/2187/1032
f 1298/2177/1022 1302/2188/1033 1297/2175/1020
f 1299/2189/1034 1303/2190/1035 1298/2177/1022
f 1223/2191/1036 1383/2192/1037 1224/2193/1038
f 1221/2174/1019 1225/2194/1039 1220/2180/1025
f 1222/2195/1040 1230/2196/1041 1226/2182/1027
f 1384/2184/1029 1224/2197/1042 1383/2186/1031
f 1303/2190/1035 1308/2198/1043 1302/2188/1033
f 1304/2199/1044 1309/2200/1045 1303/2190/1035
f 1318/2201/1046 1308/2198/1043 1313/2202/1047
f 1224/2193/1038 1228/2203/1048 1223/2191/1036
f 1226/2182/1027 1229/2204/1049 1225/2194/1039
f 1227/2205/1050 1234/2206/1051 1230/2196/1041
f 1389/2207/1052 1393/2208/1053 1224/2197/1042
f 1309/2200/1045 1313/2202/1047 1308/2198/1043
f 1310/2209/1054 1314/2210/1055 1309/2200/1045
f 1230/2196/1041 1233/2211/1056 1229/2204/1049
f 1395/2212/1057 1400/2213/1058 1394/2214/1059
f 1228/2203/1048 1231/2215/1060 1227/2205/1050
f 1232/2216/1061 1393/2217/1062 1399/2218/1063
f 1231/2215/1060 1238/2219/1064 1234/2206/1051
f 1232/2216/1061 1235/2220/1065 1231/2215/1060
f 1315/2221/1066 1320/2222/1067 1314/2210/1055
f 1236/2223/1068 1399/2218/1063 1405/2224/1069
f 1234/2206/1051 1237/2225/1070 1233/2211/1056
f 1235/2220/1065 1242/2226/1071 1238/2219/1064
f 1233/2211/1056 1327/2227/1072 1322/2228/1073
f 1236/2223/1068 1239/2229/1074 1235/2220/1065
f 1320/2222/1067 1324/2230/1075 1319/2231/1076
f 1321/2232/1077 1325/2233/1078 1320/2222/1067
f 1333/2234/1079 1324/2230/1075 1329/2235/1080
f 1405/2224/1069 1240/2236/1081 1236/2223/1068
f 1238/2219/1064 1241/2237/1082 1237/2225/1070
f 1239/2229/1074 1247/2238/1083 1242/2226/1071
f 1337/2239/1084 1329/2235/1080 1334/2240/1085
f 1240/2236/1081 1243/2241/1086 1239/2229/1074
f 1326/2242/1087 1330/2243/1088 1325/2233/1078
f 1411/2244/1089 1244/2245/1090 1240/2236/1081
f 1242/2226/1071 1246/2246/1091 1241/2237/1082
f 1243/2241/1086 1252/2247/1092 1247/2238/1083
f 1341/2248/1093 1334/2240/1085 1338/2249/1094
f 1325/2233/1078 1329/2235/1080 1324/2230/1075
f 1331/2250/1095 1335/2251/1096 1330/2243/1088
f 1241/2237/1082 1245/2252/1097 1332/2253/1098
f 1412/2254/1099 1417/2255/1100 1411/2256/1101
f 1417/2257/1102 1249/2258/1103 1244/2245/1090
f 1251/2259/1104 1247/2238/1083 1252/2247/1092
f 1248/2260/1105 1258/2261/1106 1252/2247/1092
f 1250/2262/1107 1344/2263/1108 1340/2264/1109
f 1249/2258/1103 1253/2265/1110 1248/2260/1105
f 1336/2266/1111 1339/2267/1112 1335/2251/1096
f 1246/2246/1091 1250/2268/1113 1245/2252/1097
f 1423/2269/1114 1254/2270/1115 1249/2258/1103
f 1252/2247/1092 1257/2271/1116 1251/2259/1104
f 1251/2259/1104 1256/2272/1117 1250/2268/1113
f 1262/2273/1118 1253/2265/1110 1259/2274/1119
f 1350/2275/1120 1342/2276/1121 1346/2277/1122
f 1335/2251/1096 1338/2249/1094 1334/2240/1085
f 1340/2264/1109 1343/2278/1123 1339/2267/1112
f 1340/2264/1109 1245/2279/1124 1250/2262/1107
f 1254/2270/1115 1259/2274/1119 1253/2265/1110
f 1255/2280/1125 1260/2281/1126 1254/2270/1115
f 1258/2261/1106 1261/2282/1127 1257/2271/1116
f 1257/2271/1116 1349/2283/1128 1256/2272/1117
f 1268/2284/1129 1259/2274/1119 1263/2285/1130
f 1343/2278/1123 1346/2277/1122 1342/2276/1121
f 1260/2281/1126 1263/2285/1130 1259/2274/1119
f 1264/2286/1131 1434/2287/1132 1265/2288/1133
f 1262/2273/1118 1267/2289/1134 1261/2282/1127
f 1261/2282/1127 1266/2290/1135 1349/2283/1128
f 1274/2291/1136 1263/2285/1130 1269/2292/1137
f 1347/2293/1138 1351/2294/1139 1346/2277/1122
f 1264/2286/1131 1269/2292/1137 1263/2285/1130
f 1265/2288/1133 1270/2295/1140 1264/2286/1131
f 1268/2284/1129 1273/2296/1141 1267/2289/1134
f 1267/2289/1134 1272/2297/1142 1266/2290/1135
f 1266/2298/1143 1357/2299/1144 1353/2300/1145
f 1280/2301/1146 1269/2292/1137 1275/2302/1147
f 1352/2303/1148 1355/2304/1149 1351/2294/1139
f 1271/2305/1150 1276/2306/1151 1270/2295/1140
f 1274/2291/1136 1279/2307/1152 1273/2296/1141
f 1286/2308/1153 1275/2302/1147 1281/2309/1154
f 1366/2310/1155 1359/2311/1156 1363/2312/1157
f 1356/2313/1158 1359/2311/1156 1355/2304/1149
f 1357/2299/1144 1360/2314/1159 1356/2313/1158
f 1273/2296/1141 1278/2315/1160 1272/2297/1142
f 1276/2306/1151 1281/2309/1154 1275/2302/1147
f 1277/2316/1161 1282/2317/1162 1276/2306/1151
f 1280/2301/1146 1285/2318/1163 1279/2307/1152
f 1279/2307/1152 1284/2319/1164 1278/2315/1160
f 1360/2314/1159 1363/2312/1157 1359/2311/1156
f 1291/2320/1165 1373/2321/1166 1290/2322/1167
f 1301/2323/1168 1292/2162/1007 1297/2175/1020
f 1209/2151/996 1213/2173/1018 1208/2158/1003
f 1368/2324/1169 1371/2325/1170 1367/2326/1171
f 1370/2327/1172 1374/2328/1173 1369/2166/1011
f 1296/2329/1174 1378/2330/1175 1373/2321/1166
f 1307/2331/1176 1297/2175/1020 1302/2188/1033
f 1374/2328/1173 1215/2187/1032 1210/2167/1012
f 1372/2332/1177 1376/2333/1178 1371/2325/1170
f 1301/2323/1168 1306/2334/1179 1378/2330/1175
f 1300/2335/1180 1304/2199/1044 1299/2189/1034
f 1312/2336/1181 1302/2188/1033 1308/2198/1043
f 1377/2337/1182 1381/2338/1183 1376/2333/1178
f 1388/2339/1184 1307/2331/1176 1312/2336/1181
f 1310/2209/1054 1305/2340/1185 1311/2341/1186
f 1382/2342/1187 1386/2343/1188 1381/2338/1183
f 1312/2336/1181 1317/2344/1189 1388/2339/1184
f 1311/2341/1186 1315/2221/1066 1310/2209/1054
f 1323/2345/1190 1313/2202/1047 1319/2231/1076
f 1387/2346/1191 1391/2347/1192 1386/2343/1188
f 1314/2210/1055 1319/2231/1076 1313/2202/1047
f 1318/2201/1046 1398/2348/1193 1317/2344/1189
f 1316/2349/1194 1321/2232/1077 1315/2221/1066
f 1328/2350/1195 1319/2231/1076 1324/2230/1075
f 1392/2351/1196 1396/2352/1197 1391/2347/1192
f 1323/2345/1190 1404/2353/1198 1398/2348/1193
f 1322/2354/1199 1326/2242/1087 1321/2232/1077
f 1413/2355/1200 1402/2356/1201 1408/2357/1202
f 1397/2358/1203 1402/2356/1201 1396/2352/1197
f 1328/2350/1195 1410/2359/1204 1404/2353/1198
f 1327/2360/1205 1331/2250/1095 1326/2242/1087
f 1332/2361/1206 1336/2266/1111 1331/2250/1095
f 1330/2243/1088 1334/2240/1085 1329/2235/1080
f 1403/2362/1207 1408/2357/1202 1402/2356/1201
f 1333/2234/1079 1416/2363/1208 1410/2359/1204
f 1409/2364/1209 1414/2365/1210 1408/2357/1202
f 1244/2245/1090 1248/2260/1105 1243/2241/1086
f 1422/2366/1211 1337/2239/1084 1341/2248/1093
f 1345/2367/1212 1338/2249/1094 1342/2276/1121
f 1339/2267/1112 1342/2276/1121 1338/2249/1094
f 1415/2368/1213 1420/2369/1214 1414/2365/1210
f 1341/2248/1093 1428/2370/1215 1422/2366/1211
f 1418/2371/1216 1423/2372/1217 1417/2255/1100
f 1421/2373/1218 1426/2374/1219 1420/2369/1214
f 1426/2374/1219 1436/2375/1220 1430/2376/1221
f 1344/2263/1108 1347/2293/1138 1343/2278/1123
f 1433/2377/1222 1345/2367/1212 1350/2275/1120
f 1354/2378/1223 1346/2277/1122 1351/2294/1139
f 1429/2379/1224 1434/2380/1225 1255/2381/1226
f 1427/2382/1227 1431/2383/1228 1426/2374/1219
f 1348/2384/1229 1352/2303/1148 1347/2293/1138
f 1439/2385/1230 1350/2275/1120 1354/2378/1223
f 1358/2386/1231 1351/2294/1139 1355/2304/1149
f 1435/2387/1232 1265/2388/1233 1434/2380/1225
f 1432/2389/1234 1437/2390/1235 1431/2383/1228
f 1353/2300/1145 1356/2313/1158 1352/2303/1148
f 1444/2391/1236 1354/2378/1223 1358/2386/1231
f 1362/2392/1237 1355/2304/1149 1359/2311/1156
f 1270/2295/1140 1275/2302/1147 1269/2292/1137
f 1438/2393/1238 1442/2394/1239 1437/2390/1235
f 1358/2386/1231 1449/2395/1240 1444/2391/1236
f 1445/2396/1241 1277/2397/1242 1271/2398/1243
f 1447/2399/1244 1456/2400/1245 1451/2401/1246
f 1443/2402/1247 1447/2399/1244 1442/2394/1239
f 1361/2403/1248 1364/2404/1249 1360/2314/1159
f 1454/2405/1250 1362/2392/1237 1366/2310/1155
f 1450/2406/1251 1283/2407/1252 1277/2397/1242
f 1448/2408/1253 1452/2409/1254 1447/2399/1244
f 1372/2332/1177 1290/2410/1255 1373/2411/1256
f 1371/2325/1170 1380/2183/1028 1375/2412/1257
f 1203/2152/997 1208/2158/1003 1202/2413/1258
f 1205/2414/1259 1294/2176/1021 1289/2164/1009
f 1373/2411/1256 1377/2337/1182 1372/2332/1177
f 1375/2412/1257 1379/2185/1030 1374/2328/1173
f 1376/2333/1178 1385/2415/1260 1380/2183/1028
f 1214/2170/1015 1218/2181/1026 1213/2173/1018
f 1295/2416/1261 1299/2189/1034 1294/2176/1021
f 1382/2342/1187 1378/2417/1262 1306/2418/1263
f 1381/2338/1183 1390/2419/1264 1385/2415/1260
f 1219/2179/1024 1222/2195/1040 1218/2181/1026
f 1216/2171/1016 1305/2420/1265 1300/2172/1017
f 1387/2346/1191 1306/2418/1263 1388/2421/1266
f 1385/2415/1260 1389/2207/1052 1384/2184/1029
f 1386/2343/1188 1395/2212/1057 1390/2419/1264
f 1220/2180/1025 1311/2422/1267 1305/2420/1265
f 1223/2191/1036 1227/2205/1050 1222/2195/1040
f 1388/2421/1266 1392/2351/1196 1387/2346/1191
f 1390/2419/1264 1394/2214/1059 1389/2207/1052
f 1401/2423/1268 1391/2347/1192 1396/2352/1197
f 1225/2194/1039 1316/2424/1269 1311/2422/1267
f 1397/2358/1203 1317/2425/1270 1398/2426/1271
f 1394/2214/1059 1399/2427/1272 1393/2208/1053
f 1396/2352/1197 1407/2428/1273 1401/2423/1268
f 1229/2204/1049 1322/2228/1073 1316/2424/1269
f 1398/2426/1271 1403/2362/1207 1397/2358/1203
f 1401/2423/1268 1406/2429/1274 1400/2213/1058
f 1400/2213/1058 1405/2430/1275 1399/2427/1272
f 1404/2431/1276 1409/2364/1209 1403/2362/1207
f 1407/2428/1273 1412/2254/1099 1406/2429/1274
f 1406/2429/1274 1411/2256/1101 1405/2430/1275
f 1419/2432/1277 1408/2357/1202 1414/2365/1210
f 1237/2225/1070 1332/2253/1098 1327/2227/1072
f 1410/2433/1278 1415/2368/1213 1409/2364/1209
f 1413/2355/1200 1418/2371/1216 1412/2254/1099
f 1425/2434/1279 1414/2365/1210 1420/2369/1214
f 1416/2435/1280 1421/2373/1218 1415/2368/1213
f 1419/2432/1277 1424/2436/1281 1418/2371/1216
f 1430/2376/1221 1420/2369/1214 1426/2374/1219
f 1422/2437/1282 1427/2382/1227 1421/2373/1218
f 1425/2434/1279 1429/2379/1224 1424/2436/1281
f 1424/2436/1281 1255/2381/1226 1423/2372/1217
f 1428/2438/1283 1432/2389/1234 1427/2382/1227
f 1430/2376/1221 1435/2387/1232 1429/2379/1224
f 1431/2383/1228 1441/2439/1284 1436/2375/1220
f 1256/2440/1285 1348/2384/1229 1344/2263/1108
f 1433/2441/1286 1438/2393/1238 1432/2389/1234
f 1436/2375/1220 1440/2442/1287 1435/2387/1232
f 1437/2390/1235 1446/2443/1288 1441/2439/1284
f 1353/2300/1145 1349/2444/1289 1266/2298/1143
f 1439/2445/1290 1443/2402/1247 1438/2393/1238
f 1441/2439/1284 1445/2396/1241 1440/2442/1287
f 1440/2442/1287 1271/2398/1243 1265/2388/1233
f 1442/2394/1239 1451/2401/1246 1446/2443/1288
f 1448/2408/1253 1444/2446/1291 1449/2447/1292
f 1446/2443/1288 1450/2406/1251 1445/2396/1241
f 1272/2448/1293 1361/2403/1248 1357/2299/1144
f 1449/2447/1292 1453/2449/1294 1448/2408/1253
f 1451/2401/1246 1455/2450/1295 1450/2406/1251
f 1296/2329/1174 1287/2163/1008 1292/2162/1007
f 1278/2451/1296 1365/2452/1297 1361/2403/1248
f 1212/2160/1005 1202/2413/1258 1208/2158/1003
f 1367/2326/1171 1375/2412/1257 1370/2327/1172
f 9/1/1 3/2453/1298 5/2/2
f 12/4/3 13/2454/1299 2/5/4
f 9/1/1 1/11/9 2/7/6
f 1/6/5 7/2455/1300 14/9/8
f 9/1/1 6/3/2 7/10/2
f 8/12/10 15/19/16 11/13/11
f 4/15/13 11/2456/14 10/16/14
f 4/18/15 3/2453/1298 9/1/1
f 15/19/16 8/12/10 2/20/17
f 24/22/19 21/2457/20 20/23/20
f 27/25/22 16/31/28 17/26/23
f 24/22/19 23/2458/1301 17/28/25
f 29/30/27 22/2459/27 16/31/28
f 22/32/20 21/2457/20 24/22/19
f 26/33/29 30/40/36 23/34/30
f 25/36/32 26/2460/33 19/37/32
f 19/39/34 23/2458/1301 24/22/19
f 30/40/36 28/2461/1302 17/41/37
f 80/42/38 79/2462/1303 74/43/39
f 93/45/41 94/2463/1304 86/46/42
f 281/48/43 280/2464/44 49/49/44
f 287/51/45 286/965/46 55/52/46
f 98/54/47 329/957/336 287/55/48
f 201/57/50 31/458/175 102/58/51
f 64/60/53 68/2465/53 66/61/53
f 196/68/59 199/2466/59 113/66/57
f 199/2466/59 253/339/69 113/66/57
f 61/69/60 62/2467/60 64/70/60
f 57/72/61 58/2468/1305 60/73/62
f 249/75/64 246/464/64 204/76/65
f 234/78/65 226/87/52 229/79/52
f 89/81/66 81/2469/1306 95/82/67
f 215/84/50 214/88/59 221/85/59
f 226/87/52 215/84/50 220/86/50
f 115/90/57 254/445/58 221/85/59
f 221/85/59 214/88/59 115/90/57
f 200/91/50 199/2466/59 196/68/59
f 207/93/59 206/329/68 35/94/68
f 209/96/50 208/115/59 213/97/59
f 211/99/50 210/365/158 217/100/59
f 223/102/52 209/96/50 212/98/50
f 224/104/52 211/99/50 216/101/68
f 231/106/65 223/102/52 225/103/52
f 232/108/65 224/104/52 227/105/52
f 202/110/52 200/91/50 194/92/68
f 114/114/57 252/2470/69 198/324/59
f 198/324/59 218/112/59 114/114/57
f 117/117/57 258/225/58 213/97/59
f 213/97/59 208/115/59 117/117/57
f 231/106/65 233/107/65 241/118/64
f 232/108/65 235/109/65 243/120/64
f 234/78/65 237/80/65 245/122/70
f 260/124/69 207/93/59 34/95/59
f 251/126/58 98/461/176 99/127/72
f 106/129/73 105/2471/73 51/130/73
f 39/132/74 97/2472/75 105/133/75
f 118/137/68 119/419/59 120/138/78
f 123/140/50 144/392/81 145/141/80
f 154/145/65 142/382/82 143/146/81
f 126/148/78 127/151/68 128/149/68
f 127/151/68 146/395/81 147/152/82
f 72/153/83 73/2473/1307 54/154/84
f 77/156/86 47/2474/88 78/157/87
f 77/159/89 70/2475/90 69/160/90
f 72/162/91 71/2476/92 70/163/92
f 74/165/93 79/2477/1308 54/166/94
f 77/2478/1309 76/170/97 70/169/96
f 76/170/97 75/2479/1310 73/168/95
f 75/2479/1310 74/2480/1310 73/168/95
f 67/171/98 69/2481/99 42/172/99
f 78/174/100 80/2482/1311 75/175/101
f 65/180/103 66/2483/103 68/181/103
f 92/183/98 90/2484/98 48/184/98
f 69/186/104 70/2485/1312 71/187/105
f 86/189/107 94/2486/108 90/190/108
f 86/194/2 85/2487/2 89/2488/2
f 85/2487/2 82/2489/2 89/2488/2
f 89/2488/2 88/192/2 86/194/2
f 84/195/109 83/2490/92 82/196/110
f 87/198/111 88/2491/1313 95/199/112
f 89/202/115 82/2492/115 91/203/115
f 90/205/116 92/2493/116 84/206/117
f 91/208/119 82/2494/1314 83/209/120
f 203/59/52 102/58/51 100/214/124
f 205/215/65 100/214/124 101/212/122
f 209/219/125 223/331/126 143/220/126
f 259/222/127 210/337/128 122/223/128
f 258/225/58 117/117/57 116/226/71
f 215/228/125 226/281/126 146/229/126
f 258/231/129 186/2495/129 125/232/130
f 228/234/131 148/286/126 131/235/125
f 256/237/132 184/2496/1315 129/238/130
f 203/240/131 152/291/131 139/241/125
f 246/243/133 247/2497/133 175/244/133
f 254/246/129 182/2498/129 133/247/130
f 250/249/129 178/2499/156 141/250/130
f 202/252/126 150/273/142 135/253/125
f 213/233/130 125/232/130 124/255/135
f 214/257/128 215/228/125 127/230/125
f 219/236/125 131/235/125 130/259/128
f 201/242/125 139/241/125 138/261/128
f 194/263/135 140/326/135 153/264/137
f 206/266/138 118/466/135 142/267/139
f 193/269/139 151/362/143 163/270/140
f 204/272/141 162/358/141 150/273/142
f 232/274/141 156/304/141 144/275/142
f 225/277/143 145/370/143 157/278/140
f 234/280/144 158/308/141 146/229/126
f 235/282/145 227/364/139 147/283/143
f 236/285/141 160/312/141 148/286/126
f 229/287/137 149/363/143 161/288/140
f 205/290/144 164/316/141 152/291/131
f 239/292/146 167/2500/152 155/293/144
f 165/295/140 190/2501/140 192/265/137
f 252/296/147 180/2502/156 137/297/130
f 247/299/148 191/271/140 163/270/140
f 251/301/150 197/262/128 138/261/128
f 240/303/152 168/2503/1316 156/304/141
f 241/305/148 233/279/140 157/278/140
f 242/307/152 170/2504/1317 158/308/141
f 243/309/148 235/282/145 159/284/140
f 244/311/152 172/2505/152 160/312/141
f 245/313/155 237/289/140 161/288/140
f 248/315/146 176/2506/1318 164/316/141
f 249/317/155 190/2501/140 165/295/140
f 244/143/70 236/353/65 191/319/65
f 209/219/125 121/221/125 120/321/128
f 219/323/50 218/112/59 198/324/59
f 196/251/130 141/250/130 140/326/135
f 198/298/130 137/297/130 136/327/135
f 206/329/68 222/351/52 36/330/52
f 231/294/144 155/293/144 143/220/126
f 221/248/130 133/247/130 132/332/138
f 217/239/130 129/238/130 128/334/135
f 211/336/134 123/366/134 122/223/128
f 260/124/69 32/125/71 117/117/57
f 256/338/69 116/226/71 115/90/57
f 253/339/69 252/2470/69 114/114/57
f 228/340/52 219/323/50 195/325/68
f 261/342/127 208/322/128 120/321/128
f 260/344/156 188/2507/156 119/345/130
f 257/347/150 214/257/128 126/258/136
f 255/349/150 218/260/128 130/259/128
f 222/351/52 230/964/65 37/352/65
f 236/353/65 228/340/52 193/341/52
f 230/355/140 222/268/139 142/267/139
f 246/357/152 174/2508/152 162/358/141
f 253/359/150 199/465/177 134/360/128
f 193/269/139 195/328/138 136/327/135
f 220/333/135 132/332/138 149/363/143
f 227/364/139 216/335/138 128/334/135
f 204/76/65 202/110/52 192/111/52
f 116/226/71 256/338/69 217/100/59
f 217/100/59 210/365/158 116/226/71
f 224/276/126 144/275/142 123/366/134
f 238/367/159 166/2509/1319 167/368/160
f 212/256/135 124/255/135 145/370/143
f 122/371/78 123/140/50 124/142/68
f 130/373/161 131/384/50 132/374/68
f 135/376/162 150/387/81 151/377/163
f 140/379/68 141/412/59 138/380/78
f 121/139/79 143/146/81 142/382/82
f 149/383/80 132/374/68 131/384/50
f 163/386/65 151/377/163 150/387/81
f 153/389/52 140/379/68 139/381/164
f 157/391/65 145/141/80 144/392/81
f 159/394/65 147/152/82 146/395/81
f 161/397/65 149/383/80 148/385/52
f 175/399/64 163/386/65 162/388/165
f 165/401/166 153/389/52 152/390/81
f 167/368/160 166/2509/1319 154/145/65
f 169/403/64 157/391/65 156/393/65
f 171/405/64 159/394/65 158/396/165
f 181/407/58 134/462/78 137/408/59
f 176/410/64 177/2510/1320 165/401/166
f 179/411/69 138/380/78 141/412/59
f 183/414/69 130/373/161 133/375/59
f 185/416/69 126/148/78 129/150/59
f 189/418/58 120/138/78 119/419/59
f 125/372/59 186/2511/58 187/421/69
f 242/422/169 243/2512/169 171/423/169
f 185/425/170 184/2513/170 256/426/170
f 241/428/159 169/2514/133 168/429/159
f 259/431/171 187/2515/171 186/432/171
f 189/434/171 188/2516/1321 260/435/171
f 161/397/65 160/398/165 172/437/64
f 183/439/170 182/2517/170 254/440/170
f 173/442/173 172/2518/173 244/443/173
f 254/445/58 115/90/57 114/114/57
f 45/446/174 103/2519/174 97/447/174
f 249/449/173 177/2520/173 176/450/173
f 179/452/170 178/2521/170 250/453/170
f 253/455/171 181/2522/171 180/456/171
f 197/128/59 99/127/72 31/458/175
f 238/459/148 230/355/140 154/356/140
f 251/126/58 250/67/58 113/66/57
f 136/378/68 137/408/59 134/462/78
f 200/254/134 135/253/125 134/360/128
f 206/266/138 207/346/130 119/345/130
f 61/467/178 59/2523/178 60/468/178
f 96/470/179 104/2524/179 46/471/179
f 103/473/123 45/2525/75 46/474/75
f 58/476/180 57/2526/180 40/477/180
f 43/479/99 54/2527/99 91/480/98
f 49/482/2 48/485/2 55/483/2
f 48/485/2 90/2528/2 94/486/75
f 94/486/75 93/488/2 56/487/75
f 54/489/74 79/177/74 81/179/102
f 51/491/181 56/487/75 80/492/74
f 47/494/182 69/2529/74 67/495/183
f 47/494/182 68/496/184 64/497/185
f 51/491/181 78/493/74 47/494/182
f 51/491/181 62/498/186 60/499/187
f 97/63/54 103/2530/188 104/501/188
f 329/502/189 98/461/176 113/66/57
f 52/500/181 60/499/191 58/504/191
f 101/506/193 56/56/49 51/64/55
f 305/514/201 310/2531/202 311/515/202
f 317/517/203 325/2532/203 324/518/204
f 333/520/206 262/912/320 438/521/207
f 295/523/53 294/2533/53 297/524/53
f 490/794/300 436/552/212 350/503/190
f 436/552/212 433/529/212 350/503/190
f 292/531/60 294/2534/60 295/532/60
f 288/534/214 290/2535/63 291/535/215
f 346/539/219 349/906/219 427/814/217
f 349/906/219 486/908/218 427/814/217
f 427/814/217 441/537/217 346/539/219
f 471/540/217 474/581/217 466/541/220
f 326/543/221 312/2536/1322 320/544/222
f 452/546/207 457/549/207 458/547/212
f 463/542/220 466/541/220 457/549/207
f 458/547/212 491/896/213 352/550/190
f 352/550/190 494/792/213 451/548/212
f 437/551/207 431/570/223 433/529/212
f 444/553/212 265/584/212 266/554/223
f 446/556/207 449/563/223 450/557/212
f 448/559/207 453/565/223 454/560/212
f 460/562/220 462/567/220 449/563/223
f 461/564/220 464/569/220 453/565/223
f 468/566/217 470/577/217 462/567/220
f 469/568/217 472/579/217 464/569/220
f 431/570/223 437/551/207 439/571/220
f 435/575/212 489/793/300 351/573/190
f 351/573/190 492/895/213 455/574/212
f 450/557/212 495/686/213 354/576/190
f 354/576/190 498/790/300 445/558/212
f 113/66/57 114/114/57 351/573/190
f 468/566/217 476/677/230 339/578/224
f 339/578/224 341/2537/224 470/577/217
f 341/2537/224 478/594/229 470/577/217
f 469/568/217 477/595/230 340/580/224
f 340/580/224 343/596/219 472/579/217
f 343/596/219 480/598/218 472/579/217
f 471/540/217 479/597/231 342/582/219
f 342/582/219 345/958/224 474/581/217
f 345/958/224 482/605/230 474/581/217
f 497/583/213 263/960/276 265/584/212
f 330/585/225 329/502/189 488/586/213
f 337/588/226 283/2538/226 282/589/226
f 336/591/227 328/2539/227 270/592/228
f 478/594/229 341/2537/224 340/580/224
f 343/596/219 342/582/219 479/597/231
f 355/599/223 358/832/207 357/600/232
f 360/602/207 361/820/223 382/603/233
f 482/605/230 345/958/224 344/606/219
f 391/608/217 392/2540/217 380/609/220
f 363/611/232 366/865/212 365/612/223
f 364/613/223 365/612/223 384/614/220
f 285/616/234 304/2541/236 303/617/235
f 309/619/237 278/2542/1323 308/620/238
f 308/622/240 278/2543/1324 300/623/240
f 301/625/241 302/2544/241 303/626/242
f 285/628/244 310/2545/246 305/629/245
f 56/487/75 95/178/74 79/177/74
f 298/631/98 296/2546/98 273/632/99
f 306/634/247 311/2547/1325 309/635/248
f 299/640/252 297/2548/252 296/641/252
f 279/643/98 321/2549/98 323/644/98
f 300/646/253 273/2550/1326 302/647/254
f 301/651/258 304/2551/1327 307/649/256
f 304/2551/1327 305/2552/1328 306/2553/1328
f 307/649/256 304/2551/1327 306/2553/1328
f 317/652/259 316/2554/1329 321/653/259
f 318/2555/20 319/2556/20 317/656/20
f 319/2556/20 320/657/20 317/656/20
f 320/657/20 313/2557/20 316/655/20
f 326/658/260 319/2558/1330 318/659/261
f 320/662/264 312/2559/264 322/663/264
f 315/665/265 323/2560/265 321/666/266
f 322/668/267 275/2561/1331 314/669/268
f 331/674/271 333/520/206 440/522/208
f 442/675/217 485/907/230 348/671/219
f 348/671/219 332/673/270 442/675/217
f 338/676/224 339/578/224 476/677/230
f 446/679/272 358/2562/272 380/680/273
f 496/682/274 424/2563/274 359/683/275
f 353/685/276 354/576/190 495/686/213
f 364/688/272 383/2564/273 463/689/273
f 362/691/277 423/2565/278 495/692/278
f 368/694/272 385/744/273 465/695/279
f 366/697/277 421/2566/1332 493/698/280
f 376/700/272 389/749/279 440/701/279
f 412/703/281 484/2567/281 483/704/281
f 370/706/277 419/2568/278 491/707/278
f 378/709/277 415/2569/301 487/710/278
f 372/712/272 387/731/289 439/713/273
f 361/715/283 362/691/277 450/693/277
f 451/717/275 363/802/302 364/688/272
f 367/718/275 368/694/272 456/696/272
f 375/720/275 376/700/272 438/702/272
f 390/722/284 377/780/283 431/723/283
f 379/725/286 355/918/287 443/726/287
f 428/728/288 400/760/288 388/729/284
f 387/731/289 399/809/290 441/732/290
f 381/733/289 393/762/290 469/734/290
f 394/736/288 382/819/284 462/737/284
f 463/689/273 383/2564/273 395/739/290
f 472/741/292 396/767/288 384/742/284
f 385/744/273 397/768/290 473/745/290
f 474/746/288 398/771/288 386/747/284
f 389/749/279 401/772/290 442/750/291
f 392/751/291 404/2570/293 476/752/293
f 390/722/284 429/724/285 427/754/288
f 374/756/277 417/2571/301 489/757/294
f 484/759/295 412/2572/1333 400/760/288
f 488/761/296 416/2573/1334 375/720/275
f 393/762/290 405/2574/293 477/763/297
f 478/764/298 406/2575/1335 394/736/288
f 395/739/290 407/2576/1336 479/765/297
f 480/766/298 408/2577/1337 396/767/288
f 397/768/290 409/2578/293 481/769/297
f 482/770/299 410/2579/299 398/771/288
f 401/772/290 413/2580/1338 485/773/293
f 486/774/299 414/2581/299 402/755/292
f 473/776/217 481/607/231 344/606/219
f 344/606/219 347/917/219 428/775/217
f 347/917/219 484/916/230 428/775/217
f 357/777/275 358/2562/272 446/679/272
f 456/779/207 432/796/223 435/575/212
f 377/780/283 378/709/277 433/711/277
f 373/781/283 374/756/277 435/758/277
f 443/555/223 266/554/223 267/783/220
f 460/681/273 380/680/273 392/751/291
f 369/785/287 370/706/277 458/708/277
f 365/787/283 366/697/277 454/699/277
f 359/683/275 360/815/282 448/789/282
f 354/576/190 263/960/276 497/583/213
f 352/550/190 353/685/276 493/791/300
f 350/503/190 351/573/190 489/793/300
f 465/795/220 430/806/220 432/796/223
f 498/797/274 426/2582/274 357/777/275
f 356/798/277 425/2583/301 497/799/301
f 494/801/296 422/2584/296 363/802/302
f 492/803/296 420/2585/1334 367/718/275
f 459/784/220 267/783/220 268/804/217
f 473/776/217 428/775/217 430/806/220
f 475/678/230 467/805/217 338/676/224
f 467/805/217 268/804/217 338/676/224
f 467/808/288 391/914/288 379/725/286
f 399/809/290 411/2586/297 483/810/297
f 490/811/296 418/2587/1339 371/812/302
f 430/730/286 388/729/284 373/781/283
f 386/747/284 369/785/287 457/786/283
f 464/743/286 384/742/284 365/787/283
f 429/572/208 439/571/220 441/537/217
f 454/560/212 493/791/300 353/685/276
f 353/685/276 496/687/213 447/561/212
f 360/815/282 381/733/289 461/735/273
f 476/816/305 404/851/312 403/817/306
f 382/819/284 361/715/283 449/716/283
f 361/820/223 360/602/207 359/821/232
f 369/823/223 368/833/309 367/824/232
f 388/826/220 387/836/208 372/827/308
f 375/829/232 378/861/212 377/830/223
f 379/610/233 380/609/220 358/832/207
f 368/833/309 369/823/223 386/834/220
f 387/836/208 388/826/220 400/837/217
f 376/831/309 377/830/223 390/839/220
f 381/604/220 382/603/233 394/841/217
f 383/615/208 384/614/220 396/843/217
f 385/835/208 386/834/220 398/845/217
f 399/838/310 400/837/217 412/847/230
f 389/840/208 390/839/220 402/849/217
f 404/851/312 392/2540/217 391/608/217
f 393/842/311 394/841/217 406/852/218
f 395/844/217 396/843/217 408/854/230
f 374/856/212 371/915/232 418/857/300
f 413/859/230 401/850/310 402/849/217
f 378/861/212 375/829/232 416/862/300
f 420/864/300 419/2588/213 370/825/212
f 366/865/212 363/611/232 422/866/314
f 356/601/212 357/600/232 426/868/213
f 362/822/212 359/821/232 424/870/300
f 479/872/307 407/2589/307 408/873/307
f 493/875/315 421/2590/315 422/876/315
f 478/878/305 477/2591/305 405/879/305
f 496/881/315 495/2592/316 423/882/315
f 497/884/316 425/2593/316 426/885/316
f 409/887/230 397/846/217 398/845/217
f 492/889/316 491/2594/316 419/890/316
f 482/892/318 481/2595/318 409/893/318
f 492/895/213 351/573/190 352/550/190
f 276/897/319 270/2596/319 328/898/319
f 485/900/318 413/2597/318 414/901/318
f 487/903/315 415/2598/315 416/904/315
f 349/906/219 348/671/219 485/907/230
f 490/909/315 489/2599/316 417/910/315
f 262/912/320 330/585/225 434/587/212
f 475/913/298 403/2600/298 391/914/288
f 488/586/213 329/502/189 350/503/190
f 371/915/232 374/856/212 373/828/223
f 346/539/219 483/538/218 484/916/230
f 436/813/304 371/812/302 372/712/272
f 355/918/287 356/798/277 444/800/277
f 291/919/321 290/2601/321 292/920/178
f 277/922/322 335/2602/322 327/923/322
f 277/925/227 276/2603/227 334/926/228
f 271/928/323 288/2604/323 289/929/323
f 274/931/99 275/2605/98 322/932/98
f 280/934/20 281/2606/20 286/935/20
f 279/936/20 286/935/20 325/937/227
f 287/939/227 324/2607/20 325/937/227
f 324/2607/20 287/939/227 326/639/250
f 287/939/227 311/942/250 310/637/250
f 285/940/250 322/2608/250 312/638/251
f 282/941/325 309/948/250 311/942/250
f 298/943/326 300/2609/250 278/944/327
f 295/946/329 299/945/328 278/944/327
f 282/941/325 293/947/330 278/944/327
f 291/949/331 293/947/330 282/941/325
f 335/951/332 334/2610/332 328/526/209
f 289/952/333 291/949/331 283/950/331
f 282/528/211 287/55/48 332/954/193
f 264/807/303 269/959/337 338/676/224
f 269/959/337 327/672/228 347/917/219
f 338/676/224 269/959/337 339/578/224
f 327/672/228 348/671/219 349/906/219
f 349/906/219 346/539/219 327/672/228
f 346/539/219 347/917/219 327/672/228
f 347/917/219 344/606/219 269/959/337
f 341/2537/224 269/959/337 340/580/224
f 341/2537/224 339/578/224 269/959/337
f 343/596/219 340/580/224 269/959/337
f 345/958/224 342/582/219 269/959/337
f 342/582/219 343/596/219 269/959/337
f 116/226/71 117/117/57 354/576/190
f 116/226/71 353/685/276 352/550/190
f 354/576/190 117/117/57 32/125/71
f 115/90/57 352/550/190 351/573/190
f 315/961/243 316/2611/243 313/962/338
f 238/217/64 33/354/76 37/352/65
f 107/218/76 239/119/64 241/118/64
f 240/121/64 243/120/64 109/136/77
f 109/136/77 242/123/64 245/122/70
f 110/144/77 244/143/70 247/320/64
f 111/463/77 246/464/64 249/75/64
f 38/513/200 110/144/77 111/463/77
f 50/50/43 55/52/46 286/965/46
f 542/966/339 517/972/339 500/967/340
f 537/969/341 540/968/340 500/967/340
f 539/971/342 515/2612/365 517/972/339
f 523/973/343 509/1002/343 508/974/344
f 536/976/345 514/990/345 518/977/346
f 534/979/347 505/1000/361 510/980/348
f 530/982/350 528/1027/351 519/983/351
f 529/985/352 530/982/350 520/984/350
f 541/987/354 529/985/352 512/986/353
f 536/976/345 526/1028/355 513/989/355
f 532/991/356 531/2613/357 504/992/357
f 535/981/349 510/980/348 504/994/357
f 537/969/341 501/970/341 499/996/358
f 522/998/360 532/991/356 506/993/356
f 541/987/354 511/988/354 505/1000/361
f 521/1001/362 502/1009/362 509/1002/343
f 527/975/344 508/974/344 507/1003/363
f 524/1005/364 525/978/346 518/977/346
f 539/1007/342 524/1005/364 516/1006/364
f 521/1001/362 522/998/360 503/999/360
f 521/1010/2 531/1015/2 532/1011/2
f 521/1010/2 523/1019/366 529/1013/2
f 527/1016/2 538/2614/2 528/1017/2
f 527/1016/2 530/1018/2 529/1013/2
f 540/1023/123 536/1031/200 525/1024/123
f 528/1017/2 538/2614/2 526/1022/75
f 541/1014/2 534/2615/2 535/1026/367
f 533/997/359 499/996/358 519/983/351
f 526/1028/355 538/1004/363 507/1003/363
f 542/1025/200 525/1024/123 524/1029/123
f 537/1020/123 526/1022/75 536/1031/200
f 544/1032/368 561/1036/369 586/1033/369
f 581/1035/370 545/2616/370 544/1032/368
f 561/1036/369 559/2617/1340 583/1037/371
f 552/1038/372 553/1066/373 567/1039/373
f 562/1041/374 558/2618/375 580/1042/375
f 554/1044/376 549/1065/390 578/1045/377
f 574/1047/379 564/1051/379 563/1048/380
f 573/1050/381 556/1053/383 564/1051/379
f 585/1052/382 555/2619/382 556/1053/383
f 580/1042/375 558/2618/375 557/1054/384
f 576/1056/385 550/1064/385 548/1057/386
f 548/1059/386 554/1044/376 579/1046/378
f 543/1061/387 545/2616/370 581/1035/370
f 566/1063/389 547/1073/389 550/1064/385
f 549/1065/390 555/2619/382 585/1052/382
f 553/1066/373 546/2620/391 565/1067/391
f 551/1068/392 552/1038/372 571/1040/372
f 568/1070/393 560/1072/394 562/1041/374
f 583/1071/371 559/2621/1340 560/1072/394
f 565/1067/391 546/2620/391 547/1073/389
f 576/1074/395 575/1079/20 565/1075/20
f 565/1075/20 585/1080/20 573/1077/20
f 572/1081/20 582/1090/20 571/1082/20
f 573/1077/20 574/1083/20 571/1082/20
f 569/1087/228 580/1094/228 584/1088/228
f 572/1081/20 577/1086/228 570/1085/228
f 579/1091/20 578/2622/20 585/1080/20
f 563/1048/380 543/1061/387 577/1062/388
f 570/1055/384 557/1054/384 551/1068/392
f 568/1092/228 569/1087/228 586/1089/228
f 580/1094/228 570/1085/228 581/1084/228
f 591/1095/397 605/2623/397 637/1096/397
f 600/1098/2 601/2624/2 593/1099/2
f 642/1101/398 635/2625/398 636/1102/398
f 763/1104/399 672/1385/515 675/1105/400
f 783/1107/402 617/2626/403 614/1108/403
f 628/1110/405 667/2627/1341 669/1111/406
f 625/1116/408 623/2628/408 624/1117/408
f 774/1121/411 714/2629/1342 623/1119/409
f 623/1119/409 625/2630/1342 771/1120/410
f 732/1125/415 731/2631/415 726/1126/415
f 609/1128/2 608/2632/2 611/1129/2
f 663/1131/407 658/2633/407 657/1132/407
f 749/1134/20 751/2634/20 752/1135/20
f 714/1137/416 774/1122/412 802/1124/414
f 718/1139/418 629/2635/406 669/1140/406
f 712/1142/419 621/2636/419 619/1143/419
f 706/1145/420 794/1525/555 796/1146/421
f 684/1148/20 692/2637/20 691/1149/20
f 597/1151/422 596/2638/422 595/1152/422
f 638/1154/424 620/2639/425 618/1155/425
f 676/1157/426 672/1389/426 763/1158/426
f 601/1160/427 600/2640/427 599/1161/427
f 655/1163/428 656/2641/1343 648/1164/429
f 630/1166/431 631/2642/431 604/1167/431
f 758/1169/432 757/2643/432 759/1170/432
f 606/1172/433 611/2644/433 703/1173/433
f 661/1175/434 643/2645/434 650/1176/435
f 601/1181/438 602/2646/438 594/1182/438
f 673/1184/439 678/2647/1344 677/1185/440
f 717/1187/441 757/1214/457 713/1188/442
f 667/1190/444 757/2648/444 758/1191/444
f 611/1193/445 605/1430/445 696/1194/445
f 598/1196/446 595/2649/446 686/1197/446
f 591/1199/447 592/2650/447 590/1200/448
f 614/1202/449 619/1256/449 627/1203/449
f 762/1205/451 765/2651/451 761/1206/452
f 748/1208/453 747/2652/454 744/1209/454
f 638/1211/456 640/2653/456 633/1212/456
f 757/1214/457 667/2627/1341 622/1215/458
f 644/1216/2 647/2654/2 652/1217/2
f 639/1219/431 633/2655/431 632/1220/431
f 734/1222/459 752/2656/459 751/1223/459
f 653/1228/461 646/2657/462 666/1229/462
f 733/1231/20 740/2658/20 719/1232/20
f 739/1237/464 737/2659/464 742/1238/464
f 665/1240/2 663/2660/2 664/1241/2
f 746/1243/465 738/2661/465 740/1244/435
f 646/1246/466 645/2662/466 665/1247/466
f 658/1249/467 651/2663/1345 654/1250/468
f 743/1252/461 754/2664/463 756/1253/462
f 762/1257/469 763/2665/1346 764/1258/469
f 683/1260/471 681/2666/20 690/1261/20
f 688/1263/473 689/2667/1347 686/1264/473
f 591/1266/427 589/2668/427 697/1267/427
f 694/1269/475 693/2669/475 685/1270/475
f 724/1272/476 726/2670/477 731/1273/477
f 624/1275/479 623/2671/479 714/1276/479
f 709/1278/480 711/2672/480 728/1279/480
f 588/1281/475 594/2673/475 602/1282/475
f 727/1285/481 696/2674/481 682/1286/481
f 622/1215/458 667/2627/1341 628/1110/405
f 681/1289/483 688/1576/483 691/1290/483
f 804/1292/484 717/2675/449 716/1293/449
f 746/1295/464 749/2676/464 750/1296/464
f 770/1298/486 769/1494/487 772/1299/487
f 717/1187/441 718/2677/488 759/1301/488
f 742/1302/489 753/2678/510 748/1303/490
f 722/1305/491 730/2679/491 728/1306/491
f 779/1308/492 786/1513/543 626/1309/493
f 627/1311/20 619/2680/20 621/1312/20
f 629/1314/495 718/2681/495 773/1315/496
f 655/1317/497 649/2682/497 647/1318/498
f 643/1320/466 661/2683/466 662/1321/500
f 600/1098/2 587/1100/2 596/1328/2
f 660/1330/407 659/2684/407 656/1331/407
f 641/1333/477 636/2685/477 634/1334/504
f 762/1336/426 671/1391/426 767/1337/426
f 660/1339/2 662/2686/2 661/1340/2
f 721/1342/431 722/2687/431 729/1343/431
f 668/1345/506 670/2688/506 669/1346/506
f 703/1351/20 700/2689/20 701/1352/20
f 747/1354/464 748/2690/464 753/1355/464
f 736/1357/459 756/2691/459 755/1358/459
f 745/1360/507 739/2692/1348 738/1361/508
f 752/1363/462 734/2693/462 737/1364/498
f 665/1366/434 645/2694/434 652/1367/489
f 753/1369/20 755/2695/20 756/1370/20
f 622/1372/449 621/2696/449 712/1373/449
f 701/1378/462 700/2697/462 767/1379/462
f 685/1381/513 693/2698/513 692/1382/513
f 674/1384/514 677/2699/514 675/1105/400
f 766/1380/462 767/1379/462 608/1386/462
f 676/1157/426 614/1395/426 674/1388/426
f 673/1390/426 608/1394/426 767/1337/426
f 705/1159/426 763/1158/426 762/1336/426
f 614/1395/426 607/1393/426 673/1390/426
f 673/1396/516 671/1207/452 761/1206/452
f 658/1398/517 663/1368/510 652/1367/489
f 657/1400/518 654/2700/1349 653/1228/461
f 662/1401/462 660/1319/499 647/1318/498
f 656/1403/519 659/1177/436 650/1176/435
f 747/1405/518 754/2664/463 743/1252/461
f 755/1407/434 753/2678/510 742/1302/489
f 751/1409/434 749/1245/436 740/1244/435
f 745/1411/497 750/1365/499 737/1364/498
f 781/1413/520 779/1506/537 615/1414/521
f 642/1419/477 631/2701/477 630/1420/477
f 603/1422/2 592/2702/2 637/1423/2
f 599/1425/2 590/2703/2 592/1426/2
f 702/1428/445 703/1195/445 696/1194/445
f 605/1430/445 611/1193/445 610/1431/445
f 719/1433/522 723/2704/522 732/1434/522
f 682/1436/523 697/2705/524 681/1437/524
f 620/1440/431 607/1235/431 617/1234/431
f 711/1442/431 709/2706/431 708/1349/431
f 654/1446/407 608/1113/407 620/1115/407
f 649/1448/525 651/1451/407 652/1449/407
f 643/1452/2 635/1462/2 630/1453/2
f 635/1462/2 643/1452/2 644/1216/2
f 638/1461/2 639/1455/2 636/1457/2
f 636/1457/2 644/1216/2 645/1218/2
f 719/1464/431 702/1416/431 695/1418/431
f 610/1466/407 611/1467/407 648/1444/407
f 608/1113/407 649/1448/525 648/1444/407
f 734/1468/20 733/1231/20 725/1233/20
f 735/1470/20 742/2707/20 737/1471/20
f 700/1478/464 744/1476/464 711/1475/464
f 702/1480/464 719/1473/464 738/1472/464
f 700/1478/464 703/1481/464 738/1472/464
f 700/1478/464 739/1237/464 741/1239/464
f 736/1483/20 729/1486/20 728/1485/20
f 736/1483/20 735/1470/20 726/1469/20
f 692/1323/427 694/1325/427 690/1488/427
f 591/1491/526 682/2708/526 696/1492/526
f 768/1316/496 773/1315/496 772/1299/487
f 775/1300/486 774/1121/411 771/1120/410
f 625/1495/527 626/2709/527 786/1496/528
f 775/1498/530 801/1500/532 803/1123/413
f 772/1499/531 805/1504/535 801/1500/532
f 804/1501/533 773/1505/536 718/1502/534
f 805/1504/535 772/1499/531 773/1505/536
f 779/1506/537 781/1413/520 782/1507/538
f 780/1508/539 782/1507/538 784/1509/540
f 776/1109/404 777/1512/542 785/1511/541
f 777/1512/542 778/1510/540 784/1509/540
f 786/1513/543 779/1308/492 780/1514/544
f 787/1515/545 780/1514/544 778/1516/546
f 789/1518/548 790/1520/550 777/1519/549
f 790/1520/550 788/1517/547 778/1516/546
f 798/1521/551 797/1524/554 795/1522/552
f 797/1524/554 796/1146/421 794/1525/555
f 798/1521/551 791/1523/553 793/1526/556
f 800/1527/557 793/1526/556 792/1528/558
f 791/1530/560 795/1533/563 803/1531/561
f 795/1533/563 794/1572/582 802/1534/564
f 791/1530/560 801/1532/562 805/1535/565
f 793/1536/566 805/1535/565 804/1292/484
f 629/1537/567 768/1540/570 789/1538/568
f 768/1540/570 769/1542/572 790/1541/571
f 769/1542/572 770/1544/574 788/1543/573
f 770/1544/574 771/1497/529 787/1545/575
f 781/1178/2 783/1554/576 785/1548/2
f 796/1552/20 797/1226/460 800/1225/20
f 730/1556/578 799/1550/20 708/1557/20
f 730/1556/578 722/1560/20 720/1551/20
f 789/1518/548 776/1204/450 627/1203/449
f 799/1529/559 792/1528/558 705/1564/581
f 705/1439/449 792/1294/485 716/1293/449
f 712/1566/2 710/2710/2 716/1567/2
f 764/1375/511 677/1377/511 678/1569/511
f 794/1572/582 706/1574/494 715/1573/583
f 688/1576/483 681/1289/483 697/1577/483
f 598/1579/483 689/1578/483 697/1577/483
f 597/1581/483 598/1579/483 589/1580/483
f 600/1583/483 597/1581/483 590/1582/483
f 617/1585/2 783/1554/576 640/1586/2
f 687/1588/20 679/1150/20 691/1149/20
f 727/1591/584 683/1260/471 694/1262/472
f 853/1592/585 814/1603/596 811/1593/586
f 812/1595/588 860/2711/593 854/1594/587
f 810/1596/589 857/1740/675 856/1597/590
f 855/1599/592 808/1601/594 809/1598/591
f 860/1600/593 812/2712/588 808/1601/594
f 807/1602/595 813/2713/1350 814/1603/596
f 817/1604/597 813/2713/1350 807/1602/595
f 851/1609/599 806/1626/607 807/1610/600
f 815/1612/602 810/2714/1351 809/1613/602
f 808/1614/602 812/1616/602 816/1615/602
f 812/1616/602 813/1619/602 817/1617/602
f 812/1616/602 811/2715/694 814/1618/602
f 858/1620/603 815/1741/676 816/1621/604
f 859/2716/613 860/2717/615 824/1625/606
f 860/2717/615 855/1623/605 824/1625/606
f 855/1623/605 848/1724/670 827/1624/606
f 806/1626/607 820/2718/608 819/1627/608
f 853/1611/601 854/1636/614 852/1634/612
f 859/1635/613 852/1634/612 854/1636/614
f 842/1638/616 827/2719/1352 821/1639/617
f 861/1641/619 847/1669/636 849/1642/620
f 818/1644/622 823/1787/712 882/1645/623
f 874/1647/625 844/2720/625 845/1648/626
f 836/1650/628 879/1687/635 878/1651/629
f 869/1653/631 880/2721/1353 832/1654/632
f 837/1652/630 878/1651/629 863/1643/621
f 830/1656/634 862/1689/655 872/1657/635
f 868/1659/637 869/1653/631 833/1655/633
f 870/1661/639 864/1667/637 834/1662/640
f 864/1667/637 865/1703/662 841/1668/644
f 847/1669/636 861/1641/619 877/1649/627
f 829/1676/630 873/1679/652 875/1677/651
f 828/1658/636 872/1657/635 873/1679/652
f 871/1680/639 868/1659/637 825/1660/638
f 832/1654/632 880/2721/1353 876/1682/653
f 874/1684/625 866/1706/637 843/1685/640
f 839/1678/620 875/1677/651 879/1687/635
f 831/1688/654 876/2722/653 862/1689/655
f 820/1690/598 806/2723/598 859/1608/598
f 867/1694/657 870/1661/639 835/1663/641
f 847/1696/658 845/2724/671 844/1697/658
f 842/1672/647 840/1711/665 874/1699/659
f 846/1700/660 838/1843/753 822/1701/661
f 865/1703/662 871/1680/639 826/1681/641
f 848/1631/598 823/1633/598 821/1704/598
f 866/1706/637 867/1694/657 850/1695/644
f 842/1708/663 846/2725/1354 824/1709/663
f 846/1673/648 876/1675/650 880/1716/666
f 838/1717/667 865/1713/642 864/1665/642
f 879/1693/656 875/1719/669 846/1673/648
f 859/1608/598 806/2723/598 851/1722/598
f 856/1630/611 881/1629/610 848/1724/670
f 858/1646/624 882/1645/623 881/1629/610
f 830/1725/658 833/2726/658 832/1726/671
f 850/1728/672 849/1730/658 847/1696/658
f 835/1729/658 837/1732/673 849/1730/658
f 835/1729/658 834/1734/658 836/1731/658
f 841/1733/658 839/1738/658 836/1731/658
f 826/1735/658 825/1739/658 828/1736/658
f 841/1733/658 826/1735/658 829/1737/674
f 825/1739/658 833/2726/658 830/1725/658
f 857/1740/675 810/1596/589 815/1741/676
f 920/1742/677 921/1746/681 888/1743/678
f 889/1745/680 888/1743/678 921/1746/681
f 887/1748/683 886/1752/687 923/1749/684
f 922/1751/686 923/1749/684 886/1752/687
f 927/1747/682 922/2727/686 885/1754/688
f 884/1755/689 920/1742/677 891/1744/679
f 884/1755/689 890/1756/690 817/1604/597
f 884/1759/691 883/1773/700 918/1760/692
f 886/1762/694 887/2728/1355 892/1763/602
f 885/1764/602 892/1763/602 816/1615/602
f 889/1765/602 816/1615/602 817/1617/602
f 889/1765/602 890/1766/602 891/1767/602
f 816/1621/604 892/1877/763 925/1769/696
f 915/2729/760 922/2730/761 896/2731/1356
f 922/2730/761 927/1770/697 893/1772/699
f 896/2731/1356 922/2730/761 893/1772/699
f 819/1627/608 820/2718/608 883/1773/700
f 920/1761/693 918/1760/692 919/1779/704
f 921/1780/705 919/1779/704 926/1771/698
f 909/1781/706 840/1640/618 821/1639/617
f 916/1783/708 914/1812/734 928/1784/709
f 818/1644/622 925/1863/762 949/1786/711
f 912/1788/713 911/1830/745 941/1789/714
f 905/1791/716 906/1797/722 945/1792/717
f 901/1794/719 947/2732/743 936/1795/720
f 906/1797/722 916/1783/708 930/1785/710
f 899/1798/723 897/1823/716 939/1799/709
f 902/1796/721 936/1795/720 935/1801/725
f 903/1803/727 931/1809/725 937/1804/728
f 931/1809/725 903/1803/727 908/1810/732
f 914/1812/734 912/2733/713 944/1813/715
f 898/1820/722 907/1831/708 942/1821/710
f 897/1823/716 898/1820/722 940/1822/741
f 894/1802/726 935/1801/725 938/1824/728
f 900/1826/742 943/1832/746 947/1827/743
f 910/1829/744 933/1845/725 941/1789/714
f 907/1831/708 905/1791/716 946/1793/718
f 900/1826/742 899/1798/723 929/1800/724
f 926/1758/598 883/1860/598 820/1690/598
f 904/1805/729 937/1804/728 934/1836/749
f 911/1838/750 912/2734/1357 914/1839/750
f 941/1841/751 840/1711/665 909/1815/736
f 913/1842/752 893/2735/752 822/1701/661
f 895/1825/729 938/1824/728 932/1811/733
f 821/1704/598 823/1633/598 915/1777/598
f 933/1845/725 910/1829/744 917/1837/732
f 893/1847/755 913/2736/756 909/1848/756
f 947/1854/758 943/1818/739 913/1817/738
f 931/1808/730 932/1851/730 838/1717/667
f 946/1834/748 909/1815/736 913/1817/738
f 926/1758/598 919/2737/598 918/1859/598
f 915/1861/760 948/1776/703 923/1775/702
f 948/1776/703 949/1786/711 925/1863/762
f 900/1864/750 901/2738/1358 902/1865/750
f 910/1840/750 914/1839/750 916/1867/750
f 916/1867/750 906/1870/750 904/1869/750
f 906/1870/750 905/2739/750 903/1871/750
f 903/1871/750 905/2739/750 907/1872/750
f 895/1874/750 898/2740/1359 897/1875/750
f 907/1872/750 898/2740/1359 895/1874/750
f 897/1875/750 899/1866/750 902/1865/750
f 924/1750/685 925/1769/696 892/1877/763
f 968/1878/764 952/1882/768 951/1879/765
f 969/1881/767 953/1884/770 952/1882/768
f 969/1881/767 970/1886/772 954/1883/769
f 971/1885/771 955/1888/774 954/1883/769
f 972/1887/773 956/1890/776 955/1888/774
f 972/1887/773 973/1891/777 957/1889/775
f 973/1891/777 974/1894/780 958/1892/778
f 975/1893/779 959/1896/782 958/1892/778
f 975/1893/779 976/1897/783 960/1895/781
f 976/1897/783 977/1900/786 961/1898/784
f 978/1899/785 962/1902/788 961/1898/784
f 978/1899/785 979/1903/789 963/1901/787
f 979/1903/789 980/1905/791 964/1904/790
f 980/1905/791 981/1921/807 965/1906/792
f 984/1907/793 968/1878/764 967/1880/766
f 985/1909/795 969/1881/767 968/1878/764
f 986/1910/796 970/1886/772 969/1881/767
f 987/1911/797 971/1885/771 970/1886/772
f 988/1912/798 972/1887/773 971/1885/771
f 989/1913/799 973/1891/777 972/1887/773
f 990/1914/800 974/1894/780 973/1891/777
f 991/1915/801 975/1893/779 974/1894/780
f 992/1916/802 976/1897/783 975/1893/779
f 993/1917/803 977/1900/786 976/1897/783
f 994/1918/804 978/1899/785 977/1900/786
f 995/1919/805 979/1903/789 978/1899/785
f 996/1920/806 980/1905/791 979/1903/789
f 996/1920/806 997/1938/824 981/1921/807
f 966/1922/808 967/1880/766 951/1879/765
f 999/1924/810 1000/1925/811 984/1907/793
f 1000/1925/811 1001/1926/812 985/1909/795
f 1001/1926/812 1002/1927/813 986/1910/796
f 1002/1927/813 1003/1928/814 987/1911/797
f 1003/1928/814 1004/1929/815 988/1912/798
f 1004/1929/815 1005/1930/816 989/1913/799
f 1005/1930/816 1006/1931/817 990/1914/800
f 1006/1931/817 1007/1932/818 991/1915/801
f 1007/1932/818 1008/1933/819 992/1916/802
f 1008/1933/819 1009/1934/820 993/1917/803
f 1009/1934/820 1010/1936/822 994/1918/804
f 1011/1935/821 995/1919/805 994/1918/804
f 1011/1935/821 1012/1937/823 996/1920/806
f 1012/1937/823 1013/1950/836 997/1938/824
f 983/1908/794 967/1880/766 966/1922/808
f 1015/1940/826 1016/1941/827 1000/1925/811
f 1016/1941/827 1017/1955/841 1001/1926/812
f 1001/1926/812 1017/1955/841 1018/1942/828
f 1018/1942/828 1019/1943/829 1003/1928/814
f 1019/1943/829 1020/1959/845 1004/1929/815
f 1004/1929/815 1020/1959/845 1021/1944/830
f 1021/1944/830 1022/1945/831 1006/1931/817
f 1022/1945/831 1023/1963/849 1007/1932/818
f 1007/1932/818 1023/1963/849 1024/1946/832
f 1024/1946/832 1025/1947/833 1009/1934/820
f 1025/1947/833 1026/1967/853 1010/1936/822
f 1010/1936/822 1026/1967/853 1027/1948/834
f 1027/1948/834 1028/1949/835 1012/1937/823
f 1028/1949/835 1029/1971/857 1013/1950/836
f 1014/1951/837 1030/1987/873 1031/1952/838
f 1015/1940/826 1031/1952/838 1032/1953/839
f 1016/1941/827 1032/1953/839 1033/1954/840
f 1017/1955/841 1033/1954/840 1034/1956/842
f 1018/1942/828 1034/1956/842 1035/1957/843
f 1019/1943/829 1035/1957/843 1036/1958/844
f 1020/1959/845 1036/1958/844 1037/1960/846
f 1021/1944/830 1037/1960/846 1038/1961/847
f 1022/1945/831 1038/1961/847 1039/1962/848
f 1023/1963/849 1039/1962/848 1040/1964/850
f 1024/1946/832 1040/1964/850 1041/1965/851
f 1025/1947/833 1041/1965/851 1042/1966/852
f 1026/1967/853 1042/1966/852 1043/1968/854
f 1027/1948/834 1043/1968/854 1044/1969/855
f 1028/1949/835 1044/1969/855 1045/1970/856
f 1047/1972/858 1048/1973/859 1032/1953/839
f 1048/1973/859 1049/1975/861 1033/1954/840
f 1050/1974/860 1034/1956/842 1033/1954/840
f 1050/1974/860 1051/1976/862 1035/1957/843
f 1051/1976/862 1052/1978/864 1036/1958/844
f 1053/1977/863 1037/1960/846 1036/1958/844
f 1053/1977/863 1054/1979/865 1038/1961/847
f 1054/1979/865 1055/1981/867 1039/1962/848
f 1056/1980/866 1040/1964/850 1039/1962/848
f 1056/1980/866 1057/1982/868 1041/1965/851
f 1057/1982/868 1058/1984/870 1042/1966/852
f 1059/1983/869 1043/1968/854 1042/1966/852
f 1059/1983/869 1060/1985/871 1044/1969/855
f 1060/1985/871 1061/2741/1360 1045/1970/856
f 998/1986/872 1014/1951/837 1015/1940/826
f 1047/1972/858 1031/1952/838 1030/1987/873
f 999/1924/810 983/1908/794 982/1939/825
f 1063/1989/875 1064/1992/878 1080/1990/876
f 1064/1992/878 1065/2742/1361 1081/1993/879
f 1081/1993/879 1065/2742/1361 1066/1994/880
f 1066/1994/880 1067/1997/883 1083/1996/882
f 1067/1997/883 1068/2743/1362 1084/1998/884
f 1084/1998/884 1068/2743/1362 1069/1999/885
f 1085/2000/886 1069/1999/885 1070/2001/887
f 1070/2001/887 1071/2744/1363 1087/2003/889
f 1087/2003/889 1071/2744/1363 1072/2004/890
f 1088/2005/891 1072/2004/890 1073/2006/892
f 1073/2006/892 1074/2745/1364 1090/2008/894
f 1090/2008/894 1074/2745/1364 1075/2009/895
f 1091/2010/896 1075/2009/895 1076/2011/897
f 1092/2012/898 1076/2011/897 1077/2013/899
f 1079/1991/877 1080/1990/876 1096/2015/901
f 1080/1990/876 1081/1993/879 1097/2017/903
f 1081/1993/879 1082/1995/881 1098/2018/904
f 1082/1995/881 1083/1996/882 1099/2019/905
f 1083/1996/882 1084/1998/884 1100/2020/906
f 1084/1998/884 1085/2000/886 1101/2021/907
f 1085/2000/886 1086/2002/888 1102/2022/908
f 1086/2002/888 1087/2003/889 1103/2023/909
f 1087/2003/889 1088/2005/891 1104/2024/910
f 1088/2005/891 1089/2007/893 1105/2025/911
f 1089/2007/893 1090/2008/894 1106/2026/912
f 1090/2008/894 1091/2010/896 1107/2027/913
f 1091/2010/896 1092/2012/898 1108/2028/914
f 1108/2028/914 1092/2012/898 1093/2014/900
f 1078/2030/916 1062/2746/1365 1063/1989/875
f 1111/2031/917 1095/2016/902 1096/2015/901
f 1112/2032/918 1096/2015/901 1097/2017/903
f 1113/2033/919 1097/2017/903 1098/2018/904
f 1114/2034/920 1098/2018/904 1099/2019/905
f 1115/2035/921 1099/2019/905 1100/2020/906
f 1116/2036/922 1100/2020/906 1101/2021/907
f 1117/2037/923 1101/2021/907 1102/2022/908
f 1118/2038/924 1102/2022/908 1103/2023/909
f 1119/2039/925 1103/2023/909 1104/2024/910
f 1120/2040/926 1104/2024/910 1105/2025/911
f 1121/2041/927 1105/2025/911 1106/2026/912
f 1106/2026/912 1107/2027/913 1123/2043/929
f 1123/2043/929 1107/2027/913 1108/2028/914
f 1124/2044/930 1108/2028/914 1109/2029/915
f 1078/2030/916 1079/1991/877 1095/2016/902
f 1112/2032/918 1128/2048/934 1127/2047/933
f 1113/2033/919 1129/2050/936 1128/2048/934
f 1113/2033/919 1114/2034/920 1130/2049/935
f 1115/2035/921 1131/2051/937 1130/2049/935
f 1116/2036/922 1132/2053/939 1131/2051/937
f 1116/2036/922 1117/2037/923 1133/2052/938
f 1118/2038/924 1134/2054/940 1133/2052/938
f 1119/2039/925 1135/2056/942 1134/2054/940
f 1119/2039/925 1120/2040/926 1136/2055/941
f 1121/2041/927 1137/2057/943 1136/2055/941
f 1122/2042/928 1138/2059/945 1137/2057/943
f 1122/2042/928 1123/2043/929 1139/2058/944
f 1124/2044/930 1140/2060/946 1139/2058/944
f 1125/2045/931 1141/2077/963 1140/2060/946
f 1143/2061/947 1142/2094/980 1126/2062/948
f 1144/2063/949 1143/2061/947 1127/2047/933
f 1145/2064/950 1144/2063/949 1128/2048/934
f 1146/2065/951 1145/2064/950 1129/2050/936
f 1147/2066/952 1146/2065/951 1130/2049/935
f 1148/2067/953 1147/2066/952 1131/2051/937
f 1149/2068/954 1148/2067/953 1132/2053/939
f 1150/2069/955 1149/2068/954 1133/2052/938
f 1151/2070/956 1150/2069/955 1134/2054/940
f 1152/2071/957 1151/2070/956 1135/2056/942
f 1153/2072/958 1152/2071/957 1136/2055/941
f 1154/2073/959 1153/2072/958 1137/2057/943
f 1155/2074/960 1154/2073/959 1138/2059/945
f 1156/2075/961 1155/2074/960 1139/2058/944
f 1157/2076/962 1156/2075/961 1140/2060/946
f 1159/2078/964 1143/2061/947 1144/2063/949
f 1160/2079/965 1144/2063/949 1145/2064/950
f 1145/2064/950 1146/2065/951 1162/2081/967
f 1162/2081/967 1146/2065/951 1147/2066/952
f 1163/2082/968 1147/2066/952 1148/2067/953
f 1148/2067/953 1149/2068/954 1165/2084/970
f 1165/2084/970 1149/2068/954 1150/2069/955
f 1166/2085/971 1150/2069/955 1151/2070/956
f 1151/2070/956 1152/2071/957 1168/2087/973
f 1168/2087/973 1152/2071/957 1153/2072/958
f 1169/2088/974 1153/2072/958 1154/2073/959
f 1154/2073/959 1155/2074/960 1171/2090/976
f 1171/2090/976 1155/2074/960 1156/2075/961
f 1172/2091/977 1156/2075/961 1157/2076/962
f 1110/2093/979 1111/2031/917 1127/2047/933
f 1142/2094/980 1143/2061/947 1159/2078/964
f 1094/2046/932 1095/2016/902 1111/2031/917
f 1180/2096/982 1187/2747/982 1185/2097/983
f 1179/2099/984 1186/2748/1366 1184/2100/984
f 1181/2102/985 1187/2749/985 1180/2103/985
f 1176/2105/986 1175/2750/987 1182/2106/987
f 1184/2108/988 1182/2751/989 1175/2109/989
f 1186/2111/990 1179/2752/990 1178/2112/988
f 1187/2114/2 1184/2118/2 1186/2115/2
f 1183/2117/2 1182/2753/2 1184/2118/2
f 1174/2120/991 1176/2754/992 1183/2121/992
f 1192/2123/982 1199/2755/982 1201/2124/982
f 1191/2126/984 1198/2756/1366 1200/2127/984
f 1188/2129/985 1194/2757/985 1201/2130/985
f 1197/2132/993 1196/2758/987 1189/2133/987
f 1189/2135/994 1196/2759/994 1198/2136/988
f 1199/2138/988 1192/2760/988 1193/2139/988
f 1200/2141/20 1198/2144/20 1201/2142/20
f 1198/2144/20 1196/2761/20 1197/2145/20
f 1195/2147/992 1197/2762/992 1190/2148/992
f 1204/2150/995 1210/2169/1014 1209/2151/996
f 1207/2153/998 1212/2160/1005 1211/2154/999
f 1206/2155/1000 1211/2154/999 1295/2156/1001
f 1208/2158/1003 1213/2173/1018 1217/2159/1004
f 1288/2161/1006 1293/2165/1010 1292/2162/1007
f 1289/2164/1009 1294/2176/1021 1293/2165/1010
f 1369/2166/1011 1374/2328/1173 1210/2167/1012
f 1210/2169/1014 1215/2178/1023 1214/2170/1015
f 1212/2160/1005 1217/2159/1004 1216/2171/1016
f 1211/2154/999 1216/2171/1016 1300/2172/1017
f 1213/2173/1018 1218/2181/1026 1221/2174/1019
f 1293/2165/1010 1298/2177/1022 1297/2175/1020
f 1294/2176/1021 1299/2189/1034 1298/2177/1022
f 1215/2178/1023 1383/2192/1037 1219/2179/1024
f 1220/2180/1025 1216/2171/1016 1217/2159/1004
f 1218/2181/1026 1222/2195/1040 1226/2182/1027
f 1380/2183/1028 1385/2415/1260 1384/2184/1029
f 1379/2185/1030 1384/2184/1029 1383/2186/1031
f 1298/2177/1022 1303/2190/1035 1302/2188/1033
f 1299/2189/1034 1304/2199/1044 1303/2190/1035
f 1223/2191/1036 1219/2179/1024 1383/2192/1037
f 1221/2174/1019 1226/2182/1027 1225/2194/1039
f 1222/2195/1040 1227/2205/1050 1230/2196/1041
f 1384/2184/1029 1389/2207/1052 1224/2197/1042
f 1303/2190/1035 1309/2200/1045 1308/2198/1043
f 1304/2199/1044 1310/2209/1054 1309/2200/1045
f 1318/2201/1046 1312/2336/1181 1308/2198/1043
f 1224/2193/1038 1393/2217/1062 1228/2203/1048
f 1226/2182/1027 1230/2196/1041 1229/2204/1049
f 1227/2205/1050 1231/2215/1060 1234/2206/1051
f 1389/2207/1052 1394/2214/1059 1393/2208/1053
f 1309/2200/1045 1314/2210/1055 1313/2202/1047
f 1310/2209/1054 1315/2221/1066 1314/2210/1055
f 1230/2196/1041 1234/2206/1051 1233/2211/1056
f 1395/2212/1057 1401/2423/1268 1400/2213/1058
f 1228/2203/1048 1232/2216/1061 1231/2215/1060
f 1232/2216/1061 1228/2203/1048 1393/2217/1062
f 1231/2215/1060 1235/2220/1065 1238/2219/1064
f 1232/2216/1061 1236/2223/1068 1235/2220/1065
f 1315/2221/1066 1321/2232/1077 1320/2222/1067
f 1236/2223/1068 1232/2216/1061 1399/2218/1063
f 1234/2206/1051 1238/2219/1064 1237/2225/1070
f 1235/2220/1065 1239/2229/1074 1242/2226/1071
f 1233/2211/1056 1237/2225/1070 1327/2227/1072
f 1236/2223/1068 1240/2236/1081 1239/2229/1074
f 1320/2222/1067 1325/2233/1078 1324/2230/1075
f 1321/2232/1077 1326/2242/1087 1325/2233/1078
f 1333/2234/1079 1328/2350/1195 1324/2230/1075
f 1405/2224/1069 1411/2244/1089 1240/2236/1081
f 1238/2219/1064 1242/2226/1071 1241/2237/1082
f 1239/2229/1074 1243/2241/1086 1247/2238/1083
f 1337/2239/1084 1333/2234/1079 1329/2235/1080
f 1240/2236/1081 1244/2245/1090 1243/2241/1086
f 1326/2242/1087 1331/2250/1095 1330/2243/1088
f 1411/2244/1089 1417/2257/1102 1244/2245/1090
f 1242/2226/1071 1247/2238/1083 1246/2246/1091
f 1243/2241/1086 1248/2260/1105 1252/2247/1092
f 1341/2248/1093 1337/2239/1084 1334/2240/1085
f 1325/2233/1078 1330/2243/1088 1329/2235/1080
f 1331/2250/1095 1336/2266/1111 1335/2251/1096
f 1241/2237/1082 1246/2246/1091 1245/2252/1097
f 1412/2254/1099 1418/2371/1216 1417/2255/1100
f 1417/2257/1102 1423/2269/1114 1249/2258/1103
f 1251/2259/1104 1246/2246/1091 1247/2238/1083
f 1248/2260/1105 1253/2265/1110 1258/2261/1106
f 1250/2262/1107 1256/2440/1285 1344/2263/1108
f 1249/2258/1103 1254/2270/1115 1253/2265/1110
f 1336/2266/1111 1340/2264/1109 1339/2267/1112
f 1246/2246/1091 1251/2259/1104 1250/2268/1113
f 1423/2269/1114 1255/2280/1125 1254/2270/1115
f 1252/2247/1092 1258/2261/1106 1257/2271/1116
f 1251/2259/1104 1257/2271/1116 1256/2272/1117
f 1262/2273/1118 1258/2261/1106 1253/2265/1110
f 1350/2275/1120 1345/2367/1212 1342/2276/1121
f 1335/2251/1096 1339/2267/1112 1338/2249/1094
f 1340/2264/1109 1344/2263/1108 1343/2278/1123
f 1340/2264/1109 1336/2266/1111 1245/2279/1124
f 1254/2270/1115 1260/2281/1126 1259/2274/1119
f 1255/2280/1125 1434/2287/1132 1260/2281/1126
f 1258/2261/1106 1262/2273/1118 1261/2282/1127
f 1257/2271/1116 1261/2282/1127 1349/2283/1128
f 1268/2284/1129 1262/2273/1118 1259/2274/1119
f 1343/2278/1123 1347/2293/1138 1346/2277/1122
f 1260/2281/1126 1264/2286/1131 1263/2285/1130
f 1264/2286/1131 1260/2281/1126 1434/2287/1132
f 1262/2273/1118 1268/2284/1129 1267/2289/1134
f 1261/2282/1127 1267/2289/1134 1266/2290/1135
f 1274/2291/1136 1268/2284/1129 1263/2285/1130
f 1347/2293/1138 1352/2303/1148 1351/2294/1139
f 1264/2286/1131 1270/2295/1140 1269/2292/1137
f 1265/2288/1133 1271/2305/1150 1270/2295/1140
f 1268/2284/1129 1274/2291/1136 1273/2296/1141
f 1267/2289/1134 1273/2296/1141 1272/2297/1142
f 1266/2298/1143 1272/2448/1293 1357/2299/1144
f 1280/2301/1146 1274/2291/1136 1269/2292/1137
f 1352/2303/1148 1356/2313/1158 1355/2304/1149
f 1271/2305/1150 1277/2316/1161 1276/2306/1151
f 1274/2291/1136 1280/2301/1146 1279/2307/1152
f 1286/2308/1153 1280/2301/1146 1275/2302/1147
f 1366/2310/1155 1362/2392/1237 1359/2311/1156
f 1356/2313/1158 1360/2314/1159 1359/2311/1156
f 1357/2299/1144 1361/2403/1248 1360/2314/1159
f 1273/2296/1141 1279/2307/1152 1278/2315/1160
f 1276/2306/1151 1282/2317/1162 1281/2309/1154
f 1277/2316/1161 1283/2763/1367 1282/2317/1162
f 1280/2301/1146 1286/2308/1153 1285/2318/1163
f 1279/2307/1152 1285/2318/1163 1284/2319/1164
f 1360/2314/1159 1364/2404/1249 1363/2312/1157
f 1291/2320/1165 1296/2329/1174 1373/2321/1166
f 1301/2323/1168 1296/2329/1174 1292/2162/1007
f 1209/2151/996 1214/2170/1015 1213/2173/1018
f 1368/2324/1169 1372/2332/1177 1371/2325/1170
f 1370/2327/1172 1375/2412/1257 1374/2328/1173
f 1296/2329/1174 1301/2323/1168 1378/2330/1175
f 1307/2331/1176 1301/2323/1168 1297/2175/1020
f 1374/2328/1173 1379/2185/1030 1215/2187/1032
f 1372/2332/1177 1377/2337/1182 1376/2333/1178
f 1301/2323/1168 1307/2331/1176 1306/2334/1179
f 1300/2335/1180 1305/2340/1185 1304/2199/1044
f 1312/2336/1181 1307/2331/1176 1302/2188/1033
f 1377/2337/1182 1382/2342/1187 1381/2338/1183
f 1388/2339/1184 1306/2334/1179 1307/2331/1176
f 1310/2209/1054 1304/2199/1044 1305/2340/1185
f 1382/2342/1187 1387/2346/1191 1386/2343/1188
f 1312/2336/1181 1318/2201/1046 1317/2344/1189
f 1311/2341/1186 1316/2349/1194 1315/2221/1066
f 1323/2345/1190 1318/2201/1046 1313/2202/1047
f 1387/2346/1191 1392/2351/1196 1391/2347/1192
f 1314/2210/1055 1320/2222/1067 1319/2231/1076
f 1318/2201/1046 1323/2345/1190 1398/2348/1193
f 1316/2349/1194 1322/2354/1199 1321/2232/1077
f 1328/2350/1195 1323/2345/1190 1319/2231/1076
f 1392/2351/1196 1397/2358/1203 1396/2352/1197
f 1323/2345/1190 1328/2350/1195 1404/2353/1198
f 1322/2354/1199 1327/2360/1205 1326/2242/1087
f 1413/2355/1200 1407/2428/1273 1402/2356/1201
f 1397/2358/1203 1403/2362/1207 1402/2356/1201
f 1328/2350/1195 1333/2234/1079 1410/2359/1204
f 1327/2360/1205 1332/2361/1206 1331/2250/1095
f 1332/2361/1206 1245/2279/1124 1336/2266/1111
f 1330/2243/1088 1335/2251/1096 1334/2240/1085
f 1403/2362/1207 1409/2364/1209 1408/2357/1202
f 1333/2234/1079 1337/2239/1084 1416/2363/1208
f 1409/2364/1209 1415/2368/1213 1414/2365/1210
f 1244/2245/1090 1249/2258/1103 1248/2260/1105
f 1422/2366/1211 1416/2363/1208 1337/2239/1084
f 1345/2367/1212 1341/2248/1093 1338/2249/1094
f 1339/2267/1112 1343/2278/1123 1342/2276/1121
f 1415/2368/1213 1421/2373/1218 1420/2369/1214
f 1341/2248/1093 1345/2367/1212 1428/2370/1215
f 1418/2371/1216 1424/2436/1281 1423/2372/1217
f 1421/2373/1218 1427/2382/1227 1426/2374/1219
f 1426/2374/1219 1431/2383/1228 1436/2375/1220
f 1344/2263/1108 1348/2384/1229 1347/2293/1138
f 1433/2377/1222 1428/2370/1215 1345/2367/1212
f 1354/2378/1223 1350/2275/1120 1346/2277/1122
f 1429/2379/1224 1435/2387/1232 1434/2380/1225
f 1427/2382/1227 1432/2389/1234 1431/2383/1228
f 1348/2384/1229 1353/2300/1145 1352/2303/1148
f 1439/2385/1230 1433/2377/1222 1350/2275/1120
f 1358/2386/1231 1354/2378/1223 1351/2294/1139
f 1435/2387/1232 1440/2442/1287 1265/2388/1233
f 1432/2389/1234 1438/2393/1238 1437/2390/1235
f 1353/2300/1145 1357/2299/1144 1356/2313/1158
f 1444/2391/1236 1439/2385/1230 1354/2378/1223
f 1362/2392/1237 1358/2386/1231 1355/2304/1149
f 1270/2295/1140 1276/2306/1151 1275/2302/1147
f 1438/2393/1238 1443/2402/1247 1442/2394/1239
f 1358/2386/1231 1362/2392/1237 1449/2395/1240
f 1445/2396/1241 1450/2406/1251 1277/2397/1242
f 1447/2399/1244 1452/2409/1254 1456/2400/1245
f 1443/2402/1247 1448/2408/1253 1447/2399/1244
f 1361/2403/1248 1365/2452/1297 1364/2404/1249
f 1454/2405/1250 1449/2395/1240 1362/2392/1237
f 1450/2406/1251 1455/2450/1295 1283/2407/1252
f 1448/2408/1253 1453/2449/1294 1452/2409/1254
f 1372/2332/1177 1368/2324/1169 1290/2410/1255
f 1371/2325/1170 1376/2333/1178 1380/2183/1028
f 1203/2152/997 1209/2151/996 1208/2158/1003
f 1205/2414/1259 1295/2416/1261 1294/2176/1021
f 1373/2411/1256 1378/2417/1262 1377/2337/1182
f 1375/2412/1257 1380/2183/1028 1379/2185/1030
f 1376/2333/1178 1381/2338/1183 1385/2415/1260
f 1214/2170/1015 1219/2179/1024 1218/2181/1026
f 1295/2416/1261 1300/2335/1180 1299/2189/1034
f 1382/2342/1187 1377/2337/1182 1378/2417/1262
f 1381/2338/1183 1386/2343/1188 1390/2419/1264
f 1219/2179/1024 1223/2191/1036 1222/2195/1040
f 1216/2171/1016 1220/2180/1025 1305/2420/1265
f 1387/2346/1191 1382/2342/1187 1306/2418/1263
f 1385/2415/1260 1390/2419/1264 1389/2207/1052
f 1386/2343/1188 1391/2347/1192 1395/2212/1057
f 1220/2180/1025 1225/2194/1039 1311/2422/1267
f 1223/2191/1036 1228/2203/1048 1227/2205/1050
f 1388/2421/1266 1317/2425/1270 1392/2351/1196
f 1390/2419/1264 1395/2212/1057 1394/2214/1059
f 1401/2423/1268 1395/2212/1057 1391/2347/1192
f 1225/2194/1039 1229/2204/1049 1316/2424/1269
f 1397/2358/1203 1392/2351/1196 1317/2425/1270
f 1394/2214/1059 1400/2213/1058 1399/2427/1272
f 1396/2352/1197 1402/2356/1201 1407/2428/1273
f 1229/2204/1049 1233/2211/1056 1322/2228/1073
f 1398/2426/1271 1404/2431/1276 1403/2362/1207
f 1401/2423/1268 1407/2428/1273 1406/2429/1274
f 1400/2213/1058 1406/2429/1274 1405/2430/1275
f 1404/2431/1276 1410/2433/1278 1409/2364/1209
f 1407/2428/1273 1413/2355/1200 1412/2254/1099
f 1406/2429/1274 1412/2254/1099 1411/2256/1101
f 1419/2432/1277 1413/2355/1200 1408/2357/1202
f 1237/2225/1070 1241/2237/1082 1332/2253/1098
f 1410/2433/1278 1416/2435/1280 1415/2368/1213
f 1413/2355/1200 1419/2432/1277 1418/2371/1216
f 1425/2434/1279 1419/2432/1277 1414/2365/1210
f 1416/2435/1280 1422/2437/1282 1421/2373/1218
f 1419/2432/1277 1425/2434/1279 1424/2436/1281
f 1430/2376/1221 1425/2434/1279 1420/2369/1214
f 1422/2437/1282 1428/2438/1283 1427/2382/1227
f 1425/2434/1279 1430/2376/1221 1429/2379/1224
f 1424/2436/1281 1429/2379/1224 1255/2381/1226
f 1428/2438/1283 1433/2441/1286 1432/2389/1234
f 1430/2376/1221 1436/2375/1220 1435/2387/1232
f 1431/2383/1228 1437/2390/1235 1441/2439/1284
f 1256/2440/1285 1349/2444/1289 1348/2384/1229
f 1433/2441/1286 1439/2445/1290 1438/2393/1238
f 1436/2375/1220 1441/2439/1284 1440/2442/1287
f 1437/2390/1235 1442/2394/1239 1446/2443/1288
f 1353/2300/1145 1348/2384/1229 1349/2444/1289
f 1439/2445/1290 1444/2446/1291 1443/2402/1247
f 1441/2439/1284 1446/2443/1288 1445/2396/1241
f 1440/2442/1287 1445/2396/1241 1271/2398/1243
f 1442/2394/1239 1447/2399/1244 1451/2401/1246
f 1448/2408/1253 1443/2402/1247 1444/2446/1291
f 1446/2443/1288 1451/2401/1246 1450/2406/1251
f 1272/2448/1293 1278/2451/1296 1361/2403/1248
f 1449/2447/1292 1454/2764/1368 1453/2449/1294
f 1451/2401/1246 1456/2400/1245 1455/2450/1295
f 1296/2329/1174 1291/2320/1165 1287/2163/1008
f 1278/2451/1296 1284/2765/1369 1365/2452/1297
f 1212/2160/1005 1207/2153/998 1202/2413/1258
f 1367/2326/1171 1371/2325/1170 1375/2412/1257
